2026-07-30 10:29:13.427 +06:00 [WRN] [] Entity 'Organization' has a global query filter defined and is the required end of a relationship with the entity 'ActivityLog'. This may lead to unexpected results when the required entity is filtered out. Either configure the navigation as optional, or define matching query filters for both entities in the navigation. See https://go.microsoft.com/fwlink/?linkid=2131316 for more information.
2026-07-30 10:29:13.446 +06:00 [WRN] [] Entity 'User' has a global query filter defined and is the required end of a relationship with the entity 'TaskAssignee'. This may lead to unexpected results when the required entity is filtered out. Either configure the navigation as optional, or define matching query filters for both entities in the navigation. See https://go.microsoft.com/fwlink/?linkid=2131316 for more information.
2026-07-30 10:29:13.452 +06:00 [WRN] [] Sensitive data logging is enabled. Log entries and exception messages may include sensitive application data; this mode should only be enabled during development.
2026-07-30 10:29:13.913 +06:00 [INF] [] Executed DbCommand (14ms) [Parameters=[], CommandType='"Text"', CommandTimeout='30']
SELECT "MigrationId", "ProductVersion"
FROM "__EFMigrationsHistory"
ORDER BY "MigrationId";
2026-07-30 10:29:14.187 +06:00 [INF] [] Executed DbCommand (7ms) [Parameters=[], CommandType='"Text"', CommandTimeout='30']
CREATE TABLE IF NOT EXISTS "__EFMigrationsHistory" (
    "MigrationId" character varying(150) NOT NULL,
    "ProductVersion" character varying(32) NOT NULL,
    CONSTRAINT "PK___EFMigrationsHistory" PRIMARY KEY ("MigrationId")
);
2026-07-30 10:29:14.206 +06:00 [INF] [] Executed DbCommand (2ms) [Parameters=[], CommandType='"Text"', CommandTimeout='30']
LOCK TABLE "__EFMigrationsHistory" IN ACCESS EXCLUSIVE MODE
2026-07-30 10:29:14.209 +06:00 [INF] [] Executed DbCommand (1ms) [Parameters=[], CommandType='"Text"', CommandTimeout='30']
SELECT "MigrationId", "ProductVersion"
FROM "__EFMigrationsHistory"
ORDER BY "MigrationId";
2026-07-30 10:29:14.229 +06:00 [INF] [] Starting database seeding...
2026-07-30 10:29:14.434 +06:00 [INF] [] Executed DbCommand (4ms) [Parameters=[], CommandType='"Text"', CommandTimeout='30']
SELECT EXISTS (
    SELECT 1
    FROM "Organizations" AS o
    WHERE NOT (o."IsDeleted"))
2026-07-30 10:29:14.444 +06:00 [INF] [] Database already seeded — skipping.
2026-07-30 10:29:14.655 +06:00 [INF] [] Now listening on: http://localhost:5210
2026-07-30 10:29:14.655 +06:00 [INF] [] Application started. Press Ctrl+C to shut down.
2026-07-30 10:29:14.656 +06:00 [INF] [] Hosting environment: Development
2026-07-30 10:29:14.656 +06:00 [INF] [] Content root path: C:\Users\Abdul\Documents\GitHub\WorkSphere\WorkHub.API
2026-07-30 11:44:51.326 +06:00 [WRN] [0HNNDVMM9SUM2:00000001] Failed to determine the https port for redirect.
2026-07-30 11:44:51.527 +06:00 [WRN] [0HNNDVMM9SUM2:00000001] [0HNNDVMM9SUM2:00000001] GET /api/auth/context → 401 (240.5ms)
2026-07-30 11:44:51.541 +06:00 [WRN] [0HNNDVMM9SUM3:00000001] [0HNNDVMM9SUM3:00000001] GET /api/auth/context → 401 (7.3ms)
2026-07-30 11:44:51.985 +06:00 [INF] [0HNNDVMM9SUM4:00000001] Executed DbCommand (48ms) [Parameters=[@__refreshToken_0='FRJVmQ4MDttAsIEUGYwEl6QSYGLC3pm39ZahLCr0reivp2DDSHaBVPbYtzfGNCxG1PmkCJC+W2K/dwK++jOy1Q=='], CommandType='"Text"', CommandTimeout='30']
SELECT u."Id", u."CreatedAt", u."DeletedAt", u."Email", u."EmailVerificationExpiry", u."EmailVerificationToken", u."FirstName", u."IsActive", u."IsDeleted", u."IsEmailVerified", u."LastLoginAt", u."LastName", u."OrganizationId", u."PasswordHash", u."PasswordResetExpiry", u."PasswordResetToken", u."ProfilePictureUrl", u."RefreshToken", u."RefreshTokenExpiry", u."Role", u."UpdatedAt", o0."Id", o0."CreatedAt", o0."DeletedAt", o0."Description", o0."IsActive", o0."IsDeleted", o0."LogoUrl", o0."Name", o0."Plan", o0."Slug", o0."UpdatedAt"
FROM "Users" AS u
INNER JOIN (
    SELECT o."Id", o."CreatedAt", o."DeletedAt", o."Description", o."IsActive", o."IsDeleted", o."LogoUrl", o."Name", o."Plan", o."Slug", o."UpdatedAt"
    FROM "Organizations" AS o
    WHERE NOT (o."IsDeleted")
) AS o0 ON u."OrganizationId" = o0."Id"
WHERE NOT (u."IsDeleted") AND u."RefreshToken" = @__refreshToken_0
LIMIT 1
2026-07-30 11:44:52.049 +06:00 [INF] [0HNNDVMM9SUM5:00000001] Executed DbCommand (4ms) [Parameters=[@__refreshToken_0='FRJVmQ4MDttAsIEUGYwEl6QSYGLC3pm39ZahLCr0reivp2DDSHaBVPbYtzfGNCxG1PmkCJC+W2K/dwK++jOy1Q=='], CommandType='"Text"', CommandTimeout='30']
SELECT u."Id", u."CreatedAt", u."DeletedAt", u."Email", u."EmailVerificationExpiry", u."EmailVerificationToken", u."FirstName", u."IsActive", u."IsDeleted", u."IsEmailVerified", u."LastLoginAt", u."LastName", u."OrganizationId", u."PasswordHash", u."PasswordResetExpiry", u."PasswordResetToken", u."ProfilePictureUrl", u."RefreshToken", u."RefreshTokenExpiry", u."Role", u."UpdatedAt", o0."Id", o0."CreatedAt", o0."DeletedAt", o0."Description", o0."IsActive", o0."IsDeleted", o0."LogoUrl", o0."Name", o0."Plan", o0."Slug", o0."UpdatedAt"
FROM "Users" AS u
INNER JOIN (
    SELECT o."Id", o."CreatedAt", o."DeletedAt", o."Description", o."IsActive", o."IsDeleted", o."LogoUrl", o."Name", o."Plan", o."Slug", o."UpdatedAt"
    FROM "Organizations" AS o
    WHERE NOT (o."IsDeleted")
) AS o0 ON u."OrganizationId" = o0."Id"
WHERE NOT (u."IsDeleted") AND u."RefreshToken" = @__refreshToken_0
LIMIT 1
2026-07-30 11:44:52.204 +06:00 [DBG] [0HNNDVMM9SUM5:00000001] JWT access token generated for user "00000000-0000-0000-0002-000000000001" — expires "2026-07-30T05:59:52.1905353Z"
2026-07-30 11:44:52.204 +06:00 [DBG] [0HNNDVMM9SUM4:00000001] JWT access token generated for user "00000000-0000-0000-0002-000000000001" — expires "2026-07-30T05:59:52.1905240Z"
2026-07-30 11:44:52.206 +06:00 [DBG] [0HNNDVMM9SUM5:00000001] Refresh token generated — expires "2026-08-06T05:44:52.2063468Z"
2026-07-30 11:44:52.206 +06:00 [DBG] [0HNNDVMM9SUM4:00000001] Refresh token generated — expires "2026-08-06T05:44:52.2063667Z"
2026-07-30 11:44:52.341 +06:00 [INF] [0HNNDVMM9SUM5:00000001] Executed DbCommand (9ms) [Parameters=[@p4='00000000-0000-0000-0002-000000000001', @p0='2026-07-30T05:44:52.2075733Z' (Nullable = true) (DbType = DateTime), @p1='QISwVnNSlYDO11kqlMI1qjPS5Pv1rAcJt1LtJFXKp2Pne4MqTIputH7QUzrIQhrzzY28xo8QQUVOzhNeRc92fQ==', @p2='2026-08-06T05:44:52.2072934Z' (Nullable = true) (DbType = DateTime), @p3='2026-07-30T05:44:52.2716638Z' (DbType = DateTime)], CommandType='"Text"', CommandTimeout='30']
UPDATE "Users" SET "LastLoginAt" = @p0, "RefreshToken" = @p1, "RefreshTokenExpiry" = @p2, "UpdatedAt" = @p3
WHERE "Id" = @p4;
2026-07-30 11:44:52.342 +06:00 [INF] [0HNNDVMM9SUM4:00000001] Executed DbCommand (10ms) [Parameters=[@p4='00000000-0000-0000-0002-000000000001', @p0='2026-07-30T05:44:52.2075959Z' (Nullable = true) (DbType = DateTime), @p1='A1qsAq9IZ0rvxXPeoodVpZ8zCFdNyQLfdbD34v5xsrJjC/T3XvbMgS8IdhyRcGkTcfRydEVG/T+kJr6XRFb5TA==', @p2='2026-08-06T05:44:52.2074347Z' (Nullable = true) (DbType = DateTime), @p3='2026-07-30T05:44:52.2716724Z' (DbType = DateTime)], CommandType='"Text"', CommandTimeout='30']
UPDATE "Users" SET "LastLoginAt" = @p0, "RefreshToken" = @p1, "RefreshTokenExpiry" = @p2, "UpdatedAt" = @p3
WHERE "Id" = @p4;
2026-07-30 11:44:52.353 +06:00 [INF] [0HNNDVMM9SUM5:00000001] Refresh token rotated for user "00000000-0000-0000-0002-000000000001"
2026-07-30 11:44:52.352 +06:00 [INF] [0HNNDVMM9SUM4:00000001] Refresh token rotated for user "00000000-0000-0000-0002-000000000001"
2026-07-30 11:44:52.381 +06:00 [INF] [0HNNDVMM9SUM4:00000001] [0HNNDVMM9SUM4:00000001] POST /api/auth/refresh → 200 (835.4ms)
2026-07-30 11:44:52.381 +06:00 [INF] [0HNNDVMM9SUM5:00000001] [0HNNDVMM9SUM5:00000001] POST /api/auth/refresh → 200 (832.7ms)
2026-07-30 11:44:52.550 +06:00 [INF] [0HNNDVMM9SUM6:00000001] Executed DbCommand (2ms) [Parameters=[@___currentUser_UserId_0='00000000-0000-0000-0002-000000000001'], CommandType='"Text"', CommandTimeout='30']
SELECT u."Id", u."CreatedAt", u."DeletedAt", u."Email", u."EmailVerificationExpiry", u."EmailVerificationToken", u."FirstName", u."IsActive", u."IsDeleted", u."IsEmailVerified", u."LastLoginAt", u."LastName", u."OrganizationId", u."PasswordHash", u."PasswordResetExpiry", u."PasswordResetToken", u."ProfilePictureUrl", u."RefreshToken", u."RefreshTokenExpiry", u."Role", u."UpdatedAt", o0."Id", o0."CreatedAt", o0."DeletedAt", o0."Description", o0."IsActive", o0."IsDeleted", o0."LogoUrl", o0."Name", o0."Plan", o0."Slug", o0."UpdatedAt"
FROM "Users" AS u
INNER JOIN (
    SELECT o."Id", o."CreatedAt", o."DeletedAt", o."Description", o."IsActive", o."IsDeleted", o."LogoUrl", o."Name", o."Plan", o."Slug", o."UpdatedAt"
    FROM "Organizations" AS o
    WHERE NOT (o."IsDeleted")
) AS o0 ON u."OrganizationId" = o0."Id"
WHERE NOT (u."IsDeleted") AND u."Id" = @___currentUser_UserId_0
LIMIT 1
2026-07-30 11:44:52.587 +06:00 [INF] [0HNNDVMM9SUM6:00000001] Executed DbCommand (1ms) [Parameters=[@___currentUser_OrganizationId_0='00000000-0000-0000-0001-000000000001'], CommandType='"Text"', CommandTimeout='30']
SELECT o."Id", o."CreatedAt", o."DeletedAt", o."Description", o."IsActive", o."IsDeleted", o."LogoUrl", o."Name", o."Plan", o."Slug", o."UpdatedAt"
FROM "Organizations" AS o
WHERE NOT (o."IsDeleted") AND o."Id" = @___currentUser_OrganizationId_0
LIMIT 1
2026-07-30 11:44:52.596 +06:00 [INF] [0HNNDVMM9SUM6:00000001] [0HNNDVMM9SUM6:00000001] GET /api/auth/context → 200 (208.1ms)
2026-07-30 11:44:52.607 +06:00 [INF] [0HNNDVMM9SUM7:00000001] Executed DbCommand (1ms) [Parameters=[@___currentUser_UserId_0='00000000-0000-0000-0002-000000000001'], CommandType='"Text"', CommandTimeout='30']
SELECT u."Id", u."CreatedAt", u."DeletedAt", u."Email", u."EmailVerificationExpiry", u."EmailVerificationToken", u."FirstName", u."IsActive", u."IsDeleted", u."IsEmailVerified", u."LastLoginAt", u."LastName", u."OrganizationId", u."PasswordHash", u."PasswordResetExpiry", u."PasswordResetToken", u."ProfilePictureUrl", u."RefreshToken", u."RefreshTokenExpiry", u."Role", u."UpdatedAt", o0."Id", o0."CreatedAt", o0."DeletedAt", o0."Description", o0."IsActive", o0."IsDeleted", o0."LogoUrl", o0."Name", o0."Plan", o0."Slug", o0."UpdatedAt"
FROM "Users" AS u
INNER JOIN (
    SELECT o."Id", o."CreatedAt", o."DeletedAt", o."Description", o."IsActive", o."IsDeleted", o."LogoUrl", o."Name", o."Plan", o."Slug", o."UpdatedAt"
    FROM "Organizations" AS o
    WHERE NOT (o."IsDeleted")
) AS o0 ON u."OrganizationId" = o0."Id"
WHERE NOT (u."IsDeleted") AND u."Id" = @___currentUser_UserId_0
LIMIT 1
2026-07-30 11:44:52.610 +06:00 [INF] [0HNNDVMM9SUM7:00000001] Executed DbCommand (1ms) [Parameters=[@___currentUser_OrganizationId_0='00000000-0000-0000-0001-000000000001'], CommandType='"Text"', CommandTimeout='30']
SELECT o."Id", o."CreatedAt", o."DeletedAt", o."Description", o."IsActive", o."IsDeleted", o."LogoUrl", o."Name", o."Plan", o."Slug", o."UpdatedAt"
FROM "Organizations" AS o
WHERE NOT (o."IsDeleted") AND o."Id" = @___currentUser_OrganizationId_0
LIMIT 1
2026-07-30 11:44:52.610 +06:00 [INF] [0HNNDVMM9SUM7:00000001] [0HNNDVMM9SUM7:00000001] GET /api/auth/context → 200 (10.4ms)
2026-07-30 11:44:59.836 +06:00 [DBG] [0HNNDVMM9SUM9:00000001] Permission granted: Owner → projects.view
2026-07-30 11:44:59.836 +06:00 [DBG] [0HNNDVMM9SUM8:00000001] Permission granted: Owner → projects.view
2026-07-30 11:44:59.839 +06:00 [INF] [0HNNDVMM9SUM8:00000001] Executed DbCommand (1ms) [Parameters=[@___currentUser_UserId_0='00000000-0000-0000-0002-000000000001'], CommandType='"Text"', CommandTimeout='30']
SELECT u."Id", u."CreatedAt", u."DeletedAt", u."Email", u."EmailVerificationExpiry", u."EmailVerificationToken", u."FirstName", u."IsActive", u."IsDeleted", u."IsEmailVerified", u."LastLoginAt", u."LastName", u."OrganizationId", u."PasswordHash", u."PasswordResetExpiry", u."PasswordResetToken", u."ProfilePictureUrl", u."RefreshToken", u."RefreshTokenExpiry", u."Role", u."UpdatedAt", o0."Id", o0."CreatedAt", o0."DeletedAt", o0."Description", o0."IsActive", o0."IsDeleted", o0."LogoUrl", o0."Name", o0."Plan", o0."Slug", o0."UpdatedAt"
FROM "Users" AS u
INNER JOIN (
    SELECT o."Id", o."CreatedAt", o."DeletedAt", o."Description", o."IsActive", o."IsDeleted", o."LogoUrl", o."Name", o."Plan", o."Slug", o."UpdatedAt"
    FROM "Organizations" AS o
    WHERE NOT (o."IsDeleted")
) AS o0 ON u."OrganizationId" = o0."Id"
WHERE NOT (u."IsDeleted") AND u."Id" = @___currentUser_UserId_0
LIMIT 1
2026-07-30 11:44:59.839 +06:00 [INF] [0HNNDVMM9SUM9:00000001] Executed DbCommand (1ms) [Parameters=[@___currentUser_UserId_0='00000000-0000-0000-0002-000000000001'], CommandType='"Text"', CommandTimeout='30']
SELECT u."Id", u."CreatedAt", u."DeletedAt", u."Email", u."EmailVerificationExpiry", u."EmailVerificationToken", u."FirstName", u."IsActive", u."IsDeleted", u."IsEmailVerified", u."LastLoginAt", u."LastName", u."OrganizationId", u."PasswordHash", u."PasswordResetExpiry", u."PasswordResetToken", u."ProfilePictureUrl", u."RefreshToken", u."RefreshTokenExpiry", u."Role", u."UpdatedAt", o0."Id", o0."CreatedAt", o0."DeletedAt", o0."Description", o0."IsActive", o0."IsDeleted", o0."LogoUrl", o0."Name", o0."Plan", o0."Slug", o0."UpdatedAt"
FROM "Users" AS u
INNER JOIN (
    SELECT o."Id", o."CreatedAt", o."DeletedAt", o."Description", o."IsActive", o."IsDeleted", o."LogoUrl", o."Name", o."Plan", o."Slug", o."UpdatedAt"
    FROM "Organizations" AS o
    WHERE NOT (o."IsDeleted")
) AS o0 ON u."OrganizationId" = o0."Id"
WHERE NOT (u."IsDeleted") AND u."Id" = @___currentUser_UserId_0
LIMIT 1
2026-07-30 11:44:59.904 +06:00 [INF] [0HNNDVMM9SUM9:00000001] Executed DbCommand (10ms) [Parameters=[@___currentUser_OrganizationId_0='00000000-0000-0000-0001-000000000001'], CommandType='"Text"', CommandTimeout='30']
SELECT count(*)::int
FROM "Projects" AS p
WHERE NOT (p."IsDeleted") AND p."OrganizationId" = @___currentUser_OrganizationId_0
2026-07-30 11:44:59.904 +06:00 [INF] [0HNNDVMM9SUM8:00000001] Executed DbCommand (10ms) [Parameters=[@___currentUser_OrganizationId_0='00000000-0000-0000-0001-000000000001'], CommandType='"Text"', CommandTimeout='30']
SELECT count(*)::int
FROM "Projects" AS p
WHERE NOT (p."IsDeleted") AND p."OrganizationId" = @___currentUser_OrganizationId_0
2026-07-30 11:45:00.042 +06:00 [INF] [0HNNDVMM9SUM9:00000001] Executed DbCommand (9ms) [Parameters=[@___currentUser_OrganizationId_0='00000000-0000-0000-0001-000000000001', @__p_2='100', @__p_1='0'], CommandType='"Text"', CommandTimeout='30']
SELECT p0."Id", p0."CreatedAt", p0."CreatedByUserId", p0."DeletedAt", p0."Description", p0."DueDate", p0."IsDeleted", p0."Name", p0."OrganizationId", p0."ProjectLeadUserId", p0."StartDate", p0."Status", p0."UpdatedAt", u0."Id", u0."CreatedAt", u0."DeletedAt", u0."Email", u0."EmailVerificationExpiry", u0."EmailVerificationToken", u0."FirstName", u0."IsActive", u0."IsDeleted", u0."IsEmailVerified", u0."LastLoginAt", u0."LastName", u0."OrganizationId", u0."PasswordHash", u0."PasswordResetExpiry", u0."PasswordResetToken", u0."ProfilePictureUrl", u0."RefreshToken", u0."RefreshTokenExpiry", u0."Role", u0."UpdatedAt", u2."Id", u2."CreatedAt", u2."DeletedAt", u2."Email", u2."EmailVerificationExpiry", u2."EmailVerificationToken", u2."FirstName", u2."IsActive", u2."IsDeleted", u2."IsEmailVerified", u2."LastLoginAt", u2."LastName", u2."OrganizationId", u2."PasswordHash", u2."PasswordResetExpiry", u2."PasswordResetToken", u2."ProfilePictureUrl", u2."RefreshToken", u2."RefreshTokenExpiry", u2."Role", u2."UpdatedAt", t0."Id", t0."ActualMinutes", t0."AssignedToUserId", t0."CompletedAt", t0."CreatedAt", t0."CreatedByUserId", t0."DeletedAt", t0."Description", t0."DueDate", t0."EstimatedMinutes", t0."IsDeleted", t0."OrderIndex", t0."OrganizationId", t0."ParentTaskId", t0."Priority", t0."ProjectId", t0."StartDate", t0."Status", t0."Title", t0."UpdatedAt"
FROM (
    SELECT p."Id", p."CreatedAt", p."CreatedByUserId", p."DeletedAt", p."Description", p."DueDate", p."IsDeleted", p."Name", p."OrganizationId", p."ProjectLeadUserId", p."StartDate", p."Status", p."UpdatedAt"
    FROM "Projects" AS p
    WHERE NOT (p."IsDeleted") AND p."OrganizationId" = @___currentUser_OrganizationId_0
    ORDER BY p."CreatedAt" DESC
    LIMIT @__p_2 OFFSET @__p_1
) AS p0
INNER JOIN (
    SELECT u."Id", u."CreatedAt", u."DeletedAt", u."Email", u."EmailVerificationExpiry", u."EmailVerificationToken", u."FirstName", u."IsActive", u."IsDeleted", u."IsEmailVerified", u."LastLoginAt", u."LastName", u."OrganizationId", u."PasswordHash", u."PasswordResetExpiry", u."PasswordResetToken", u."ProfilePictureUrl", u."RefreshToken", u."RefreshTokenExpiry", u."Role", u."UpdatedAt"
    FROM "Users" AS u
    WHERE NOT (u."IsDeleted")
) AS u0 ON p0."CreatedByUserId" = u0."Id"
LEFT JOIN (
    SELECT u1."Id", u1."CreatedAt", u1."DeletedAt", u1."Email", u1."EmailVerificationExpiry", u1."EmailVerificationToken", u1."FirstName", u1."IsActive", u1."IsDeleted", u1."IsEmailVerified", u1."LastLoginAt", u1."LastName", u1."OrganizationId", u1."PasswordHash", u1."PasswordResetExpiry", u1."PasswordResetToken", u1."ProfilePictureUrl", u1."RefreshToken", u1."RefreshTokenExpiry", u1."Role", u1."UpdatedAt"
    FROM "Users" AS u1
    WHERE NOT (u1."IsDeleted")
) AS u2 ON p0."ProjectLeadUserId" = u2."Id"
LEFT JOIN (
    SELECT t."Id", t."ActualMinutes", t."AssignedToUserId", t."CompletedAt", t."CreatedAt", t."CreatedByUserId", t."DeletedAt", t."Description", t."DueDate", t."EstimatedMinutes", t."IsDeleted", t."OrderIndex", t."OrganizationId", t."ParentTaskId", t."Priority", t."ProjectId", t."StartDate", t."Status", t."Title", t."UpdatedAt"
    FROM "Tasks" AS t
    WHERE NOT (t."IsDeleted")
) AS t0 ON p0."Id" = t0."ProjectId"
ORDER BY p0."CreatedAt" DESC, p0."Id", u0."Id", u2."Id"
2026-07-30 11:45:00.042 +06:00 [INF] [0HNNDVMM9SUM8:00000001] Executed DbCommand (9ms) [Parameters=[@___currentUser_OrganizationId_0='00000000-0000-0000-0001-000000000001', @__p_2='100', @__p_1='0'], CommandType='"Text"', CommandTimeout='30']
SELECT p0."Id", p0."CreatedAt", p0."CreatedByUserId", p0."DeletedAt", p0."Description", p0."DueDate", p0."IsDeleted", p0."Name", p0."OrganizationId", p0."ProjectLeadUserId", p0."StartDate", p0."Status", p0."UpdatedAt", u0."Id", u0."CreatedAt", u0."DeletedAt", u0."Email", u0."EmailVerificationExpiry", u0."EmailVerificationToken", u0."FirstName", u0."IsActive", u0."IsDeleted", u0."IsEmailVerified", u0."LastLoginAt", u0."LastName", u0."OrganizationId", u0."PasswordHash", u0."PasswordResetExpiry", u0."PasswordResetToken", u0."ProfilePictureUrl", u0."RefreshToken", u0."RefreshTokenExpiry", u0."Role", u0."UpdatedAt", u2."Id", u2."CreatedAt", u2."DeletedAt", u2."Email", u2."EmailVerificationExpiry", u2."EmailVerificationToken", u2."FirstName", u2."IsActive", u2."IsDeleted", u2."IsEmailVerified", u2."LastLoginAt", u2."LastName", u2."OrganizationId", u2."PasswordHash", u2."PasswordResetExpiry", u2."PasswordResetToken", u2."ProfilePictureUrl", u2."RefreshToken", u2."RefreshTokenExpiry", u2."Role", u2."UpdatedAt", t0."Id", t0."ActualMinutes", t0."AssignedToUserId", t0."CompletedAt", t0."CreatedAt", t0."CreatedByUserId", t0."DeletedAt", t0."Description", t0."DueDate", t0."EstimatedMinutes", t0."IsDeleted", t0."OrderIndex", t0."OrganizationId", t0."ParentTaskId", t0."Priority", t0."ProjectId", t0."StartDate", t0."Status", t0."Title", t0."UpdatedAt"
FROM (
    SELECT p."Id", p."CreatedAt", p."CreatedByUserId", p."DeletedAt", p."Description", p."DueDate", p."IsDeleted", p."Name", p."OrganizationId", p."ProjectLeadUserId", p."StartDate", p."Status", p."UpdatedAt"
    FROM "Projects" AS p
    WHERE NOT (p."IsDeleted") AND p."OrganizationId" = @___currentUser_OrganizationId_0
    ORDER BY p."CreatedAt" DESC
    LIMIT @__p_2 OFFSET @__p_1
) AS p0
INNER JOIN (
    SELECT u."Id", u."CreatedAt", u."DeletedAt", u."Email", u."EmailVerificationExpiry", u."EmailVerificationToken", u."FirstName", u."IsActive", u."IsDeleted", u."IsEmailVerified", u."LastLoginAt", u."LastName", u."OrganizationId", u."PasswordHash", u."PasswordResetExpiry", u."PasswordResetToken", u."ProfilePictureUrl", u."RefreshToken", u."RefreshTokenExpiry", u."Role", u."UpdatedAt"
    FROM "Users" AS u
    WHERE NOT (u."IsDeleted")
) AS u0 ON p0."CreatedByUserId" = u0."Id"
LEFT JOIN (
    SELECT u1."Id", u1."CreatedAt", u1."DeletedAt", u1."Email", u1."EmailVerificationExpiry", u1."EmailVerificationToken", u1."FirstName", u1."IsActive", u1."IsDeleted", u1."IsEmailVerified", u1."LastLoginAt", u1."LastName", u1."OrganizationId", u1."PasswordHash", u1."PasswordResetExpiry", u1."PasswordResetToken", u1."ProfilePictureUrl", u1."RefreshToken", u1."RefreshTokenExpiry", u1."Role", u1."UpdatedAt"
    FROM "Users" AS u1
    WHERE NOT (u1."IsDeleted")
) AS u2 ON p0."ProjectLeadUserId" = u2."Id"
LEFT JOIN (
    SELECT t."Id", t."ActualMinutes", t."AssignedToUserId", t."CompletedAt", t."CreatedAt", t."CreatedByUserId", t."DeletedAt", t."Description", t."DueDate", t."EstimatedMinutes", t."IsDeleted", t."OrderIndex", t."OrganizationId", t."ParentTaskId", t."Priority", t."ProjectId", t."StartDate", t."Status", t."Title", t."UpdatedAt"
    FROM "Tasks" AS t
    WHERE NOT (t."IsDeleted")
) AS t0 ON p0."Id" = t0."ProjectId"
ORDER BY p0."CreatedAt" DESC, p0."Id", u0."Id", u2."Id"
2026-07-30 11:45:00.162 +06:00 [INF] [0HNNDVMM9SUM8:00000001] Projects listed for org "00000000-0000-0000-0001-000000000001" — 5 results
2026-07-30 11:45:00.162 +06:00 [INF] [0HNNDVMM9SUM9:00000001] Projects listed for org "00000000-0000-0000-0001-000000000001" — 5 results
2026-07-30 11:45:00.177 +06:00 [INF] [0HNNDVMM9SUM8:00000001] [0HNNDVMM9SUM8:00000001] GET /api/projects → 200 (343.3ms)
2026-07-30 11:45:00.177 +06:00 [INF] [0HNNDVMM9SUM9:00000001] [0HNNDVMM9SUM9:00000001] GET /api/projects → 200 (343.3ms)
2026-07-30 11:45:03.115 +06:00 [DBG] [0HNNDVMM9SUMA:00000001] Permission granted: Owner → tasks.view
2026-07-30 11:45:03.118 +06:00 [INF] [0HNNDVMM9SUMA:00000001] Executed DbCommand (1ms) [Parameters=[@___currentUser_UserId_0='00000000-0000-0000-0002-000000000001'], CommandType='"Text"', CommandTimeout='30']
SELECT u."Id", u."CreatedAt", u."DeletedAt", u."Email", u."EmailVerificationExpiry", u."EmailVerificationToken", u."FirstName", u."IsActive", u."IsDeleted", u."IsEmailVerified", u."LastLoginAt", u."LastName", u."OrganizationId", u."PasswordHash", u."PasswordResetExpiry", u."PasswordResetToken", u."ProfilePictureUrl", u."RefreshToken", u."RefreshTokenExpiry", u."Role", u."UpdatedAt", o0."Id", o0."CreatedAt", o0."DeletedAt", o0."Description", o0."IsActive", o0."IsDeleted", o0."LogoUrl", o0."Name", o0."Plan", o0."Slug", o0."UpdatedAt"
FROM "Users" AS u
INNER JOIN (
    SELECT o."Id", o."CreatedAt", o."DeletedAt", o."Description", o."IsActive", o."IsDeleted", o."LogoUrl", o."Name", o."Plan", o."Slug", o."UpdatedAt"
    FROM "Organizations" AS o
    WHERE NOT (o."IsDeleted")
) AS o0 ON u."OrganizationId" = o0."Id"
WHERE NOT (u."IsDeleted") AND u."Id" = @___currentUser_UserId_0
LIMIT 1
2026-07-30 11:45:03.164 +06:00 [INF] [0HNNDVMM9SUMA:00000001] Executed DbCommand (1ms) [Parameters=[@__orgId_0='00000000-0000-0000-0001-000000000001', @__userId_1='00000000-0000-0000-0002-000000000001' (Nullable = true)], CommandType='"Text"', CommandTimeout='30']
SELECT t."Id", t."ActualMinutes", t."AssignedToUserId", t."CompletedAt", t."CreatedAt", t."CreatedByUserId", t."DeletedAt", t."Description", t."DueDate", t."EstimatedMinutes", t."IsDeleted", t."OrderIndex", t."OrganizationId", t."ParentTaskId", t."Priority", t."ProjectId", t."StartDate", t."Status", t."Title", t."UpdatedAt", p0."Id", p0."CreatedAt", p0."CreatedByUserId", p0."DeletedAt", p0."Description", p0."DueDate", p0."IsDeleted", p0."Name", p0."OrganizationId", p0."ProjectLeadUserId", p0."StartDate", p0."Status", p0."UpdatedAt"
FROM "Tasks" AS t
INNER JOIN (
    SELECT p."Id", p."CreatedAt", p."CreatedByUserId", p."DeletedAt", p."Description", p."DueDate", p."IsDeleted", p."Name", p."OrganizationId", p."ProjectLeadUserId", p."StartDate", p."Status", p."UpdatedAt"
    FROM "Projects" AS p
    WHERE NOT (p."IsDeleted")
) AS p0 ON t."ProjectId" = p0."Id"
WHERE NOT (t."IsDeleted") AND t."OrganizationId" = @__orgId_0 AND t."AssignedToUserId" = @__userId_1
2026-07-30 11:45:03.191 +06:00 [INF] [0HNNDVMM9SUMA:00000001] Executed DbCommand (5ms) [Parameters=[@__userId_0='00000000-0000-0000-0002-000000000001'], CommandType='"Text"', CommandTimeout='30']
SELECT t."TaskId"
FROM "TaskAssignees" AS t
WHERE t."UserId" = @__userId_0
2026-07-30 11:45:03.341 +06:00 [INF] [0HNNDVMM9SUMA:00000001] Executed DbCommand (76ms) [Parameters=[@__orgId_0='00000000-0000-0000-0001-000000000001', @__collaboratorTaskIds_1={  } (DbType = Object)], CommandType='"Text"', CommandTimeout='30']
SELECT t."Id", t."ActualMinutes", t."AssignedToUserId", t."CompletedAt", t."CreatedAt", t."CreatedByUserId", t."DeletedAt", t."Description", t."DueDate", t."EstimatedMinutes", t."IsDeleted", t."OrderIndex", t."OrganizationId", t."ParentTaskId", t."Priority", t."ProjectId", t."StartDate", t."Status", t."Title", t."UpdatedAt", p0."Id", p0."CreatedAt", p0."CreatedByUserId", p0."DeletedAt", p0."Description", p0."DueDate", p0."IsDeleted", p0."Name", p0."OrganizationId", p0."ProjectLeadUserId", p0."StartDate", p0."Status", p0."UpdatedAt"
FROM "Tasks" AS t
INNER JOIN (
    SELECT p."Id", p."CreatedAt", p."CreatedByUserId", p."DeletedAt", p."Description", p."DueDate", p."IsDeleted", p."Name", p."OrganizationId", p."ProjectLeadUserId", p."StartDate", p."Status", p."UpdatedAt"
    FROM "Projects" AS p
    WHERE NOT (p."IsDeleted")
) AS p0 ON t."ProjectId" = p0."Id"
WHERE NOT (t."IsDeleted") AND t."OrganizationId" = @__orgId_0 AND t."Id" = ANY (@__collaboratorTaskIds_1)
2026-07-30 11:45:03.349 +06:00 [INF] [0HNNDVMM9SUMA:00000001] [0HNNDVMM9SUMA:00000001] GET /api/users/me/tasks → 200 (234.5ms)
2026-07-30 11:45:05.952 +06:00 [DBG] [0HNNDVMM9SUMB:00000001] Permission granted: Owner → organizations.view
2026-07-30 11:45:05.952 +06:00 [DBG] [0HNNDVMM9SUMC:00000001] Permission granted: Owner → members.invite
2026-07-30 11:45:05.952 +06:00 [DBG] [0HNNDVMM9SUMD:00000001] Permission granted: Owner → members.view
2026-07-30 11:45:05.955 +06:00 [INF] [0HNNDVMM9SUMD:00000001] Executed DbCommand (1ms) [Parameters=[@___currentUser_UserId_0='00000000-0000-0000-0002-000000000001'], CommandType='"Text"', CommandTimeout='30']
SELECT u."Id", u."CreatedAt", u."DeletedAt", u."Email", u."EmailVerificationExpiry", u."EmailVerificationToken", u."FirstName", u."IsActive", u."IsDeleted", u."IsEmailVerified", u."LastLoginAt", u."LastName", u."OrganizationId", u."PasswordHash", u."PasswordResetExpiry", u."PasswordResetToken", u."ProfilePictureUrl", u."RefreshToken", u."RefreshTokenExpiry", u."Role", u."UpdatedAt", o0."Id", o0."CreatedAt", o0."DeletedAt", o0."Description", o0."IsActive", o0."IsDeleted", o0."LogoUrl", o0."Name", o0."Plan", o0."Slug", o0."UpdatedAt"
FROM "Users" AS u
INNER JOIN (
    SELECT o."Id", o."CreatedAt", o."DeletedAt", o."Description", o."IsActive", o."IsDeleted", o."LogoUrl", o."Name", o."Plan", o."Slug", o."UpdatedAt"
    FROM "Organizations" AS o
    WHERE NOT (o."IsDeleted")
) AS o0 ON u."OrganizationId" = o0."Id"
WHERE NOT (u."IsDeleted") AND u."Id" = @___currentUser_UserId_0
LIMIT 1
2026-07-30 11:45:05.955 +06:00 [INF] [0HNNDVMM9SUMB:00000001] Executed DbCommand (1ms) [Parameters=[@___currentUser_UserId_0='00000000-0000-0000-0002-000000000001'], CommandType='"Text"', CommandTimeout='30']
SELECT u."Id", u."CreatedAt", u."DeletedAt", u."Email", u."EmailVerificationExpiry", u."EmailVerificationToken", u."FirstName", u."IsActive", u."IsDeleted", u."IsEmailVerified", u."LastLoginAt", u."LastName", u."OrganizationId", u."PasswordHash", u."PasswordResetExpiry", u."PasswordResetToken", u."ProfilePictureUrl", u."RefreshToken", u."RefreshTokenExpiry", u."Role", u."UpdatedAt", o0."Id", o0."CreatedAt", o0."DeletedAt", o0."Description", o0."IsActive", o0."IsDeleted", o0."LogoUrl", o0."Name", o0."Plan", o0."Slug", o0."UpdatedAt"
FROM "Users" AS u
INNER JOIN (
    SELECT o."Id", o."CreatedAt", o."DeletedAt", o."Description", o."IsActive", o."IsDeleted", o."LogoUrl", o."Name", o."Plan", o."Slug", o."UpdatedAt"
    FROM "Organizations" AS o
    WHERE NOT (o."IsDeleted")
) AS o0 ON u."OrganizationId" = o0."Id"
WHERE NOT (u."IsDeleted") AND u."Id" = @___currentUser_UserId_0
LIMIT 1
2026-07-30 11:45:05.963 +06:00 [INF] [0HNNDVMM9SUMB:00000001] Executed DbCommand (1ms) [Parameters=[@___currentUser_OrganizationId_0='00000000-0000-0000-0001-000000000001'], CommandType='"Text"', CommandTimeout='30']
SELECT o."Id", o."CreatedAt", o."DeletedAt", o."Description", o."IsActive", o."IsDeleted", o."LogoUrl", o."Name", o."Plan", o."Slug", o."UpdatedAt"
FROM "Organizations" AS o
WHERE NOT (o."IsDeleted") AND o."Id" = @___currentUser_OrganizationId_0
LIMIT 1
2026-07-30 11:45:05.980 +06:00 [INF] [0HNNDVMM9SUMB:00000001] Executed DbCommand (2ms) [Parameters=[@___currentUser_OrganizationId_0='00000000-0000-0000-0001-000000000001'], CommandType='"Text"', CommandTimeout='30']
SELECT count(*)::int
FROM "Users" AS u
WHERE NOT (u."IsDeleted") AND u."OrganizationId" = @___currentUser_OrganizationId_0 AND u."IsActive"
2026-07-30 11:45:05.980 +06:00 [INF] [0HNNDVMM9SUMD:00000001] Executed DbCommand (1ms) [Parameters=[@___currentUser_OrganizationId_0='00000000-0000-0000-0001-000000000001'], CommandType='"Text"', CommandTimeout='30']
SELECT count(*)::int
FROM "Users" AS u
WHERE NOT (u."IsDeleted") AND u."OrganizationId" = @___currentUser_OrganizationId_0
2026-07-30 11:45:05.981 +06:00 [INF] [0HNNDVMM9SUMB:00000001] Org profile retrieved by "00000000-0000-0000-0002-000000000001" for org "00000000-0000-0000-0001-000000000001"
2026-07-30 11:45:05.984 +06:00 [INF] [0HNNDVMM9SUMB:00000001] [0HNNDVMM9SUMB:00000001] GET /api/organizations/me → 200 (31.9ms)
2026-07-30 11:45:05.997 +06:00 [INF] [0HNNDVMM9SUMD:00000001] Executed DbCommand (1ms) [Parameters=[@___currentUser_OrganizationId_0='00000000-0000-0000-0001-000000000001', @__p_2='100', @__p_1='0'], CommandType='"Text"', CommandTimeout='30']
SELECT u."Id", u."CreatedAt", u."DeletedAt", u."Email", u."EmailVerificationExpiry", u."EmailVerificationToken", u."FirstName", u."IsActive", u."IsDeleted", u."IsEmailVerified", u."LastLoginAt", u."LastName", u."OrganizationId", u."PasswordHash", u."PasswordResetExpiry", u."PasswordResetToken", u."ProfilePictureUrl", u."RefreshToken", u."RefreshTokenExpiry", u."Role", u."UpdatedAt"
FROM "Users" AS u
WHERE NOT (u."IsDeleted") AND u."OrganizationId" = @___currentUser_OrganizationId_0
ORDER BY u."FirstName", u."LastName"
LIMIT @__p_2 OFFSET @__p_1
2026-07-30 11:45:05.999 +06:00 [INF] [0HNNDVMM9SUMD:00000001] Members listed for org "00000000-0000-0000-0001-000000000001" — page 1, 4 results
2026-07-30 11:45:06.002 +06:00 [INF] [0HNNDVMM9SUMD:00000001] [0HNNDVMM9SUMD:00000001] GET /api/organizations/me/members → 200 (50.0ms)
2026-07-30 11:45:06.010 +06:00 [INF] [0HNNDVMM9SUMC:00000001] Executed DbCommand (8ms) [Parameters=[@___currentUser_UserId_0='00000000-0000-0000-0002-000000000001'], CommandType='"Text"', CommandTimeout='30']
SELECT u."Id", u."CreatedAt", u."DeletedAt", u."Email", u."EmailVerificationExpiry", u."EmailVerificationToken", u."FirstName", u."IsActive", u."IsDeleted", u."IsEmailVerified", u."LastLoginAt", u."LastName", u."OrganizationId", u."PasswordHash", u."PasswordResetExpiry", u."PasswordResetToken", u."ProfilePictureUrl", u."RefreshToken", u."RefreshTokenExpiry", u."Role", u."UpdatedAt", o0."Id", o0."CreatedAt", o0."DeletedAt", o0."Description", o0."IsActive", o0."IsDeleted", o0."LogoUrl", o0."Name", o0."Plan", o0."Slug", o0."UpdatedAt"
FROM "Users" AS u
INNER JOIN (
    SELECT o."Id", o."CreatedAt", o."DeletedAt", o."Description", o."IsActive", o."IsDeleted", o."LogoUrl", o."Name", o."Plan", o."Slug", o."UpdatedAt"
    FROM "Organizations" AS o
    WHERE NOT (o."IsDeleted")
) AS o0 ON u."OrganizationId" = o0."Id"
WHERE NOT (u."IsDeleted") AND u."Id" = @___currentUser_UserId_0
LIMIT 1
2026-07-30 11:45:06.047 +06:00 [INF] [0HNNDVMM9SUMC:00000001] Executed DbCommand (9ms) [Parameters=[@___currentUser_OrganizationId_0='00000000-0000-0000-0001-000000000001'], CommandType='"Text"', CommandTimeout='30']
SELECT o."Id", o."AcceptedAt", o."AcceptedByUserId", o."CreatedAt", o."DeletedAt", o."ExpiresAt", o."InvitedByUserId", o."InviteeEmail", o."IsDeleted", o."OrganizationId", o."Role", o."Status", o."Token", o."UpdatedAt", u0."Id", u0."CreatedAt", u0."DeletedAt", u0."Email", u0."EmailVerificationExpiry", u0."EmailVerificationToken", u0."FirstName", u0."IsActive", u0."IsDeleted", u0."IsEmailVerified", u0."LastLoginAt", u0."LastName", u0."OrganizationId", u0."PasswordHash", u0."PasswordResetExpiry", u0."PasswordResetToken", u0."ProfilePictureUrl", u0."RefreshToken", u0."RefreshTokenExpiry", u0."Role", u0."UpdatedAt"
FROM "OrganizationInvites" AS o
INNER JOIN (
    SELECT u."Id", u."CreatedAt", u."DeletedAt", u."Email", u."EmailVerificationExpiry", u."EmailVerificationToken", u."FirstName", u."IsActive", u."IsDeleted", u."IsEmailVerified", u."LastLoginAt", u."LastName", u."OrganizationId", u."PasswordHash", u."PasswordResetExpiry", u."PasswordResetToken", u."ProfilePictureUrl", u."RefreshToken", u."RefreshTokenExpiry", u."Role", u."UpdatedAt"
    FROM "Users" AS u
    WHERE NOT (u."IsDeleted")
) AS u0 ON o."InvitedByUserId" = u0."Id"
WHERE NOT (o."IsDeleted") AND o."OrganizationId" = @___currentUser_OrganizationId_0
ORDER BY o."CreatedAt" DESC
2026-07-30 11:45:06.087 +06:00 [INF] [0HNNDVMM9SUMC:00000001] [0HNNDVMM9SUMC:00000001] GET /api/organizations/me/invites → 200 (135.0ms)
2026-07-30 11:45:10.230 +06:00 [DBG] [0HNNDVMM9SUMF:00000001] Permission granted: Owner → members.view
2026-07-30 11:45:10.230 +06:00 [DBG] [0HNNDVMM9SUME:00000001] Permission granted: Owner → projects.view
2026-07-30 11:45:10.232 +06:00 [INF] [0HNNDVMM9SUME:00000001] Executed DbCommand (1ms) [Parameters=[@___currentUser_UserId_0='00000000-0000-0000-0002-000000000001'], CommandType='"Text"', CommandTimeout='30']
SELECT u."Id", u."CreatedAt", u."DeletedAt", u."Email", u."EmailVerificationExpiry", u."EmailVerificationToken", u."FirstName", u."IsActive", u."IsDeleted", u."IsEmailVerified", u."LastLoginAt", u."LastName", u."OrganizationId", u."PasswordHash", u."PasswordResetExpiry", u."PasswordResetToken", u."ProfilePictureUrl", u."RefreshToken", u."RefreshTokenExpiry", u."Role", u."UpdatedAt", o0."Id", o0."CreatedAt", o0."DeletedAt", o0."Description", o0."IsActive", o0."IsDeleted", o0."LogoUrl", o0."Name", o0."Plan", o0."Slug", o0."UpdatedAt"
FROM "Users" AS u
INNER JOIN (
    SELECT o."Id", o."CreatedAt", o."DeletedAt", o."Description", o."IsActive", o."IsDeleted", o."LogoUrl", o."Name", o."Plan", o."Slug", o."UpdatedAt"
    FROM "Organizations" AS o
    WHERE NOT (o."IsDeleted")
) AS o0 ON u."OrganizationId" = o0."Id"
WHERE NOT (u."IsDeleted") AND u."Id" = @___currentUser_UserId_0
LIMIT 1
2026-07-30 11:45:10.232 +06:00 [INF] [0HNNDVMM9SUMF:00000001] Executed DbCommand (1ms) [Parameters=[@___currentUser_UserId_0='00000000-0000-0000-0002-000000000001'], CommandType='"Text"', CommandTimeout='30']
SELECT u."Id", u."CreatedAt", u."DeletedAt", u."Email", u."EmailVerificationExpiry", u."EmailVerificationToken", u."FirstName", u."IsActive", u."IsDeleted", u."IsEmailVerified", u."LastLoginAt", u."LastName", u."OrganizationId", u."PasswordHash", u."PasswordResetExpiry", u."PasswordResetToken", u."ProfilePictureUrl", u."RefreshToken", u."RefreshTokenExpiry", u."Role", u."UpdatedAt", o0."Id", o0."CreatedAt", o0."DeletedAt", o0."Description", o0."IsActive", o0."IsDeleted", o0."LogoUrl", o0."Name", o0."Plan", o0."Slug", o0."UpdatedAt"
FROM "Users" AS u
INNER JOIN (
    SELECT o."Id", o."CreatedAt", o."DeletedAt", o."Description", o."IsActive", o."IsDeleted", o."LogoUrl", o."Name", o."Plan", o."Slug", o."UpdatedAt"
    FROM "Organizations" AS o
    WHERE NOT (o."IsDeleted")
) AS o0 ON u."OrganizationId" = o0."Id"
WHERE NOT (u."IsDeleted") AND u."Id" = @___currentUser_UserId_0
LIMIT 1
2026-07-30 11:45:10.235 +06:00 [INF] [0HNNDVMM9SUMF:00000001] Executed DbCommand (1ms) [Parameters=[@___currentUser_OrganizationId_0='00000000-0000-0000-0001-000000000001'], CommandType='"Text"', CommandTimeout='30']
SELECT count(*)::int
FROM "Users" AS u
WHERE NOT (u."IsDeleted") AND u."OrganizationId" = @___currentUser_OrganizationId_0
2026-07-30 11:45:10.237 +06:00 [INF] [0HNNDVMM9SUMF:00000001] Executed DbCommand (2ms) [Parameters=[@___currentUser_OrganizationId_0='00000000-0000-0000-0001-000000000001', @__p_2='100', @__p_1='0'], CommandType='"Text"', CommandTimeout='30']
SELECT u."Id", u."CreatedAt", u."DeletedAt", u."Email", u."EmailVerificationExpiry", u."EmailVerificationToken", u."FirstName", u."IsActive", u."IsDeleted", u."IsEmailVerified", u."LastLoginAt", u."LastName", u."OrganizationId", u."PasswordHash", u."PasswordResetExpiry", u."PasswordResetToken", u."ProfilePictureUrl", u."RefreshToken", u."RefreshTokenExpiry", u."Role", u."UpdatedAt"
FROM "Users" AS u
WHERE NOT (u."IsDeleted") AND u."OrganizationId" = @___currentUser_OrganizationId_0
ORDER BY u."FirstName", u."LastName"
LIMIT @__p_2 OFFSET @__p_1
2026-07-30 11:45:10.239 +06:00 [INF] [0HNNDVMM9SUMF:00000001] Members listed for org "00000000-0000-0000-0001-000000000001" — page 1, 4 results
2026-07-30 11:45:10.240 +06:00 [INF] [0HNNDVMM9SUMF:00000001] [0HNNDVMM9SUMF:00000001] GET /api/organizations/me/members → 200 (10.0ms)
2026-07-30 11:45:10.257 +06:00 [INF] [0HNNDVMM9SUME:00000001] Executed DbCommand (6ms) [Parameters=[@___currentUser_OrganizationId_0='00000000-0000-0000-0001-000000000001', @__p_2='50', @__p_1='0'], CommandType='"Text"', CommandTimeout='30']
SELECT a."Id", a."Action", a."CreatedAt", a."EntityId", a."EntityName", a."EntityType", a."Metadata", a."OrganizationId", a."ProjectId", a."UserId", a."UserName"
FROM "ActivityLogs" AS a
WHERE a."OrganizationId" = @___currentUser_OrganizationId_0
ORDER BY a."CreatedAt" DESC
LIMIT @__p_2 OFFSET @__p_1
2026-07-30 11:45:10.281 +06:00 [INF] [0HNNDVMM9SUME:00000001] [0HNNDVMM9SUME:00000001] GET /api/activity → 200 (52.3ms)
2026-07-30 12:31:38.322 +06:00 [WRN] [0HNNDVMM9SUMG:00000001] [0HNNDVMM9SUMG:00000001] POST /api/auth/revoke → 401 (1.1ms)
2026-07-30 12:31:38.422 +06:00 [INF] [0HNNDVMM9SUMH:00000001] Executed DbCommand (58ms) [Parameters=[@__refreshToken_0='QISwVnNSlYDO11kqlMI1qjPS5Pv1rAcJt1LtJFXKp2Pne4MqTIputH7QUzrIQhrzzY28xo8QQUVOzhNeRc92fQ=='], CommandType='"Text"', CommandTimeout='30']
SELECT u."Id", u."CreatedAt", u."DeletedAt", u."Email", u."EmailVerificationExpiry", u."EmailVerificationToken", u."FirstName", u."IsActive", u."IsDeleted", u."IsEmailVerified", u."LastLoginAt", u."LastName", u."OrganizationId", u."PasswordHash", u."PasswordResetExpiry", u."PasswordResetToken", u."ProfilePictureUrl", u."RefreshToken", u."RefreshTokenExpiry", u."Role", u."UpdatedAt", o0."Id", o0."CreatedAt", o0."DeletedAt", o0."Description", o0."IsActive", o0."IsDeleted", o0."LogoUrl", o0."Name", o0."Plan", o0."Slug", o0."UpdatedAt"
FROM "Users" AS u
INNER JOIN (
    SELECT o."Id", o."CreatedAt", o."DeletedAt", o."Description", o."IsActive", o."IsDeleted", o."LogoUrl", o."Name", o."Plan", o."Slug", o."UpdatedAt"
    FROM "Organizations" AS o
    WHERE NOT (o."IsDeleted")
) AS o0 ON u."OrganizationId" = o0."Id"
WHERE NOT (u."IsDeleted") AND u."RefreshToken" = @__refreshToken_0
LIMIT 1
2026-07-30 12:31:38.423 +06:00 [WRN] [0HNNDVMM9SUMH:00000001] Refresh token not found — possible token theft attempt
2026-07-30 12:31:38.424 +06:00 [WRN] [0HNNDVMM9SUMH:00000001] [0HNNDVMM9SUMH:00000001] POST /api/auth/refresh → 401 (95.7ms)
2026-07-30 12:31:42.165 +06:00 [INF] [0HNNDVMM9SUMI:00000001] Executed DbCommand (2ms) [Parameters=[@__email_0='demo.member1@worksphere.io'], CommandType='"Text"', CommandTimeout='30']
SELECT u."Id", u."CreatedAt", u."DeletedAt", u."Email", u."EmailVerificationExpiry", u."EmailVerificationToken", u."FirstName", u."IsActive", u."IsDeleted", u."IsEmailVerified", u."LastLoginAt", u."LastName", u."OrganizationId", u."PasswordHash", u."PasswordResetExpiry", u."PasswordResetToken", u."ProfilePictureUrl", u."RefreshToken", u."RefreshTokenExpiry", u."Role", u."UpdatedAt", o0."Id", o0."CreatedAt", o0."DeletedAt", o0."Description", o0."IsActive", o0."IsDeleted", o0."LogoUrl", o0."Name", o0."Plan", o0."Slug", o0."UpdatedAt"
FROM "Users" AS u
INNER JOIN (
    SELECT o."Id", o."CreatedAt", o."DeletedAt", o."Description", o."IsActive", o."IsDeleted", o."LogoUrl", o."Name", o."Plan", o."Slug", o."UpdatedAt"
    FROM "Organizations" AS o
    WHERE NOT (o."IsDeleted")
) AS o0 ON u."OrganizationId" = o0."Id"
WHERE NOT (u."IsDeleted") AND u."Email" = @__email_0
LIMIT 1
2026-07-30 12:31:42.769 +06:00 [DBG] [0HNNDVMM9SUMI:00000001] JWT access token generated for user "00000000-0000-0000-0002-000000000003" — expires "2026-07-30T06:46:42.7690006Z"
2026-07-30 12:31:42.769 +06:00 [DBG] [0HNNDVMM9SUMI:00000001] Refresh token generated — expires "2026-08-06T06:31:42.7697096Z"
2026-07-30 12:31:42.804 +06:00 [INF] [0HNNDVMM9SUMI:00000001] Executed DbCommand (33ms) [Parameters=[@p4='00000000-0000-0000-0002-000000000003', @p0='2026-07-30T06:31:42.7699810Z' (Nullable = true) (DbType = DateTime), @p1='VV04msRjkd7xgOyDiMbktwV7Pqyo7j0ZJRB5Q4dcYpD6CG44YeHrIPubxmS7KOpViOQkL1vkJ9Cy98brZW87Hg==', @p2='2026-08-06T06:31:42.7699762Z' (Nullable = true) (DbType = DateTime), @p3='2026-07-30T06:31:42.7701652Z' (DbType = DateTime)], CommandType='"Text"', CommandTimeout='30']
UPDATE "Users" SET "LastLoginAt" = @p0, "RefreshToken" = @p1, "RefreshTokenExpiry" = @p2, "UpdatedAt" = @p3
WHERE "Id" = @p4;
2026-07-30 12:31:42.804 +06:00 [INF] [0HNNDVMM9SUMI:00000001] User "00000000-0000-0000-0002-000000000003" logged in from org "00000000-0000-0000-0001-000000000001"
2026-07-30 12:31:42.805 +06:00 [INF] [0HNNDVMM9SUMI:00000001] [0HNNDVMM9SUMI:00000001] POST /api/auth/login → 200 (680.2ms)
2026-07-30 12:31:47.877 +06:00 [INF] [0HNNDVMM9SUMJ:00000001] Executed DbCommand (1ms) [Parameters=[@__email_0='demo.owner@worksphere.io'], CommandType='"Text"', CommandTimeout='30']
SELECT u."Id", u."CreatedAt", u."DeletedAt", u."Email", u."EmailVerificationExpiry", u."EmailVerificationToken", u."FirstName", u."IsActive", u."IsDeleted", u."IsEmailVerified", u."LastLoginAt", u."LastName", u."OrganizationId", u."PasswordHash", u."PasswordResetExpiry", u."PasswordResetToken", u."ProfilePictureUrl", u."RefreshToken", u."RefreshTokenExpiry", u."Role", u."UpdatedAt", o0."Id", o0."CreatedAt", o0."DeletedAt", o0."Description", o0."IsActive", o0."IsDeleted", o0."LogoUrl", o0."Name", o0."Plan", o0."Slug", o0."UpdatedAt"
FROM "Users" AS u
INNER JOIN (
    SELECT o."Id", o."CreatedAt", o."DeletedAt", o."Description", o."IsActive", o."IsDeleted", o."LogoUrl", o."Name", o."Plan", o."Slug", o."UpdatedAt"
    FROM "Organizations" AS o
    WHERE NOT (o."IsDeleted")
) AS o0 ON u."OrganizationId" = o0."Id"
WHERE NOT (u."IsDeleted") AND u."Email" = @__email_0
LIMIT 1
2026-07-30 12:31:48.243 +06:00 [DBG] [0HNNDVMM9SUMJ:00000001] JWT access token generated for user "00000000-0000-0000-0002-000000000001" — expires "2026-07-30T06:46:48.2428894Z"
2026-07-30 12:31:48.243 +06:00 [DBG] [0HNNDVMM9SUMJ:00000001] Refresh token generated — expires "2026-08-06T06:31:48.2435415Z"
2026-07-30 12:31:48.245 +06:00 [INF] [0HNNDVMM9SUMJ:00000001] Executed DbCommand (1ms) [Parameters=[@p4='00000000-0000-0000-0002-000000000001', @p0='2026-07-30T06:31:48.2437775Z' (Nullable = true) (DbType = DateTime), @p1='wQMtYxQ5nQzcHjrhoiupGV+WTD0mTUsF1ND8ZCUReCx6rBhMmCwsXoWJKZU0RCT2TxDYM8LcwSlevPozCkbNOg==', @p2='2026-08-06T06:31:48.2437763Z' (Nullable = true) (DbType = DateTime), @p3='2026-07-30T06:31:48.2438937Z' (DbType = DateTime)], CommandType='"Text"', CommandTimeout='30']
UPDATE "Users" SET "LastLoginAt" = @p0, "RefreshToken" = @p1, "RefreshTokenExpiry" = @p2, "UpdatedAt" = @p3
WHERE "Id" = @p4;
2026-07-30 12:31:48.246 +06:00 [INF] [0HNNDVMM9SUMJ:00000001] User "00000000-0000-0000-0002-000000000001" logged in from org "00000000-0000-0000-0001-000000000001"
2026-07-30 12:31:48.246 +06:00 [INF] [0HNNDVMM9SUMJ:00000001] [0HNNDVMM9SUMJ:00000001] POST /api/auth/login → 200 (372.9ms)
2026-07-30 12:31:51.756 +06:00 [INF] [0HNNDVMM9SUMK:00000001] Executed DbCommand (1ms) [Parameters=[@__email_0='demo.member1@worksphere.io'], CommandType='"Text"', CommandTimeout='30']
SELECT u."Id", u."CreatedAt", u."DeletedAt", u."Email", u."EmailVerificationExpiry", u."EmailVerificationToken", u."FirstName", u."IsActive", u."IsDeleted", u."IsEmailVerified", u."LastLoginAt", u."LastName", u."OrganizationId", u."PasswordHash", u."PasswordResetExpiry", u."PasswordResetToken", u."ProfilePictureUrl", u."RefreshToken", u."RefreshTokenExpiry", u."Role", u."UpdatedAt", o0."Id", o0."CreatedAt", o0."DeletedAt", o0."Description", o0."IsActive", o0."IsDeleted", o0."LogoUrl", o0."Name", o0."Plan", o0."Slug", o0."UpdatedAt"
FROM "Users" AS u
INNER JOIN (
    SELECT o."Id", o."CreatedAt", o."DeletedAt", o."Description", o."IsActive", o."IsDeleted", o."LogoUrl", o."Name", o."Plan", o."Slug", o."UpdatedAt"
    FROM "Organizations" AS o
    WHERE NOT (o."IsDeleted")
) AS o0 ON u."OrganizationId" = o0."Id"
WHERE NOT (u."IsDeleted") AND u."Email" = @__email_0
LIMIT 1
2026-07-30 12:31:52.134 +06:00 [DBG] [0HNNDVMM9SUMK:00000001] JWT access token generated for user "00000000-0000-0000-0002-000000000003" — expires "2026-07-30T06:46:52.1338588Z"
2026-07-30 12:31:52.134 +06:00 [DBG] [0HNNDVMM9SUMK:00000001] Refresh token generated — expires "2026-08-06T06:31:52.1348168Z"
2026-07-30 12:31:52.161 +06:00 [INF] [0HNNDVMM9SUMK:00000001] Executed DbCommand (26ms) [Parameters=[@p4='00000000-0000-0000-0002-000000000003', @p0='2026-07-30T06:31:52.1349023Z' (Nullable = true) (DbType = DateTime), @p1='b6f3aF+RECsfpF/HDHPaH5gZVVvB61AqH+ExknpOVoCTSSulJWymUPzygocClvIU86LtwqgFJZNTA1ypF/JQyg==', @p2='2026-08-06T06:31:52.1349013Z' (Nullable = true) (DbType = DateTime), @p3='2026-07-30T06:31:52.1352168Z' (DbType = DateTime)], CommandType='"Text"', CommandTimeout='30']
UPDATE "Users" SET "LastLoginAt" = @p0, "RefreshToken" = @p1, "RefreshTokenExpiry" = @p2, "UpdatedAt" = @p3
WHERE "Id" = @p4;
2026-07-30 12:31:52.162 +06:00 [INF] [0HNNDVMM9SUMK:00000001] User "00000000-0000-0000-0002-000000000003" logged in from org "00000000-0000-0000-0001-000000000001"
2026-07-30 12:31:52.163 +06:00 [INF] [0HNNDVMM9SUMK:00000001] [0HNNDVMM9SUMK:00000001] POST /api/auth/login → 200 (410.2ms)
2026-07-30 12:32:05.148 +06:00 [INF] [0HNNDVMM9SUML:00000001] Executed DbCommand (1ms) [Parameters=[@__email_0='demo.member1@worksphere.io'], CommandType='"Text"', CommandTimeout='30']
SELECT u."Id", u."CreatedAt", u."DeletedAt", u."Email", u."EmailVerificationExpiry", u."EmailVerificationToken", u."FirstName", u."IsActive", u."IsDeleted", u."IsEmailVerified", u."LastLoginAt", u."LastName", u."OrganizationId", u."PasswordHash", u."PasswordResetExpiry", u."PasswordResetToken", u."ProfilePictureUrl", u."RefreshToken", u."RefreshTokenExpiry", u."Role", u."UpdatedAt", o0."Id", o0."CreatedAt", o0."DeletedAt", o0."Description", o0."IsActive", o0."IsDeleted", o0."LogoUrl", o0."Name", o0."Plan", o0."Slug", o0."UpdatedAt"
FROM "Users" AS u
INNER JOIN (
    SELECT o."Id", o."CreatedAt", o."DeletedAt", o."Description", o."IsActive", o."IsDeleted", o."LogoUrl", o."Name", o."Plan", o."Slug", o."UpdatedAt"
    FROM "Organizations" AS o
    WHERE NOT (o."IsDeleted")
) AS o0 ON u."OrganizationId" = o0."Id"
WHERE NOT (u."IsDeleted") AND u."Email" = @__email_0
LIMIT 1
2026-07-30 12:32:05.510 +06:00 [DBG] [0HNNDVMM9SUML:00000001] JWT access token generated for user "00000000-0000-0000-0002-000000000003" — expires "2026-07-30T06:47:05.5097841Z"
2026-07-30 12:32:05.510 +06:00 [DBG] [0HNNDVMM9SUML:00000001] Refresh token generated — expires "2026-08-06T06:32:05.5105064Z"
2026-07-30 12:32:05.550 +06:00 [INF] [0HNNDVMM9SUML:00000001] Executed DbCommand (39ms) [Parameters=[@p4='00000000-0000-0000-0002-000000000003', @p0='2026-07-30T06:32:05.5107288Z' (Nullable = true) (DbType = DateTime), @p1='tPc7utzuJiiXs+7AzQQGk3Qig6INeoe7J8T9/WQZb2gHCmt1SBN+aD1SkqpRfCcehZ2ZyN5TZjJahHFuu6T3Fw==', @p2='2026-08-06T06:32:05.5107274Z' (Nullable = true) (DbType = DateTime), @p3='2026-07-30T06:32:05.5109081Z' (DbType = DateTime)], CommandType='"Text"', CommandTimeout='30']
UPDATE "Users" SET "LastLoginAt" = @p0, "RefreshToken" = @p1, "RefreshTokenExpiry" = @p2, "UpdatedAt" = @p3
WHERE "Id" = @p4;
2026-07-30 12:32:05.551 +06:00 [INF] [0HNNDVMM9SUML:00000001] User "00000000-0000-0000-0002-000000000003" logged in from org "00000000-0000-0000-0001-000000000001"
2026-07-30 12:32:05.551 +06:00 [INF] [0HNNDVMM9SUML:00000001] [0HNNDVMM9SUML:00000001] POST /api/auth/login → 200 (406.1ms)
2026-07-30 12:32:20.226 +06:00 [INF] [0HNNDVMM9SUMM:00000001] Executed DbCommand (1ms) [Parameters=[@__email_0='demo.member1@worksphere.io'], CommandType='"Text"', CommandTimeout='30']
SELECT u."Id", u."CreatedAt", u."DeletedAt", u."Email", u."EmailVerificationExpiry", u."EmailVerificationToken", u."FirstName", u."IsActive", u."IsDeleted", u."IsEmailVerified", u."LastLoginAt", u."LastName", u."OrganizationId", u."PasswordHash", u."PasswordResetExpiry", u."PasswordResetToken", u."ProfilePictureUrl", u."RefreshToken", u."RefreshTokenExpiry", u."Role", u."UpdatedAt", o0."Id", o0."CreatedAt", o0."DeletedAt", o0."Description", o0."IsActive", o0."IsDeleted", o0."LogoUrl", o0."Name", o0."Plan", o0."Slug", o0."UpdatedAt"
FROM "Users" AS u
INNER JOIN (
    SELECT o."Id", o."CreatedAt", o."DeletedAt", o."Description", o."IsActive", o."IsDeleted", o."LogoUrl", o."Name", o."Plan", o."Slug", o."UpdatedAt"
    FROM "Organizations" AS o
    WHERE NOT (o."IsDeleted")
) AS o0 ON u."OrganizationId" = o0."Id"
WHERE NOT (u."IsDeleted") AND u."Email" = @__email_0
LIMIT 1
2026-07-30 12:32:20.611 +06:00 [DBG] [0HNNDVMM9SUMM:00000001] JWT access token generated for user "00000000-0000-0000-0002-000000000003" — expires "2026-07-30T06:47:20.6112588Z"
2026-07-30 12:32:20.611 +06:00 [DBG] [0HNNDVMM9SUMM:00000001] Refresh token generated — expires "2026-08-06T06:32:20.6119710Z"
2026-07-30 12:32:20.614 +06:00 [INF] [0HNNDVMM9SUMM:00000001] Executed DbCommand (2ms) [Parameters=[@p4='00000000-0000-0000-0002-000000000003', @p0='2026-07-30T06:32:20.6122009Z' (Nullable = true) (DbType = DateTime), @p1='5EppizN+UZHl7RXhg5ue0+FWSkeVlODyRESXZ++1sAz0+A2c+F9V7cquG89zGns9PzMm22ScVmP6YXUs96mHrg==', @p2='2026-08-06T06:32:20.6121994Z' (Nullable = true) (DbType = DateTime), @p3='2026-07-30T06:32:20.6123120Z' (DbType = DateTime)], CommandType='"Text"', CommandTimeout='30']
UPDATE "Users" SET "LastLoginAt" = @p0, "RefreshToken" = @p1, "RefreshTokenExpiry" = @p2, "UpdatedAt" = @p3
WHERE "Id" = @p4;
2026-07-30 12:32:20.615 +06:00 [INF] [0HNNDVMM9SUMM:00000001] User "00000000-0000-0000-0002-000000000003" logged in from org "00000000-0000-0000-0001-000000000001"
2026-07-30 12:32:20.615 +06:00 [INF] [0HNNDVMM9SUMM:00000001] [0HNNDVMM9SUMM:00000001] POST /api/auth/login → 200 (392.5ms)
2026-07-30 12:32:33.378 +06:00 [INF] [0HNNDVMM9SUMN:00000001] Executed DbCommand (1ms) [Parameters=[@__email_0='demo.member1@worksphere.io'], CommandType='"Text"', CommandTimeout='30']
SELECT u."Id", u."CreatedAt", u."DeletedAt", u."Email", u."EmailVerificationExpiry", u."EmailVerificationToken", u."FirstName", u."IsActive", u."IsDeleted", u."IsEmailVerified", u."LastLoginAt", u."LastName", u."OrganizationId", u."PasswordHash", u."PasswordResetExpiry", u."PasswordResetToken", u."ProfilePictureUrl", u."RefreshToken", u."RefreshTokenExpiry", u."Role", u."UpdatedAt", o0."Id", o0."CreatedAt", o0."DeletedAt", o0."Description", o0."IsActive", o0."IsDeleted", o0."LogoUrl", o0."Name", o0."Plan", o0."Slug", o0."UpdatedAt"
FROM "Users" AS u
INNER JOIN (
    SELECT o."Id", o."CreatedAt", o."DeletedAt", o."Description", o."IsActive", o."IsDeleted", o."LogoUrl", o."Name", o."Plan", o."Slug", o."UpdatedAt"
    FROM "Organizations" AS o
    WHERE NOT (o."IsDeleted")
) AS o0 ON u."OrganizationId" = o0."Id"
WHERE NOT (u."IsDeleted") AND u."Email" = @__email_0
LIMIT 1
2026-07-30 12:32:33.737 +06:00 [DBG] [0HNNDVMM9SUMN:00000001] JWT access token generated for user "00000000-0000-0000-0002-000000000003" — expires "2026-07-30T06:47:33.7369592Z"
2026-07-30 12:32:33.737 +06:00 [DBG] [0HNNDVMM9SUMN:00000001] Refresh token generated — expires "2026-08-06T06:32:33.7376166Z"
2026-07-30 12:32:33.768 +06:00 [INF] [0HNNDVMM9SUMN:00000001] Executed DbCommand (30ms) [Parameters=[@p4='00000000-0000-0000-0002-000000000003', @p0='2026-07-30T06:32:33.7378766Z' (Nullable = true) (DbType = DateTime), @p1='nzvdtvQJPF6OZXeDZjSTMFmP84fzS2/YLSKc/oP4a5fSYM00xp5NjdGc/1/ao2+OL1YSlL6P9L96cxpfBwDVZg==', @p2='2026-08-06T06:32:33.7378749Z' (Nullable = true) (DbType = DateTime), @p3='2026-07-30T06:32:33.7379923Z' (DbType = DateTime)], CommandType='"Text"', CommandTimeout='30']
UPDATE "Users" SET "LastLoginAt" = @p0, "RefreshToken" = @p1, "RefreshTokenExpiry" = @p2, "UpdatedAt" = @p3
WHERE "Id" = @p4;
2026-07-30 12:32:33.768 +06:00 [INF] [0HNNDVMM9SUMN:00000001] User "00000000-0000-0000-0002-000000000003" logged in from org "00000000-0000-0000-0001-000000000001"
2026-07-30 12:32:33.769 +06:00 [INF] [0HNNDVMM9SUMN:00000001] [0HNNDVMM9SUMN:00000001] POST /api/auth/login → 200 (393.0ms)
2026-07-30 12:32:40.050 +06:00 [INF] [0HNNDVMM9SUMO:00000001] Executed DbCommand (1ms) [Parameters=[@__email_0='demo.owner@worksphere.io'], CommandType='"Text"', CommandTimeout='30']
SELECT u."Id", u."CreatedAt", u."DeletedAt", u."Email", u."EmailVerificationExpiry", u."EmailVerificationToken", u."FirstName", u."IsActive", u."IsDeleted", u."IsEmailVerified", u."LastLoginAt", u."LastName", u."OrganizationId", u."PasswordHash", u."PasswordResetExpiry", u."PasswordResetToken", u."ProfilePictureUrl", u."RefreshToken", u."RefreshTokenExpiry", u."Role", u."UpdatedAt", o0."Id", o0."CreatedAt", o0."DeletedAt", o0."Description", o0."IsActive", o0."IsDeleted", o0."LogoUrl", o0."Name", o0."Plan", o0."Slug", o0."UpdatedAt"
FROM "Users" AS u
INNER JOIN (
    SELECT o."Id", o."CreatedAt", o."DeletedAt", o."Description", o."IsActive", o."IsDeleted", o."LogoUrl", o."Name", o."Plan", o."Slug", o."UpdatedAt"
    FROM "Organizations" AS o
    WHERE NOT (o."IsDeleted")
) AS o0 ON u."OrganizationId" = o0."Id"
WHERE NOT (u."IsDeleted") AND u."Email" = @__email_0
LIMIT 1
2026-07-30 12:32:40.421 +06:00 [DBG] [0HNNDVMM9SUMO:00000001] JWT access token generated for user "00000000-0000-0000-0002-000000000001" — expires "2026-07-30T06:47:40.4208735Z"
2026-07-30 12:32:40.421 +06:00 [DBG] [0HNNDVMM9SUMO:00000001] Refresh token generated — expires "2026-08-06T06:32:40.4214846Z"
2026-07-30 12:32:40.424 +06:00 [INF] [0HNNDVMM9SUMO:00000001] Executed DbCommand (2ms) [Parameters=[@p4='00000000-0000-0000-0002-000000000001', @p0='2026-07-30T06:32:40.4216061Z' (Nullable = true) (DbType = DateTime), @p1='uL6i8evHfe1gUm1or4lZSkLxHldEH8Z1Gyxkp2s3unx3myfeHM3EcDx3NjYtXDuMWeDMabJY0Y4wWVmkahZNcQ==', @p2='2026-08-06T06:32:40.4216049Z' (Nullable = true) (DbType = DateTime), @p3='2026-07-30T06:32:40.4216969Z' (DbType = DateTime)], CommandType='"Text"', CommandTimeout='30']
UPDATE "Users" SET "LastLoginAt" = @p0, "RefreshToken" = @p1, "RefreshTokenExpiry" = @p2, "UpdatedAt" = @p3
WHERE "Id" = @p4;
2026-07-30 12:32:40.424 +06:00 [INF] [0HNNDVMM9SUMO:00000001] User "00000000-0000-0000-0002-000000000001" logged in from org "00000000-0000-0000-0001-000000000001"
2026-07-30 12:32:40.425 +06:00 [INF] [0HNNDVMM9SUMO:00000001] [0HNNDVMM9SUMO:00000001] POST /api/auth/login → 200 (376.9ms)
2026-07-30 12:32:53.657 +06:00 [INF] [0HNNDVMM9SUMP:00000001] Executed DbCommand (1ms) [Parameters=[@__email_0='demo.member1@worksphere.io'], CommandType='"Text"', CommandTimeout='30']
SELECT u."Id", u."CreatedAt", u."DeletedAt", u."Email", u."EmailVerificationExpiry", u."EmailVerificationToken", u."FirstName", u."IsActive", u."IsDeleted", u."IsEmailVerified", u."LastLoginAt", u."LastName", u."OrganizationId", u."PasswordHash", u."PasswordResetExpiry", u."PasswordResetToken", u."ProfilePictureUrl", u."RefreshToken", u."RefreshTokenExpiry", u."Role", u."UpdatedAt", o0."Id", o0."CreatedAt", o0."DeletedAt", o0."Description", o0."IsActive", o0."IsDeleted", o0."LogoUrl", o0."Name", o0."Plan", o0."Slug", o0."UpdatedAt"
FROM "Users" AS u
INNER JOIN (
    SELECT o."Id", o."CreatedAt", o."DeletedAt", o."Description", o."IsActive", o."IsDeleted", o."LogoUrl", o."Name", o."Plan", o."Slug", o."UpdatedAt"
    FROM "Organizations" AS o
    WHERE NOT (o."IsDeleted")
) AS o0 ON u."OrganizationId" = o0."Id"
WHERE NOT (u."IsDeleted") AND u."Email" = @__email_0
LIMIT 1
2026-07-30 12:32:54.104 +06:00 [DBG] [0HNNDVMM9SUMP:00000001] JWT access token generated for user "00000000-0000-0000-0002-000000000003" — expires "2026-07-30T06:47:54.1046252Z"
2026-07-30 12:32:54.105 +06:00 [DBG] [0HNNDVMM9SUMP:00000001] Refresh token generated — expires "2026-08-06T06:32:54.1052315Z"
2026-07-30 12:32:54.130 +06:00 [INF] [0HNNDVMM9SUMP:00000001] Executed DbCommand (25ms) [Parameters=[@p4='00000000-0000-0000-0002-000000000003', @p0='2026-07-30T06:32:54.1054716Z' (Nullable = true) (DbType = DateTime), @p1='H7ZiXp9rKYschkyMFB4cbAtJe9CIyNkY0SNWZkA8xlGkTZcFxptUc8JzHRQoxABIQLu27c/MexyzTgUfZ7Ed5w==', @p2='2026-08-06T06:32:54.1054692Z' (Nullable = true) (DbType = DateTime), @p3='2026-07-30T06:32:54.1056121Z' (DbType = DateTime)], CommandType='"Text"', CommandTimeout='30']
UPDATE "Users" SET "LastLoginAt" = @p0, "RefreshToken" = @p1, "RefreshTokenExpiry" = @p2, "UpdatedAt" = @p3
WHERE "Id" = @p4;
2026-07-30 12:32:54.131 +06:00 [INF] [0HNNDVMM9SUMP:00000001] User "00000000-0000-0000-0002-000000000003" logged in from org "00000000-0000-0000-0001-000000000001"
2026-07-30 12:32:54.131 +06:00 [INF] [0HNNDVMM9SUMP:00000001] [0HNNDVMM9SUMP:00000001] POST /api/auth/login → 200 (477.4ms)
2026-07-30 12:45:47.604 +06:00 [INF] [] Application is shutting down...
2026-07-30 12:45:55.984 +06:00 [WRN] [] Entity 'Organization' has a global query filter defined and is the required end of a relationship with the entity 'ActivityLog'. This may lead to unexpected results when the required entity is filtered out. Either configure the navigation as optional, or define matching query filters for both entities in the navigation. See https://go.microsoft.com/fwlink/?linkid=2131316 for more information.
2026-07-30 12:45:56.002 +06:00 [WRN] [] Entity 'User' has a global query filter defined and is the required end of a relationship with the entity 'TaskAssignee'. This may lead to unexpected results when the required entity is filtered out. Either configure the navigation as optional, or define matching query filters for both entities in the navigation. See https://go.microsoft.com/fwlink/?linkid=2131316 for more information.
2026-07-30 12:45:56.007 +06:00 [WRN] [] Sensitive data logging is enabled. Log entries and exception messages may include sensitive application data; this mode should only be enabled during development.
2026-07-30 12:45:56.432 +06:00 [INF] [] Executed DbCommand (13ms) [Parameters=[], CommandType='"Text"', CommandTimeout='30']
SELECT "MigrationId", "ProductVersion"
FROM "__EFMigrationsHistory"
ORDER BY "MigrationId";
2026-07-30 12:45:56.658 +06:00 [INF] [] Executed DbCommand (9ms) [Parameters=[], CommandType='"Text"', CommandTimeout='30']
CREATE TABLE IF NOT EXISTS "__EFMigrationsHistory" (
    "MigrationId" character varying(150) NOT NULL,
    "ProductVersion" character varying(32) NOT NULL,
    CONSTRAINT "PK___EFMigrationsHistory" PRIMARY KEY ("MigrationId")
);
2026-07-30 12:45:56.670 +06:00 [INF] [] Executed DbCommand (1ms) [Parameters=[], CommandType='"Text"', CommandTimeout='30']
LOCK TABLE "__EFMigrationsHistory" IN ACCESS EXCLUSIVE MODE
2026-07-30 12:45:56.673 +06:00 [INF] [] Executed DbCommand (1ms) [Parameters=[], CommandType='"Text"', CommandTimeout='30']
SELECT "MigrationId", "ProductVersion"
FROM "__EFMigrationsHistory"
ORDER BY "MigrationId";
2026-07-30 12:45:56.685 +06:00 [INF] [] Starting database seeding...
2026-07-30 12:45:56.845 +06:00 [INF] [] Executed DbCommand (2ms) [Parameters=[], CommandType='"Text"', CommandTimeout='30']
SELECT EXISTS (
    SELECT 1
    FROM "Organizations" AS o
    WHERE NOT (o."IsDeleted"))
2026-07-30 12:45:56.853 +06:00 [INF] [] Database already seeded — skipping.
2026-07-30 12:45:56.991 +06:00 [INF] [] Now listening on: http://localhost:5210
2026-07-30 12:45:56.991 +06:00 [INF] [] Application started. Press Ctrl+C to shut down.
2026-07-30 12:45:56.991 +06:00 [INF] [] Hosting environment: Development
2026-07-30 12:45:56.991 +06:00 [INF] [] Content root path: C:\Users\Abdul\Documents\GitHub\WorkSphere\WorkHub.API
2026-07-30 12:46:10.864 +06:00 [WRN] [0HNNE0OUT80HG:00000001] Failed to determine the https port for redirect.
2026-07-30 12:46:11.208 +06:00 [INF] [0HNNE0OUT80HG:00000001] Executed DbCommand (12ms) [Parameters=[@__email_0='demo.member1@worksphere.io'], CommandType='"Text"', CommandTimeout='30']
SELECT u."Id", u."CreatedAt", u."DeletedAt", u."Email", u."EmailVerificationExpiry", u."EmailVerificationToken", u."FirstName", u."IsActive", u."IsDeleted", u."IsEmailVerified", u."LastLoginAt", u."LastName", u."OrganizationId", u."PasswordHash", u."PasswordResetExpiry", u."PasswordResetToken", u."ProfilePictureUrl", u."RefreshToken", u."RefreshTokenExpiry", u."Role", u."UpdatedAt", o0."Id", o0."CreatedAt", o0."DeletedAt", o0."Description", o0."IsActive", o0."IsDeleted", o0."LogoUrl", o0."Name", o0."Plan", o0."Slug", o0."UpdatedAt"
FROM "Users" AS u
INNER JOIN (
    SELECT o."Id", o."CreatedAt", o."DeletedAt", o."Description", o."IsActive", o."IsDeleted", o."LogoUrl", o."Name", o."Plan", o."Slug", o."UpdatedAt"
    FROM "Organizations" AS o
    WHERE NOT (o."IsDeleted")
) AS o0 ON u."OrganizationId" = o0."Id"
WHERE NOT (u."IsDeleted") AND u."Email" = @__email_0
LIMIT 1
2026-07-30 12:46:12.096 +06:00 [DBG] [0HNNE0OUT80HG:00000001] JWT access token generated for user "00000000-0000-0000-0002-000000000003" — expires "2026-07-30T07:01:12.0853003Z"
2026-07-30 12:46:12.100 +06:00 [DBG] [0HNNE0OUT80HG:00000001] Refresh token generated — expires "2026-08-06T06:46:12.0999648Z"
2026-07-30 12:46:12.233 +06:00 [INF] [0HNNE0OUT80HG:00000001] Executed DbCommand (50ms) [Parameters=[@p4='00000000-0000-0000-0002-000000000003', @p0='2026-07-30T06:46:12.1012162Z' (Nullable = true) (DbType = DateTime), @p1='BV1oeDkAB12z2L24KLIzUB0wpKERM9Fy81Nmg4o6+FS3m0FP2A1L3X2r1MGAwWqN9bxNeO7lntJJUwHzCZn/DQ==', @p2='2026-08-06T06:46:12.1010926Z' (Nullable = true) (DbType = DateTime), @p3='2026-07-30T06:46:12.1370586Z' (DbType = DateTime)], CommandType='"Text"', CommandTimeout='30']
UPDATE "Users" SET "LastLoginAt" = @p0, "RefreshToken" = @p1, "RefreshTokenExpiry" = @p2, "UpdatedAt" = @p3
WHERE "Id" = @p4;
2026-07-30 12:46:12.255 +06:00 [INF] [0HNNE0OUT80HG:00000001] User "00000000-0000-0000-0002-000000000003" logged in from org "00000000-0000-0000-0001-000000000001"
2026-07-30 12:46:12.298 +06:00 [INF] [0HNNE0OUT80HG:00000001] [0HNNE0OUT80HG:00000001] POST /api/auth/login → 200 (1444.9ms)
2026-07-30 12:46:12.552 +06:00 [INF] [0HNNE0OUT80HH:00000001] Executed DbCommand (1ms) [Parameters=[@___currentUser_UserId_0='00000000-0000-0000-0002-000000000003'], CommandType='"Text"', CommandTimeout='30']
SELECT u."Id", u."CreatedAt", u."DeletedAt", u."Email", u."EmailVerificationExpiry", u."EmailVerificationToken", u."FirstName", u."IsActive", u."IsDeleted", u."IsEmailVerified", u."LastLoginAt", u."LastName", u."OrganizationId", u."PasswordHash", u."PasswordResetExpiry", u."PasswordResetToken", u."ProfilePictureUrl", u."RefreshToken", u."RefreshTokenExpiry", u."Role", u."UpdatedAt", o0."Id", o0."CreatedAt", o0."DeletedAt", o0."Description", o0."IsActive", o0."IsDeleted", o0."LogoUrl", o0."Name", o0."Plan", o0."Slug", o0."UpdatedAt"
FROM "Users" AS u
INNER JOIN (
    SELECT o."Id", o."CreatedAt", o."DeletedAt", o."Description", o."IsActive", o."IsDeleted", o."LogoUrl", o."Name", o."Plan", o."Slug", o."UpdatedAt"
    FROM "Organizations" AS o
    WHERE NOT (o."IsDeleted")
) AS o0 ON u."OrganizationId" = o0."Id"
WHERE NOT (u."IsDeleted") AND u."Id" = @___currentUser_UserId_0
LIMIT 1
2026-07-30 12:46:12.583 +06:00 [INF] [0HNNE0OUT80HH:00000001] Executed DbCommand (1ms) [Parameters=[@___currentUser_OrganizationId_0='00000000-0000-0000-0001-000000000001'], CommandType='"Text"', CommandTimeout='30']
SELECT o."Id", o."CreatedAt", o."DeletedAt", o."Description", o."IsActive", o."IsDeleted", o."LogoUrl", o."Name", o."Plan", o."Slug", o."UpdatedAt"
FROM "Organizations" AS o
WHERE NOT (o."IsDeleted") AND o."Id" = @___currentUser_OrganizationId_0
LIMIT 1
2026-07-30 12:46:12.589 +06:00 [INF] [0HNNE0OUT80HH:00000001] [0HNNE0OUT80HH:00000001] GET /api/auth/context → 200 (232.1ms)
2026-07-30 12:46:12.607 +06:00 [INF] [0HNNE0OUT80HI:00000001] Executed DbCommand (1ms) [Parameters=[@___currentUser_UserId_0='00000000-0000-0000-0002-000000000003'], CommandType='"Text"', CommandTimeout='30']
SELECT u."Id", u."CreatedAt", u."DeletedAt", u."Email", u."EmailVerificationExpiry", u."EmailVerificationToken", u."FirstName", u."IsActive", u."IsDeleted", u."IsEmailVerified", u."LastLoginAt", u."LastName", u."OrganizationId", u."PasswordHash", u."PasswordResetExpiry", u."PasswordResetToken", u."ProfilePictureUrl", u."RefreshToken", u."RefreshTokenExpiry", u."Role", u."UpdatedAt", o0."Id", o0."CreatedAt", o0."DeletedAt", o0."Description", o0."IsActive", o0."IsDeleted", o0."LogoUrl", o0."Name", o0."Plan", o0."Slug", o0."UpdatedAt"
FROM "Users" AS u
INNER JOIN (
    SELECT o."Id", o."CreatedAt", o."DeletedAt", o."Description", o."IsActive", o."IsDeleted", o."LogoUrl", o."Name", o."Plan", o."Slug", o."UpdatedAt"
    FROM "Organizations" AS o
    WHERE NOT (o."IsDeleted")
) AS o0 ON u."OrganizationId" = o0."Id"
WHERE NOT (u."IsDeleted") AND u."Id" = @___currentUser_UserId_0
LIMIT 1
2026-07-30 12:46:12.616 +06:00 [INF] [0HNNE0OUT80HI:00000001] Executed DbCommand (1ms) [Parameters=[@___currentUser_OrganizationId_0='00000000-0000-0000-0001-000000000001'], CommandType='"Text"', CommandTimeout='30']
SELECT o."Id", o."CreatedAt", o."DeletedAt", o."Description", o."IsActive", o."IsDeleted", o."LogoUrl", o."Name", o."Plan", o."Slug", o."UpdatedAt"
FROM "Organizations" AS o
WHERE NOT (o."IsDeleted") AND o."Id" = @___currentUser_OrganizationId_0
LIMIT 1
2026-07-30 12:46:12.617 +06:00 [INF] [0HNNE0OUT80HI:00000001] [0HNNE0OUT80HI:00000001] GET /api/auth/context → 200 (24.0ms)
2026-07-30 12:46:25.115 +06:00 [DBG] [0HNNE0OUT80HK:00000001] Permission granted: Member → projects.view
2026-07-30 12:46:25.115 +06:00 [DBG] [0HNNE0OUT80HJ:00000001] Permission granted: Member → projects.view
2026-07-30 12:46:25.118 +06:00 [INF] [0HNNE0OUT80HJ:00000001] Executed DbCommand (1ms) [Parameters=[@___currentUser_UserId_0='00000000-0000-0000-0002-000000000003'], CommandType='"Text"', CommandTimeout='30']
SELECT u."Id", u."CreatedAt", u."DeletedAt", u."Email", u."EmailVerificationExpiry", u."EmailVerificationToken", u."FirstName", u."IsActive", u."IsDeleted", u."IsEmailVerified", u."LastLoginAt", u."LastName", u."OrganizationId", u."PasswordHash", u."PasswordResetExpiry", u."PasswordResetToken", u."ProfilePictureUrl", u."RefreshToken", u."RefreshTokenExpiry", u."Role", u."UpdatedAt", o0."Id", o0."CreatedAt", o0."DeletedAt", o0."Description", o0."IsActive", o0."IsDeleted", o0."LogoUrl", o0."Name", o0."Plan", o0."Slug", o0."UpdatedAt"
FROM "Users" AS u
INNER JOIN (
    SELECT o."Id", o."CreatedAt", o."DeletedAt", o."Description", o."IsActive", o."IsDeleted", o."LogoUrl", o."Name", o."Plan", o."Slug", o."UpdatedAt"
    FROM "Organizations" AS o
    WHERE NOT (o."IsDeleted")
) AS o0 ON u."OrganizationId" = o0."Id"
WHERE NOT (u."IsDeleted") AND u."Id" = @___currentUser_UserId_0
LIMIT 1
2026-07-30 12:46:25.163 +06:00 [INF] [0HNNE0OUT80HK:00000001] Executed DbCommand (4ms) [Parameters=[@___currentUser_UserId_0='00000000-0000-0000-0002-000000000003'], CommandType='"Text"', CommandTimeout='30']
SELECT u."Id", u."CreatedAt", u."DeletedAt", u."Email", u."EmailVerificationExpiry", u."EmailVerificationToken", u."FirstName", u."IsActive", u."IsDeleted", u."IsEmailVerified", u."LastLoginAt", u."LastName", u."OrganizationId", u."PasswordHash", u."PasswordResetExpiry", u."PasswordResetToken", u."ProfilePictureUrl", u."RefreshToken", u."RefreshTokenExpiry", u."Role", u."UpdatedAt", o0."Id", o0."CreatedAt", o0."DeletedAt", o0."Description", o0."IsActive", o0."IsDeleted", o0."LogoUrl", o0."Name", o0."Plan", o0."Slug", o0."UpdatedAt"
FROM "Users" AS u
INNER JOIN (
    SELECT o."Id", o."CreatedAt", o."DeletedAt", o."Description", o."IsActive", o."IsDeleted", o."LogoUrl", o."Name", o."Plan", o."Slug", o."UpdatedAt"
    FROM "Organizations" AS o
    WHERE NOT (o."IsDeleted")
) AS o0 ON u."OrganizationId" = o0."Id"
WHERE NOT (u."IsDeleted") AND u."Id" = @___currentUser_UserId_0
LIMIT 1
2026-07-30 12:46:25.176 +06:00 [INF] [0HNNE0OUT80HJ:00000001] Executed DbCommand (4ms) [Parameters=[@___currentUser_OrganizationId_0='00000000-0000-0000-0001-000000000001'], CommandType='"Text"', CommandTimeout='30']
SELECT count(*)::int
FROM "Projects" AS p
WHERE NOT (p."IsDeleted") AND p."OrganizationId" = @___currentUser_OrganizationId_0
2026-07-30 12:46:25.176 +06:00 [INF] [0HNNE0OUT80HK:00000001] Executed DbCommand (4ms) [Parameters=[@___currentUser_OrganizationId_0='00000000-0000-0000-0001-000000000001'], CommandType='"Text"', CommandTimeout='30']
SELECT count(*)::int
FROM "Projects" AS p
WHERE NOT (p."IsDeleted") AND p."OrganizationId" = @___currentUser_OrganizationId_0
2026-07-30 12:46:25.275 +06:00 [INF] [0HNNE0OUT80HJ:00000001] Executed DbCommand (9ms) [Parameters=[@___currentUser_OrganizationId_0='00000000-0000-0000-0001-000000000001', @__p_2='100', @__p_1='0'], CommandType='"Text"', CommandTimeout='30']
SELECT p0."Id", p0."CreatedAt", p0."CreatedByUserId", p0."DeletedAt", p0."Description", p0."DueDate", p0."IsDeleted", p0."Name", p0."OrganizationId", p0."ProjectLeadUserId", p0."StartDate", p0."Status", p0."UpdatedAt", u0."Id", u0."CreatedAt", u0."DeletedAt", u0."Email", u0."EmailVerificationExpiry", u0."EmailVerificationToken", u0."FirstName", u0."IsActive", u0."IsDeleted", u0."IsEmailVerified", u0."LastLoginAt", u0."LastName", u0."OrganizationId", u0."PasswordHash", u0."PasswordResetExpiry", u0."PasswordResetToken", u0."ProfilePictureUrl", u0."RefreshToken", u0."RefreshTokenExpiry", u0."Role", u0."UpdatedAt", u2."Id", u2."CreatedAt", u2."DeletedAt", u2."Email", u2."EmailVerificationExpiry", u2."EmailVerificationToken", u2."FirstName", u2."IsActive", u2."IsDeleted", u2."IsEmailVerified", u2."LastLoginAt", u2."LastName", u2."OrganizationId", u2."PasswordHash", u2."PasswordResetExpiry", u2."PasswordResetToken", u2."ProfilePictureUrl", u2."RefreshToken", u2."RefreshTokenExpiry", u2."Role", u2."UpdatedAt", t0."Id", t0."ActualMinutes", t0."AssignedToUserId", t0."CompletedAt", t0."CreatedAt", t0."CreatedByUserId", t0."DeletedAt", t0."Description", t0."DueDate", t0."EstimatedMinutes", t0."IsDeleted", t0."OrderIndex", t0."OrganizationId", t0."ParentTaskId", t0."Priority", t0."ProjectId", t0."StartDate", t0."Status", t0."Title", t0."UpdatedAt"
FROM (
    SELECT p."Id", p."CreatedAt", p."CreatedByUserId", p."DeletedAt", p."Description", p."DueDate", p."IsDeleted", p."Name", p."OrganizationId", p."ProjectLeadUserId", p."StartDate", p."Status", p."UpdatedAt"
    FROM "Projects" AS p
    WHERE NOT (p."IsDeleted") AND p."OrganizationId" = @___currentUser_OrganizationId_0
    ORDER BY p."CreatedAt" DESC
    LIMIT @__p_2 OFFSET @__p_1
) AS p0
INNER JOIN (
    SELECT u."Id", u."CreatedAt", u."DeletedAt", u."Email", u."EmailVerificationExpiry", u."EmailVerificationToken", u."FirstName", u."IsActive", u."IsDeleted", u."IsEmailVerified", u."LastLoginAt", u."LastName", u."OrganizationId", u."PasswordHash", u."PasswordResetExpiry", u."PasswordResetToken", u."ProfilePictureUrl", u."RefreshToken", u."RefreshTokenExpiry", u."Role", u."UpdatedAt"
    FROM "Users" AS u
    WHERE NOT (u."IsDeleted")
) AS u0 ON p0."CreatedByUserId" = u0."Id"
LEFT JOIN (
    SELECT u1."Id", u1."CreatedAt", u1."DeletedAt", u1."Email", u1."EmailVerificationExpiry", u1."EmailVerificationToken", u1."FirstName", u1."IsActive", u1."IsDeleted", u1."IsEmailVerified", u1."LastLoginAt", u1."LastName", u1."OrganizationId", u1."PasswordHash", u1."PasswordResetExpiry", u1."PasswordResetToken", u1."ProfilePictureUrl", u1."RefreshToken", u1."RefreshTokenExpiry", u1."Role", u1."UpdatedAt"
    FROM "Users" AS u1
    WHERE NOT (u1."IsDeleted")
) AS u2 ON p0."ProjectLeadUserId" = u2."Id"
LEFT JOIN (
    SELECT t."Id", t."ActualMinutes", t."AssignedToUserId", t."CompletedAt", t."CreatedAt", t."CreatedByUserId", t."DeletedAt", t."Description", t."DueDate", t."EstimatedMinutes", t."IsDeleted", t."OrderIndex", t."OrganizationId", t."ParentTaskId", t."Priority", t."ProjectId", t."StartDate", t."Status", t."Title", t."UpdatedAt"
    FROM "Tasks" AS t
    WHERE NOT (t."IsDeleted")
) AS t0 ON p0."Id" = t0."ProjectId"
ORDER BY p0."CreatedAt" DESC, p0."Id", u0."Id", u2."Id"
2026-07-30 12:46:25.275 +06:00 [INF] [0HNNE0OUT80HK:00000001] Executed DbCommand (9ms) [Parameters=[@___currentUser_OrganizationId_0='00000000-0000-0000-0001-000000000001', @__p_2='100', @__p_1='0'], CommandType='"Text"', CommandTimeout='30']
SELECT p0."Id", p0."CreatedAt", p0."CreatedByUserId", p0."DeletedAt", p0."Description", p0."DueDate", p0."IsDeleted", p0."Name", p0."OrganizationId", p0."ProjectLeadUserId", p0."StartDate", p0."Status", p0."UpdatedAt", u0."Id", u0."CreatedAt", u0."DeletedAt", u0."Email", u0."EmailVerificationExpiry", u0."EmailVerificationToken", u0."FirstName", u0."IsActive", u0."IsDeleted", u0."IsEmailVerified", u0."LastLoginAt", u0."LastName", u0."OrganizationId", u0."PasswordHash", u0."PasswordResetExpiry", u0."PasswordResetToken", u0."ProfilePictureUrl", u0."RefreshToken", u0."RefreshTokenExpiry", u0."Role", u0."UpdatedAt", u2."Id", u2."CreatedAt", u2."DeletedAt", u2."Email", u2."EmailVerificationExpiry", u2."EmailVerificationToken", u2."FirstName", u2."IsActive", u2."IsDeleted", u2."IsEmailVerified", u2."LastLoginAt", u2."LastName", u2."OrganizationId", u2."PasswordHash", u2."PasswordResetExpiry", u2."PasswordResetToken", u2."ProfilePictureUrl", u2."RefreshToken", u2."RefreshTokenExpiry", u2."Role", u2."UpdatedAt", t0."Id", t0."ActualMinutes", t0."AssignedToUserId", t0."CompletedAt", t0."CreatedAt", t0."CreatedByUserId", t0."DeletedAt", t0."Description", t0."DueDate", t0."EstimatedMinutes", t0."IsDeleted", t0."OrderIndex", t0."OrganizationId", t0."ParentTaskId", t0."Priority", t0."ProjectId", t0."StartDate", t0."Status", t0."Title", t0."UpdatedAt"
FROM (
    SELECT p."Id", p."CreatedAt", p."CreatedByUserId", p."DeletedAt", p."Description", p."DueDate", p."IsDeleted", p."Name", p."OrganizationId", p."ProjectLeadUserId", p."StartDate", p."Status", p."UpdatedAt"
    FROM "Projects" AS p
    WHERE NOT (p."IsDeleted") AND p."OrganizationId" = @___currentUser_OrganizationId_0
    ORDER BY p."CreatedAt" DESC
    LIMIT @__p_2 OFFSET @__p_1
) AS p0
INNER JOIN (
    SELECT u."Id", u."CreatedAt", u."DeletedAt", u."Email", u."EmailVerificationExpiry", u."EmailVerificationToken", u."FirstName", u."IsActive", u."IsDeleted", u."IsEmailVerified", u."LastLoginAt", u."LastName", u."OrganizationId", u."PasswordHash", u."PasswordResetExpiry", u."PasswordResetToken", u."ProfilePictureUrl", u."RefreshToken", u."RefreshTokenExpiry", u."Role", u."UpdatedAt"
    FROM "Users" AS u
    WHERE NOT (u."IsDeleted")
) AS u0 ON p0."CreatedByUserId" = u0."Id"
LEFT JOIN (
    SELECT u1."Id", u1."CreatedAt", u1."DeletedAt", u1."Email", u1."EmailVerificationExpiry", u1."EmailVerificationToken", u1."FirstName", u1."IsActive", u1."IsDeleted", u1."IsEmailVerified", u1."LastLoginAt", u1."LastName", u1."OrganizationId", u1."PasswordHash", u1."PasswordResetExpiry", u1."PasswordResetToken", u1."ProfilePictureUrl", u1."RefreshToken", u1."RefreshTokenExpiry", u1."Role", u1."UpdatedAt"
    FROM "Users" AS u1
    WHERE NOT (u1."IsDeleted")
) AS u2 ON p0."ProjectLeadUserId" = u2."Id"
LEFT JOIN (
    SELECT t."Id", t."ActualMinutes", t."AssignedToUserId", t."CompletedAt", t."CreatedAt", t."CreatedByUserId", t."DeletedAt", t."Description", t."DueDate", t."EstimatedMinutes", t."IsDeleted", t."OrderIndex", t."OrganizationId", t."ParentTaskId", t."Priority", t."ProjectId", t."StartDate", t."Status", t."Title", t."UpdatedAt"
    FROM "Tasks" AS t
    WHERE NOT (t."IsDeleted")
) AS t0 ON p0."Id" = t0."ProjectId"
ORDER BY p0."CreatedAt" DESC, p0."Id", u0."Id", u2."Id"
2026-07-30 12:46:25.379 +06:00 [INF] [0HNNE0OUT80HJ:00000001] Projects listed for org "00000000-0000-0000-0001-000000000001" — 5 results
2026-07-30 12:46:25.379 +06:00 [INF] [0HNNE0OUT80HK:00000001] Projects listed for org "00000000-0000-0000-0001-000000000001" — 5 results
2026-07-30 12:46:25.404 +06:00 [INF] [0HNNE0OUT80HJ:00000001] [0HNNE0OUT80HJ:00000001] GET /api/projects → 200 (291.9ms)
2026-07-30 12:46:25.404 +06:00 [INF] [0HNNE0OUT80HK:00000001] [0HNNE0OUT80HK:00000001] GET /api/projects → 200 (292.0ms)
2026-07-30 12:46:26.227 +06:00 [DBG] [0HNNE0OUT80HL:00000001] Permission granted: Member → tasks.view
2026-07-30 12:46:26.230 +06:00 [INF] [0HNNE0OUT80HL:00000001] Executed DbCommand (1ms) [Parameters=[@___currentUser_UserId_0='00000000-0000-0000-0002-000000000003'], CommandType='"Text"', CommandTimeout='30']
SELECT u."Id", u."CreatedAt", u."DeletedAt", u."Email", u."EmailVerificationExpiry", u."EmailVerificationToken", u."FirstName", u."IsActive", u."IsDeleted", u."IsEmailVerified", u."LastLoginAt", u."LastName", u."OrganizationId", u."PasswordHash", u."PasswordResetExpiry", u."PasswordResetToken", u."ProfilePictureUrl", u."RefreshToken", u."RefreshTokenExpiry", u."Role", u."UpdatedAt", o0."Id", o0."CreatedAt", o0."DeletedAt", o0."Description", o0."IsActive", o0."IsDeleted", o0."LogoUrl", o0."Name", o0."Plan", o0."Slug", o0."UpdatedAt"
FROM "Users" AS u
INNER JOIN (
    SELECT o."Id", o."CreatedAt", o."DeletedAt", o."Description", o."IsActive", o."IsDeleted", o."LogoUrl", o."Name", o."Plan", o."Slug", o."UpdatedAt"
    FROM "Organizations" AS o
    WHERE NOT (o."IsDeleted")
) AS o0 ON u."OrganizationId" = o0."Id"
WHERE NOT (u."IsDeleted") AND u."Id" = @___currentUser_UserId_0
LIMIT 1
2026-07-30 12:46:26.253 +06:00 [INF] [0HNNE0OUT80HL:00000001] Executed DbCommand (1ms) [Parameters=[@__projectId_0='81518637-01a4-4362-9562-737d08309d41'], CommandType='"Text"', CommandTimeout='30']
SELECT p."Id", p."CreatedAt", p."CreatedByUserId", p."DeletedAt", p."Description", p."DueDate", p."IsDeleted", p."Name", p."OrganizationId", p."ProjectLeadUserId", p."StartDate", p."Status", p."UpdatedAt"
FROM "Projects" AS p
WHERE NOT (p."IsDeleted") AND p."Id" = @__projectId_0
LIMIT 1
2026-07-30 12:46:26.261 +06:00 [INF] [0HNNE0OUT80HL:00000001] Executed DbCommand (1ms) [Parameters=[@__projectId_0='81518637-01a4-4362-9562-737d08309d41'], CommandType='"Text"', CommandTimeout='30']
SELECT count(*)::int
FROM "Tasks" AS t
WHERE NOT (t."IsDeleted") AND t."ProjectId" = @__projectId_0
2026-07-30 12:46:26.293 +06:00 [WRN] [0HNNE0OUT80HL:00000001] Compiling a query which loads related collections for more than one collection navigation, either via 'Include' or through projection, but no 'QuerySplittingBehavior' has been configured. By default, Entity Framework will use 'QuerySplittingBehavior.SingleQuery', which can potentially result in slow query performance. See https://go.microsoft.com/fwlink/?linkid=2134277 for more information. To identify the query that's triggering this warning call 'ConfigureWarnings(w => w.Throw(RelationalEventId.MultipleCollectionIncludeWarning))'.
2026-07-30 12:46:26.299 +06:00 [DBG] [0HNNE0OUT80HM:00000001] Permission granted: Member → tasks.view
2026-07-30 12:46:26.302 +06:00 [INF] [0HNNE0OUT80HM:00000001] Executed DbCommand (1ms) [Parameters=[@___currentUser_UserId_0='00000000-0000-0000-0002-000000000003'], CommandType='"Text"', CommandTimeout='30']
SELECT u."Id", u."CreatedAt", u."DeletedAt", u."Email", u."EmailVerificationExpiry", u."EmailVerificationToken", u."FirstName", u."IsActive", u."IsDeleted", u."IsEmailVerified", u."LastLoginAt", u."LastName", u."OrganizationId", u."PasswordHash", u."PasswordResetExpiry", u."PasswordResetToken", u."ProfilePictureUrl", u."RefreshToken", u."RefreshTokenExpiry", u."Role", u."UpdatedAt", o0."Id", o0."CreatedAt", o0."DeletedAt", o0."Description", o0."IsActive", o0."IsDeleted", o0."LogoUrl", o0."Name", o0."Plan", o0."Slug", o0."UpdatedAt"
FROM "Users" AS u
INNER JOIN (
    SELECT o."Id", o."CreatedAt", o."DeletedAt", o."Description", o."IsActive", o."IsDeleted", o."LogoUrl", o."Name", o."Plan", o."Slug", o."UpdatedAt"
    FROM "Organizations" AS o
    WHERE NOT (o."IsDeleted")
) AS o0 ON u."OrganizationId" = o0."Id"
WHERE NOT (u."IsDeleted") AND u."Id" = @___currentUser_UserId_0
LIMIT 1
2026-07-30 12:46:26.305 +06:00 [INF] [0HNNE0OUT80HM:00000001] Executed DbCommand (1ms) [Parameters=[@__projectId_0='ddbb73fc-fbf4-4ac9-ae76-bcf743f16cd4'], CommandType='"Text"', CommandTimeout='30']
SELECT p."Id", p."CreatedAt", p."CreatedByUserId", p."DeletedAt", p."Description", p."DueDate", p."IsDeleted", p."Name", p."OrganizationId", p."ProjectLeadUserId", p."StartDate", p."Status", p."UpdatedAt"
FROM "Projects" AS p
WHERE NOT (p."IsDeleted") AND p."Id" = @__projectId_0
LIMIT 1
2026-07-30 12:46:26.307 +06:00 [INF] [0HNNE0OUT80HM:00000001] Executed DbCommand (1ms) [Parameters=[@__projectId_0='ddbb73fc-fbf4-4ac9-ae76-bcf743f16cd4'], CommandType='"Text"', CommandTimeout='30']
SELECT count(*)::int
FROM "Tasks" AS t
WHERE NOT (t."IsDeleted") AND t."ProjectId" = @__projectId_0
2026-07-30 12:46:26.365 +06:00 [INF] [0HNNE0OUT80HM:00000001] Executed DbCommand (5ms) [Parameters=[@__projectId_0='ddbb73fc-fbf4-4ac9-ae76-bcf743f16cd4', @__p_2='100', @__p_1='0'], CommandType='"Text"', CommandTimeout='30']
SELECT t0."Id", t0."ActualMinutes", t0."AssignedToUserId", t0."CompletedAt", t0."CreatedAt", t0."CreatedByUserId", t0."DeletedAt", t0."Description", t0."DueDate", t0."EstimatedMinutes", t0."IsDeleted", t0."OrderIndex", t0."OrganizationId", t0."ParentTaskId", t0."Priority", t0."ProjectId", t0."StartDate", t0."Status", t0."Title", t0."UpdatedAt", u0."Id", u0."CreatedAt", u0."DeletedAt", u0."Email", u0."EmailVerificationExpiry", u0."EmailVerificationToken", u0."FirstName", u0."IsActive", u0."IsDeleted", u0."IsEmailVerified", u0."LastLoginAt", u0."LastName", u0."OrganizationId", u0."PasswordHash", u0."PasswordResetExpiry", u0."PasswordResetToken", u0."ProfilePictureUrl", u0."RefreshToken", u0."RefreshTokenExpiry", u0."Role", u0."UpdatedAt", u2."Id", u2."CreatedAt", u2."DeletedAt", u2."Email", u2."EmailVerificationExpiry", u2."EmailVerificationToken", u2."FirstName", u2."IsActive", u2."IsDeleted", u2."IsEmailVerified", u2."LastLoginAt", u2."LastName", u2."OrganizationId", u2."PasswordHash", u2."PasswordResetExpiry", u2."PasswordResetToken", u2."ProfilePictureUrl", u2."RefreshToken", u2."RefreshTokenExpiry", u2."Role", u2."UpdatedAt", p0."Id", p0."CreatedAt", p0."CreatedByUserId", p0."DeletedAt", p0."Description", p0."DueDate", p0."IsDeleted", p0."Name", p0."OrganizationId", p0."ProjectLeadUserId", p0."StartDate", p0."Status", p0."UpdatedAt", s."TaskId", s."UserId", s."AssignedAt", s."AssignedByUserId", s."Id", s."CreatedAt", s."DeletedAt", s."Email", s."EmailVerificationExpiry", s."EmailVerificationToken", s."FirstName", s."IsActive", s."IsDeleted", s."IsEmailVerified", s."LastLoginAt", s."LastName", s."OrganizationId", s."PasswordHash", s."PasswordResetExpiry", s."PasswordResetToken", s."ProfilePictureUrl", s."RefreshToken", s."RefreshTokenExpiry", s."Role", s."UpdatedAt", t3."Id", t3."ActualMinutes", t3."AssignedToUserId", t3."CompletedAt", t3."CreatedAt", t3."CreatedByUserId", t3."DeletedAt", t3."Description", t3."DueDate", t3."EstimatedMinutes", t3."IsDeleted", t3."OrderIndex", t3."OrganizationId", t3."ParentTaskId", t3."Priority", t3."ProjectId", t3."StartDate", t3."Status", t3."Title", t3."UpdatedAt"
FROM (
    SELECT t."Id", t."ActualMinutes", t."AssignedToUserId", t."CompletedAt", t."CreatedAt", t."CreatedByUserId", t."DeletedAt", t."Description", t."DueDate", t."EstimatedMinutes", t."IsDeleted", t."OrderIndex", t."OrganizationId", t."ParentTaskId", t."Priority", t."ProjectId", t."StartDate", t."Status", t."Title", t."UpdatedAt"
    FROM "Tasks" AS t
    WHERE NOT (t."IsDeleted") AND t."ProjectId" = @__projectId_0
    ORDER BY t."OrderIndex"
    LIMIT @__p_2 OFFSET @__p_1
) AS t0
INNER JOIN (
    SELECT u."Id", u."CreatedAt", u."DeletedAt", u."Email", u."EmailVerificationExpiry", u."EmailVerificationToken", u."FirstName", u."IsActive", u."IsDeleted", u."IsEmailVerified", u."LastLoginAt", u."LastName", u."OrganizationId", u."PasswordHash", u."PasswordResetExpiry", u."PasswordResetToken", u."ProfilePictureUrl", u."RefreshToken", u."RefreshTokenExpiry", u."Role", u."UpdatedAt"
    FROM "Users" AS u
    WHERE NOT (u."IsDeleted")
) AS u0 ON t0."CreatedByUserId" = u0."Id"
LEFT JOIN (
    SELECT u1."Id", u1."CreatedAt", u1."DeletedAt", u1."Email", u1."EmailVerificationExpiry", u1."EmailVerificationToken", u1."FirstName", u1."IsActive", u1."IsDeleted", u1."IsEmailVerified", u1."LastLoginAt", u1."LastName", u1."OrganizationId", u1."PasswordHash", u1."PasswordResetExpiry", u1."PasswordResetToken", u1."ProfilePictureUrl", u1."RefreshToken", u1."RefreshTokenExpiry", u1."Role", u1."UpdatedAt"
    FROM "Users" AS u1
    WHERE NOT (u1."IsDeleted")
) AS u2 ON t0."AssignedToUserId" = u2."Id"
INNER JOIN (
    SELECT p."Id", p."CreatedAt", p."CreatedByUserId", p."DeletedAt", p."Description", p."DueDate", p."IsDeleted", p."Name", p."OrganizationId", p."ProjectLeadUserId", p."StartDate", p."Status", p."UpdatedAt"
    FROM "Projects" AS p
    WHERE NOT (p."IsDeleted")
) AS p0 ON t0."ProjectId" = p0."Id"
LEFT JOIN (
    SELECT t1."TaskId", t1."UserId", t1."AssignedAt", t1."AssignedByUserId", u4."Id", u4."CreatedAt", u4."DeletedAt", u4."Email", u4."EmailVerificationExpiry", u4."EmailVerificationToken", u4."FirstName", u4."IsActive", u4."IsDeleted", u4."IsEmailVerified", u4."LastLoginAt", u4."LastName", u4."OrganizationId", u4."PasswordHash", u4."PasswordResetExpiry", u4."PasswordResetToken", u4."ProfilePictureUrl", u4."RefreshToken", u4."RefreshTokenExpiry", u4."Role", u4."UpdatedAt"
    FROM "TaskAssignees" AS t1
    INNER JOIN (
        SELECT u3."Id", u3."CreatedAt", u3."DeletedAt", u3."Email", u3."EmailVerificationExpiry", u3."EmailVerificationToken", u3."FirstName", u3."IsActive", u3."IsDeleted", u3."IsEmailVerified", u3."LastLoginAt", u3."LastName", u3."OrganizationId", u3."PasswordHash", u3."PasswordResetExpiry", u3."PasswordResetToken", u3."ProfilePictureUrl", u3."RefreshToken", u3."RefreshTokenExpiry", u3."Role", u3."UpdatedAt"
        FROM "Users" AS u3
        WHERE NOT (u3."IsDeleted")
    ) AS u4 ON t1."UserId" = u4."Id"
) AS s ON t0."Id" = s."TaskId"
LEFT JOIN (
    SELECT t2."Id", t2."ActualMinutes", t2."AssignedToUserId", t2."CompletedAt", t2."CreatedAt", t2."CreatedByUserId", t2."DeletedAt", t2."Description", t2."DueDate", t2."EstimatedMinutes", t2."IsDeleted", t2."OrderIndex", t2."OrganizationId", t2."ParentTaskId", t2."Priority", t2."ProjectId", t2."StartDate", t2."Status", t2."Title", t2."UpdatedAt"
    FROM "Tasks" AS t2
    WHERE NOT (t2."IsDeleted")
) AS t3 ON t0."Id" = t3."ParentTaskId"
ORDER BY t0."OrderIndex", t0."Id", u0."Id", u2."Id", p0."Id", s."TaskId", s."UserId", s."Id"
2026-07-30 12:46:26.372 +06:00 [INF] [0HNNE0OUT80HL:00000001] Executed DbCommand (12ms) [Parameters=[@__projectId_0='81518637-01a4-4362-9562-737d08309d41', @__p_2='100', @__p_1='0'], CommandType='"Text"', CommandTimeout='30']
SELECT t0."Id", t0."ActualMinutes", t0."AssignedToUserId", t0."CompletedAt", t0."CreatedAt", t0."CreatedByUserId", t0."DeletedAt", t0."Description", t0."DueDate", t0."EstimatedMinutes", t0."IsDeleted", t0."OrderIndex", t0."OrganizationId", t0."ParentTaskId", t0."Priority", t0."ProjectId", t0."StartDate", t0."Status", t0."Title", t0."UpdatedAt", u0."Id", u0."CreatedAt", u0."DeletedAt", u0."Email", u0."EmailVerificationExpiry", u0."EmailVerificationToken", u0."FirstName", u0."IsActive", u0."IsDeleted", u0."IsEmailVerified", u0."LastLoginAt", u0."LastName", u0."OrganizationId", u0."PasswordHash", u0."PasswordResetExpiry", u0."PasswordResetToken", u0."ProfilePictureUrl", u0."RefreshToken", u0."RefreshTokenExpiry", u0."Role", u0."UpdatedAt", u2."Id", u2."CreatedAt", u2."DeletedAt", u2."Email", u2."EmailVerificationExpiry", u2."EmailVerificationToken", u2."FirstName", u2."IsActive", u2."IsDeleted", u2."IsEmailVerified", u2."LastLoginAt", u2."LastName", u2."OrganizationId", u2."PasswordHash", u2."PasswordResetExpiry", u2."PasswordResetToken", u2."ProfilePictureUrl", u2."RefreshToken", u2."RefreshTokenExpiry", u2."Role", u2."UpdatedAt", p0."Id", p0."CreatedAt", p0."CreatedByUserId", p0."DeletedAt", p0."Description", p0."DueDate", p0."IsDeleted", p0."Name", p0."OrganizationId", p0."ProjectLeadUserId", p0."StartDate", p0."Status", p0."UpdatedAt", s."TaskId", s."UserId", s."AssignedAt", s."AssignedByUserId", s."Id", s."CreatedAt", s."DeletedAt", s."Email", s."EmailVerificationExpiry", s."EmailVerificationToken", s."FirstName", s."IsActive", s."IsDeleted", s."IsEmailVerified", s."LastLoginAt", s."LastName", s."OrganizationId", s."PasswordHash", s."PasswordResetExpiry", s."PasswordResetToken", s."ProfilePictureUrl", s."RefreshToken", s."RefreshTokenExpiry", s."Role", s."UpdatedAt", t3."Id", t3."ActualMinutes", t3."AssignedToUserId", t3."CompletedAt", t3."CreatedAt", t3."CreatedByUserId", t3."DeletedAt", t3."Description", t3."DueDate", t3."EstimatedMinutes", t3."IsDeleted", t3."OrderIndex", t3."OrganizationId", t3."ParentTaskId", t3."Priority", t3."ProjectId", t3."StartDate", t3."Status", t3."Title", t3."UpdatedAt"
FROM (
    SELECT t."Id", t."ActualMinutes", t."AssignedToUserId", t."CompletedAt", t."CreatedAt", t."CreatedByUserId", t."DeletedAt", t."Description", t."DueDate", t."EstimatedMinutes", t."IsDeleted", t."OrderIndex", t."OrganizationId", t."ParentTaskId", t."Priority", t."ProjectId", t."StartDate", t."Status", t."Title", t."UpdatedAt"
    FROM "Tasks" AS t
    WHERE NOT (t."IsDeleted") AND t."ProjectId" = @__projectId_0
    ORDER BY t."OrderIndex"
    LIMIT @__p_2 OFFSET @__p_1
) AS t0
INNER JOIN (
    SELECT u."Id", u."CreatedAt", u."DeletedAt", u."Email", u."EmailVerificationExpiry", u."EmailVerificationToken", u."FirstName", u."IsActive", u."IsDeleted", u."IsEmailVerified", u."LastLoginAt", u."LastName", u."OrganizationId", u."PasswordHash", u."PasswordResetExpiry", u."PasswordResetToken", u."ProfilePictureUrl", u."RefreshToken", u."RefreshTokenExpiry", u."Role", u."UpdatedAt"
    FROM "Users" AS u
    WHERE NOT (u."IsDeleted")
) AS u0 ON t0."CreatedByUserId" = u0."Id"
LEFT JOIN (
    SELECT u1."Id", u1."CreatedAt", u1."DeletedAt", u1."Email", u1."EmailVerificationExpiry", u1."EmailVerificationToken", u1."FirstName", u1."IsActive", u1."IsDeleted", u1."IsEmailVerified", u1."LastLoginAt", u1."LastName", u1."OrganizationId", u1."PasswordHash", u1."PasswordResetExpiry", u1."PasswordResetToken", u1."ProfilePictureUrl", u1."RefreshToken", u1."RefreshTokenExpiry", u1."Role", u1."UpdatedAt"
    FROM "Users" AS u1
    WHERE NOT (u1."IsDeleted")
) AS u2 ON t0."AssignedToUserId" = u2."Id"
INNER JOIN (
    SELECT p."Id", p."CreatedAt", p."CreatedByUserId", p."DeletedAt", p."Description", p."DueDate", p."IsDeleted", p."Name", p."OrganizationId", p."ProjectLeadUserId", p."StartDate", p."Status", p."UpdatedAt"
    FROM "Projects" AS p
    WHERE NOT (p."IsDeleted")
) AS p0 ON t0."ProjectId" = p0."Id"
LEFT JOIN (
    SELECT t1."TaskId", t1."UserId", t1."AssignedAt", t1."AssignedByUserId", u4."Id", u4."CreatedAt", u4."DeletedAt", u4."Email", u4."EmailVerificationExpiry", u4."EmailVerificationToken", u4."FirstName", u4."IsActive", u4."IsDeleted", u4."IsEmailVerified", u4."LastLoginAt", u4."LastName", u4."OrganizationId", u4."PasswordHash", u4."PasswordResetExpiry", u4."PasswordResetToken", u4."ProfilePictureUrl", u4."RefreshToken", u4."RefreshTokenExpiry", u4."Role", u4."UpdatedAt"
    FROM "TaskAssignees" AS t1
    INNER JOIN (
        SELECT u3."Id", u3."CreatedAt", u3."DeletedAt", u3."Email", u3."EmailVerificationExpiry", u3."EmailVerificationToken", u3."FirstName", u3."IsActive", u3."IsDeleted", u3."IsEmailVerified", u3."LastLoginAt", u3."LastName", u3."OrganizationId", u3."PasswordHash", u3."PasswordResetExpiry", u3."PasswordResetToken", u3."ProfilePictureUrl", u3."RefreshToken", u3."RefreshTokenExpiry", u3."Role", u3."UpdatedAt"
        FROM "Users" AS u3
        WHERE NOT (u3."IsDeleted")
    ) AS u4 ON t1."UserId" = u4."Id"
) AS s ON t0."Id" = s."TaskId"
LEFT JOIN (
    SELECT t2."Id", t2."ActualMinutes", t2."AssignedToUserId", t2."CompletedAt", t2."CreatedAt", t2."CreatedByUserId", t2."DeletedAt", t2."Description", t2."DueDate", t2."EstimatedMinutes", t2."IsDeleted", t2."OrderIndex", t2."OrganizationId", t2."ParentTaskId", t2."Priority", t2."ProjectId", t2."StartDate", t2."Status", t2."Title", t2."UpdatedAt"
    FROM "Tasks" AS t2
    WHERE NOT (t2."IsDeleted")
) AS t3 ON t0."Id" = t3."ParentTaskId"
ORDER BY t0."OrderIndex", t0."Id", u0."Id", u2."Id", p0."Id", s."TaskId", s."UserId", s."Id"
2026-07-30 12:46:26.375 +06:00 [INF] [0HNNE0OUT80HL:00000001] [0HNNE0OUT80HL:00000001] GET /api/projects/81518637-01a4-4362-9562-737d08309d41/tasks → 200 (149.3ms)
2026-07-30 12:46:26.375 +06:00 [INF] [0HNNE0OUT80HM:00000001] [0HNNE0OUT80HM:00000001] GET /api/projects/ddbb73fc-fbf4-4ac9-ae76-bcf743f16cd4/tasks → 200 (76.3ms)
2026-07-30 12:46:28.242 +06:00 [DBG] [0HNNE0OUT80HN:00000001] Permission granted: Member → tasks.view
2026-07-30 12:46:28.244 +06:00 [INF] [0HNNE0OUT80HN:00000001] Executed DbCommand (1ms) [Parameters=[@___currentUser_UserId_0='00000000-0000-0000-0002-000000000003'], CommandType='"Text"', CommandTimeout='30']
SELECT u."Id", u."CreatedAt", u."DeletedAt", u."Email", u."EmailVerificationExpiry", u."EmailVerificationToken", u."FirstName", u."IsActive", u."IsDeleted", u."IsEmailVerified", u."LastLoginAt", u."LastName", u."OrganizationId", u."PasswordHash", u."PasswordResetExpiry", u."PasswordResetToken", u."ProfilePictureUrl", u."RefreshToken", u."RefreshTokenExpiry", u."Role", u."UpdatedAt", o0."Id", o0."CreatedAt", o0."DeletedAt", o0."Description", o0."IsActive", o0."IsDeleted", o0."LogoUrl", o0."Name", o0."Plan", o0."Slug", o0."UpdatedAt"
FROM "Users" AS u
INNER JOIN (
    SELECT o."Id", o."CreatedAt", o."DeletedAt", o."Description", o."IsActive", o."IsDeleted", o."LogoUrl", o."Name", o."Plan", o."Slug", o."UpdatedAt"
    FROM "Organizations" AS o
    WHERE NOT (o."IsDeleted")
) AS o0 ON u."OrganizationId" = o0."Id"
WHERE NOT (u."IsDeleted") AND u."Id" = @___currentUser_UserId_0
LIMIT 1
2026-07-30 12:46:28.296 +06:00 [INF] [0HNNE0OUT80HN:00000001] Executed DbCommand (1ms) [Parameters=[@__orgId_0='00000000-0000-0000-0001-000000000001', @__userId_1='00000000-0000-0000-0002-000000000003' (Nullable = true)], CommandType='"Text"', CommandTimeout='30']
SELECT t."Id", t."ActualMinutes", t."AssignedToUserId", t."CompletedAt", t."CreatedAt", t."CreatedByUserId", t."DeletedAt", t."Description", t."DueDate", t."EstimatedMinutes", t."IsDeleted", t."OrderIndex", t."OrganizationId", t."ParentTaskId", t."Priority", t."ProjectId", t."StartDate", t."Status", t."Title", t."UpdatedAt", p0."Id", p0."CreatedAt", p0."CreatedByUserId", p0."DeletedAt", p0."Description", p0."DueDate", p0."IsDeleted", p0."Name", p0."OrganizationId", p0."ProjectLeadUserId", p0."StartDate", p0."Status", p0."UpdatedAt"
FROM "Tasks" AS t
INNER JOIN (
    SELECT p."Id", p."CreatedAt", p."CreatedByUserId", p."DeletedAt", p."Description", p."DueDate", p."IsDeleted", p."Name", p."OrganizationId", p."ProjectLeadUserId", p."StartDate", p."Status", p."UpdatedAt"
    FROM "Projects" AS p
    WHERE NOT (p."IsDeleted")
) AS p0 ON t."ProjectId" = p0."Id"
WHERE NOT (t."IsDeleted") AND t."OrganizationId" = @__orgId_0 AND t."AssignedToUserId" = @__userId_1
2026-07-30 12:46:28.317 +06:00 [INF] [0HNNE0OUT80HN:00000001] Executed DbCommand (1ms) [Parameters=[@__userId_0='00000000-0000-0000-0002-000000000003'], CommandType='"Text"', CommandTimeout='30']
SELECT t."TaskId"
FROM "TaskAssignees" AS t
WHERE t."UserId" = @__userId_0
2026-07-30 12:46:28.419 +06:00 [INF] [0HNNE0OUT80HN:00000001] Executed DbCommand (55ms) [Parameters=[@__orgId_0='00000000-0000-0000-0001-000000000001', @__collaboratorTaskIds_1={ '00000000-0000-0000-0004-000000000001' } (DbType = Object)], CommandType='"Text"', CommandTimeout='30']
SELECT t."Id", t."ActualMinutes", t."AssignedToUserId", t."CompletedAt", t."CreatedAt", t."CreatedByUserId", t."DeletedAt", t."Description", t."DueDate", t."EstimatedMinutes", t."IsDeleted", t."OrderIndex", t."OrganizationId", t."ParentTaskId", t."Priority", t."ProjectId", t."StartDate", t."Status", t."Title", t."UpdatedAt", p0."Id", p0."CreatedAt", p0."CreatedByUserId", p0."DeletedAt", p0."Description", p0."DueDate", p0."IsDeleted", p0."Name", p0."OrganizationId", p0."ProjectLeadUserId", p0."StartDate", p0."Status", p0."UpdatedAt"
FROM "Tasks" AS t
INNER JOIN (
    SELECT p."Id", p."CreatedAt", p."CreatedByUserId", p."DeletedAt", p."Description", p."DueDate", p."IsDeleted", p."Name", p."OrganizationId", p."ProjectLeadUserId", p."StartDate", p."Status", p."UpdatedAt"
    FROM "Projects" AS p
    WHERE NOT (p."IsDeleted")
) AS p0 ON t."ProjectId" = p0."Id"
WHERE NOT (t."IsDeleted") AND t."OrganizationId" = @__orgId_0 AND t."Id" = ANY (@__collaboratorTaskIds_1)
2026-07-30 12:46:28.425 +06:00 [INF] [0HNNE0OUT80HN:00000001] [0HNNE0OUT80HN:00000001] GET /api/users/me/tasks → 200 (184.1ms)
2026-07-30 12:46:33.599 +06:00 [DBG] [0HNNE0OUT80HP:00000001] Permission granted: Member → members.view
2026-07-30 12:46:33.599 +06:00 [DBG] [0HNNE0OUT80HO:00000001] Permission granted: Member → organizations.view
2026-07-30 12:46:33.601 +06:00 [INF] [0HNNE0OUT80HO:00000001] Executed DbCommand (1ms) [Parameters=[@___currentUser_UserId_0='00000000-0000-0000-0002-000000000003'], CommandType='"Text"', CommandTimeout='30']
SELECT u."Id", u."CreatedAt", u."DeletedAt", u."Email", u."EmailVerificationExpiry", u."EmailVerificationToken", u."FirstName", u."IsActive", u."IsDeleted", u."IsEmailVerified", u."LastLoginAt", u."LastName", u."OrganizationId", u."PasswordHash", u."PasswordResetExpiry", u."PasswordResetToken", u."ProfilePictureUrl", u."RefreshToken", u."RefreshTokenExpiry", u."Role", u."UpdatedAt", o0."Id", o0."CreatedAt", o0."DeletedAt", o0."Description", o0."IsActive", o0."IsDeleted", o0."LogoUrl", o0."Name", o0."Plan", o0."Slug", o0."UpdatedAt"
FROM "Users" AS u
INNER JOIN (
    SELECT o."Id", o."CreatedAt", o."DeletedAt", o."Description", o."IsActive", o."IsDeleted", o."LogoUrl", o."Name", o."Plan", o."Slug", o."UpdatedAt"
    FROM "Organizations" AS o
    WHERE NOT (o."IsDeleted")
) AS o0 ON u."OrganizationId" = o0."Id"
WHERE NOT (u."IsDeleted") AND u."Id" = @___currentUser_UserId_0
LIMIT 1
2026-07-30 12:46:33.601 +06:00 [INF] [0HNNE0OUT80HP:00000001] Executed DbCommand (1ms) [Parameters=[@___currentUser_UserId_0='00000000-0000-0000-0002-000000000003'], CommandType='"Text"', CommandTimeout='30']
SELECT u."Id", u."CreatedAt", u."DeletedAt", u."Email", u."EmailVerificationExpiry", u."EmailVerificationToken", u."FirstName", u."IsActive", u."IsDeleted", u."IsEmailVerified", u."LastLoginAt", u."LastName", u."OrganizationId", u."PasswordHash", u."PasswordResetExpiry", u."PasswordResetToken", u."ProfilePictureUrl", u."RefreshToken", u."RefreshTokenExpiry", u."Role", u."UpdatedAt", o0."Id", o0."CreatedAt", o0."DeletedAt", o0."Description", o0."IsActive", o0."IsDeleted", o0."LogoUrl", o0."Name", o0."Plan", o0."Slug", o0."UpdatedAt"
FROM "Users" AS u
INNER JOIN (
    SELECT o."Id", o."CreatedAt", o."DeletedAt", o."Description", o."IsActive", o."IsDeleted", o."LogoUrl", o."Name", o."Plan", o."Slug", o."UpdatedAt"
    FROM "Organizations" AS o
    WHERE NOT (o."IsDeleted")
) AS o0 ON u."OrganizationId" = o0."Id"
WHERE NOT (u."IsDeleted") AND u."Id" = @___currentUser_UserId_0
LIMIT 1
2026-07-30 12:46:33.613 +06:00 [INF] [0HNNE0OUT80HO:00000001] Executed DbCommand (1ms) [Parameters=[@___currentUser_OrganizationId_0='00000000-0000-0000-0001-000000000001'], CommandType='"Text"', CommandTimeout='30']
SELECT o."Id", o."CreatedAt", o."DeletedAt", o."Description", o."IsActive", o."IsDeleted", o."LogoUrl", o."Name", o."Plan", o."Slug", o."UpdatedAt"
FROM "Organizations" AS o
WHERE NOT (o."IsDeleted") AND o."Id" = @___currentUser_OrganizationId_0
LIMIT 1
2026-07-30 12:46:33.619 +06:00 [INF] [0HNNE0OUT80HO:00000001] Executed DbCommand (1ms) [Parameters=[@___currentUser_OrganizationId_0='00000000-0000-0000-0001-000000000001'], CommandType='"Text"', CommandTimeout='30']
SELECT count(*)::int
FROM "Users" AS u
WHERE NOT (u."IsDeleted") AND u."OrganizationId" = @___currentUser_OrganizationId_0 AND u."IsActive"
2026-07-30 12:46:33.619 +06:00 [INF] [0HNNE0OUT80HP:00000001] Executed DbCommand (1ms) [Parameters=[@___currentUser_OrganizationId_0='00000000-0000-0000-0001-000000000001'], CommandType='"Text"', CommandTimeout='30']
SELECT count(*)::int
FROM "Users" AS u
WHERE NOT (u."IsDeleted") AND u."OrganizationId" = @___currentUser_OrganizationId_0
2026-07-30 12:46:33.620 +06:00 [INF] [0HNNE0OUT80HO:00000001] Org profile retrieved by "00000000-0000-0000-0002-000000000003" for org "00000000-0000-0000-0001-000000000001"
2026-07-30 12:46:33.623 +06:00 [INF] [0HNNE0OUT80HO:00000001] [0HNNE0OUT80HO:00000001] GET /api/organizations/me → 200 (24.2ms)
2026-07-30 12:46:33.635 +06:00 [INF] [0HNNE0OUT80HP:00000001] Executed DbCommand (1ms) [Parameters=[@___currentUser_OrganizationId_0='00000000-0000-0000-0001-000000000001', @__p_2='100', @__p_1='0'], CommandType='"Text"', CommandTimeout='30']
SELECT u."Id", u."CreatedAt", u."DeletedAt", u."Email", u."EmailVerificationExpiry", u."EmailVerificationToken", u."FirstName", u."IsActive", u."IsDeleted", u."IsEmailVerified", u."LastLoginAt", u."LastName", u."OrganizationId", u."PasswordHash", u."PasswordResetExpiry", u."PasswordResetToken", u."ProfilePictureUrl", u."RefreshToken", u."RefreshTokenExpiry", u."Role", u."UpdatedAt"
FROM "Users" AS u
WHERE NOT (u."IsDeleted") AND u."OrganizationId" = @___currentUser_OrganizationId_0
ORDER BY u."FirstName", u."LastName"
LIMIT @__p_2 OFFSET @__p_1
2026-07-30 12:46:33.636 +06:00 [INF] [0HNNE0OUT80HP:00000001] Members listed for org "00000000-0000-0000-0001-000000000001" — page 1, 4 results
2026-07-30 12:46:33.640 +06:00 [INF] [0HNNE0OUT80HP:00000001] [0HNNE0OUT80HP:00000001] GET /api/organizations/me/members → 200 (41.4ms)
2026-07-30 12:46:35.969 +06:00 [DBG] [0HNNE0OUT80HQ:00000001] Permission granted: Member → projects.view
2026-07-30 12:46:35.969 +06:00 [DBG] [0HNNE0OUT80HR:00000001] Permission granted: Member → members.view
2026-07-30 12:46:35.971 +06:00 [INF] [0HNNE0OUT80HQ:00000001] Executed DbCommand (1ms) [Parameters=[@___currentUser_UserId_0='00000000-0000-0000-0002-000000000003'], CommandType='"Text"', CommandTimeout='30']
SELECT u."Id", u."CreatedAt", u."DeletedAt", u."Email", u."EmailVerificationExpiry", u."EmailVerificationToken", u."FirstName", u."IsActive", u."IsDeleted", u."IsEmailVerified", u."LastLoginAt", u."LastName", u."OrganizationId", u."PasswordHash", u."PasswordResetExpiry", u."PasswordResetToken", u."ProfilePictureUrl", u."RefreshToken", u."RefreshTokenExpiry", u."Role", u."UpdatedAt", o0."Id", o0."CreatedAt", o0."DeletedAt", o0."Description", o0."IsActive", o0."IsDeleted", o0."LogoUrl", o0."Name", o0."Plan", o0."Slug", o0."UpdatedAt"
FROM "Users" AS u
INNER JOIN (
    SELECT o."Id", o."CreatedAt", o."DeletedAt", o."Description", o."IsActive", o."IsDeleted", o."LogoUrl", o."Name", o."Plan", o."Slug", o."UpdatedAt"
    FROM "Organizations" AS o
    WHERE NOT (o."IsDeleted")
) AS o0 ON u."OrganizationId" = o0."Id"
WHERE NOT (u."IsDeleted") AND u."Id" = @___currentUser_UserId_0
LIMIT 1
2026-07-30 12:46:35.971 +06:00 [INF] [0HNNE0OUT80HR:00000001] Executed DbCommand (1ms) [Parameters=[@___currentUser_UserId_0='00000000-0000-0000-0002-000000000003'], CommandType='"Text"', CommandTimeout='30']
SELECT u."Id", u."CreatedAt", u."DeletedAt", u."Email", u."EmailVerificationExpiry", u."EmailVerificationToken", u."FirstName", u."IsActive", u."IsDeleted", u."IsEmailVerified", u."LastLoginAt", u."LastName", u."OrganizationId", u."PasswordHash", u."PasswordResetExpiry", u."PasswordResetToken", u."ProfilePictureUrl", u."RefreshToken", u."RefreshTokenExpiry", u."Role", u."UpdatedAt", o0."Id", o0."CreatedAt", o0."DeletedAt", o0."Description", o0."IsActive", o0."IsDeleted", o0."LogoUrl", o0."Name", o0."Plan", o0."Slug", o0."UpdatedAt"
FROM "Users" AS u
INNER JOIN (
    SELECT o."Id", o."CreatedAt", o."DeletedAt", o."Description", o."IsActive", o."IsDeleted", o."LogoUrl", o."Name", o."Plan", o."Slug", o."UpdatedAt"
    FROM "Organizations" AS o
    WHERE NOT (o."IsDeleted")
) AS o0 ON u."OrganizationId" = o0."Id"
WHERE NOT (u."IsDeleted") AND u."Id" = @___currentUser_UserId_0
LIMIT 1
2026-07-30 12:46:35.974 +06:00 [INF] [0HNNE0OUT80HR:00000001] Executed DbCommand (1ms) [Parameters=[@___currentUser_OrganizationId_0='00000000-0000-0000-0001-000000000001'], CommandType='"Text"', CommandTimeout='30']
SELECT count(*)::int
FROM "Users" AS u
WHERE NOT (u."IsDeleted") AND u."OrganizationId" = @___currentUser_OrganizationId_0
2026-07-30 12:46:35.979 +06:00 [INF] [0HNNE0OUT80HR:00000001] Executed DbCommand (3ms) [Parameters=[@___currentUser_OrganizationId_0='00000000-0000-0000-0001-000000000001', @__p_2='100', @__p_1='0'], CommandType='"Text"', CommandTimeout='30']
SELECT u."Id", u."CreatedAt", u."DeletedAt", u."Email", u."EmailVerificationExpiry", u."EmailVerificationToken", u."FirstName", u."IsActive", u."IsDeleted", u."IsEmailVerified", u."LastLoginAt", u."LastName", u."OrganizationId", u."PasswordHash", u."PasswordResetExpiry", u."PasswordResetToken", u."ProfilePictureUrl", u."RefreshToken", u."RefreshTokenExpiry", u."Role", u."UpdatedAt"
FROM "Users" AS u
WHERE NOT (u."IsDeleted") AND u."OrganizationId" = @___currentUser_OrganizationId_0
ORDER BY u."FirstName", u."LastName"
LIMIT @__p_2 OFFSET @__p_1
2026-07-30 12:46:35.980 +06:00 [INF] [0HNNE0OUT80HR:00000001] Members listed for org "00000000-0000-0000-0001-000000000001" — page 1, 4 results
2026-07-30 12:46:35.981 +06:00 [INF] [0HNNE0OUT80HR:00000001] [0HNNE0OUT80HR:00000001] GET /api/organizations/me/members → 200 (12.0ms)
2026-07-30 12:46:36.023 +06:00 [INF] [0HNNE0OUT80HQ:00000001] Executed DbCommand (13ms) [Parameters=[@___currentUser_OrganizationId_0='00000000-0000-0000-0001-000000000001', @__p_2='50', @__p_1='0'], CommandType='"Text"', CommandTimeout='30']
SELECT a."Id", a."Action", a."CreatedAt", a."EntityId", a."EntityName", a."EntityType", a."Metadata", a."OrganizationId", a."ProjectId", a."UserId", a."UserName"
FROM "ActivityLogs" AS a
WHERE a."OrganizationId" = @___currentUser_OrganizationId_0
ORDER BY a."CreatedAt" DESC
LIMIT @__p_2 OFFSET @__p_1
2026-07-30 12:46:36.067 +06:00 [INF] [0HNNE0OUT80HQ:00000001] [0HNNE0OUT80HQ:00000001] GET /api/activity → 200 (98.9ms)
2026-07-30 12:46:43.222 +06:00 [DBG] [0HNNE0OUT80HS:00000001] Permission granted: Member → tasks.view
2026-07-30 12:46:43.223 +06:00 [DBG] [0HNNE0OUT80HU:00000001] Permission granted: Member → tasks.view
2026-07-30 12:46:43.223 +06:00 [DBG] [0HNNE0OUT80HT:00000001] Permission granted: Member → tasks.view
2026-07-30 12:46:43.223 +06:00 [DBG] [0HNNE0OUT80HV:00000001] Permission granted: Member → comments.view
2026-07-30 12:46:43.225 +06:00 [INF] [0HNNE0OUT80HS:00000001] Executed DbCommand (1ms) [Parameters=[@___currentUser_UserId_0='00000000-0000-0000-0002-000000000003'], CommandType='"Text"', CommandTimeout='30']
SELECT u."Id", u."CreatedAt", u."DeletedAt", u."Email", u."EmailVerificationExpiry", u."EmailVerificationToken", u."FirstName", u."IsActive", u."IsDeleted", u."IsEmailVerified", u."LastLoginAt", u."LastName", u."OrganizationId", u."PasswordHash", u."PasswordResetExpiry", u."PasswordResetToken", u."ProfilePictureUrl", u."RefreshToken", u."RefreshTokenExpiry", u."Role", u."UpdatedAt", o0."Id", o0."CreatedAt", o0."DeletedAt", o0."Description", o0."IsActive", o0."IsDeleted", o0."LogoUrl", o0."Name", o0."Plan", o0."Slug", o0."UpdatedAt"
FROM "Users" AS u
INNER JOIN (
    SELECT o."Id", o."CreatedAt", o."DeletedAt", o."Description", o."IsActive", o."IsDeleted", o."LogoUrl", o."Name", o."Plan", o."Slug", o."UpdatedAt"
    FROM "Organizations" AS o
    WHERE NOT (o."IsDeleted")
) AS o0 ON u."OrganizationId" = o0."Id"
WHERE NOT (u."IsDeleted") AND u."Id" = @___currentUser_UserId_0
LIMIT 1
2026-07-30 12:46:43.225 +06:00 [INF] [0HNNE0OUT80HT:00000001] Executed DbCommand (1ms) [Parameters=[@___currentUser_UserId_0='00000000-0000-0000-0002-000000000003'], CommandType='"Text"', CommandTimeout='30']
SELECT u."Id", u."CreatedAt", u."DeletedAt", u."Email", u."EmailVerificationExpiry", u."EmailVerificationToken", u."FirstName", u."IsActive", u."IsDeleted", u."IsEmailVerified", u."LastLoginAt", u."LastName", u."OrganizationId", u."PasswordHash", u."PasswordResetExpiry", u."PasswordResetToken", u."ProfilePictureUrl", u."RefreshToken", u."RefreshTokenExpiry", u."Role", u."UpdatedAt", o0."Id", o0."CreatedAt", o0."DeletedAt", o0."Description", o0."IsActive", o0."IsDeleted", o0."LogoUrl", o0."Name", o0."Plan", o0."Slug", o0."UpdatedAt"
FROM "Users" AS u
INNER JOIN (
    SELECT o."Id", o."CreatedAt", o."DeletedAt", o."Description", o."IsActive", o."IsDeleted", o."LogoUrl", o."Name", o."Plan", o."Slug", o."UpdatedAt"
    FROM "Organizations" AS o
    WHERE NOT (o."IsDeleted")
) AS o0 ON u."OrganizationId" = o0."Id"
WHERE NOT (u."IsDeleted") AND u."Id" = @___currentUser_UserId_0
LIMIT 1
2026-07-30 12:46:43.248 +06:00 [INF] [0HNNE0OUT80HT:00000001] Executed DbCommand (4ms) [Parameters=[@___currentUser_OrganizationId_0='00000000-0000-0000-0001-000000000001', @__taskId_1='00000000-0000-0000-0004-000000000006', @__taskId_2='00000000-0000-0000-0004-000000000006' (Nullable = true), @__p_4='50', @__p_3='0'], CommandType='"Text"', CommandTimeout='30']
SELECT a."Id", a."Action", a."CreatedAt", a."EntityId", a."EntityName", a."EntityType", a."Metadata", a."OrganizationId", a."ProjectId", a."UserId", a."UserName"
FROM "ActivityLogs" AS a
WHERE a."OrganizationId" = @___currentUser_OrganizationId_0 AND (a."EntityId" = @__taskId_1 OR (a."EntityType" = 'Comment' AND a."ProjectId" = @__taskId_2))
ORDER BY a."CreatedAt" DESC
LIMIT @__p_4 OFFSET @__p_3
2026-07-30 12:46:43.249 +06:00 [INF] [0HNNE0OUT80HT:00000001] [0HNNE0OUT80HT:00000001] GET /api/tasks/00000000-0000-0000-0004-000000000006/activity → 200 (26.3ms)
2026-07-30 12:46:43.254 +06:00 [WRN] [0HNNE0OUT80HS:00000001] Compiling a query which loads related collections for more than one collection navigation, either via 'Include' or through projection, but no 'QuerySplittingBehavior' has been configured. By default, Entity Framework will use 'QuerySplittingBehavior.SingleQuery', which can potentially result in slow query performance. See https://go.microsoft.com/fwlink/?linkid=2134277 for more information. To identify the query that's triggering this warning call 'ConfigureWarnings(w => w.Throw(RelationalEventId.MultipleCollectionIncludeWarning))'.
2026-07-30 12:46:43.265 +06:00 [INF] [0HNNE0OUT80HU:00000001] Executed DbCommand (6ms) [Parameters=[@___currentUser_UserId_0='00000000-0000-0000-0002-000000000003'], CommandType='"Text"', CommandTimeout='30']
SELECT u."Id", u."CreatedAt", u."DeletedAt", u."Email", u."EmailVerificationExpiry", u."EmailVerificationToken", u."FirstName", u."IsActive", u."IsDeleted", u."IsEmailVerified", u."LastLoginAt", u."LastName", u."OrganizationId", u."PasswordHash", u."PasswordResetExpiry", u."PasswordResetToken", u."ProfilePictureUrl", u."RefreshToken", u."RefreshTokenExpiry", u."Role", u."UpdatedAt", o0."Id", o0."CreatedAt", o0."DeletedAt", o0."Description", o0."IsActive", o0."IsDeleted", o0."LogoUrl", o0."Name", o0."Plan", o0."Slug", o0."UpdatedAt"
FROM "Users" AS u
INNER JOIN (
    SELECT o."Id", o."CreatedAt", o."DeletedAt", o."Description", o."IsActive", o."IsDeleted", o."LogoUrl", o."Name", o."Plan", o."Slug", o."UpdatedAt"
    FROM "Organizations" AS o
    WHERE NOT (o."IsDeleted")
) AS o0 ON u."OrganizationId" = o0."Id"
WHERE NOT (u."IsDeleted") AND u."Id" = @___currentUser_UserId_0
LIMIT 1
2026-07-30 12:46:43.271 +06:00 [INF] [0HNNE0OUT80HV:00000001] Executed DbCommand (6ms) [Parameters=[@___currentUser_UserId_0='00000000-0000-0000-0002-000000000003'], CommandType='"Text"', CommandTimeout='30']
SELECT u."Id", u."CreatedAt", u."DeletedAt", u."Email", u."EmailVerificationExpiry", u."EmailVerificationToken", u."FirstName", u."IsActive", u."IsDeleted", u."IsEmailVerified", u."LastLoginAt", u."LastName", u."OrganizationId", u."PasswordHash", u."PasswordResetExpiry", u."PasswordResetToken", u."ProfilePictureUrl", u."RefreshToken", u."RefreshTokenExpiry", u."Role", u."UpdatedAt", o0."Id", o0."CreatedAt", o0."DeletedAt", o0."Description", o0."IsActive", o0."IsDeleted", o0."LogoUrl", o0."Name", o0."Plan", o0."Slug", o0."UpdatedAt"
FROM "Users" AS u
INNER JOIN (
    SELECT o."Id", o."CreatedAt", o."DeletedAt", o."Description", o."IsActive", o."IsDeleted", o."LogoUrl", o."Name", o."Plan", o."Slug", o."UpdatedAt"
    FROM "Organizations" AS o
    WHERE NOT (o."IsDeleted")
) AS o0 ON u."OrganizationId" = o0."Id"
WHERE NOT (u."IsDeleted") AND u."Id" = @___currentUser_UserId_0
LIMIT 1
2026-07-30 12:46:43.321 +06:00 [INF] [0HNNE0OUT80HV:00000001] Executed DbCommand (1ms) [Parameters=[@__taskId_0='00000000-0000-0000-0004-000000000006'], CommandType='"Text"', CommandTimeout='30']
SELECT t."Id", t."ActualMinutes", t."AssignedToUserId", t."CompletedAt", t."CreatedAt", t."CreatedByUserId", t."DeletedAt", t."Description", t."DueDate", t."EstimatedMinutes", t."IsDeleted", t."OrderIndex", t."OrganizationId", t."ParentTaskId", t."Priority", t."ProjectId", t."StartDate", t."Status", t."Title", t."UpdatedAt"
FROM "Tasks" AS t
WHERE NOT (t."IsDeleted") AND t."Id" = @__taskId_0
LIMIT 1
2026-07-30 12:46:43.338 +06:00 [INF] [0HNNE0OUT80HV:00000001] Executed DbCommand (6ms) [Parameters=[@__taskId_0='00000000-0000-0000-0004-000000000006'], CommandType='"Text"', CommandTimeout='30']
SELECT count(*)::int
FROM "Comments" AS c
WHERE NOT (c."IsDeleted") AND c."TaskId" = @__taskId_0
2026-07-30 12:46:43.374 +06:00 [INF] [0HNNE0OUT80HU:00000001] Executed DbCommand (11ms) [Parameters=[@__taskId_0='00000000-0000-0000-0004-000000000006'], CommandType='"Text"', CommandTimeout='30']
SELECT s."Id", s."ActualMinutes", s."AssignedToUserId", s."CompletedAt", s."CreatedAt", s."CreatedByUserId", s."DeletedAt", s."Description", s."DueDate", s."EstimatedMinutes", s."IsDeleted", s."OrderIndex", s."OrganizationId", s."ParentTaskId", s."Priority", s."ProjectId", s."StartDate", s."Status", s."Title", s."UpdatedAt", s."Id0", s."CreatedAt0", s."DeletedAt0", s."Email", s."EmailVerificationExpiry", s."EmailVerificationToken", s."FirstName", s."IsActive", s."IsDeleted0", s."IsEmailVerified", s."LastLoginAt", s."LastName", s."OrganizationId0", s."PasswordHash", s."PasswordResetExpiry", s."PasswordResetToken", s."ProfilePictureUrl", s."RefreshToken", s."RefreshTokenExpiry", s."Role", s."UpdatedAt0", s0."TaskId", s0."UserId", s0."AssignedAt", s0."AssignedByUserId", s0."Id", s0."CreatedAt", s0."DeletedAt", s0."Email", s0."EmailVerificationExpiry", s0."EmailVerificationToken", s0."FirstName", s0."IsActive", s0."IsDeleted", s0."IsEmailVerified", s0."LastLoginAt", s0."LastName", s0."OrganizationId", s0."PasswordHash", s0."PasswordResetExpiry", s0."PasswordResetToken", s0."ProfilePictureUrl", s0."RefreshToken", s0."RefreshTokenExpiry", s0."Role", s0."UpdatedAt"
FROM (
    SELECT t."Id", t."ActualMinutes", t."AssignedToUserId", t."CompletedAt", t."CreatedAt", t."CreatedByUserId", t."DeletedAt", t."Description", t."DueDate", t."EstimatedMinutes", t."IsDeleted", t."OrderIndex", t."OrganizationId", t."ParentTaskId", t."Priority", t."ProjectId", t."StartDate", t."Status", t."Title", t."UpdatedAt", u0."Id" AS "Id0", u0."CreatedAt" AS "CreatedAt0", u0."DeletedAt" AS "DeletedAt0", u0."Email", u0."EmailVerificationExpiry", u0."EmailVerificationToken", u0."FirstName", u0."IsActive", u0."IsDeleted" AS "IsDeleted0", u0."IsEmailVerified", u0."LastLoginAt", u0."LastName", u0."OrganizationId" AS "OrganizationId0", u0."PasswordHash", u0."PasswordResetExpiry", u0."PasswordResetToken", u0."ProfilePictureUrl", u0."RefreshToken", u0."RefreshTokenExpiry", u0."Role", u0."UpdatedAt" AS "UpdatedAt0"
    FROM "Tasks" AS t
    LEFT JOIN (
        SELECT u."Id", u."CreatedAt", u."DeletedAt", u."Email", u."EmailVerificationExpiry", u."EmailVerificationToken", u."FirstName", u."IsActive", u."IsDeleted", u."IsEmailVerified", u."LastLoginAt", u."LastName", u."OrganizationId", u."PasswordHash", u."PasswordResetExpiry", u."PasswordResetToken", u."ProfilePictureUrl", u."RefreshToken", u."RefreshTokenExpiry", u."Role", u."UpdatedAt"
        FROM "Users" AS u
        WHERE NOT (u."IsDeleted")
    ) AS u0 ON t."AssignedToUserId" = u0."Id"
    WHERE NOT (t."IsDeleted") AND t."Id" = @__taskId_0
    LIMIT 1
) AS s
LEFT JOIN (
    SELECT t0."TaskId", t0."UserId", t0."AssignedAt", t0."AssignedByUserId", u2."Id", u2."CreatedAt", u2."DeletedAt", u2."Email", u2."EmailVerificationExpiry", u2."EmailVerificationToken", u2."FirstName", u2."IsActive", u2."IsDeleted", u2."IsEmailVerified", u2."LastLoginAt", u2."LastName", u2."OrganizationId", u2."PasswordHash", u2."PasswordResetExpiry", u2."PasswordResetToken", u2."ProfilePictureUrl", u2."RefreshToken", u2."RefreshTokenExpiry", u2."Role", u2."UpdatedAt"
    FROM "TaskAssignees" AS t0
    INNER JOIN (
        SELECT u1."Id", u1."CreatedAt", u1."DeletedAt", u1."Email", u1."EmailVerificationExpiry", u1."EmailVerificationToken", u1."FirstName", u1."IsActive", u1."IsDeleted", u1."IsEmailVerified", u1."LastLoginAt", u1."LastName", u1."OrganizationId", u1."PasswordHash", u1."PasswordResetExpiry", u1."PasswordResetToken", u1."ProfilePictureUrl", u1."RefreshToken", u1."RefreshTokenExpiry", u1."Role", u1."UpdatedAt"
        FROM "Users" AS u1
        WHERE NOT (u1."IsDeleted")
    ) AS u2 ON t0."UserId" = u2."Id"
) AS s0 ON s."Id" = s0."TaskId"
ORDER BY s."Id", s."Id0", s0."TaskId", s0."UserId"
2026-07-30 12:46:43.381 +06:00 [INF] [0HNNE0OUT80HV:00000001] Executed DbCommand (7ms) [Parameters=[@__taskId_0='00000000-0000-0000-0004-000000000006', @__p_2='50', @__p_1='0'], CommandType='"Text"', CommandTimeout='30']
SELECT c0."Id", c0."Content", c0."CreatedAt", c0."CreatedByUserId", c0."DeletedAt", c0."EditedAt", c0."IsDeleted", c0."IsEdited", c0."OrganizationId", c0."TaskId", c0."UpdatedAt", u0."Id", u0."CreatedAt", u0."DeletedAt", u0."Email", u0."EmailVerificationExpiry", u0."EmailVerificationToken", u0."FirstName", u0."IsActive", u0."IsDeleted", u0."IsEmailVerified", u0."LastLoginAt", u0."LastName", u0."OrganizationId", u0."PasswordHash", u0."PasswordResetExpiry", u0."PasswordResetToken", u0."ProfilePictureUrl", u0."RefreshToken", u0."RefreshTokenExpiry", u0."Role", u0."UpdatedAt"
FROM (
    SELECT c."Id", c."Content", c."CreatedAt", c."CreatedByUserId", c."DeletedAt", c."EditedAt", c."IsDeleted", c."IsEdited", c."OrganizationId", c."TaskId", c."UpdatedAt"
    FROM "Comments" AS c
    WHERE NOT (c."IsDeleted") AND c."TaskId" = @__taskId_0
    ORDER BY c."CreatedAt"
    LIMIT @__p_2 OFFSET @__p_1
) AS c0
INNER JOIN (
    SELECT u."Id", u."CreatedAt", u."DeletedAt", u."Email", u."EmailVerificationExpiry", u."EmailVerificationToken", u."FirstName", u."IsActive", u."IsDeleted", u."IsEmailVerified", u."LastLoginAt", u."LastName", u."OrganizationId", u."PasswordHash", u."PasswordResetExpiry", u."PasswordResetToken", u."ProfilePictureUrl", u."RefreshToken", u."RefreshTokenExpiry", u."Role", u."UpdatedAt"
    FROM "Users" AS u
    WHERE NOT (u."IsDeleted")
) AS u0 ON c0."CreatedByUserId" = u0."Id"
ORDER BY c0."CreatedAt"
2026-07-30 12:46:43.387 +06:00 [INF] [0HNNE0OUT80HV:00000001] [0HNNE0OUT80HV:00000001] GET /api/tasks/00000000-0000-0000-0004-000000000006/comments → 200 (165.0ms)
2026-07-30 12:46:43.387 +06:00 [INF] [0HNNE0OUT80HS:00000001] Executed DbCommand (3ms) [Parameters=[@__taskId_0='00000000-0000-0000-0004-000000000006'], CommandType='"Text"', CommandTimeout='30']
SELECT s."Id", s."ActualMinutes", s."AssignedToUserId", s."CompletedAt", s."CreatedAt", s."CreatedByUserId", s."DeletedAt", s."Description", s."DueDate", s."EstimatedMinutes", s."IsDeleted", s."OrderIndex", s."OrganizationId", s."ParentTaskId", s."Priority", s."ProjectId", s."StartDate", s."Status", s."Title", s."UpdatedAt", s."Id0", s."CreatedAt0", s."DeletedAt0", s."Email", s."EmailVerificationExpiry", s."EmailVerificationToken", s."FirstName", s."IsActive", s."IsDeleted0", s."IsEmailVerified", s."LastLoginAt", s."LastName", s."OrganizationId0", s."PasswordHash", s."PasswordResetExpiry", s."PasswordResetToken", s."ProfilePictureUrl", s."RefreshToken", s."RefreshTokenExpiry", s."Role", s."UpdatedAt0", s."Id1", s."CreatedAt1", s."DeletedAt1", s."Email0", s."EmailVerificationExpiry0", s."EmailVerificationToken0", s."FirstName0", s."IsActive0", s."IsDeleted1", s."IsEmailVerified0", s."LastLoginAt0", s."LastName0", s."OrganizationId1", s."PasswordHash0", s."PasswordResetExpiry0", s."PasswordResetToken0", s."ProfilePictureUrl0", s."RefreshToken0", s."RefreshTokenExpiry0", s."Role0", s."UpdatedAt1", s."Id2", s."CreatedAt2", s."CreatedByUserId0", s."DeletedAt2", s."Description0", s."DueDate0", s."IsDeleted2", s."Name", s."OrganizationId2", s."ProjectLeadUserId", s."StartDate0", s."Status0", s."UpdatedAt2", s0."TaskId", s0."UserId", s0."AssignedAt", s0."AssignedByUserId", s0."Id", s0."CreatedAt", s0."DeletedAt", s0."Email", s0."EmailVerificationExpiry", s0."EmailVerificationToken", s0."FirstName", s0."IsActive", s0."IsDeleted", s0."IsEmailVerified", s0."LastLoginAt", s0."LastName", s0."OrganizationId", s0."PasswordHash", s0."PasswordResetExpiry", s0."PasswordResetToken", s0."ProfilePictureUrl", s0."RefreshToken", s0."RefreshTokenExpiry", s0."Role", s0."UpdatedAt", t2."Id", t2."ActualMinutes", t2."AssignedToUserId", t2."CompletedAt", t2."CreatedAt", t2."CreatedByUserId", t2."DeletedAt", t2."Description", t2."DueDate", t2."EstimatedMinutes", t2."IsDeleted", t2."OrderIndex", t2."OrganizationId", t2."ParentTaskId", t2."Priority", t2."ProjectId", t2."StartDate", t2."Status", t2."Title", t2."UpdatedAt"
FROM (
    SELECT t."Id", t."ActualMinutes", t."AssignedToUserId", t."CompletedAt", t."CreatedAt", t."CreatedByUserId", t."DeletedAt", t."Description", t."DueDate", t."EstimatedMinutes", t."IsDeleted", t."OrderIndex", t."OrganizationId", t."ParentTaskId", t."Priority", t."ProjectId", t."StartDate", t."Status", t."Title", t."UpdatedAt", u0."Id" AS "Id0", u0."CreatedAt" AS "CreatedAt0", u0."DeletedAt" AS "DeletedAt0", u0."Email", u0."EmailVerificationExpiry", u0."EmailVerificationToken", u0."FirstName", u0."IsActive", u0."IsDeleted" AS "IsDeleted0", u0."IsEmailVerified", u0."LastLoginAt", u0."LastName", u0."OrganizationId" AS "OrganizationId0", u0."PasswordHash", u0."PasswordResetExpiry", u0."PasswordResetToken", u0."ProfilePictureUrl", u0."RefreshToken", u0."RefreshTokenExpiry", u0."Role", u0."UpdatedAt" AS "UpdatedAt0", u2."Id" AS "Id1", u2."CreatedAt" AS "CreatedAt1", u2."DeletedAt" AS "DeletedAt1", u2."Email" AS "Email0", u2."EmailVerificationExpiry" AS "EmailVerificationExpiry0", u2."EmailVerificationToken" AS "EmailVerificationToken0", u2."FirstName" AS "FirstName0", u2."IsActive" AS "IsActive0", u2."IsDeleted" AS "IsDeleted1", u2."IsEmailVerified" AS "IsEmailVerified0", u2."LastLoginAt" AS "LastLoginAt0", u2."LastName" AS "LastName0", u2."OrganizationId" AS "OrganizationId1", u2."PasswordHash" AS "PasswordHash0", u2."PasswordResetExpiry" AS "PasswordResetExpiry0", u2."PasswordResetToken" AS "PasswordResetToken0", u2."ProfilePictureUrl" AS "ProfilePictureUrl0", u2."RefreshToken" AS "RefreshToken0", u2."RefreshTokenExpiry" AS "RefreshTokenExpiry0", u2."Role" AS "Role0", u2."UpdatedAt" AS "UpdatedAt1", p0."Id" AS "Id2", p0."CreatedAt" AS "CreatedAt2", p0."CreatedByUserId" AS "CreatedByUserId0", p0."DeletedAt" AS "DeletedAt2", p0."Description" AS "Description0", p0."DueDate" AS "DueDate0", p0."IsDeleted" AS "IsDeleted2", p0."Name", p0."OrganizationId" AS "OrganizationId2", p0."ProjectLeadUserId", p0."StartDate" AS "StartDate0", p0."Status" AS "Status0", p0."UpdatedAt" AS "UpdatedAt2"
    FROM "Tasks" AS t
    INNER JOIN (
        SELECT u."Id", u."CreatedAt", u."DeletedAt", u."Email", u."EmailVerificationExpiry", u."EmailVerificationToken", u."FirstName", u."IsActive", u."IsDeleted", u."IsEmailVerified", u."LastLoginAt", u."LastName", u."OrganizationId", u."PasswordHash", u."PasswordResetExpiry", u."PasswordResetToken", u."ProfilePictureUrl", u."RefreshToken", u."RefreshTokenExpiry", u."Role", u."UpdatedAt"
        FROM "Users" AS u
        WHERE NOT (u."IsDeleted")
    ) AS u0 ON t."CreatedByUserId" = u0."Id"
    LEFT JOIN (
        SELECT u1."Id", u1."CreatedAt", u1."DeletedAt", u1."Email", u1."EmailVerificationExpiry", u1."EmailVerificationToken", u1."FirstName", u1."IsActive", u1."IsDeleted", u1."IsEmailVerified", u1."LastLoginAt", u1."LastName", u1."OrganizationId", u1."PasswordHash", u1."PasswordResetExpiry", u1."PasswordResetToken", u1."ProfilePictureUrl", u1."RefreshToken", u1."RefreshTokenExpiry", u1."Role", u1."UpdatedAt"
        FROM "Users" AS u1
        WHERE NOT (u1."IsDeleted")
    ) AS u2 ON t."AssignedToUserId" = u2."Id"
    INNER JOIN (
        SELECT p."Id", p."CreatedAt", p."CreatedByUserId", p."DeletedAt", p."Description", p."DueDate", p."IsDeleted", p."Name", p."OrganizationId", p."ProjectLeadUserId", p."StartDate", p."Status", p."UpdatedAt"
        FROM "Projects" AS p
        WHERE NOT (p."IsDeleted")
    ) AS p0 ON t."ProjectId" = p0."Id"
    WHERE NOT (t."IsDeleted") AND t."Id" = @__taskId_0
    LIMIT 1
) AS s
LEFT JOIN (
    SELECT t0."TaskId", t0."UserId", t0."AssignedAt", t0."AssignedByUserId", u4."Id", u4."CreatedAt", u4."DeletedAt", u4."Email", u4."EmailVerificationExpiry", u4."EmailVerificationToken", u4."FirstName", u4."IsActive", u4."IsDeleted", u4."IsEmailVerified", u4."LastLoginAt", u4."LastName", u4."OrganizationId", u4."PasswordHash", u4."PasswordResetExpiry", u4."PasswordResetToken", u4."ProfilePictureUrl", u4."RefreshToken", u4."RefreshTokenExpiry", u4."Role", u4."UpdatedAt"
    FROM "TaskAssignees" AS t0
    INNER JOIN (
        SELECT u3."Id", u3."CreatedAt", u3."DeletedAt", u3."Email", u3."EmailVerificationExpiry", u3."EmailVerificationToken", u3."FirstName", u3."IsActive", u3."IsDeleted", u3."IsEmailVerified", u3."LastLoginAt", u3."LastName", u3."OrganizationId", u3."PasswordHash", u3."PasswordResetExpiry", u3."PasswordResetToken", u3."ProfilePictureUrl", u3."RefreshToken", u3."RefreshTokenExpiry", u3."Role", u3."UpdatedAt"
        FROM "Users" AS u3
        WHERE NOT (u3."IsDeleted")
    ) AS u4 ON t0."UserId" = u4."Id"
) AS s0 ON s."Id" = s0."TaskId"
LEFT JOIN (
    SELECT t1."Id", t1."ActualMinutes", t1."AssignedToUserId", t1."CompletedAt", t1."CreatedAt", t1."CreatedByUserId", t1."DeletedAt", t1."Description", t1."DueDate", t1."EstimatedMinutes", t1."IsDeleted", t1."OrderIndex", t1."OrganizationId", t1."ParentTaskId", t1."Priority", t1."ProjectId", t1."StartDate", t1."Status", t1."Title", t1."UpdatedAt"
    FROM "Tasks" AS t1
    WHERE NOT (t1."IsDeleted")
) AS t2 ON s."Id" = t2."ParentTaskId"
ORDER BY s."Id", s."Id0", s."Id1", s."Id2", s0."TaskId", s0."UserId", s0."Id"
2026-07-30 12:46:43.405 +06:00 [INF] [0HNNE0OUT80HU:00000001] [0HNNE0OUT80HU:00000001] GET /api/tasks/00000000-0000-0000-0004-000000000006/assignees → 200 (183.0ms)
2026-07-30 12:46:43.410 +06:00 [INF] [0HNNE0OUT80HS:00000001] [0HNNE0OUT80HS:00000001] GET /api/tasks/00000000-0000-0000-0004-000000000006 → 200 (189.3ms)
2026-07-30 12:46:50.633 +06:00 [DBG] [0HNNE0OUT80I0:00000001] Permission granted: Member → tasks.view
2026-07-30 12:46:50.636 +06:00 [INF] [0HNNE0OUT80I0:00000001] Executed DbCommand (1ms) [Parameters=[@___currentUser_UserId_0='00000000-0000-0000-0002-000000000003'], CommandType='"Text"', CommandTimeout='30']
SELECT u."Id", u."CreatedAt", u."DeletedAt", u."Email", u."EmailVerificationExpiry", u."EmailVerificationToken", u."FirstName", u."IsActive", u."IsDeleted", u."IsEmailVerified", u."LastLoginAt", u."LastName", u."OrganizationId", u."PasswordHash", u."PasswordResetExpiry", u."PasswordResetToken", u."ProfilePictureUrl", u."RefreshToken", u."RefreshTokenExpiry", u."Role", u."UpdatedAt", o0."Id", o0."CreatedAt", o0."DeletedAt", o0."Description", o0."IsActive", o0."IsDeleted", o0."LogoUrl", o0."Name", o0."Plan", o0."Slug", o0."UpdatedAt"
FROM "Users" AS u
INNER JOIN (
    SELECT o."Id", o."CreatedAt", o."DeletedAt", o."Description", o."IsActive", o."IsDeleted", o."LogoUrl", o."Name", o."Plan", o."Slug", o."UpdatedAt"
    FROM "Organizations" AS o
    WHERE NOT (o."IsDeleted")
) AS o0 ON u."OrganizationId" = o0."Id"
WHERE NOT (u."IsDeleted") AND u."Id" = @___currentUser_UserId_0
LIMIT 1
2026-07-30 12:46:50.640 +06:00 [INF] [0HNNE0OUT80I0:00000001] Executed DbCommand (3ms) [Parameters=[@__projectId_0='00000000-0000-0000-0003-000000000001'], CommandType='"Text"', CommandTimeout='30']
SELECT p."Id", p."CreatedAt", p."CreatedByUserId", p."DeletedAt", p."Description", p."DueDate", p."IsDeleted", p."Name", p."OrganizationId", p."ProjectLeadUserId", p."StartDate", p."Status", p."UpdatedAt"
FROM "Projects" AS p
WHERE NOT (p."IsDeleted") AND p."Id" = @__projectId_0
LIMIT 1
2026-07-30 12:46:50.641 +06:00 [INF] [0HNNE0OUT80I0:00000001] Executed DbCommand (1ms) [Parameters=[@__projectId_0='00000000-0000-0000-0003-000000000001'], CommandType='"Text"', CommandTimeout='30']
SELECT count(*)::int
FROM "Tasks" AS t
WHERE NOT (t."IsDeleted") AND t."ProjectId" = @__projectId_0
2026-07-30 12:46:50.654 +06:00 [INF] [0HNNE0OUT80I0:00000001] Executed DbCommand (12ms) [Parameters=[@__projectId_0='00000000-0000-0000-0003-000000000001', @__p_2='100', @__p_1='0'], CommandType='"Text"', CommandTimeout='30']
SELECT t0."Id", t0."ActualMinutes", t0."AssignedToUserId", t0."CompletedAt", t0."CreatedAt", t0."CreatedByUserId", t0."DeletedAt", t0."Description", t0."DueDate", t0."EstimatedMinutes", t0."IsDeleted", t0."OrderIndex", t0."OrganizationId", t0."ParentTaskId", t0."Priority", t0."ProjectId", t0."StartDate", t0."Status", t0."Title", t0."UpdatedAt", u0."Id", u0."CreatedAt", u0."DeletedAt", u0."Email", u0."EmailVerificationExpiry", u0."EmailVerificationToken", u0."FirstName", u0."IsActive", u0."IsDeleted", u0."IsEmailVerified", u0."LastLoginAt", u0."LastName", u0."OrganizationId", u0."PasswordHash", u0."PasswordResetExpiry", u0."PasswordResetToken", u0."ProfilePictureUrl", u0."RefreshToken", u0."RefreshTokenExpiry", u0."Role", u0."UpdatedAt", u2."Id", u2."CreatedAt", u2."DeletedAt", u2."Email", u2."EmailVerificationExpiry", u2."EmailVerificationToken", u2."FirstName", u2."IsActive", u2."IsDeleted", u2."IsEmailVerified", u2."LastLoginAt", u2."LastName", u2."OrganizationId", u2."PasswordHash", u2."PasswordResetExpiry", u2."PasswordResetToken", u2."ProfilePictureUrl", u2."RefreshToken", u2."RefreshTokenExpiry", u2."Role", u2."UpdatedAt", p0."Id", p0."CreatedAt", p0."CreatedByUserId", p0."DeletedAt", p0."Description", p0."DueDate", p0."IsDeleted", p0."Name", p0."OrganizationId", p0."ProjectLeadUserId", p0."StartDate", p0."Status", p0."UpdatedAt", s."TaskId", s."UserId", s."AssignedAt", s."AssignedByUserId", s."Id", s."CreatedAt", s."DeletedAt", s."Email", s."EmailVerificationExpiry", s."EmailVerificationToken", s."FirstName", s."IsActive", s."IsDeleted", s."IsEmailVerified", s."LastLoginAt", s."LastName", s."OrganizationId", s."PasswordHash", s."PasswordResetExpiry", s."PasswordResetToken", s."ProfilePictureUrl", s."RefreshToken", s."RefreshTokenExpiry", s."Role", s."UpdatedAt", t3."Id", t3."ActualMinutes", t3."AssignedToUserId", t3."CompletedAt", t3."CreatedAt", t3."CreatedByUserId", t3."DeletedAt", t3."Description", t3."DueDate", t3."EstimatedMinutes", t3."IsDeleted", t3."OrderIndex", t3."OrganizationId", t3."ParentTaskId", t3."Priority", t3."ProjectId", t3."StartDate", t3."Status", t3."Title", t3."UpdatedAt"
FROM (
    SELECT t."Id", t."ActualMinutes", t."AssignedToUserId", t."CompletedAt", t."CreatedAt", t."CreatedByUserId", t."DeletedAt", t."Description", t."DueDate", t."EstimatedMinutes", t."IsDeleted", t."OrderIndex", t."OrganizationId", t."ParentTaskId", t."Priority", t."ProjectId", t."StartDate", t."Status", t."Title", t."UpdatedAt"
    FROM "Tasks" AS t
    WHERE NOT (t."IsDeleted") AND t."ProjectId" = @__projectId_0
    ORDER BY t."OrderIndex"
    LIMIT @__p_2 OFFSET @__p_1
) AS t0
INNER JOIN (
    SELECT u."Id", u."CreatedAt", u."DeletedAt", u."Email", u."EmailVerificationExpiry", u."EmailVerificationToken", u."FirstName", u."IsActive", u."IsDeleted", u."IsEmailVerified", u."LastLoginAt", u."LastName", u."OrganizationId", u."PasswordHash", u."PasswordResetExpiry", u."PasswordResetToken", u."ProfilePictureUrl", u."RefreshToken", u."RefreshTokenExpiry", u."Role", u."UpdatedAt"
    FROM "Users" AS u
    WHERE NOT (u."IsDeleted")
) AS u0 ON t0."CreatedByUserId" = u0."Id"
LEFT JOIN (
    SELECT u1."Id", u1."CreatedAt", u1."DeletedAt", u1."Email", u1."EmailVerificationExpiry", u1."EmailVerificationToken", u1."FirstName", u1."IsActive", u1."IsDeleted", u1."IsEmailVerified", u1."LastLoginAt", u1."LastName", u1."OrganizationId", u1."PasswordHash", u1."PasswordResetExpiry", u1."PasswordResetToken", u1."ProfilePictureUrl", u1."RefreshToken", u1."RefreshTokenExpiry", u1."Role", u1."UpdatedAt"
    FROM "Users" AS u1
    WHERE NOT (u1."IsDeleted")
) AS u2 ON t0."AssignedToUserId" = u2."Id"
INNER JOIN (
    SELECT p."Id", p."CreatedAt", p."CreatedByUserId", p."DeletedAt", p."Description", p."DueDate", p."IsDeleted", p."Name", p."OrganizationId", p."ProjectLeadUserId", p."StartDate", p."Status", p."UpdatedAt"
    FROM "Projects" AS p
    WHERE NOT (p."IsDeleted")
) AS p0 ON t0."ProjectId" = p0."Id"
LEFT JOIN (
    SELECT t1."TaskId", t1."UserId", t1."AssignedAt", t1."AssignedByUserId", u4."Id", u4."CreatedAt", u4."DeletedAt", u4."Email", u4."EmailVerificationExpiry", u4."EmailVerificationToken", u4."FirstName", u4."IsActive", u4."IsDeleted", u4."IsEmailVerified", u4."LastLoginAt", u4."LastName", u4."OrganizationId", u4."PasswordHash", u4."PasswordResetExpiry", u4."PasswordResetToken", u4."ProfilePictureUrl", u4."RefreshToken", u4."RefreshTokenExpiry", u4."Role", u4."UpdatedAt"
    FROM "TaskAssignees" AS t1
    INNER JOIN (
        SELECT u3."Id", u3."CreatedAt", u3."DeletedAt", u3."Email", u3."EmailVerificationExpiry", u3."EmailVerificationToken", u3."FirstName", u3."IsActive", u3."IsDeleted", u3."IsEmailVerified", u3."LastLoginAt", u3."LastName", u3."OrganizationId", u3."PasswordHash", u3."PasswordResetExpiry", u3."PasswordResetToken", u3."ProfilePictureUrl", u3."RefreshToken", u3."RefreshTokenExpiry", u3."Role", u3."UpdatedAt"
        FROM "Users" AS u3
        WHERE NOT (u3."IsDeleted")
    ) AS u4 ON t1."UserId" = u4."Id"
) AS s ON t0."Id" = s."TaskId"
LEFT JOIN (
    SELECT t2."Id", t2."ActualMinutes", t2."AssignedToUserId", t2."CompletedAt", t2."CreatedAt", t2."CreatedByUserId", t2."DeletedAt", t2."Description", t2."DueDate", t2."EstimatedMinutes", t2."IsDeleted", t2."OrderIndex", t2."OrganizationId", t2."ParentTaskId", t2."Priority", t2."ProjectId", t2."StartDate", t2."Status", t2."Title", t2."UpdatedAt"
    FROM "Tasks" AS t2
    WHERE NOT (t2."IsDeleted")
) AS t3 ON t0."Id" = t3."ParentTaskId"
ORDER BY t0."OrderIndex", t0."Id", u0."Id", u2."Id", p0."Id", s."TaskId", s."UserId", s."Id"
2026-07-30 12:46:50.663 +06:00 [INF] [0HNNE0OUT80I0:00000001] [0HNNE0OUT80I0:00000001] GET /api/projects/00000000-0000-0000-0003-000000000001/tasks → 200 (30.6ms)
2026-07-30 12:46:51.012 +06:00 [DBG] [0HNNE0OUT80I1:00000001] Permission granted: Member → projects.view
2026-07-30 12:46:51.013 +06:00 [INF] [0HNNE0OUT80I1:00000001] Executed DbCommand (1ms) [Parameters=[@___currentUser_UserId_0='00000000-0000-0000-0002-000000000003'], CommandType='"Text"', CommandTimeout='30']
SELECT u."Id", u."CreatedAt", u."DeletedAt", u."Email", u."EmailVerificationExpiry", u."EmailVerificationToken", u."FirstName", u."IsActive", u."IsDeleted", u."IsEmailVerified", u."LastLoginAt", u."LastName", u."OrganizationId", u."PasswordHash", u."PasswordResetExpiry", u."PasswordResetToken", u."ProfilePictureUrl", u."RefreshToken", u."RefreshTokenExpiry", u."Role", u."UpdatedAt", o0."Id", o0."CreatedAt", o0."DeletedAt", o0."Description", o0."IsActive", o0."IsDeleted", o0."LogoUrl", o0."Name", o0."Plan", o0."Slug", o0."UpdatedAt"
FROM "Users" AS u
INNER JOIN (
    SELECT o."Id", o."CreatedAt", o."DeletedAt", o."Description", o."IsActive", o."IsDeleted", o."LogoUrl", o."Name", o."Plan", o."Slug", o."UpdatedAt"
    FROM "Organizations" AS o
    WHERE NOT (o."IsDeleted")
) AS o0 ON u."OrganizationId" = o0."Id"
WHERE NOT (u."IsDeleted") AND u."Id" = @___currentUser_UserId_0
LIMIT 1
2026-07-30 12:46:51.081 +06:00 [INF] [0HNNE0OUT80I1:00000001] Executed DbCommand (5ms) [Parameters=[@__projectId_0='00000000-0000-0000-0003-000000000001'], CommandType='"Text"', CommandTimeout='30']
SELECT s."Id", s."CreatedAt", s."CreatedByUserId", s."DeletedAt", s."Description", s."DueDate", s."IsDeleted", s."Name", s."OrganizationId", s."ProjectLeadUserId", s."StartDate", s."Status", s."UpdatedAt", s."Id0", s."CreatedAt0", s."DeletedAt0", s."Email", s."EmailVerificationExpiry", s."EmailVerificationToken", s."FirstName", s."IsActive", s."IsDeleted0", s."IsEmailVerified", s."LastLoginAt", s."LastName", s."OrganizationId0", s."PasswordHash", s."PasswordResetExpiry", s."PasswordResetToken", s."ProfilePictureUrl", s."RefreshToken", s."RefreshTokenExpiry", s."Role", s."UpdatedAt0", s."Id1", s."CreatedAt1", s."DeletedAt1", s."Email0", s."EmailVerificationExpiry0", s."EmailVerificationToken0", s."FirstName0", s."IsActive0", s."IsDeleted1", s."IsEmailVerified0", s."LastLoginAt0", s."LastName0", s."OrganizationId1", s."PasswordHash0", s."PasswordResetExpiry0", s."PasswordResetToken0", s."ProfilePictureUrl0", s."RefreshToken0", s."RefreshTokenExpiry0", s."Role0", s."UpdatedAt1", t0."Id", t0."ActualMinutes", t0."AssignedToUserId", t0."CompletedAt", t0."CreatedAt", t0."CreatedByUserId", t0."DeletedAt", t0."Description", t0."DueDate", t0."EstimatedMinutes", t0."IsDeleted", t0."OrderIndex", t0."OrganizationId", t0."ParentTaskId", t0."Priority", t0."ProjectId", t0."StartDate", t0."Status", t0."Title", t0."UpdatedAt"
FROM (
    SELECT p."Id", p."CreatedAt", p."CreatedByUserId", p."DeletedAt", p."Description", p."DueDate", p."IsDeleted", p."Name", p."OrganizationId", p."ProjectLeadUserId", p."StartDate", p."Status", p."UpdatedAt", u0."Id" AS "Id0", u0."CreatedAt" AS "CreatedAt0", u0."DeletedAt" AS "DeletedAt0", u0."Email", u0."EmailVerificationExpiry", u0."EmailVerificationToken", u0."FirstName", u0."IsActive", u0."IsDeleted" AS "IsDeleted0", u0."IsEmailVerified", u0."LastLoginAt", u0."LastName", u0."OrganizationId" AS "OrganizationId0", u0."PasswordHash", u0."PasswordResetExpiry", u0."PasswordResetToken", u0."ProfilePictureUrl", u0."RefreshToken", u0."RefreshTokenExpiry", u0."Role", u0."UpdatedAt" AS "UpdatedAt0", u2."Id" AS "Id1", u2."CreatedAt" AS "CreatedAt1", u2."DeletedAt" AS "DeletedAt1", u2."Email" AS "Email0", u2."EmailVerificationExpiry" AS "EmailVerificationExpiry0", u2."EmailVerificationToken" AS "EmailVerificationToken0", u2."FirstName" AS "FirstName0", u2."IsActive" AS "IsActive0", u2."IsDeleted" AS "IsDeleted1", u2."IsEmailVerified" AS "IsEmailVerified0", u2."LastLoginAt" AS "LastLoginAt0", u2."LastName" AS "LastName0", u2."OrganizationId" AS "OrganizationId1", u2."PasswordHash" AS "PasswordHash0", u2."PasswordResetExpiry" AS "PasswordResetExpiry0", u2."PasswordResetToken" AS "PasswordResetToken0", u2."ProfilePictureUrl" AS "ProfilePictureUrl0", u2."RefreshToken" AS "RefreshToken0", u2."RefreshTokenExpiry" AS "RefreshTokenExpiry0", u2."Role" AS "Role0", u2."UpdatedAt" AS "UpdatedAt1"
    FROM "Projects" AS p
    INNER JOIN (
        SELECT u."Id", u."CreatedAt", u."DeletedAt", u."Email", u."EmailVerificationExpiry", u."EmailVerificationToken", u."FirstName", u."IsActive", u."IsDeleted", u."IsEmailVerified", u."LastLoginAt", u."LastName", u."OrganizationId", u."PasswordHash", u."PasswordResetExpiry", u."PasswordResetToken", u."ProfilePictureUrl", u."RefreshToken", u."RefreshTokenExpiry", u."Role", u."UpdatedAt"
        FROM "Users" AS u
        WHERE NOT (u."IsDeleted")
    ) AS u0 ON p."CreatedByUserId" = u0."Id"
    LEFT JOIN (
        SELECT u1."Id", u1."CreatedAt", u1."DeletedAt", u1."Email", u1."EmailVerificationExpiry", u1."EmailVerificationToken", u1."FirstName", u1."IsActive", u1."IsDeleted", u1."IsEmailVerified", u1."LastLoginAt", u1."LastName", u1."OrganizationId", u1."PasswordHash", u1."PasswordResetExpiry", u1."PasswordResetToken", u1."ProfilePictureUrl", u1."RefreshToken", u1."RefreshTokenExpiry", u1."Role", u1."UpdatedAt"
        FROM "Users" AS u1
        WHERE NOT (u1."IsDeleted")
    ) AS u2 ON p."ProjectLeadUserId" = u2."Id"
    WHERE NOT (p."IsDeleted") AND p."Id" = @__projectId_0
    LIMIT 1
) AS s
LEFT JOIN (
    SELECT t."Id", t."ActualMinutes", t."AssignedToUserId", t."CompletedAt", t."CreatedAt", t."CreatedByUserId", t."DeletedAt", t."Description", t."DueDate", t."EstimatedMinutes", t."IsDeleted", t."OrderIndex", t."OrganizationId", t."ParentTaskId", t."Priority", t."ProjectId", t."StartDate", t."Status", t."Title", t."UpdatedAt"
    FROM "Tasks" AS t
    WHERE NOT (t."IsDeleted")
) AS t0 ON s."Id" = t0."ProjectId"
ORDER BY s."Id", s."Id0", s."Id1"
2026-07-30 12:46:51.088 +06:00 [INF] [0HNNE0OUT80I1:00000001] [0HNNE0OUT80I1:00000001] GET /api/projects/00000000-0000-0000-0003-000000000001 → 200 (77.2ms)
2026-07-30 12:46:55.873 +06:00 [DBG] [0HNNE0OUT80I2:00000001] Permission granted: Member → tasks.view
2026-07-30 12:46:55.875 +06:00 [INF] [0HNNE0OUT80I2:00000001] Executed DbCommand (1ms) [Parameters=[@___currentUser_UserId_0='00000000-0000-0000-0002-000000000003'], CommandType='"Text"', CommandTimeout='30']
SELECT u."Id", u."CreatedAt", u."DeletedAt", u."Email", u."EmailVerificationExpiry", u."EmailVerificationToken", u."FirstName", u."IsActive", u."IsDeleted", u."IsEmailVerified", u."LastLoginAt", u."LastName", u."OrganizationId", u."PasswordHash", u."PasswordResetExpiry", u."PasswordResetToken", u."ProfilePictureUrl", u."RefreshToken", u."RefreshTokenExpiry", u."Role", u."UpdatedAt", o0."Id", o0."CreatedAt", o0."DeletedAt", o0."Description", o0."IsActive", o0."IsDeleted", o0."LogoUrl", o0."Name", o0."Plan", o0."Slug", o0."UpdatedAt"
FROM "Users" AS u
INNER JOIN (
    SELECT o."Id", o."CreatedAt", o."DeletedAt", o."Description", o."IsActive", o."IsDeleted", o."LogoUrl", o."Name", o."Plan", o."Slug", o."UpdatedAt"
    FROM "Organizations" AS o
    WHERE NOT (o."IsDeleted")
) AS o0 ON u."OrganizationId" = o0."Id"
WHERE NOT (u."IsDeleted") AND u."Id" = @___currentUser_UserId_0
LIMIT 1
2026-07-30 12:46:55.876 +06:00 [DBG] [0HNNE0OUT80I5:00000001] Permission granted: Member → comments.view
2026-07-30 12:46:55.876 +06:00 [DBG] [0HNNE0OUT80I4:00000001] Permission granted: Member → tasks.view
2026-07-30 12:46:55.876 +06:00 [DBG] [0HNNE0OUT80I3:00000001] Permission granted: Member → tasks.view
2026-07-30 12:46:55.878 +06:00 [INF] [0HNNE0OUT80I4:00000001] Executed DbCommand (1ms) [Parameters=[@___currentUser_UserId_0='00000000-0000-0000-0002-000000000003'], CommandType='"Text"', CommandTimeout='30']
SELECT u."Id", u."CreatedAt", u."DeletedAt", u."Email", u."EmailVerificationExpiry", u."EmailVerificationToken", u."FirstName", u."IsActive", u."IsDeleted", u."IsEmailVerified", u."LastLoginAt", u."LastName", u."OrganizationId", u."PasswordHash", u."PasswordResetExpiry", u."PasswordResetToken", u."ProfilePictureUrl", u."RefreshToken", u."RefreshTokenExpiry", u."Role", u."UpdatedAt", o0."Id", o0."CreatedAt", o0."DeletedAt", o0."Description", o0."IsActive", o0."IsDeleted", o0."LogoUrl", o0."Name", o0."Plan", o0."Slug", o0."UpdatedAt"
FROM "Users" AS u
INNER JOIN (
    SELECT o."Id", o."CreatedAt", o."DeletedAt", o."Description", o."IsActive", o."IsDeleted", o."LogoUrl", o."Name", o."Plan", o."Slug", o."UpdatedAt"
    FROM "Organizations" AS o
    WHERE NOT (o."IsDeleted")
) AS o0 ON u."OrganizationId" = o0."Id"
WHERE NOT (u."IsDeleted") AND u."Id" = @___currentUser_UserId_0
LIMIT 1
2026-07-30 12:46:55.878 +06:00 [INF] [0HNNE0OUT80I5:00000001] Executed DbCommand (1ms) [Parameters=[@___currentUser_UserId_0='00000000-0000-0000-0002-000000000003'], CommandType='"Text"', CommandTimeout='30']
SELECT u."Id", u."CreatedAt", u."DeletedAt", u."Email", u."EmailVerificationExpiry", u."EmailVerificationToken", u."FirstName", u."IsActive", u."IsDeleted", u."IsEmailVerified", u."LastLoginAt", u."LastName", u."OrganizationId", u."PasswordHash", u."PasswordResetExpiry", u."PasswordResetToken", u."ProfilePictureUrl", u."RefreshToken", u."RefreshTokenExpiry", u."Role", u."UpdatedAt", o0."Id", o0."CreatedAt", o0."DeletedAt", o0."Description", o0."IsActive", o0."IsDeleted", o0."LogoUrl", o0."Name", o0."Plan", o0."Slug", o0."UpdatedAt"
FROM "Users" AS u
INNER JOIN (
    SELECT o."Id", o."CreatedAt", o."DeletedAt", o."Description", o."IsActive", o."IsDeleted", o."LogoUrl", o."Name", o."Plan", o."Slug", o."UpdatedAt"
    FROM "Organizations" AS o
    WHERE NOT (o."IsDeleted")
) AS o0 ON u."OrganizationId" = o0."Id"
WHERE NOT (u."IsDeleted") AND u."Id" = @___currentUser_UserId_0
LIMIT 1
2026-07-30 12:46:55.878 +06:00 [INF] [0HNNE0OUT80I3:00000001] Executed DbCommand (1ms) [Parameters=[@___currentUser_UserId_0='00000000-0000-0000-0002-000000000003'], CommandType='"Text"', CommandTimeout='30']
SELECT u."Id", u."CreatedAt", u."DeletedAt", u."Email", u."EmailVerificationExpiry", u."EmailVerificationToken", u."FirstName", u."IsActive", u."IsDeleted", u."IsEmailVerified", u."LastLoginAt", u."LastName", u."OrganizationId", u."PasswordHash", u."PasswordResetExpiry", u."PasswordResetToken", u."ProfilePictureUrl", u."RefreshToken", u."RefreshTokenExpiry", u."Role", u."UpdatedAt", o0."Id", o0."CreatedAt", o0."DeletedAt", o0."Description", o0."IsActive", o0."IsDeleted", o0."LogoUrl", o0."Name", o0."Plan", o0."Slug", o0."UpdatedAt"
FROM "Users" AS u
INNER JOIN (
    SELECT o."Id", o."CreatedAt", o."DeletedAt", o."Description", o."IsActive", o."IsDeleted", o."LogoUrl", o."Name", o."Plan", o."Slug", o."UpdatedAt"
    FROM "Organizations" AS o
    WHERE NOT (o."IsDeleted")
) AS o0 ON u."OrganizationId" = o0."Id"
WHERE NOT (u."IsDeleted") AND u."Id" = @___currentUser_UserId_0
LIMIT 1
2026-07-30 12:46:55.880 +06:00 [INF] [0HNNE0OUT80I3:00000001] Executed DbCommand (1ms) [Parameters=[@___currentUser_OrganizationId_0='00000000-0000-0000-0001-000000000001', @__taskId_1='00000000-0000-0000-0004-000000000002', @__taskId_2='00000000-0000-0000-0004-000000000002' (Nullable = true), @__p_4='50', @__p_3='0'], CommandType='"Text"', CommandTimeout='30']
SELECT a."Id", a."Action", a."CreatedAt", a."EntityId", a."EntityName", a."EntityType", a."Metadata", a."OrganizationId", a."ProjectId", a."UserId", a."UserName"
FROM "ActivityLogs" AS a
WHERE a."OrganizationId" = @___currentUser_OrganizationId_0 AND (a."EntityId" = @__taskId_1 OR (a."EntityType" = 'Comment' AND a."ProjectId" = @__taskId_2))
ORDER BY a."CreatedAt" DESC
LIMIT @__p_4 OFFSET @__p_3
2026-07-30 12:46:55.880 +06:00 [INF] [0HNNE0OUT80I5:00000001] Executed DbCommand (1ms) [Parameters=[@__taskId_0='00000000-0000-0000-0004-000000000002'], CommandType='"Text"', CommandTimeout='30']
SELECT t."Id", t."ActualMinutes", t."AssignedToUserId", t."CompletedAt", t."CreatedAt", t."CreatedByUserId", t."DeletedAt", t."Description", t."DueDate", t."EstimatedMinutes", t."IsDeleted", t."OrderIndex", t."OrganizationId", t."ParentTaskId", t."Priority", t."ProjectId", t."StartDate", t."Status", t."Title", t."UpdatedAt"
FROM "Tasks" AS t
WHERE NOT (t."IsDeleted") AND t."Id" = @__taskId_0
LIMIT 1
2026-07-30 12:46:55.881 +06:00 [INF] [0HNNE0OUT80I4:00000001] Executed DbCommand (2ms) [Parameters=[@__taskId_0='00000000-0000-0000-0004-000000000002'], CommandType='"Text"', CommandTimeout='30']
SELECT s."Id", s."ActualMinutes", s."AssignedToUserId", s."CompletedAt", s."CreatedAt", s."CreatedByUserId", s."DeletedAt", s."Description", s."DueDate", s."EstimatedMinutes", s."IsDeleted", s."OrderIndex", s."OrganizationId", s."ParentTaskId", s."Priority", s."ProjectId", s."StartDate", s."Status", s."Title", s."UpdatedAt", s."Id0", s."CreatedAt0", s."DeletedAt0", s."Email", s."EmailVerificationExpiry", s."EmailVerificationToken", s."FirstName", s."IsActive", s."IsDeleted0", s."IsEmailVerified", s."LastLoginAt", s."LastName", s."OrganizationId0", s."PasswordHash", s."PasswordResetExpiry", s."PasswordResetToken", s."ProfilePictureUrl", s."RefreshToken", s."RefreshTokenExpiry", s."Role", s."UpdatedAt0", s0."TaskId", s0."UserId", s0."AssignedAt", s0."AssignedByUserId", s0."Id", s0."CreatedAt", s0."DeletedAt", s0."Email", s0."EmailVerificationExpiry", s0."EmailVerificationToken", s0."FirstName", s0."IsActive", s0."IsDeleted", s0."IsEmailVerified", s0."LastLoginAt", s0."LastName", s0."OrganizationId", s0."PasswordHash", s0."PasswordResetExpiry", s0."PasswordResetToken", s0."ProfilePictureUrl", s0."RefreshToken", s0."RefreshTokenExpiry", s0."Role", s0."UpdatedAt"
FROM (
    SELECT t."Id", t."ActualMinutes", t."AssignedToUserId", t."CompletedAt", t."CreatedAt", t."CreatedByUserId", t."DeletedAt", t."Description", t."DueDate", t."EstimatedMinutes", t."IsDeleted", t."OrderIndex", t."OrganizationId", t."ParentTaskId", t."Priority", t."ProjectId", t."StartDate", t."Status", t."Title", t."UpdatedAt", u0."Id" AS "Id0", u0."CreatedAt" AS "CreatedAt0", u0."DeletedAt" AS "DeletedAt0", u0."Email", u0."EmailVerificationExpiry", u0."EmailVerificationToken", u0."FirstName", u0."IsActive", u0."IsDeleted" AS "IsDeleted0", u0."IsEmailVerified", u0."LastLoginAt", u0."LastName", u0."OrganizationId" AS "OrganizationId0", u0."PasswordHash", u0."PasswordResetExpiry", u0."PasswordResetToken", u0."ProfilePictureUrl", u0."RefreshToken", u0."RefreshTokenExpiry", u0."Role", u0."UpdatedAt" AS "UpdatedAt0"
    FROM "Tasks" AS t
    LEFT JOIN (
        SELECT u."Id", u."CreatedAt", u."DeletedAt", u."Email", u."EmailVerificationExpiry", u."EmailVerificationToken", u."FirstName", u."IsActive", u."IsDeleted", u."IsEmailVerified", u."LastLoginAt", u."LastName", u."OrganizationId", u."PasswordHash", u."PasswordResetExpiry", u."PasswordResetToken", u."ProfilePictureUrl", u."RefreshToken", u."RefreshTokenExpiry", u."Role", u."UpdatedAt"
        FROM "Users" AS u
        WHERE NOT (u."IsDeleted")
    ) AS u0 ON t."AssignedToUserId" = u0."Id"
    WHERE NOT (t."IsDeleted") AND t."Id" = @__taskId_0
    LIMIT 1
) AS s
LEFT JOIN (
    SELECT t0."TaskId", t0."UserId", t0."AssignedAt", t0."AssignedByUserId", u2."Id", u2."CreatedAt", u2."DeletedAt", u2."Email", u2."EmailVerificationExpiry", u2."EmailVerificationToken", u2."FirstName", u2."IsActive", u2."IsDeleted", u2."IsEmailVerified", u2."LastLoginAt", u2."LastName", u2."OrganizationId", u2."PasswordHash", u2."PasswordResetExpiry", u2."PasswordResetToken", u2."ProfilePictureUrl", u2."RefreshToken", u2."RefreshTokenExpiry", u2."Role", u2."UpdatedAt"
    FROM "TaskAssignees" AS t0
    INNER JOIN (
        SELECT u1."Id", u1."CreatedAt", u1."DeletedAt", u1."Email", u1."EmailVerificationExpiry", u1."EmailVerificationToken", u1."FirstName", u1."IsActive", u1."IsDeleted", u1."IsEmailVerified", u1."LastLoginAt", u1."LastName", u1."OrganizationId", u1."PasswordHash", u1."PasswordResetExpiry", u1."PasswordResetToken", u1."ProfilePictureUrl", u1."RefreshToken", u1."RefreshTokenExpiry", u1."Role", u1."UpdatedAt"
        FROM "Users" AS u1
        WHERE NOT (u1."IsDeleted")
    ) AS u2 ON t0."UserId" = u2."Id"
) AS s0 ON s."Id" = s0."TaskId"
ORDER BY s."Id", s."Id0", s0."TaskId", s0."UserId"
2026-07-30 12:46:55.881 +06:00 [INF] [0HNNE0OUT80I3:00000001] [0HNNE0OUT80I3:00000001] GET /api/tasks/00000000-0000-0000-0004-000000000002/activity → 200 (5.7ms)
2026-07-30 12:46:55.882 +06:00 [INF] [0HNNE0OUT80I5:00000001] Executed DbCommand (1ms) [Parameters=[@__taskId_0='00000000-0000-0000-0004-000000000002'], CommandType='"Text"', CommandTimeout='30']
SELECT count(*)::int
FROM "Comments" AS c
WHERE NOT (c."IsDeleted") AND c."TaskId" = @__taskId_0
2026-07-30 12:46:55.882 +06:00 [INF] [0HNNE0OUT80I4:00000001] [0HNNE0OUT80I4:00000001] GET /api/tasks/00000000-0000-0000-0004-000000000002/assignees → 200 (6.9ms)
2026-07-30 12:46:55.883 +06:00 [INF] [0HNNE0OUT80I5:00000001] Executed DbCommand (1ms) [Parameters=[@__taskId_0='00000000-0000-0000-0004-000000000002', @__p_2='50', @__p_1='0'], CommandType='"Text"', CommandTimeout='30']
SELECT c0."Id", c0."Content", c0."CreatedAt", c0."CreatedByUserId", c0."DeletedAt", c0."EditedAt", c0."IsDeleted", c0."IsEdited", c0."OrganizationId", c0."TaskId", c0."UpdatedAt", u0."Id", u0."CreatedAt", u0."DeletedAt", u0."Email", u0."EmailVerificationExpiry", u0."EmailVerificationToken", u0."FirstName", u0."IsActive", u0."IsDeleted", u0."IsEmailVerified", u0."LastLoginAt", u0."LastName", u0."OrganizationId", u0."PasswordHash", u0."PasswordResetExpiry", u0."PasswordResetToken", u0."ProfilePictureUrl", u0."RefreshToken", u0."RefreshTokenExpiry", u0."Role", u0."UpdatedAt"
FROM (
    SELECT c."Id", c."Content", c."CreatedAt", c."CreatedByUserId", c."DeletedAt", c."EditedAt", c."IsDeleted", c."IsEdited", c."OrganizationId", c."TaskId", c."UpdatedAt"
    FROM "Comments" AS c
    WHERE NOT (c."IsDeleted") AND c."TaskId" = @__taskId_0
    ORDER BY c."CreatedAt"
    LIMIT @__p_2 OFFSET @__p_1
) AS c0
INNER JOIN (
    SELECT u."Id", u."CreatedAt", u."DeletedAt", u."Email", u."EmailVerificationExpiry", u."EmailVerificationToken", u."FirstName", u."IsActive", u."IsDeleted", u."IsEmailVerified", u."LastLoginAt", u."LastName", u."OrganizationId", u."PasswordHash", u."PasswordResetExpiry", u."PasswordResetToken", u."ProfilePictureUrl", u."RefreshToken", u."RefreshTokenExpiry", u."Role", u."UpdatedAt"
    FROM "Users" AS u
    WHERE NOT (u."IsDeleted")
) AS u0 ON c0."CreatedByUserId" = u0."Id"
ORDER BY c0."CreatedAt"
2026-07-30 12:46:55.884 +06:00 [INF] [0HNNE0OUT80I2:00000001] Executed DbCommand (7ms) [Parameters=[@__taskId_0='00000000-0000-0000-0004-000000000002'], CommandType='"Text"', CommandTimeout='30']
SELECT s."Id", s."ActualMinutes", s."AssignedToUserId", s."CompletedAt", s."CreatedAt", s."CreatedByUserId", s."DeletedAt", s."Description", s."DueDate", s."EstimatedMinutes", s."IsDeleted", s."OrderIndex", s."OrganizationId", s."ParentTaskId", s."Priority", s."ProjectId", s."StartDate", s."Status", s."Title", s."UpdatedAt", s."Id0", s."CreatedAt0", s."DeletedAt0", s."Email", s."EmailVerificationExpiry", s."EmailVerificationToken", s."FirstName", s."IsActive", s."IsDeleted0", s."IsEmailVerified", s."LastLoginAt", s."LastName", s."OrganizationId0", s."PasswordHash", s."PasswordResetExpiry", s."PasswordResetToken", s."ProfilePictureUrl", s."RefreshToken", s."RefreshTokenExpiry", s."Role", s."UpdatedAt0", s."Id1", s."CreatedAt1", s."DeletedAt1", s."Email0", s."EmailVerificationExpiry0", s."EmailVerificationToken0", s."FirstName0", s."IsActive0", s."IsDeleted1", s."IsEmailVerified0", s."LastLoginAt0", s."LastName0", s."OrganizationId1", s."PasswordHash0", s."PasswordResetExpiry0", s."PasswordResetToken0", s."ProfilePictureUrl0", s."RefreshToken0", s."RefreshTokenExpiry0", s."Role0", s."UpdatedAt1", s."Id2", s."CreatedAt2", s."CreatedByUserId0", s."DeletedAt2", s."Description0", s."DueDate0", s."IsDeleted2", s."Name", s."OrganizationId2", s."ProjectLeadUserId", s."StartDate0", s."Status0", s."UpdatedAt2", s0."TaskId", s0."UserId", s0."AssignedAt", s0."AssignedByUserId", s0."Id", s0."CreatedAt", s0."DeletedAt", s0."Email", s0."EmailVerificationExpiry", s0."EmailVerificationToken", s0."FirstName", s0."IsActive", s0."IsDeleted", s0."IsEmailVerified", s0."LastLoginAt", s0."LastName", s0."OrganizationId", s0."PasswordHash", s0."PasswordResetExpiry", s0."PasswordResetToken", s0."ProfilePictureUrl", s0."RefreshToken", s0."RefreshTokenExpiry", s0."Role", s0."UpdatedAt", t2."Id", t2."ActualMinutes", t2."AssignedToUserId", t2."CompletedAt", t2."CreatedAt", t2."CreatedByUserId", t2."DeletedAt", t2."Description", t2."DueDate", t2."EstimatedMinutes", t2."IsDeleted", t2."OrderIndex", t2."OrganizationId", t2."ParentTaskId", t2."Priority", t2."ProjectId", t2."StartDate", t2."Status", t2."Title", t2."UpdatedAt"
FROM (
    SELECT t."Id", t."ActualMinutes", t."AssignedToUserId", t."CompletedAt", t."CreatedAt", t."CreatedByUserId", t."DeletedAt", t."Description", t."DueDate", t."EstimatedMinutes", t."IsDeleted", t."OrderIndex", t."OrganizationId", t."ParentTaskId", t."Priority", t."ProjectId", t."StartDate", t."Status", t."Title", t."UpdatedAt", u0."Id" AS "Id0", u0."CreatedAt" AS "CreatedAt0", u0."DeletedAt" AS "DeletedAt0", u0."Email", u0."EmailVerificationExpiry", u0."EmailVerificationToken", u0."FirstName", u0."IsActive", u0."IsDeleted" AS "IsDeleted0", u0."IsEmailVerified", u0."LastLoginAt", u0."LastName", u0."OrganizationId" AS "OrganizationId0", u0."PasswordHash", u0."PasswordResetExpiry", u0."PasswordResetToken", u0."ProfilePictureUrl", u0."RefreshToken", u0."RefreshTokenExpiry", u0."Role", u0."UpdatedAt" AS "UpdatedAt0", u2."Id" AS "Id1", u2."CreatedAt" AS "CreatedAt1", u2."DeletedAt" AS "DeletedAt1", u2."Email" AS "Email0", u2."EmailVerificationExpiry" AS "EmailVerificationExpiry0", u2."EmailVerificationToken" AS "EmailVerificationToken0", u2."FirstName" AS "FirstName0", u2."IsActive" AS "IsActive0", u2."IsDeleted" AS "IsDeleted1", u2."IsEmailVerified" AS "IsEmailVerified0", u2."LastLoginAt" AS "LastLoginAt0", u2."LastName" AS "LastName0", u2."OrganizationId" AS "OrganizationId1", u2."PasswordHash" AS "PasswordHash0", u2."PasswordResetExpiry" AS "PasswordResetExpiry0", u2."PasswordResetToken" AS "PasswordResetToken0", u2."ProfilePictureUrl" AS "ProfilePictureUrl0", u2."RefreshToken" AS "RefreshToken0", u2."RefreshTokenExpiry" AS "RefreshTokenExpiry0", u2."Role" AS "Role0", u2."UpdatedAt" AS "UpdatedAt1", p0."Id" AS "Id2", p0."CreatedAt" AS "CreatedAt2", p0."CreatedByUserId" AS "CreatedByUserId0", p0."DeletedAt" AS "DeletedAt2", p0."Description" AS "Description0", p0."DueDate" AS "DueDate0", p0."IsDeleted" AS "IsDeleted2", p0."Name", p0."OrganizationId" AS "OrganizationId2", p0."ProjectLeadUserId", p0."StartDate" AS "StartDate0", p0."Status" AS "Status0", p0."UpdatedAt" AS "UpdatedAt2"
    FROM "Tasks" AS t
    INNER JOIN (
        SELECT u."Id", u."CreatedAt", u."DeletedAt", u."Email", u."EmailVerificationExpiry", u."EmailVerificationToken", u."FirstName", u."IsActive", u."IsDeleted", u."IsEmailVerified", u."LastLoginAt", u."LastName", u."OrganizationId", u."PasswordHash", u."PasswordResetExpiry", u."PasswordResetToken", u."ProfilePictureUrl", u."RefreshToken", u."RefreshTokenExpiry", u."Role", u."UpdatedAt"
        FROM "Users" AS u
        WHERE NOT (u."IsDeleted")
    ) AS u0 ON t."CreatedByUserId" = u0."Id"
    LEFT JOIN (
        SELECT u1."Id", u1."CreatedAt", u1."DeletedAt", u1."Email", u1."EmailVerificationExpiry", u1."EmailVerificationToken", u1."FirstName", u1."IsActive", u1."IsDeleted", u1."IsEmailVerified", u1."LastLoginAt", u1."LastName", u1."OrganizationId", u1."PasswordHash", u1."PasswordResetExpiry", u1."PasswordResetToken", u1."ProfilePictureUrl", u1."RefreshToken", u1."RefreshTokenExpiry", u1."Role", u1."UpdatedAt"
        FROM "Users" AS u1
        WHERE NOT (u1."IsDeleted")
    ) AS u2 ON t."AssignedToUserId" = u2."Id"
    INNER JOIN (
        SELECT p."Id", p."CreatedAt", p."CreatedByUserId", p."DeletedAt", p."Description", p."DueDate", p."IsDeleted", p."Name", p."OrganizationId", p."ProjectLeadUserId", p."StartDate", p."Status", p."UpdatedAt"
        FROM "Projects" AS p
        WHERE NOT (p."IsDeleted")
    ) AS p0 ON t."ProjectId" = p0."Id"
    WHERE NOT (t."IsDeleted") AND t."Id" = @__taskId_0
    LIMIT 1
) AS s
LEFT JOIN (
    SELECT t0."TaskId", t0."UserId", t0."AssignedAt", t0."AssignedByUserId", u4."Id", u4."CreatedAt", u4."DeletedAt", u4."Email", u4."EmailVerificationExpiry", u4."EmailVerificationToken", u4."FirstName", u4."IsActive", u4."IsDeleted", u4."IsEmailVerified", u4."LastLoginAt", u4."LastName", u4."OrganizationId", u4."PasswordHash", u4."PasswordResetExpiry", u4."PasswordResetToken", u4."ProfilePictureUrl", u4."RefreshToken", u4."RefreshTokenExpiry", u4."Role", u4."UpdatedAt"
    FROM "TaskAssignees" AS t0
    INNER JOIN (
        SELECT u3."Id", u3."CreatedAt", u3."DeletedAt", u3."Email", u3."EmailVerificationExpiry", u3."EmailVerificationToken", u3."FirstName", u3."IsActive", u3."IsDeleted", u3."IsEmailVerified", u3."LastLoginAt", u3."LastName", u3."OrganizationId", u3."PasswordHash", u3."PasswordResetExpiry", u3."PasswordResetToken", u3."ProfilePictureUrl", u3."RefreshToken", u3."RefreshTokenExpiry", u3."Role", u3."UpdatedAt"
        FROM "Users" AS u3
        WHERE NOT (u3."IsDeleted")
    ) AS u4 ON t0."UserId" = u4."Id"
) AS s0 ON s."Id" = s0."TaskId"
LEFT JOIN (
    SELECT t1."Id", t1."ActualMinutes", t1."AssignedToUserId", t1."CompletedAt", t1."CreatedAt", t1."CreatedByUserId", t1."DeletedAt", t1."Description", t1."DueDate", t1."EstimatedMinutes", t1."IsDeleted", t1."OrderIndex", t1."OrganizationId", t1."ParentTaskId", t1."Priority", t1."ProjectId", t1."StartDate", t1."Status", t1."Title", t1."UpdatedAt"
    FROM "Tasks" AS t1
    WHERE NOT (t1."IsDeleted")
) AS t2 ON s."Id" = t2."ParentTaskId"
ORDER BY s."Id", s."Id0", s."Id1", s."Id2", s0."TaskId", s0."UserId", s0."Id"
2026-07-30 12:46:55.886 +06:00 [INF] [0HNNE0OUT80I2:00000001] [0HNNE0OUT80I2:00000001] GET /api/tasks/00000000-0000-0000-0004-000000000002 → 200 (14.2ms)
2026-07-30 12:46:55.900 +06:00 [INF] [0HNNE0OUT80I5:00000001] [0HNNE0OUT80I5:00000001] GET /api/tasks/00000000-0000-0000-0004-000000000002/comments → 200 (25.0ms)
2026-07-30 18:03:53.635 +06:00 [INF] [] Application is shutting down...
