2026-07-31 22:34:29.104 +06:00 [WRN] [] Entity 'Organization' has a global query filter defined and is the required end of a relationship with the entity 'ActivityLog'. This may lead to unexpected results when the required entity is filtered out. Either configure the navigation as optional, or define matching query filters for both entities in the navigation. See https://go.microsoft.com/fwlink/?linkid=2131316 for more information.
2026-07-31 22:34:29.124 +06:00 [WRN] [] Entity 'User' has a global query filter defined and is the required end of a relationship with the entity 'TaskAssignee'. This may lead to unexpected results when the required entity is filtered out. Either configure the navigation as optional, or define matching query filters for both entities in the navigation. See https://go.microsoft.com/fwlink/?linkid=2131316 for more information.
2026-07-31 22:34:29.130 +06:00 [WRN] [] Sensitive data logging is enabled. Log entries and exception messages may include sensitive application data; this mode should only be enabled during development.
2026-07-31 22:34:29.512 +06:00 [INF] [] Executed DbCommand (16ms) [Parameters=[], CommandType='"Text"', CommandTimeout='30']
SELECT "MigrationId", "ProductVersion"
FROM "__EFMigrationsHistory"
ORDER BY "MigrationId";
2026-07-31 22:34:29.760 +06:00 [INF] [] Executed DbCommand (6ms) [Parameters=[], CommandType='"Text"', CommandTimeout='30']
CREATE TABLE IF NOT EXISTS "__EFMigrationsHistory" (
    "MigrationId" character varying(150) NOT NULL,
    "ProductVersion" character varying(32) NOT NULL,
    CONSTRAINT "PK___EFMigrationsHistory" PRIMARY KEY ("MigrationId")
);
2026-07-31 22:34:29.772 +06:00 [INF] [] Executed DbCommand (1ms) [Parameters=[], CommandType='"Text"', CommandTimeout='30']
LOCK TABLE "__EFMigrationsHistory" IN ACCESS EXCLUSIVE MODE
2026-07-31 22:34:29.774 +06:00 [INF] [] Executed DbCommand (1ms) [Parameters=[], CommandType='"Text"', CommandTimeout='30']
SELECT "MigrationId", "ProductVersion"
FROM "__EFMigrationsHistory"
ORDER BY "MigrationId";
2026-07-31 22:34:29.789 +06:00 [INF] [] Starting database seeding...
2026-07-31 22:34:29.973 +06:00 [INF] [] Executed DbCommand (8ms) [Parameters=[], CommandType='"Text"', CommandTimeout='30']
SELECT EXISTS (
    SELECT 1
    FROM "Organizations" AS o
    WHERE NOT (o."IsDeleted"))
2026-07-31 22:34:29.984 +06:00 [INF] [] Database already seeded — skipping.
2026-07-31 22:34:30.234 +06:00 [INF] [] Now listening on: http://localhost:5210
2026-07-31 22:34:30.234 +06:00 [INF] [] Application started. Press Ctrl+C to shut down.
2026-07-31 22:34:30.234 +06:00 [INF] [] Hosting environment: Development
2026-07-31 22:34:30.235 +06:00 [INF] [] Content root path: C:\Users\Abdullah\Documents\GitHub\WorkSphere\WorkHub.API
2026-07-31 22:37:12.595 +06:00 [WRN] [0HNNF47SHHDTA:00000001] Failed to determine the https port for redirect.
2026-07-31 22:37:12.819 +06:00 [INF] [0HNNF47SHHDTA:00000001] Executed DbCommand (11ms) [Parameters=[@__email_0='demo.owner@worksphere.io'], CommandType='"Text"', CommandTimeout='30']
SELECT u."Id", u."CreatedAt", u."DeletedAt", u."Email", u."EmailVerificationExpiry", u."EmailVerificationToken", u."FirstName", u."IsActive", u."IsDeleted", u."IsEmailVerified", u."LastLoginAt", u."LastName", u."OrganizationId", u."PasswordHash", u."PasswordResetExpiry", u."PasswordResetToken", u."ProfilePictureUrl", u."RefreshToken", u."RefreshTokenExpiry", u."Role", u."UpdatedAt", o0."Id", o0."CreatedAt", o0."DeletedAt", o0."Description", o0."IsActive", o0."IsDeleted", o0."LogoUrl", o0."Name", o0."Plan", o0."Slug", o0."UpdatedAt"
FROM "Users" AS u
INNER JOIN (
    SELECT o."Id", o."CreatedAt", o."DeletedAt", o."Description", o."IsActive", o."IsDeleted", o."LogoUrl", o."Name", o."Plan", o."Slug", o."UpdatedAt"
    FROM "Organizations" AS o
    WHERE NOT (o."IsDeleted")
) AS o0 ON u."OrganizationId" = o0."Id"
WHERE NOT (u."IsDeleted") AND u."Email" = @__email_0
LIMIT 1
2026-07-31 22:37:13.471 +06:00 [DBG] [0HNNF47SHHDTA:00000001] JWT access token generated for user "00000000-0000-0000-0002-000000000001" — expires "2026-07-31T16:52:13.4551490Z"
2026-07-31 22:37:13.473 +06:00 [DBG] [0HNNF47SHHDTA:00000001] Refresh token generated — expires "2026-08-07T16:37:13.4730843Z"
2026-07-31 22:37:13.537 +06:00 [INF] [0HNNF47SHHDTA:00000001] Executed DbCommand (6ms) [Parameters=[@p4='00000000-0000-0000-0002-000000000001', @p0='2026-07-31T16:37:13.4736171Z' (Nullable = true) (DbType = DateTime), @p1='RtMTNBbFsshy1XFpRbJkcfLZy4NGHou+R1/a7BjaCt5S1xb8qFHb3NhMB2XtU4AwH0E08BnukVoqn/xsbuxfGw==', @p2='2026-08-07T16:37:13.4735487Z' (Nullable = true) (DbType = DateTime), @p3='2026-07-31T16:37:13.4996520Z' (DbType = DateTime)], CommandType='"Text"', CommandTimeout='30']
UPDATE "Users" SET "LastLoginAt" = @p0, "RefreshToken" = @p1, "RefreshTokenExpiry" = @p2, "UpdatedAt" = @p3
WHERE "Id" = @p4;
2026-07-31 22:37:13.543 +06:00 [INF] [0HNNF47SHHDTA:00000001] User "00000000-0000-0000-0002-000000000001" logged in from org "00000000-0000-0000-0001-000000000001"
2026-07-31 22:37:13.583 +06:00 [INF] [0HNNF47SHHDTA:00000001] [0HNNF47SHHDTA:00000001] POST /api/auth/login → 200 (999.1ms)
2026-07-31 22:37:13.757 +06:00 [INF] [0HNNF47SHHDTB:00000001] Executed DbCommand (1ms) [Parameters=[@___currentUser_UserId_0='00000000-0000-0000-0002-000000000001'], CommandType='"Text"', CommandTimeout='30']
SELECT u."Id", u."CreatedAt", u."DeletedAt", u."Email", u."EmailVerificationExpiry", u."EmailVerificationToken", u."FirstName", u."IsActive", u."IsDeleted", u."IsEmailVerified", u."LastLoginAt", u."LastName", u."OrganizationId", u."PasswordHash", u."PasswordResetExpiry", u."PasswordResetToken", u."ProfilePictureUrl", u."RefreshToken", u."RefreshTokenExpiry", u."Role", u."UpdatedAt", o0."Id", o0."CreatedAt", o0."DeletedAt", o0."Description", o0."IsActive", o0."IsDeleted", o0."LogoUrl", o0."Name", o0."Plan", o0."Slug", o0."UpdatedAt"
FROM "Users" AS u
INNER JOIN (
    SELECT o."Id", o."CreatedAt", o."DeletedAt", o."Description", o."IsActive", o."IsDeleted", o."LogoUrl", o."Name", o."Plan", o."Slug", o."UpdatedAt"
    FROM "Organizations" AS o
    WHERE NOT (o."IsDeleted")
) AS o0 ON u."OrganizationId" = o0."Id"
WHERE NOT (u."IsDeleted") AND u."Id" = @___currentUser_UserId_0
LIMIT 1
2026-07-31 22:37:13.776 +06:00 [INF] [0HNNF47SHHDTB:00000001] Executed DbCommand (0ms) [Parameters=[@___currentUser_OrganizationId_0='00000000-0000-0000-0001-000000000001'], CommandType='"Text"', CommandTimeout='30']
SELECT o."Id", o."CreatedAt", o."DeletedAt", o."Description", o."IsActive", o."IsDeleted", o."LogoUrl", o."Name", o."Plan", o."Slug", o."UpdatedAt"
FROM "Organizations" AS o
WHERE NOT (o."IsDeleted") AND o."Id" = @___currentUser_OrganizationId_0
LIMIT 1
2026-07-31 22:37:13.783 +06:00 [INF] [0HNNF47SHHDTB:00000001] [0HNNF47SHHDTB:00000001] GET /api/auth/context → 200 (122.9ms)
2026-07-31 22:37:13.797 +06:00 [INF] [0HNNF47SHHDTC:00000001] Executed DbCommand (1ms) [Parameters=[@___currentUser_UserId_0='00000000-0000-0000-0002-000000000001'], CommandType='"Text"', CommandTimeout='30']
SELECT u."Id", u."CreatedAt", u."DeletedAt", u."Email", u."EmailVerificationExpiry", u."EmailVerificationToken", u."FirstName", u."IsActive", u."IsDeleted", u."IsEmailVerified", u."LastLoginAt", u."LastName", u."OrganizationId", u."PasswordHash", u."PasswordResetExpiry", u."PasswordResetToken", u."ProfilePictureUrl", u."RefreshToken", u."RefreshTokenExpiry", u."Role", u."UpdatedAt", o0."Id", o0."CreatedAt", o0."DeletedAt", o0."Description", o0."IsActive", o0."IsDeleted", o0."LogoUrl", o0."Name", o0."Plan", o0."Slug", o0."UpdatedAt"
FROM "Users" AS u
INNER JOIN (
    SELECT o."Id", o."CreatedAt", o."DeletedAt", o."Description", o."IsActive", o."IsDeleted", o."LogoUrl", o."Name", o."Plan", o."Slug", o."UpdatedAt"
    FROM "Organizations" AS o
    WHERE NOT (o."IsDeleted")
) AS o0 ON u."OrganizationId" = o0."Id"
WHERE NOT (u."IsDeleted") AND u."Id" = @___currentUser_UserId_0
LIMIT 1
2026-07-31 22:37:13.803 +06:00 [INF] [0HNNF47SHHDTC:00000001] Executed DbCommand (1ms) [Parameters=[@___currentUser_OrganizationId_0='00000000-0000-0000-0001-000000000001'], CommandType='"Text"', CommandTimeout='30']
SELECT o."Id", o."CreatedAt", o."DeletedAt", o."Description", o."IsActive", o."IsDeleted", o."LogoUrl", o."Name", o."Plan", o."Slug", o."UpdatedAt"
FROM "Organizations" AS o
WHERE NOT (o."IsDeleted") AND o."Id" = @___currentUser_OrganizationId_0
LIMIT 1
2026-07-31 22:37:13.804 +06:00 [INF] [0HNNF47SHHDTC:00000001] [0HNNF47SHHDTC:00000001] GET /api/auth/context → 200 (17.1ms)
2026-07-31 22:37:18.627 +06:00 [DBG] [0HNNF47SHHDTF:00000001] Permission granted: Owner → members.view
2026-07-31 22:37:18.627 +06:00 [DBG] [0HNNF47SHHDTD:00000001] Permission granted: Owner → projects.view
2026-07-31 22:37:18.627 +06:00 [DBG] [0HNNF47SHHDTE:00000001] Permission granted: Owner → projects.view
2026-07-31 22:37:18.629 +06:00 [INF] [0HNNF47SHHDTD:00000001] Executed DbCommand (1ms) [Parameters=[@___currentUser_UserId_0='00000000-0000-0000-0002-000000000001'], CommandType='"Text"', CommandTimeout='30']
SELECT u."Id", u."CreatedAt", u."DeletedAt", u."Email", u."EmailVerificationExpiry", u."EmailVerificationToken", u."FirstName", u."IsActive", u."IsDeleted", u."IsEmailVerified", u."LastLoginAt", u."LastName", u."OrganizationId", u."PasswordHash", u."PasswordResetExpiry", u."PasswordResetToken", u."ProfilePictureUrl", u."RefreshToken", u."RefreshTokenExpiry", u."Role", u."UpdatedAt", o0."Id", o0."CreatedAt", o0."DeletedAt", o0."Description", o0."IsActive", o0."IsDeleted", o0."LogoUrl", o0."Name", o0."Plan", o0."Slug", o0."UpdatedAt"
FROM "Users" AS u
INNER JOIN (
    SELECT o."Id", o."CreatedAt", o."DeletedAt", o."Description", o."IsActive", o."IsDeleted", o."LogoUrl", o."Name", o."Plan", o."Slug", o."UpdatedAt"
    FROM "Organizations" AS o
    WHERE NOT (o."IsDeleted")
) AS o0 ON u."OrganizationId" = o0."Id"
WHERE NOT (u."IsDeleted") AND u."Id" = @___currentUser_UserId_0
LIMIT 1
2026-07-31 22:37:18.662 +06:00 [ERR] [0HNNF47SHHDTD:00000001] Failed executing DbCommand (3ms) [Parameters=[@___currentUser_OrganizationId_0='00000000-0000-0000-0001-000000000001', @__p_2='50', @__p_1='0'], CommandType='"Text"', CommandTimeout='30']
SELECT a."Id", a."Action", a."CreatedAt", a."EntityId", a."EntityName", a."EntityType", a."Metadata", a."OrganizationId", a."ProjectId", a."UserId", a."UserName"
FROM "ActivityLogs" AS a
WHERE a."OrganizationId" = @___currentUser_OrganizationId_0
ORDER BY a."CreatedAt" DESC
LIMIT @__p_2 OFFSET @__p_1
2026-07-31 22:37:18.666 +06:00 [INF] [0HNNF47SHHDTF:00000001] Executed DbCommand (6ms) [Parameters=[@___currentUser_UserId_0='00000000-0000-0000-0002-000000000001'], CommandType='"Text"', CommandTimeout='30']
SELECT u."Id", u."CreatedAt", u."DeletedAt", u."Email", u."EmailVerificationExpiry", u."EmailVerificationToken", u."FirstName", u."IsActive", u."IsDeleted", u."IsEmailVerified", u."LastLoginAt", u."LastName", u."OrganizationId", u."PasswordHash", u."PasswordResetExpiry", u."PasswordResetToken", u."ProfilePictureUrl", u."RefreshToken", u."RefreshTokenExpiry", u."Role", u."UpdatedAt", o0."Id", o0."CreatedAt", o0."DeletedAt", o0."Description", o0."IsActive", o0."IsDeleted", o0."LogoUrl", o0."Name", o0."Plan", o0."Slug", o0."UpdatedAt"
FROM "Users" AS u
INNER JOIN (
    SELECT o."Id", o."CreatedAt", o."DeletedAt", o."Description", o."IsActive", o."IsDeleted", o."LogoUrl", o."Name", o."Plan", o."Slug", o."UpdatedAt"
    FROM "Organizations" AS o
    WHERE NOT (o."IsDeleted")
) AS o0 ON u."OrganizationId" = o0."Id"
WHERE NOT (u."IsDeleted") AND u."Id" = @___currentUser_UserId_0
LIMIT 1
2026-07-31 22:37:18.667 +06:00 [INF] [0HNNF47SHHDTE:00000001] Executed DbCommand (6ms) [Parameters=[@___currentUser_UserId_0='00000000-0000-0000-0002-000000000001'], CommandType='"Text"', CommandTimeout='30']
SELECT u."Id", u."CreatedAt", u."DeletedAt", u."Email", u."EmailVerificationExpiry", u."EmailVerificationToken", u."FirstName", u."IsActive", u."IsDeleted", u."IsEmailVerified", u."LastLoginAt", u."LastName", u."OrganizationId", u."PasswordHash", u."PasswordResetExpiry", u."PasswordResetToken", u."ProfilePictureUrl", u."RefreshToken", u."RefreshTokenExpiry", u."Role", u."UpdatedAt", o0."Id", o0."CreatedAt", o0."DeletedAt", o0."Description", o0."IsActive", o0."IsDeleted", o0."LogoUrl", o0."Name", o0."Plan", o0."Slug", o0."UpdatedAt"
FROM "Users" AS u
INNER JOIN (
    SELECT o."Id", o."CreatedAt", o."DeletedAt", o."Description", o."IsActive", o."IsDeleted", o."LogoUrl", o."Name", o."Plan", o."Slug", o."UpdatedAt"
    FROM "Organizations" AS o
    WHERE NOT (o."IsDeleted")
) AS o0 ON u."OrganizationId" = o0."Id"
WHERE NOT (u."IsDeleted") AND u."Id" = @___currentUser_UserId_0
LIMIT 1
2026-07-31 22:37:18.675 +06:00 [ERR] [0HNNF47SHHDTD:00000001] An exception occurred while iterating over the results of a query for context type 'WorkHub.Infrastructure.Data.AppDbContext'.
Npgsql.PostgresException (0x80004005): 42P01: relation "ActivityLogs" does not exist

POSITION: 169
   at Npgsql.Internal.NpgsqlConnector.ReadMessageLong(Boolean async, DataRowLoadingMode dataRowLoadingMode, Boolean readingNotifications, Boolean isReadingPrependedMessage)
   at System.Runtime.CompilerServices.PoolingAsyncValueTaskMethodBuilder`1.StateMachineBox`1.System.Threading.Tasks.Sources.IValueTaskSource<TResult>.GetResult(Int16 token)
   at Npgsql.NpgsqlDataReader.NextResult(Boolean async, Boolean isConsuming, CancellationToken cancellationToken)
   at Npgsql.NpgsqlDataReader.NextResult(Boolean async, Boolean isConsuming, CancellationToken cancellationToken)
   at Npgsql.NpgsqlCommand.ExecuteReader(Boolean async, CommandBehavior behavior, CancellationToken cancellationToken)
   at Npgsql.NpgsqlCommand.ExecuteReader(Boolean async, CommandBehavior behavior, CancellationToken cancellationToken)
   at Npgsql.NpgsqlCommand.ExecuteDbDataReaderAsync(CommandBehavior behavior, CancellationToken cancellationToken)
   at Microsoft.EntityFrameworkCore.Storage.RelationalCommand.ExecuteReaderAsync(RelationalCommandParameterObject parameterObject, CancellationToken cancellationToken)
   at Microsoft.EntityFrameworkCore.Storage.RelationalCommand.ExecuteReaderAsync(RelationalCommandParameterObject parameterObject, CancellationToken cancellationToken)
   at Microsoft.EntityFrameworkCore.Query.Internal.SingleQueryingEnumerable`1.AsyncEnumerator.InitializeReaderAsync(AsyncEnumerator enumerator, CancellationToken cancellationToken)
   at Microsoft.EntityFrameworkCore.Storage.ExecutionStrategy.<>c__DisplayClass30_0`2.<<ExecuteAsync>b__0>d.MoveNext()
--- End of stack trace from previous location ---
   at Microsoft.EntityFrameworkCore.Storage.ExecutionStrategy.ExecuteImplementationAsync[TState,TResult](Func`4 operation, Func`4 verifySucceeded, TState state, CancellationToken cancellationToken)
   at Microsoft.EntityFrameworkCore.Storage.ExecutionStrategy.ExecuteImplementationAsync[TState,TResult](Func`4 operation, Func`4 verifySucceeded, TState state, CancellationToken cancellationToken)
   at Microsoft.EntityFrameworkCore.Storage.ExecutionStrategy.ExecuteAsync[TState,TResult](TState state, Func`4 operation, Func`4 verifySucceeded, CancellationToken cancellationToken)
   at Microsoft.EntityFrameworkCore.Query.Internal.SingleQueryingEnumerable`1.AsyncEnumerator.MoveNextAsync()
  Exception data:
    Severity: ERROR
    SqlState: 42P01
    MessageText: relation "ActivityLogs" does not exist
    Position: 169
    File: parse_relation.c
    Line: 1452
    Routine: parserOpenTable
Npgsql.PostgresException (0x80004005): 42P01: relation "ActivityLogs" does not exist

POSITION: 169
   at Npgsql.Internal.NpgsqlConnector.ReadMessageLong(Boolean async, DataRowLoadingMode dataRowLoadingMode, Boolean readingNotifications, Boolean isReadingPrependedMessage)
   at System.Runtime.CompilerServices.PoolingAsyncValueTaskMethodBuilder`1.StateMachineBox`1.System.Threading.Tasks.Sources.IValueTaskSource<TResult>.GetResult(Int16 token)
   at Npgsql.NpgsqlDataReader.NextResult(Boolean async, Boolean isConsuming, CancellationToken cancellationToken)
   at Npgsql.NpgsqlDataReader.NextResult(Boolean async, Boolean isConsuming, CancellationToken cancellationToken)
   at Npgsql.NpgsqlCommand.ExecuteReader(Boolean async, CommandBehavior behavior, CancellationToken cancellationToken)
   at Npgsql.NpgsqlCommand.ExecuteReader(Boolean async, CommandBehavior behavior, CancellationToken cancellationToken)
   at Npgsql.NpgsqlCommand.ExecuteDbDataReaderAsync(CommandBehavior behavior, CancellationToken cancellationToken)
   at Microsoft.EntityFrameworkCore.Storage.RelationalCommand.ExecuteReaderAsync(RelationalCommandParameterObject parameterObject, CancellationToken cancellationToken)
   at Microsoft.EntityFrameworkCore.Storage.RelationalCommand.ExecuteReaderAsync(RelationalCommandParameterObject parameterObject, CancellationToken cancellationToken)
   at Microsoft.EntityFrameworkCore.Query.Internal.SingleQueryingEnumerable`1.AsyncEnumerator.InitializeReaderAsync(AsyncEnumerator enumerator, CancellationToken cancellationToken)
   at Microsoft.EntityFrameworkCore.Storage.ExecutionStrategy.<>c__DisplayClass30_0`2.<<ExecuteAsync>b__0>d.MoveNext()
--- End of stack trace from previous location ---
   at Microsoft.EntityFrameworkCore.Storage.ExecutionStrategy.ExecuteImplementationAsync[TState,TResult](Func`4 operation, Func`4 verifySucceeded, TState state, CancellationToken cancellationToken)
   at Microsoft.EntityFrameworkCore.Storage.ExecutionStrategy.ExecuteImplementationAsync[TState,TResult](Func`4 operation, Func`4 verifySucceeded, TState state, CancellationToken cancellationToken)
   at Microsoft.EntityFrameworkCore.Storage.ExecutionStrategy.ExecuteAsync[TState,TResult](TState state, Func`4 operation, Func`4 verifySucceeded, CancellationToken cancellationToken)
   at Microsoft.EntityFrameworkCore.Query.Internal.SingleQueryingEnumerable`1.AsyncEnumerator.MoveNextAsync()
  Exception data:
    Severity: ERROR
    SqlState: 42P01
    MessageText: relation "ActivityLogs" does not exist
    Position: 169
    File: parse_relation.c
    Line: 1452
    Routine: parserOpenTable
2026-07-31 22:37:18.689 +06:00 [ERR] [0HNNF47SHHDTE:00000001] Failed executing DbCommand (1ms) [Parameters=[@___currentUser_OrganizationId_0='00000000-0000-0000-0001-000000000001'], CommandType='"Text"', CommandTimeout='30']
SELECT count(*)::int
FROM "Projects" AS p
WHERE NOT (p."IsDeleted") AND p."OrganizationId" = @___currentUser_OrganizationId_0
2026-07-31 22:37:18.691 +06:00 [INF] [0HNNF47SHHDTF:00000001] Executed DbCommand (4ms) [Parameters=[@___currentUser_OrganizationId_0='00000000-0000-0000-0001-000000000001'], CommandType='"Text"', CommandTimeout='30']
SELECT count(*)::int
FROM "Users" AS u
WHERE NOT (u."IsDeleted") AND u."OrganizationId" = @___currentUser_OrganizationId_0
2026-07-31 22:37:18.691 +06:00 [ERR] [0HNNF47SHHDTE:00000001] An exception occurred while iterating over the results of a query for context type 'WorkHub.Infrastructure.Data.AppDbContext'.
Npgsql.PostgresException (0x80004005): 42P01: relation "Projects" does not exist

POSITION: 28
   at Npgsql.Internal.NpgsqlConnector.ReadMessageLong(Boolean async, DataRowLoadingMode dataRowLoadingMode, Boolean readingNotifications, Boolean isReadingPrependedMessage)
   at System.Runtime.CompilerServices.PoolingAsyncValueTaskMethodBuilder`1.StateMachineBox`1.System.Threading.Tasks.Sources.IValueTaskSource<TResult>.GetResult(Int16 token)
   at Npgsql.NpgsqlDataReader.NextResult(Boolean async, Boolean isConsuming, CancellationToken cancellationToken)
   at Npgsql.NpgsqlDataReader.NextResult(Boolean async, Boolean isConsuming, CancellationToken cancellationToken)
   at Npgsql.NpgsqlCommand.ExecuteReader(Boolean async, CommandBehavior behavior, CancellationToken cancellationToken)
   at Npgsql.NpgsqlCommand.ExecuteReader(Boolean async, CommandBehavior behavior, CancellationToken cancellationToken)
   at Npgsql.NpgsqlCommand.ExecuteDbDataReaderAsync(CommandBehavior behavior, CancellationToken cancellationToken)
   at Microsoft.EntityFrameworkCore.Storage.RelationalCommand.ExecuteReaderAsync(RelationalCommandParameterObject parameterObject, CancellationToken cancellationToken)
   at Microsoft.EntityFrameworkCore.Storage.RelationalCommand.ExecuteReaderAsync(RelationalCommandParameterObject parameterObject, CancellationToken cancellationToken)
   at Microsoft.EntityFrameworkCore.Query.Internal.SingleQueryingEnumerable`1.AsyncEnumerator.InitializeReaderAsync(AsyncEnumerator enumerator, CancellationToken cancellationToken)
   at Microsoft.EntityFrameworkCore.Storage.ExecutionStrategy.<>c__DisplayClass30_0`2.<<ExecuteAsync>b__0>d.MoveNext()
--- End of stack trace from previous location ---
   at Microsoft.EntityFrameworkCore.Storage.ExecutionStrategy.ExecuteImplementationAsync[TState,TResult](Func`4 operation, Func`4 verifySucceeded, TState state, CancellationToken cancellationToken)
   at Microsoft.EntityFrameworkCore.Storage.ExecutionStrategy.ExecuteImplementationAsync[TState,TResult](Func`4 operation, Func`4 verifySucceeded, TState state, CancellationToken cancellationToken)
   at Microsoft.EntityFrameworkCore.Storage.ExecutionStrategy.ExecuteAsync[TState,TResult](TState state, Func`4 operation, Func`4 verifySucceeded, CancellationToken cancellationToken)
   at Microsoft.EntityFrameworkCore.Query.Internal.SingleQueryingEnumerable`1.AsyncEnumerator.MoveNextAsync()
  Exception data:
    Severity: ERROR
    SqlState: 42P01
    MessageText: relation "Projects" does not exist
    Position: 28
    File: parse_relation.c
    Line: 1452
    Routine: parserOpenTable
Npgsql.PostgresException (0x80004005): 42P01: relation "Projects" does not exist

POSITION: 28
   at Npgsql.Internal.NpgsqlConnector.ReadMessageLong(Boolean async, DataRowLoadingMode dataRowLoadingMode, Boolean readingNotifications, Boolean isReadingPrependedMessage)
   at System.Runtime.CompilerServices.PoolingAsyncValueTaskMethodBuilder`1.StateMachineBox`1.System.Threading.Tasks.Sources.IValueTaskSource<TResult>.GetResult(Int16 token)
   at Npgsql.NpgsqlDataReader.NextResult(Boolean async, Boolean isConsuming, CancellationToken cancellationToken)
   at Npgsql.NpgsqlDataReader.NextResult(Boolean async, Boolean isConsuming, CancellationToken cancellationToken)
   at Npgsql.NpgsqlCommand.ExecuteReader(Boolean async, CommandBehavior behavior, CancellationToken cancellationToken)
   at Npgsql.NpgsqlCommand.ExecuteReader(Boolean async, CommandBehavior behavior, CancellationToken cancellationToken)
   at Npgsql.NpgsqlCommand.ExecuteDbDataReaderAsync(CommandBehavior behavior, CancellationToken cancellationToken)
   at Microsoft.EntityFrameworkCore.Storage.RelationalCommand.ExecuteReaderAsync(RelationalCommandParameterObject parameterObject, CancellationToken cancellationToken)
   at Microsoft.EntityFrameworkCore.Storage.RelationalCommand.ExecuteReaderAsync(RelationalCommandParameterObject parameterObject, CancellationToken cancellationToken)
   at Microsoft.EntityFrameworkCore.Query.Internal.SingleQueryingEnumerable`1.AsyncEnumerator.InitializeReaderAsync(AsyncEnumerator enumerator, CancellationToken cancellationToken)
   at Microsoft.EntityFrameworkCore.Storage.ExecutionStrategy.<>c__DisplayClass30_0`2.<<ExecuteAsync>b__0>d.MoveNext()
--- End of stack trace from previous location ---
   at Microsoft.EntityFrameworkCore.Storage.ExecutionStrategy.ExecuteImplementationAsync[TState,TResult](Func`4 operation, Func`4 verifySucceeded, TState state, CancellationToken cancellationToken)
   at Microsoft.EntityFrameworkCore.Storage.ExecutionStrategy.ExecuteImplementationAsync[TState,TResult](Func`4 operation, Func`4 verifySucceeded, TState state, CancellationToken cancellationToken)
   at Microsoft.EntityFrameworkCore.Storage.ExecutionStrategy.ExecuteAsync[TState,TResult](TState state, Func`4 operation, Func`4 verifySucceeded, CancellationToken cancellationToken)
   at Microsoft.EntityFrameworkCore.Query.Internal.SingleQueryingEnumerable`1.AsyncEnumerator.MoveNextAsync()
  Exception data:
    Severity: ERROR
    SqlState: 42P01
    MessageText: relation "Projects" does not exist
    Position: 28
    File: parse_relation.c
    Line: 1452
    Routine: parserOpenTable
2026-07-31 22:37:18.694 +06:00 [ERR] [0HNNF47SHHDTE:00000001] Error listing projects for org "00000000-0000-0000-0001-000000000001"
Npgsql.PostgresException (0x80004005): 42P01: relation "Projects" does not exist

POSITION: 28
   at Npgsql.Internal.NpgsqlConnector.ReadMessageLong(Boolean async, DataRowLoadingMode dataRowLoadingMode, Boolean readingNotifications, Boolean isReadingPrependedMessage)
   at System.Runtime.CompilerServices.PoolingAsyncValueTaskMethodBuilder`1.StateMachineBox`1.System.Threading.Tasks.Sources.IValueTaskSource<TResult>.GetResult(Int16 token)
   at Npgsql.NpgsqlDataReader.NextResult(Boolean async, Boolean isConsuming, CancellationToken cancellationToken)
   at Npgsql.NpgsqlDataReader.NextResult(Boolean async, Boolean isConsuming, CancellationToken cancellationToken)
   at Npgsql.NpgsqlCommand.ExecuteReader(Boolean async, CommandBehavior behavior, CancellationToken cancellationToken)
   at Npgsql.NpgsqlCommand.ExecuteReader(Boolean async, CommandBehavior behavior, CancellationToken cancellationToken)
   at Npgsql.NpgsqlCommand.ExecuteDbDataReaderAsync(CommandBehavior behavior, CancellationToken cancellationToken)
   at Microsoft.EntityFrameworkCore.Storage.RelationalCommand.ExecuteReaderAsync(RelationalCommandParameterObject parameterObject, CancellationToken cancellationToken)
   at Microsoft.EntityFrameworkCore.Storage.RelationalCommand.ExecuteReaderAsync(RelationalCommandParameterObject parameterObject, CancellationToken cancellationToken)
   at Microsoft.EntityFrameworkCore.Query.Internal.SingleQueryingEnumerable`1.AsyncEnumerator.InitializeReaderAsync(AsyncEnumerator enumerator, CancellationToken cancellationToken)
   at Microsoft.EntityFrameworkCore.Storage.ExecutionStrategy.<>c__DisplayClass30_0`2.<<ExecuteAsync>b__0>d.MoveNext()
--- End of stack trace from previous location ---
   at Microsoft.EntityFrameworkCore.Storage.ExecutionStrategy.ExecuteImplementationAsync[TState,TResult](Func`4 operation, Func`4 verifySucceeded, TState state, CancellationToken cancellationToken)
   at Microsoft.EntityFrameworkCore.Storage.ExecutionStrategy.ExecuteImplementationAsync[TState,TResult](Func`4 operation, Func`4 verifySucceeded, TState state, CancellationToken cancellationToken)
   at Microsoft.EntityFrameworkCore.Storage.ExecutionStrategy.ExecuteAsync[TState,TResult](TState state, Func`4 operation, Func`4 verifySucceeded, CancellationToken cancellationToken)
   at Microsoft.EntityFrameworkCore.Query.Internal.SingleQueryingEnumerable`1.AsyncEnumerator.MoveNextAsync()
   at Microsoft.EntityFrameworkCore.Query.ShapedQueryCompilingExpressionVisitor.SingleAsync[TSource](IAsyncEnumerable`1 asyncEnumerable, CancellationToken cancellationToken)
   at Microsoft.EntityFrameworkCore.Query.ShapedQueryCompilingExpressionVisitor.SingleAsync[TSource](IAsyncEnumerable`1 asyncEnumerable, CancellationToken cancellationToken)
   at WorkHub.Application.Services.ProjectService.GetProjectsAsync(ProjectQueryDto query) in C:\Users\Abdullah\Documents\GitHub\WorkSphere\WorkHub.Application\Services\ProjectService.cs:line 95
  Exception data:
    Severity: ERROR
    SqlState: 42P01
    MessageText: relation "Projects" does not exist
    Position: 28
    File: parse_relation.c
    Line: 1452
    Routine: parserOpenTable
2026-07-31 22:37:18.680 +06:00 [ERR] [0HNNF47SHHDTD:00000001] Unhandled exception on GET /api/activity — PostgresException: 42P01: relation "ActivityLogs" does not exist

POSITION: 169
Npgsql.PostgresException (0x80004005): 42P01: relation "ActivityLogs" does not exist

POSITION: 169
   at Npgsql.Internal.NpgsqlConnector.ReadMessageLong(Boolean async, DataRowLoadingMode dataRowLoadingMode, Boolean readingNotifications, Boolean isReadingPrependedMessage)
   at System.Runtime.CompilerServices.PoolingAsyncValueTaskMethodBuilder`1.StateMachineBox`1.System.Threading.Tasks.Sources.IValueTaskSource<TResult>.GetResult(Int16 token)
   at Npgsql.NpgsqlDataReader.NextResult(Boolean async, Boolean isConsuming, CancellationToken cancellationToken)
   at Npgsql.NpgsqlDataReader.NextResult(Boolean async, Boolean isConsuming, CancellationToken cancellationToken)
   at Npgsql.NpgsqlCommand.ExecuteReader(Boolean async, CommandBehavior behavior, CancellationToken cancellationToken)
   at Npgsql.NpgsqlCommand.ExecuteReader(Boolean async, CommandBehavior behavior, CancellationToken cancellationToken)
   at Npgsql.NpgsqlCommand.ExecuteDbDataReaderAsync(CommandBehavior behavior, CancellationToken cancellationToken)
   at Microsoft.EntityFrameworkCore.Storage.RelationalCommand.ExecuteReaderAsync(RelationalCommandParameterObject parameterObject, CancellationToken cancellationToken)
   at Microsoft.EntityFrameworkCore.Storage.RelationalCommand.ExecuteReaderAsync(RelationalCommandParameterObject parameterObject, CancellationToken cancellationToken)
   at Microsoft.EntityFrameworkCore.Query.Internal.SingleQueryingEnumerable`1.AsyncEnumerator.InitializeReaderAsync(AsyncEnumerator enumerator, CancellationToken cancellationToken)
   at Microsoft.EntityFrameworkCore.Storage.ExecutionStrategy.<>c__DisplayClass30_0`2.<<ExecuteAsync>b__0>d.MoveNext()
--- End of stack trace from previous location ---
   at Microsoft.EntityFrameworkCore.Storage.ExecutionStrategy.ExecuteImplementationAsync[TState,TResult](Func`4 operation, Func`4 verifySucceeded, TState state, CancellationToken cancellationToken)
   at Microsoft.EntityFrameworkCore.Storage.ExecutionStrategy.ExecuteImplementationAsync[TState,TResult](Func`4 operation, Func`4 verifySucceeded, TState state, CancellationToken cancellationToken)
   at Microsoft.EntityFrameworkCore.Storage.ExecutionStrategy.ExecuteAsync[TState,TResult](TState state, Func`4 operation, Func`4 verifySucceeded, CancellationToken cancellationToken)
   at Microsoft.EntityFrameworkCore.Query.Internal.SingleQueryingEnumerable`1.AsyncEnumerator.MoveNextAsync()
   at Microsoft.EntityFrameworkCore.EntityFrameworkQueryableExtensions.ToListAsync[TSource](IQueryable`1 source, CancellationToken cancellationToken)
   at Microsoft.EntityFrameworkCore.EntityFrameworkQueryableExtensions.ToListAsync[TSource](IQueryable`1 source, CancellationToken cancellationToken)
   at WorkHub.Application.Services.ActivityService.GetOrgActivityAsync(Int32 page, Int32 pageSize) in C:\Users\Abdullah\Documents\GitHub\WorkSphere\WorkHub.Application\Services\ActivityService.cs:line 76
   at WorkHub.API.Controllers.ActivityController.GetOrgActivity(Int32 page, Int32 pageSize) in C:\Users\Abdullah\Documents\GitHub\WorkSphere\WorkHub.API\Controllers\ActivityController.cs:line 38
   at Microsoft.AspNetCore.Mvc.Infrastructure.ActionMethodExecutor.TaskOfIActionResultExecutor.Execute(ActionContext actionContext, IActionResultTypeMapper mapper, ObjectMethodExecutor executor, Object controller, Object[] arguments)
   at Microsoft.AspNetCore.Mvc.Infrastructure.ControllerActionInvoker.<InvokeActionMethodAsync>g__Awaited|12_0(ControllerActionInvoker invoker, ValueTask`1 actionResultValueTask)
   at Microsoft.AspNetCore.Mvc.Infrastructure.ControllerActionInvoker.<InvokeNextActionFilterAsync>g__Awaited|10_0(ControllerActionInvoker invoker, Task lastTask, State next, Scope scope, Object state, Boolean isCompleted)
   at Microsoft.AspNetCore.Mvc.Infrastructure.ControllerActionInvoker.Rethrow(ActionExecutedContextSealed context)
   at Microsoft.AspNetCore.Mvc.Infrastructure.ControllerActionInvoker.Next(State& next, Scope& scope, Object& state, Boolean& isCompleted)
   at Microsoft.AspNetCore.Mvc.Infrastructure.ControllerActionInvoker.<InvokeInnerFilterAsync>g__Awaited|13_0(ControllerActionInvoker invoker, Task lastTask, State next, Scope scope, Object state, Boolean isCompleted)
   at Microsoft.AspNetCore.Mvc.Infrastructure.ResourceInvoker.<InvokeFilterPipelineAsync>g__Awaited|20_0(ResourceInvoker invoker, Task lastTask, State next, Scope scope, Object state, Boolean isCompleted)
   at Microsoft.AspNetCore.Mvc.Infrastructure.ResourceInvoker.<InvokeAsync>g__Awaited|17_0(ResourceInvoker invoker, Task task, IDisposable scope)
   at Microsoft.AspNetCore.Mvc.Infrastructure.ResourceInvoker.<InvokeAsync>g__Awaited|17_0(ResourceInvoker invoker, Task task, IDisposable scope)
   at WorkHub.API.Middleware.TenantMiddleware.InvokeAsync(HttpContext context) in C:\Users\Abdullah\Documents\GitHub\WorkSphere\WorkHub.API\Middleware\TenantMiddleware.cs:line 77
   at Microsoft.AspNetCore.Authorization.AuthorizationMiddleware.Invoke(HttpContext context)
   at Microsoft.AspNetCore.Authentication.AuthenticationMiddleware.Invoke(HttpContext context)
   at Swashbuckle.AspNetCore.SwaggerUI.SwaggerUIMiddleware.Invoke(HttpContext httpContext)
   at Swashbuckle.AspNetCore.Swagger.SwaggerMiddleware.Invoke(HttpContext httpContext, ISwaggerProvider swaggerProvider)
   at WorkHub.API.Middleware.RequestLoggingMiddleware.InvokeAsync(HttpContext context) in C:\Users\Abdullah\Documents\GitHub\WorkSphere\WorkHub.API\Middleware\RequestLoggingMiddleware.cs:line 32
   at WorkHub.API.Middleware.GlobalExceptionMiddleware.InvokeAsync(HttpContext context) in C:\Users\Abdullah\Documents\GitHub\WorkSphere\WorkHub.API\Middleware\GlobalExceptionMiddleware.cs:line 28
  Exception data:
    Severity: ERROR
    SqlState: 42P01
    MessageText: relation "ActivityLogs" does not exist
    Position: 169
    File: parse_relation.c
    Line: 1452
    Routine: parserOpenTable
2026-07-31 22:37:18.705 +06:00 [INF] [0HNNF47SHHDTF:00000001] Executed DbCommand (1ms) [Parameters=[@___currentUser_OrganizationId_0='00000000-0000-0000-0001-000000000001', @__p_2='100', @__p_1='0'], CommandType='"Text"', CommandTimeout='30']
SELECT u."Id", u."CreatedAt", u."DeletedAt", u."Email", u."EmailVerificationExpiry", u."EmailVerificationToken", u."FirstName", u."IsActive", u."IsDeleted", u."IsEmailVerified", u."LastLoginAt", u."LastName", u."OrganizationId", u."PasswordHash", u."PasswordResetExpiry", u."PasswordResetToken", u."ProfilePictureUrl", u."RefreshToken", u."RefreshTokenExpiry", u."Role", u."UpdatedAt"
FROM "Users" AS u
WHERE NOT (u."IsDeleted") AND u."OrganizationId" = @___currentUser_OrganizationId_0
ORDER BY u."FirstName", u."LastName"
LIMIT @__p_2 OFFSET @__p_1
2026-07-31 22:37:18.706 +06:00 [ERR] [0HNNF47SHHDTD:00000001] [0HNNF47SHHDTD:00000001] GET /api/activity → 500 (82.5ms)
2026-07-31 22:37:18.707 +06:00 [WRN] [0HNNF47SHHDTE:00000001] [0HNNF47SHHDTE:00000001] GET /api/projects → 400 (83.4ms)
2026-07-31 22:37:18.708 +06:00 [INF] [0HNNF47SHHDTF:00000001] Members listed for org "00000000-0000-0000-0001-000000000001" — page 1, 4 results
2026-07-31 22:37:18.713 +06:00 [INF] [0HNNF47SHHDTF:00000001] [0HNNF47SHHDTF:00000001] GET /api/organizations/me/members → 200 (88.5ms)
2026-07-31 22:37:19.717 +06:00 [DBG] [0HNNF47SHHDTH:00000001] Permission granted: Owner → projects.view
2026-07-31 22:37:19.717 +06:00 [DBG] [0HNNF47SHHDTG:00000001] Permission granted: Owner → projects.view
2026-07-31 22:37:19.720 +06:00 [INF] [0HNNF47SHHDTG:00000001] Executed DbCommand (1ms) [Parameters=[@___currentUser_UserId_0='00000000-0000-0000-0002-000000000001'], CommandType='"Text"', CommandTimeout='30']
SELECT u."Id", u."CreatedAt", u."DeletedAt", u."Email", u."EmailVerificationExpiry", u."EmailVerificationToken", u."FirstName", u."IsActive", u."IsDeleted", u."IsEmailVerified", u."LastLoginAt", u."LastName", u."OrganizationId", u."PasswordHash", u."PasswordResetExpiry", u."PasswordResetToken", u."ProfilePictureUrl", u."RefreshToken", u."RefreshTokenExpiry", u."Role", u."UpdatedAt", o0."Id", o0."CreatedAt", o0."DeletedAt", o0."Description", o0."IsActive", o0."IsDeleted", o0."LogoUrl", o0."Name", o0."Plan", o0."Slug", o0."UpdatedAt"
FROM "Users" AS u
INNER JOIN (
    SELECT o."Id", o."CreatedAt", o."DeletedAt", o."Description", o."IsActive", o."IsDeleted", o."LogoUrl", o."Name", o."Plan", o."Slug", o."UpdatedAt"
    FROM "Organizations" AS o
    WHERE NOT (o."IsDeleted")
) AS o0 ON u."OrganizationId" = o0."Id"
WHERE NOT (u."IsDeleted") AND u."Id" = @___currentUser_UserId_0
LIMIT 1
2026-07-31 22:37:19.720 +06:00 [INF] [0HNNF47SHHDTH:00000001] Executed DbCommand (1ms) [Parameters=[@___currentUser_UserId_0='00000000-0000-0000-0002-000000000001'], CommandType='"Text"', CommandTimeout='30']
SELECT u."Id", u."CreatedAt", u."DeletedAt", u."Email", u."EmailVerificationExpiry", u."EmailVerificationToken", u."FirstName", u."IsActive", u."IsDeleted", u."IsEmailVerified", u."LastLoginAt", u."LastName", u."OrganizationId", u."PasswordHash", u."PasswordResetExpiry", u."PasswordResetToken", u."ProfilePictureUrl", u."RefreshToken", u."RefreshTokenExpiry", u."Role", u."UpdatedAt", o0."Id", o0."CreatedAt", o0."DeletedAt", o0."Description", o0."IsActive", o0."IsDeleted", o0."LogoUrl", o0."Name", o0."Plan", o0."Slug", o0."UpdatedAt"
FROM "Users" AS u
INNER JOIN (
    SELECT o."Id", o."CreatedAt", o."DeletedAt", o."Description", o."IsActive", o."IsDeleted", o."LogoUrl", o."Name", o."Plan", o."Slug", o."UpdatedAt"
    FROM "Organizations" AS o
    WHERE NOT (o."IsDeleted")
) AS o0 ON u."OrganizationId" = o0."Id"
WHERE NOT (u."IsDeleted") AND u."Id" = @___currentUser_UserId_0
LIMIT 1
2026-07-31 22:37:19.722 +06:00 [ERR] [0HNNF47SHHDTG:00000001] Failed executing DbCommand (1ms) [Parameters=[@___currentUser_OrganizationId_0='00000000-0000-0000-0001-000000000001', @__p_2='50', @__p_1='0'], CommandType='"Text"', CommandTimeout='30']
SELECT a."Id", a."Action", a."CreatedAt", a."EntityId", a."EntityName", a."EntityType", a."Metadata", a."OrganizationId", a."ProjectId", a."UserId", a."UserName"
FROM "ActivityLogs" AS a
WHERE a."OrganizationId" = @___currentUser_OrganizationId_0
ORDER BY a."CreatedAt" DESC
LIMIT @__p_2 OFFSET @__p_1
2026-07-31 22:37:19.722 +06:00 [ERR] [0HNNF47SHHDTH:00000001] Failed executing DbCommand (0ms) [Parameters=[@___currentUser_OrganizationId_0='00000000-0000-0000-0001-000000000001'], CommandType='"Text"', CommandTimeout='30']
SELECT count(*)::int
FROM "Projects" AS p
WHERE NOT (p."IsDeleted") AND p."OrganizationId" = @___currentUser_OrganizationId_0
2026-07-31 22:37:19.723 +06:00 [ERR] [0HNNF47SHHDTG:00000001] An exception occurred while iterating over the results of a query for context type 'WorkHub.Infrastructure.Data.AppDbContext'.
Npgsql.PostgresException (0x80004005): 42P01: relation "ActivityLogs" does not exist

POSITION: 169
   at Npgsql.Internal.NpgsqlConnector.ReadMessageLong(Boolean async, DataRowLoadingMode dataRowLoadingMode, Boolean readingNotifications, Boolean isReadingPrependedMessage)
   at System.Runtime.CompilerServices.PoolingAsyncValueTaskMethodBuilder`1.StateMachineBox`1.System.Threading.Tasks.Sources.IValueTaskSource<TResult>.GetResult(Int16 token)
   at Npgsql.NpgsqlDataReader.NextResult(Boolean async, Boolean isConsuming, CancellationToken cancellationToken)
   at Npgsql.NpgsqlDataReader.NextResult(Boolean async, Boolean isConsuming, CancellationToken cancellationToken)
   at Npgsql.NpgsqlCommand.ExecuteReader(Boolean async, CommandBehavior behavior, CancellationToken cancellationToken)
   at Npgsql.NpgsqlCommand.ExecuteReader(Boolean async, CommandBehavior behavior, CancellationToken cancellationToken)
   at Npgsql.NpgsqlCommand.ExecuteDbDataReaderAsync(CommandBehavior behavior, CancellationToken cancellationToken)
   at Microsoft.EntityFrameworkCore.Storage.RelationalCommand.ExecuteReaderAsync(RelationalCommandParameterObject parameterObject, CancellationToken cancellationToken)
   at Microsoft.EntityFrameworkCore.Storage.RelationalCommand.ExecuteReaderAsync(RelationalCommandParameterObject parameterObject, CancellationToken cancellationToken)
   at Microsoft.EntityFrameworkCore.Query.Internal.SingleQueryingEnumerable`1.AsyncEnumerator.InitializeReaderAsync(AsyncEnumerator enumerator, CancellationToken cancellationToken)
   at Microsoft.EntityFrameworkCore.Storage.ExecutionStrategy.<>c__DisplayClass30_0`2.<<ExecuteAsync>b__0>d.MoveNext()
--- End of stack trace from previous location ---
   at Microsoft.EntityFrameworkCore.Storage.ExecutionStrategy.ExecuteImplementationAsync[TState,TResult](Func`4 operation, Func`4 verifySucceeded, TState state, CancellationToken cancellationToken)
   at Microsoft.EntityFrameworkCore.Storage.ExecutionStrategy.ExecuteImplementationAsync[TState,TResult](Func`4 operation, Func`4 verifySucceeded, TState state, CancellationToken cancellationToken)
   at Microsoft.EntityFrameworkCore.Storage.ExecutionStrategy.ExecuteAsync[TState,TResult](TState state, Func`4 operation, Func`4 verifySucceeded, CancellationToken cancellationToken)
   at Microsoft.EntityFrameworkCore.Query.Internal.SingleQueryingEnumerable`1.AsyncEnumerator.MoveNextAsync()
  Exception data:
    Severity: ERROR
    SqlState: 42P01
    MessageText: relation "ActivityLogs" does not exist
    Position: 169
    File: parse_relation.c
    Line: 1452
    Routine: parserOpenTable
Npgsql.PostgresException (0x80004005): 42P01: relation "ActivityLogs" does not exist

POSITION: 169
   at Npgsql.Internal.NpgsqlConnector.ReadMessageLong(Boolean async, DataRowLoadingMode dataRowLoadingMode, Boolean readingNotifications, Boolean isReadingPrependedMessage)
   at System.Runtime.CompilerServices.PoolingAsyncValueTaskMethodBuilder`1.StateMachineBox`1.System.Threading.Tasks.Sources.IValueTaskSource<TResult>.GetResult(Int16 token)
   at Npgsql.NpgsqlDataReader.NextResult(Boolean async, Boolean isConsuming, CancellationToken cancellationToken)
   at Npgsql.NpgsqlDataReader.NextResult(Boolean async, Boolean isConsuming, CancellationToken cancellationToken)
   at Npgsql.NpgsqlCommand.ExecuteReader(Boolean async, CommandBehavior behavior, CancellationToken cancellationToken)
   at Npgsql.NpgsqlCommand.ExecuteReader(Boolean async, CommandBehavior behavior, CancellationToken cancellationToken)
   at Npgsql.NpgsqlCommand.ExecuteDbDataReaderAsync(CommandBehavior behavior, CancellationToken cancellationToken)
   at Microsoft.EntityFrameworkCore.Storage.RelationalCommand.ExecuteReaderAsync(RelationalCommandParameterObject parameterObject, CancellationToken cancellationToken)
   at Microsoft.EntityFrameworkCore.Storage.RelationalCommand.ExecuteReaderAsync(RelationalCommandParameterObject parameterObject, CancellationToken cancellationToken)
   at Microsoft.EntityFrameworkCore.Query.Internal.SingleQueryingEnumerable`1.AsyncEnumerator.InitializeReaderAsync(AsyncEnumerator enumerator, CancellationToken cancellationToken)
   at Microsoft.EntityFrameworkCore.Storage.ExecutionStrategy.<>c__DisplayClass30_0`2.<<ExecuteAsync>b__0>d.MoveNext()
--- End of stack trace from previous location ---
   at Microsoft.EntityFrameworkCore.Storage.ExecutionStrategy.ExecuteImplementationAsync[TState,TResult](Func`4 operation, Func`4 verifySucceeded, TState state, CancellationToken cancellationToken)
   at Microsoft.EntityFrameworkCore.Storage.ExecutionStrategy.ExecuteImplementationAsync[TState,TResult](Func`4 operation, Func`4 verifySucceeded, TState state, CancellationToken cancellationToken)
   at Microsoft.EntityFrameworkCore.Storage.ExecutionStrategy.ExecuteAsync[TState,TResult](TState state, Func`4 operation, Func`4 verifySucceeded, CancellationToken cancellationToken)
   at Microsoft.EntityFrameworkCore.Query.Internal.SingleQueryingEnumerable`1.AsyncEnumerator.MoveNextAsync()
  Exception data:
    Severity: ERROR
    SqlState: 42P01
    MessageText: relation "ActivityLogs" does not exist
    Position: 169
    File: parse_relation.c
    Line: 1452
    Routine: parserOpenTable
2026-07-31 22:37:19.723 +06:00 [ERR] [0HNNF47SHHDTH:00000001] An exception occurred while iterating over the results of a query for context type 'WorkHub.Infrastructure.Data.AppDbContext'.
Npgsql.PostgresException (0x80004005): 42P01: relation "Projects" does not exist

POSITION: 28
   at Npgsql.Internal.NpgsqlConnector.ReadMessageLong(Boolean async, DataRowLoadingMode dataRowLoadingMode, Boolean readingNotifications, Boolean isReadingPrependedMessage)
   at System.Runtime.CompilerServices.PoolingAsyncValueTaskMethodBuilder`1.StateMachineBox`1.System.Threading.Tasks.Sources.IValueTaskSource<TResult>.GetResult(Int16 token)
   at Npgsql.NpgsqlDataReader.NextResult(Boolean async, Boolean isConsuming, CancellationToken cancellationToken)
   at Npgsql.NpgsqlDataReader.NextResult(Boolean async, Boolean isConsuming, CancellationToken cancellationToken)
   at Npgsql.NpgsqlCommand.ExecuteReader(Boolean async, CommandBehavior behavior, CancellationToken cancellationToken)
   at Npgsql.NpgsqlCommand.ExecuteReader(Boolean async, CommandBehavior behavior, CancellationToken cancellationToken)
   at Npgsql.NpgsqlCommand.ExecuteDbDataReaderAsync(CommandBehavior behavior, CancellationToken cancellationToken)
   at Microsoft.EntityFrameworkCore.Storage.RelationalCommand.ExecuteReaderAsync(RelationalCommandParameterObject parameterObject, CancellationToken cancellationToken)
   at Microsoft.EntityFrameworkCore.Storage.RelationalCommand.ExecuteReaderAsync(RelationalCommandParameterObject parameterObject, CancellationToken cancellationToken)
   at Microsoft.EntityFrameworkCore.Query.Internal.SingleQueryingEnumerable`1.AsyncEnumerator.InitializeReaderAsync(AsyncEnumerator enumerator, CancellationToken cancellationToken)
   at Microsoft.EntityFrameworkCore.Storage.ExecutionStrategy.<>c__DisplayClass30_0`2.<<ExecuteAsync>b__0>d.MoveNext()
--- End of stack trace from previous location ---
   at Microsoft.EntityFrameworkCore.Storage.ExecutionStrategy.ExecuteImplementationAsync[TState,TResult](Func`4 operation, Func`4 verifySucceeded, TState state, CancellationToken cancellationToken)
   at Microsoft.EntityFrameworkCore.Storage.ExecutionStrategy.ExecuteImplementationAsync[TState,TResult](Func`4 operation, Func`4 verifySucceeded, TState state, CancellationToken cancellationToken)
   at Microsoft.EntityFrameworkCore.Storage.ExecutionStrategy.ExecuteAsync[TState,TResult](TState state, Func`4 operation, Func`4 verifySucceeded, CancellationToken cancellationToken)
   at Microsoft.EntityFrameworkCore.Query.Internal.SingleQueryingEnumerable`1.AsyncEnumerator.MoveNextAsync()
  Exception data:
    Severity: ERROR
    SqlState: 42P01
    MessageText: relation "Projects" does not exist
    Position: 28
    File: parse_relation.c
    Line: 1452
    Routine: parserOpenTable
Npgsql.PostgresException (0x80004005): 42P01: relation "Projects" does not exist

POSITION: 28
   at Npgsql.Internal.NpgsqlConnector.ReadMessageLong(Boolean async, DataRowLoadingMode dataRowLoadingMode, Boolean readingNotifications, Boolean isReadingPrependedMessage)
   at System.Runtime.CompilerServices.PoolingAsyncValueTaskMethodBuilder`1.StateMachineBox`1.System.Threading.Tasks.Sources.IValueTaskSource<TResult>.GetResult(Int16 token)
   at Npgsql.NpgsqlDataReader.NextResult(Boolean async, Boolean isConsuming, CancellationToken cancellationToken)
   at Npgsql.NpgsqlDataReader.NextResult(Boolean async, Boolean isConsuming, CancellationToken cancellationToken)
   at Npgsql.NpgsqlCommand.ExecuteReader(Boolean async, CommandBehavior behavior, CancellationToken cancellationToken)
   at Npgsql.NpgsqlCommand.ExecuteReader(Boolean async, CommandBehavior behavior, CancellationToken cancellationToken)
   at Npgsql.NpgsqlCommand.ExecuteDbDataReaderAsync(CommandBehavior behavior, CancellationToken cancellationToken)
   at Microsoft.EntityFrameworkCore.Storage.RelationalCommand.ExecuteReaderAsync(RelationalCommandParameterObject parameterObject, CancellationToken cancellationToken)
   at Microsoft.EntityFrameworkCore.Storage.RelationalCommand.ExecuteReaderAsync(RelationalCommandParameterObject parameterObject, CancellationToken cancellationToken)
   at Microsoft.EntityFrameworkCore.Query.Internal.SingleQueryingEnumerable`1.AsyncEnumerator.InitializeReaderAsync(AsyncEnumerator enumerator, CancellationToken cancellationToken)
   at Microsoft.EntityFrameworkCore.Storage.ExecutionStrategy.<>c__DisplayClass30_0`2.<<ExecuteAsync>b__0>d.MoveNext()
--- End of stack trace from previous location ---
   at Microsoft.EntityFrameworkCore.Storage.ExecutionStrategy.ExecuteImplementationAsync[TState,TResult](Func`4 operation, Func`4 verifySucceeded, TState state, CancellationToken cancellationToken)
   at Microsoft.EntityFrameworkCore.Storage.ExecutionStrategy.ExecuteImplementationAsync[TState,TResult](Func`4 operation, Func`4 verifySucceeded, TState state, CancellationToken cancellationToken)
   at Microsoft.EntityFrameworkCore.Storage.ExecutionStrategy.ExecuteAsync[TState,TResult](TState state, Func`4 operation, Func`4 verifySucceeded, CancellationToken cancellationToken)
   at Microsoft.EntityFrameworkCore.Query.Internal.SingleQueryingEnumerable`1.AsyncEnumerator.MoveNextAsync()
  Exception data:
    Severity: ERROR
    SqlState: 42P01
    MessageText: relation "Projects" does not exist
    Position: 28
    File: parse_relation.c
    Line: 1452
    Routine: parserOpenTable
2026-07-31 22:37:19.726 +06:00 [ERR] [0HNNF47SHHDTG:00000001] Unhandled exception on GET /api/activity — PostgresException: 42P01: relation "ActivityLogs" does not exist

POSITION: 169
Npgsql.PostgresException (0x80004005): 42P01: relation "ActivityLogs" does not exist

POSITION: 169
   at Npgsql.Internal.NpgsqlConnector.ReadMessageLong(Boolean async, DataRowLoadingMode dataRowLoadingMode, Boolean readingNotifications, Boolean isReadingPrependedMessage)
   at System.Runtime.CompilerServices.PoolingAsyncValueTaskMethodBuilder`1.StateMachineBox`1.System.Threading.Tasks.Sources.IValueTaskSource<TResult>.GetResult(Int16 token)
   at Npgsql.NpgsqlDataReader.NextResult(Boolean async, Boolean isConsuming, CancellationToken cancellationToken)
   at Npgsql.NpgsqlDataReader.NextResult(Boolean async, Boolean isConsuming, CancellationToken cancellationToken)
   at Npgsql.NpgsqlCommand.ExecuteReader(Boolean async, CommandBehavior behavior, CancellationToken cancellationToken)
   at Npgsql.NpgsqlCommand.ExecuteReader(Boolean async, CommandBehavior behavior, CancellationToken cancellationToken)
   at Npgsql.NpgsqlCommand.ExecuteDbDataReaderAsync(CommandBehavior behavior, CancellationToken cancellationToken)
   at Microsoft.EntityFrameworkCore.Storage.RelationalCommand.ExecuteReaderAsync(RelationalCommandParameterObject parameterObject, CancellationToken cancellationToken)
   at Microsoft.EntityFrameworkCore.Storage.RelationalCommand.ExecuteReaderAsync(RelationalCommandParameterObject parameterObject, CancellationToken cancellationToken)
   at Microsoft.EntityFrameworkCore.Query.Internal.SingleQueryingEnumerable`1.AsyncEnumerator.InitializeReaderAsync(AsyncEnumerator enumerator, CancellationToken cancellationToken)
   at Microsoft.EntityFrameworkCore.Storage.ExecutionStrategy.<>c__DisplayClass30_0`2.<<ExecuteAsync>b__0>d.MoveNext()
--- End of stack trace from previous location ---
   at Microsoft.EntityFrameworkCore.Storage.ExecutionStrategy.ExecuteImplementationAsync[TState,TResult](Func`4 operation, Func`4 verifySucceeded, TState state, CancellationToken cancellationToken)
   at Microsoft.EntityFrameworkCore.Storage.ExecutionStrategy.ExecuteImplementationAsync[TState,TResult](Func`4 operation, Func`4 verifySucceeded, TState state, CancellationToken cancellationToken)
   at Microsoft.EntityFrameworkCore.Storage.ExecutionStrategy.ExecuteAsync[TState,TResult](TState state, Func`4 operation, Func`4 verifySucceeded, CancellationToken cancellationToken)
   at Microsoft.EntityFrameworkCore.Query.Internal.SingleQueryingEnumerable`1.AsyncEnumerator.MoveNextAsync()
   at Microsoft.EntityFrameworkCore.EntityFrameworkQueryableExtensions.ToListAsync[TSource](IQueryable`1 source, CancellationToken cancellationToken)
   at Microsoft.EntityFrameworkCore.EntityFrameworkQueryableExtensions.ToListAsync[TSource](IQueryable`1 source, CancellationToken cancellationToken)
   at WorkHub.Application.Services.ActivityService.GetOrgActivityAsync(Int32 page, Int32 pageSize) in C:\Users\Abdullah\Documents\GitHub\WorkSphere\WorkHub.Application\Services\ActivityService.cs:line 76
   at WorkHub.API.Controllers.ActivityController.GetOrgActivity(Int32 page, Int32 pageSize) in C:\Users\Abdullah\Documents\GitHub\WorkSphere\WorkHub.API\Controllers\ActivityController.cs:line 38
   at Microsoft.AspNetCore.Mvc.Infrastructure.ActionMethodExecutor.TaskOfIActionResultExecutor.Execute(ActionContext actionContext, IActionResultTypeMapper mapper, ObjectMethodExecutor executor, Object controller, Object[] arguments)
   at Microsoft.AspNetCore.Mvc.Infrastructure.ControllerActionInvoker.<InvokeActionMethodAsync>g__Awaited|12_0(ControllerActionInvoker invoker, ValueTask`1 actionResultValueTask)
   at Microsoft.AspNetCore.Mvc.Infrastructure.ControllerActionInvoker.<InvokeNextActionFilterAsync>g__Awaited|10_0(ControllerActionInvoker invoker, Task lastTask, State next, Scope scope, Object state, Boolean isCompleted)
   at Microsoft.AspNetCore.Mvc.Infrastructure.ControllerActionInvoker.Rethrow(ActionExecutedContextSealed context)
   at Microsoft.AspNetCore.Mvc.Infrastructure.ControllerActionInvoker.Next(State& next, Scope& scope, Object& state, Boolean& isCompleted)
   at Microsoft.AspNetCore.Mvc.Infrastructure.ControllerActionInvoker.<InvokeInnerFilterAsync>g__Awaited|13_0(ControllerActionInvoker invoker, Task lastTask, State next, Scope scope, Object state, Boolean isCompleted)
   at Microsoft.AspNetCore.Mvc.Infrastructure.ResourceInvoker.<InvokeFilterPipelineAsync>g__Awaited|20_0(ResourceInvoker invoker, Task lastTask, State next, Scope scope, Object state, Boolean isCompleted)
   at Microsoft.AspNetCore.Mvc.Infrastructure.ResourceInvoker.<InvokeAsync>g__Awaited|17_0(ResourceInvoker invoker, Task task, IDisposable scope)
   at Microsoft.AspNetCore.Mvc.Infrastructure.ResourceInvoker.<InvokeAsync>g__Awaited|17_0(ResourceInvoker invoker, Task task, IDisposable scope)
   at WorkHub.API.Middleware.TenantMiddleware.InvokeAsync(HttpContext context) in C:\Users\Abdullah\Documents\GitHub\WorkSphere\WorkHub.API\Middleware\TenantMiddleware.cs:line 77
   at Microsoft.AspNetCore.Authorization.AuthorizationMiddleware.Invoke(HttpContext context)
   at Microsoft.AspNetCore.Authentication.AuthenticationMiddleware.Invoke(HttpContext context)
   at Swashbuckle.AspNetCore.SwaggerUI.SwaggerUIMiddleware.Invoke(HttpContext httpContext)
   at Swashbuckle.AspNetCore.Swagger.SwaggerMiddleware.Invoke(HttpContext httpContext, ISwaggerProvider swaggerProvider)
   at WorkHub.API.Middleware.RequestLoggingMiddleware.InvokeAsync(HttpContext context) in C:\Users\Abdullah\Documents\GitHub\WorkSphere\WorkHub.API\Middleware\RequestLoggingMiddleware.cs:line 32
   at WorkHub.API.Middleware.GlobalExceptionMiddleware.InvokeAsync(HttpContext context) in C:\Users\Abdullah\Documents\GitHub\WorkSphere\WorkHub.API\Middleware\GlobalExceptionMiddleware.cs:line 28
  Exception data:
    Severity: ERROR
    SqlState: 42P01
    MessageText: relation "ActivityLogs" does not exist
    Position: 169
    File: parse_relation.c
    Line: 1452
    Routine: parserOpenTable
2026-07-31 22:37:19.727 +06:00 [ERR] [0HNNF47SHHDTH:00000001] Error listing projects for org "00000000-0000-0000-0001-000000000001"
Npgsql.PostgresException (0x80004005): 42P01: relation "Projects" does not exist

POSITION: 28
   at Npgsql.Internal.NpgsqlConnector.ReadMessageLong(Boolean async, DataRowLoadingMode dataRowLoadingMode, Boolean readingNotifications, Boolean isReadingPrependedMessage)
   at System.Runtime.CompilerServices.PoolingAsyncValueTaskMethodBuilder`1.StateMachineBox`1.System.Threading.Tasks.Sources.IValueTaskSource<TResult>.GetResult(Int16 token)
   at Npgsql.NpgsqlDataReader.NextResult(Boolean async, Boolean isConsuming, CancellationToken cancellationToken)
   at Npgsql.NpgsqlDataReader.NextResult(Boolean async, Boolean isConsuming, CancellationToken cancellationToken)
   at Npgsql.NpgsqlCommand.ExecuteReader(Boolean async, CommandBehavior behavior, CancellationToken cancellationToken)
   at Npgsql.NpgsqlCommand.ExecuteReader(Boolean async, CommandBehavior behavior, CancellationToken cancellationToken)
   at Npgsql.NpgsqlCommand.ExecuteDbDataReaderAsync(CommandBehavior behavior, CancellationToken cancellationToken)
   at Microsoft.EntityFrameworkCore.Storage.RelationalCommand.ExecuteReaderAsync(RelationalCommandParameterObject parameterObject, CancellationToken cancellationToken)
   at Microsoft.EntityFrameworkCore.Storage.RelationalCommand.ExecuteReaderAsync(RelationalCommandParameterObject parameterObject, CancellationToken cancellationToken)
   at Microsoft.EntityFrameworkCore.Query.Internal.SingleQueryingEnumerable`1.AsyncEnumerator.InitializeReaderAsync(AsyncEnumerator enumerator, CancellationToken cancellationToken)
   at Microsoft.EntityFrameworkCore.Storage.ExecutionStrategy.<>c__DisplayClass30_0`2.<<ExecuteAsync>b__0>d.MoveNext()
--- End of stack trace from previous location ---
   at Microsoft.EntityFrameworkCore.Storage.ExecutionStrategy.ExecuteImplementationAsync[TState,TResult](Func`4 operation, Func`4 verifySucceeded, TState state, CancellationToken cancellationToken)
   at Microsoft.EntityFrameworkCore.Storage.ExecutionStrategy.ExecuteImplementationAsync[TState,TResult](Func`4 operation, Func`4 verifySucceeded, TState state, CancellationToken cancellationToken)
   at Microsoft.EntityFrameworkCore.Storage.ExecutionStrategy.ExecuteAsync[TState,TResult](TState state, Func`4 operation, Func`4 verifySucceeded, CancellationToken cancellationToken)
   at Microsoft.EntityFrameworkCore.Query.Internal.SingleQueryingEnumerable`1.AsyncEnumerator.MoveNextAsync()
   at Microsoft.EntityFrameworkCore.Query.ShapedQueryCompilingExpressionVisitor.SingleAsync[TSource](IAsyncEnumerable`1 asyncEnumerable, CancellationToken cancellationToken)
   at Microsoft.EntityFrameworkCore.Query.ShapedQueryCompilingExpressionVisitor.SingleAsync[TSource](IAsyncEnumerable`1 asyncEnumerable, CancellationToken cancellationToken)
   at WorkHub.Application.Services.ProjectService.GetProjectsAsync(ProjectQueryDto query) in C:\Users\Abdullah\Documents\GitHub\WorkSphere\WorkHub.Application\Services\ProjectService.cs:line 95
  Exception data:
    Severity: ERROR
    SqlState: 42P01
    MessageText: relation "Projects" does not exist
    Position: 28
    File: parse_relation.c
    Line: 1452
    Routine: parserOpenTable
2026-07-31 22:37:19.731 +06:00 [ERR] [0HNNF47SHHDTG:00000001] [0HNNF47SHHDTG:00000001] GET /api/activity → 500 (14.0ms)
2026-07-31 22:37:19.732 +06:00 [WRN] [0HNNF47SHHDTH:00000001] [0HNNF47SHHDTH:00000001] GET /api/projects → 400 (14.9ms)
2026-07-31 22:37:21.745 +06:00 [DBG] [0HNNF47SHHDTI:00000001] Permission granted: Owner → projects.view
2026-07-31 22:37:21.746 +06:00 [DBG] [0HNNF47SHHDTJ:00000001] Permission granted: Owner → projects.view
2026-07-31 22:37:21.747 +06:00 [INF] [0HNNF47SHHDTJ:00000001] Executed DbCommand (1ms) [Parameters=[@___currentUser_UserId_0='00000000-0000-0000-0002-000000000001'], CommandType='"Text"', CommandTimeout='30']
SELECT u."Id", u."CreatedAt", u."DeletedAt", u."Email", u."EmailVerificationExpiry", u."EmailVerificationToken", u."FirstName", u."IsActive", u."IsDeleted", u."IsEmailVerified", u."LastLoginAt", u."LastName", u."OrganizationId", u."PasswordHash", u."PasswordResetExpiry", u."PasswordResetToken", u."ProfilePictureUrl", u."RefreshToken", u."RefreshTokenExpiry", u."Role", u."UpdatedAt", o0."Id", o0."CreatedAt", o0."DeletedAt", o0."Description", o0."IsActive", o0."IsDeleted", o0."LogoUrl", o0."Name", o0."Plan", o0."Slug", o0."UpdatedAt"
FROM "Users" AS u
INNER JOIN (
    SELECT o."Id", o."CreatedAt", o."DeletedAt", o."Description", o."IsActive", o."IsDeleted", o."LogoUrl", o."Name", o."Plan", o."Slug", o."UpdatedAt"
    FROM "Organizations" AS o
    WHERE NOT (o."IsDeleted")
) AS o0 ON u."OrganizationId" = o0."Id"
WHERE NOT (u."IsDeleted") AND u."Id" = @___currentUser_UserId_0
LIMIT 1
2026-07-31 22:37:21.747 +06:00 [INF] [0HNNF47SHHDTI:00000001] Executed DbCommand (1ms) [Parameters=[@___currentUser_UserId_0='00000000-0000-0000-0002-000000000001'], CommandType='"Text"', CommandTimeout='30']
SELECT u."Id", u."CreatedAt", u."DeletedAt", u."Email", u."EmailVerificationExpiry", u."EmailVerificationToken", u."FirstName", u."IsActive", u."IsDeleted", u."IsEmailVerified", u."LastLoginAt", u."LastName", u."OrganizationId", u."PasswordHash", u."PasswordResetExpiry", u."PasswordResetToken", u."ProfilePictureUrl", u."RefreshToken", u."RefreshTokenExpiry", u."Role", u."UpdatedAt", o0."Id", o0."CreatedAt", o0."DeletedAt", o0."Description", o0."IsActive", o0."IsDeleted", o0."LogoUrl", o0."Name", o0."Plan", o0."Slug", o0."UpdatedAt"
FROM "Users" AS u
INNER JOIN (
    SELECT o."Id", o."CreatedAt", o."DeletedAt", o."Description", o."IsActive", o."IsDeleted", o."LogoUrl", o."Name", o."Plan", o."Slug", o."UpdatedAt"
    FROM "Organizations" AS o
    WHERE NOT (o."IsDeleted")
) AS o0 ON u."OrganizationId" = o0."Id"
WHERE NOT (u."IsDeleted") AND u."Id" = @___currentUser_UserId_0
LIMIT 1
2026-07-31 22:37:21.750 +06:00 [ERR] [0HNNF47SHHDTI:00000001] Failed executing DbCommand (1ms) [Parameters=[@___currentUser_OrganizationId_0='00000000-0000-0000-0001-000000000001', @__p_2='50', @__p_1='0'], CommandType='"Text"', CommandTimeout='30']
SELECT a."Id", a."Action", a."CreatedAt", a."EntityId", a."EntityName", a."EntityType", a."Metadata", a."OrganizationId", a."ProjectId", a."UserId", a."UserName"
FROM "ActivityLogs" AS a
WHERE a."OrganizationId" = @___currentUser_OrganizationId_0
ORDER BY a."CreatedAt" DESC
LIMIT @__p_2 OFFSET @__p_1
2026-07-31 22:37:21.751 +06:00 [ERR] [0HNNF47SHHDTJ:00000001] Failed executing DbCommand (1ms) [Parameters=[@___currentUser_OrganizationId_0='00000000-0000-0000-0001-000000000001'], CommandType='"Text"', CommandTimeout='30']
SELECT count(*)::int
FROM "Projects" AS p
WHERE NOT (p."IsDeleted") AND p."OrganizationId" = @___currentUser_OrganizationId_0
2026-07-31 22:37:21.751 +06:00 [ERR] [0HNNF47SHHDTI:00000001] An exception occurred while iterating over the results of a query for context type 'WorkHub.Infrastructure.Data.AppDbContext'.
Npgsql.PostgresException (0x80004005): 42P01: relation "ActivityLogs" does not exist

POSITION: 169
   at Npgsql.Internal.NpgsqlConnector.ReadMessageLong(Boolean async, DataRowLoadingMode dataRowLoadingMode, Boolean readingNotifications, Boolean isReadingPrependedMessage)
   at System.Runtime.CompilerServices.PoolingAsyncValueTaskMethodBuilder`1.StateMachineBox`1.System.Threading.Tasks.Sources.IValueTaskSource<TResult>.GetResult(Int16 token)
   at Npgsql.NpgsqlDataReader.NextResult(Boolean async, Boolean isConsuming, CancellationToken cancellationToken)
   at Npgsql.NpgsqlDataReader.NextResult(Boolean async, Boolean isConsuming, CancellationToken cancellationToken)
   at Npgsql.NpgsqlCommand.ExecuteReader(Boolean async, CommandBehavior behavior, CancellationToken cancellationToken)
   at Npgsql.NpgsqlCommand.ExecuteReader(Boolean async, CommandBehavior behavior, CancellationToken cancellationToken)
   at Npgsql.NpgsqlCommand.ExecuteDbDataReaderAsync(CommandBehavior behavior, CancellationToken cancellationToken)
   at Microsoft.EntityFrameworkCore.Storage.RelationalCommand.ExecuteReaderAsync(RelationalCommandParameterObject parameterObject, CancellationToken cancellationToken)
   at Microsoft.EntityFrameworkCore.Storage.RelationalCommand.ExecuteReaderAsync(RelationalCommandParameterObject parameterObject, CancellationToken cancellationToken)
   at Microsoft.EntityFrameworkCore.Query.Internal.SingleQueryingEnumerable`1.AsyncEnumerator.InitializeReaderAsync(AsyncEnumerator enumerator, CancellationToken cancellationToken)
   at Microsoft.EntityFrameworkCore.Storage.ExecutionStrategy.<>c__DisplayClass30_0`2.<<ExecuteAsync>b__0>d.MoveNext()
--- End of stack trace from previous location ---
   at Microsoft.EntityFrameworkCore.Storage.ExecutionStrategy.ExecuteImplementationAsync[TState,TResult](Func`4 operation, Func`4 verifySucceeded, TState state, CancellationToken cancellationToken)
   at Microsoft.EntityFrameworkCore.Storage.ExecutionStrategy.ExecuteImplementationAsync[TState,TResult](Func`4 operation, Func`4 verifySucceeded, TState state, CancellationToken cancellationToken)
   at Microsoft.EntityFrameworkCore.Storage.ExecutionStrategy.ExecuteAsync[TState,TResult](TState state, Func`4 operation, Func`4 verifySucceeded, CancellationToken cancellationToken)
   at Microsoft.EntityFrameworkCore.Query.Internal.SingleQueryingEnumerable`1.AsyncEnumerator.MoveNextAsync()
  Exception data:
    Severity: ERROR
    SqlState: 42P01
    MessageText: relation "ActivityLogs" does not exist
    Position: 169
    File: parse_relation.c
    Line: 1452
    Routine: parserOpenTable
Npgsql.PostgresException (0x80004005): 42P01: relation "ActivityLogs" does not exist

POSITION: 169
   at Npgsql.Internal.NpgsqlConnector.ReadMessageLong(Boolean async, DataRowLoadingMode dataRowLoadingMode, Boolean readingNotifications, Boolean isReadingPrependedMessage)
   at System.Runtime.CompilerServices.PoolingAsyncValueTaskMethodBuilder`1.StateMachineBox`1.System.Threading.Tasks.Sources.IValueTaskSource<TResult>.GetResult(Int16 token)
   at Npgsql.NpgsqlDataReader.NextResult(Boolean async, Boolean isConsuming, CancellationToken cancellationToken)
   at Npgsql.NpgsqlDataReader.NextResult(Boolean async, Boolean isConsuming, CancellationToken cancellationToken)
   at Npgsql.NpgsqlCommand.ExecuteReader(Boolean async, CommandBehavior behavior, CancellationToken cancellationToken)
   at Npgsql.NpgsqlCommand.ExecuteReader(Boolean async, CommandBehavior behavior, CancellationToken cancellationToken)
   at Npgsql.NpgsqlCommand.ExecuteDbDataReaderAsync(CommandBehavior behavior, CancellationToken cancellationToken)
   at Microsoft.EntityFrameworkCore.Storage.RelationalCommand.ExecuteReaderAsync(RelationalCommandParameterObject parameterObject, CancellationToken cancellationToken)
   at Microsoft.EntityFrameworkCore.Storage.RelationalCommand.ExecuteReaderAsync(RelationalCommandParameterObject parameterObject, CancellationToken cancellationToken)
   at Microsoft.EntityFrameworkCore.Query.Internal.SingleQueryingEnumerable`1.AsyncEnumerator.InitializeReaderAsync(AsyncEnumerator enumerator, CancellationToken cancellationToken)
   at Microsoft.EntityFrameworkCore.Storage.ExecutionStrategy.<>c__DisplayClass30_0`2.<<ExecuteAsync>b__0>d.MoveNext()
--- End of stack trace from previous location ---
   at Microsoft.EntityFrameworkCore.Storage.ExecutionStrategy.ExecuteImplementationAsync[TState,TResult](Func`4 operation, Func`4 verifySucceeded, TState state, CancellationToken cancellationToken)
   at Microsoft.EntityFrameworkCore.Storage.ExecutionStrategy.ExecuteImplementationAsync[TState,TResult](Func`4 operation, Func`4 verifySucceeded, TState state, CancellationToken cancellationToken)
   at Microsoft.EntityFrameworkCore.Storage.ExecutionStrategy.ExecuteAsync[TState,TResult](TState state, Func`4 operation, Func`4 verifySucceeded, CancellationToken cancellationToken)
   at Microsoft.EntityFrameworkCore.Query.Internal.SingleQueryingEnumerable`1.AsyncEnumerator.MoveNextAsync()
  Exception data:
    Severity: ERROR
    SqlState: 42P01
    MessageText: relation "ActivityLogs" does not exist
    Position: 169
    File: parse_relation.c
    Line: 1452
    Routine: parserOpenTable
2026-07-31 22:37:21.752 +06:00 [ERR] [0HNNF47SHHDTJ:00000001] An exception occurred while iterating over the results of a query for context type 'WorkHub.Infrastructure.Data.AppDbContext'.
Npgsql.PostgresException (0x80004005): 42P01: relation "Projects" does not exist

POSITION: 28
   at Npgsql.Internal.NpgsqlConnector.ReadMessageLong(Boolean async, DataRowLoadingMode dataRowLoadingMode, Boolean readingNotifications, Boolean isReadingPrependedMessage)
   at System.Runtime.CompilerServices.PoolingAsyncValueTaskMethodBuilder`1.StateMachineBox`1.System.Threading.Tasks.Sources.IValueTaskSource<TResult>.GetResult(Int16 token)
   at Npgsql.NpgsqlDataReader.NextResult(Boolean async, Boolean isConsuming, CancellationToken cancellationToken)
   at Npgsql.NpgsqlDataReader.NextResult(Boolean async, Boolean isConsuming, CancellationToken cancellationToken)
   at Npgsql.NpgsqlCommand.ExecuteReader(Boolean async, CommandBehavior behavior, CancellationToken cancellationToken)
   at Npgsql.NpgsqlCommand.ExecuteReader(Boolean async, CommandBehavior behavior, CancellationToken cancellationToken)
   at Npgsql.NpgsqlCommand.ExecuteDbDataReaderAsync(CommandBehavior behavior, CancellationToken cancellationToken)
   at Microsoft.EntityFrameworkCore.Storage.RelationalCommand.ExecuteReaderAsync(RelationalCommandParameterObject parameterObject, CancellationToken cancellationToken)
   at Microsoft.EntityFrameworkCore.Storage.RelationalCommand.ExecuteReaderAsync(RelationalCommandParameterObject parameterObject, CancellationToken cancellationToken)
   at Microsoft.EntityFrameworkCore.Query.Internal.SingleQueryingEnumerable`1.AsyncEnumerator.InitializeReaderAsync(AsyncEnumerator enumerator, CancellationToken cancellationToken)
   at Microsoft.EntityFrameworkCore.Storage.ExecutionStrategy.<>c__DisplayClass30_0`2.<<ExecuteAsync>b__0>d.MoveNext()
--- End of stack trace from previous location ---
   at Microsoft.EntityFrameworkCore.Storage.ExecutionStrategy.ExecuteImplementationAsync[TState,TResult](Func`4 operation, Func`4 verifySucceeded, TState state, CancellationToken cancellationToken)
   at Microsoft.EntityFrameworkCore.Storage.ExecutionStrategy.ExecuteImplementationAsync[TState,TResult](Func`4 operation, Func`4 verifySucceeded, TState state, CancellationToken cancellationToken)
   at Microsoft.EntityFrameworkCore.Storage.ExecutionStrategy.ExecuteAsync[TState,TResult](TState state, Func`4 operation, Func`4 verifySucceeded, CancellationToken cancellationToken)
   at Microsoft.EntityFrameworkCore.Query.Internal.SingleQueryingEnumerable`1.AsyncEnumerator.MoveNextAsync()
  Exception data:
    Severity: ERROR
    SqlState: 42P01
    MessageText: relation "Projects" does not exist
    Position: 28
    File: parse_relation.c
    Line: 1452
    Routine: parserOpenTable
Npgsql.PostgresException (0x80004005): 42P01: relation "Projects" does not exist

POSITION: 28
   at Npgsql.Internal.NpgsqlConnector.ReadMessageLong(Boolean async, DataRowLoadingMode dataRowLoadingMode, Boolean readingNotifications, Boolean isReadingPrependedMessage)
   at System.Runtime.CompilerServices.PoolingAsyncValueTaskMethodBuilder`1.StateMachineBox`1.System.Threading.Tasks.Sources.IValueTaskSource<TResult>.GetResult(Int16 token)
   at Npgsql.NpgsqlDataReader.NextResult(Boolean async, Boolean isConsuming, CancellationToken cancellationToken)
   at Npgsql.NpgsqlDataReader.NextResult(Boolean async, Boolean isConsuming, CancellationToken cancellationToken)
   at Npgsql.NpgsqlCommand.ExecuteReader(Boolean async, CommandBehavior behavior, CancellationToken cancellationToken)
   at Npgsql.NpgsqlCommand.ExecuteReader(Boolean async, CommandBehavior behavior, CancellationToken cancellationToken)
   at Npgsql.NpgsqlCommand.ExecuteDbDataReaderAsync(CommandBehavior behavior, CancellationToken cancellationToken)
   at Microsoft.EntityFrameworkCore.Storage.RelationalCommand.ExecuteReaderAsync(RelationalCommandParameterObject parameterObject, CancellationToken cancellationToken)
   at Microsoft.EntityFrameworkCore.Storage.RelationalCommand.ExecuteReaderAsync(RelationalCommandParameterObject parameterObject, CancellationToken cancellationToken)
   at Microsoft.EntityFrameworkCore.Query.Internal.SingleQueryingEnumerable`1.AsyncEnumerator.InitializeReaderAsync(AsyncEnumerator enumerator, CancellationToken cancellationToken)
   at Microsoft.EntityFrameworkCore.Storage.ExecutionStrategy.<>c__DisplayClass30_0`2.<<ExecuteAsync>b__0>d.MoveNext()
--- End of stack trace from previous location ---
   at Microsoft.EntityFrameworkCore.Storage.ExecutionStrategy.ExecuteImplementationAsync[TState,TResult](Func`4 operation, Func`4 verifySucceeded, TState state, CancellationToken cancellationToken)
   at Microsoft.EntityFrameworkCore.Storage.ExecutionStrategy.ExecuteImplementationAsync[TState,TResult](Func`4 operation, Func`4 verifySucceeded, TState state, CancellationToken cancellationToken)
   at Microsoft.EntityFrameworkCore.Storage.ExecutionStrategy.ExecuteAsync[TState,TResult](TState state, Func`4 operation, Func`4 verifySucceeded, CancellationToken cancellationToken)
   at Microsoft.EntityFrameworkCore.Query.Internal.SingleQueryingEnumerable`1.AsyncEnumerator.MoveNextAsync()
  Exception data:
    Severity: ERROR
    SqlState: 42P01
    MessageText: relation "Projects" does not exist
    Position: 28
    File: parse_relation.c
    Line: 1452
    Routine: parserOpenTable
2026-07-31 22:37:21.754 +06:00 [ERR] [0HNNF47SHHDTI:00000001] Unhandled exception on GET /api/activity — PostgresException: 42P01: relation "ActivityLogs" does not exist

POSITION: 169
Npgsql.PostgresException (0x80004005): 42P01: relation "ActivityLogs" does not exist

POSITION: 169
   at Npgsql.Internal.NpgsqlConnector.ReadMessageLong(Boolean async, DataRowLoadingMode dataRowLoadingMode, Boolean readingNotifications, Boolean isReadingPrependedMessage)
   at System.Runtime.CompilerServices.PoolingAsyncValueTaskMethodBuilder`1.StateMachineBox`1.System.Threading.Tasks.Sources.IValueTaskSource<TResult>.GetResult(Int16 token)
   at Npgsql.NpgsqlDataReader.NextResult(Boolean async, Boolean isConsuming, CancellationToken cancellationToken)
   at Npgsql.NpgsqlDataReader.NextResult(Boolean async, Boolean isConsuming, CancellationToken cancellationToken)
   at Npgsql.NpgsqlCommand.ExecuteReader(Boolean async, CommandBehavior behavior, CancellationToken cancellationToken)
   at Npgsql.NpgsqlCommand.ExecuteReader(Boolean async, CommandBehavior behavior, CancellationToken cancellationToken)
   at Npgsql.NpgsqlCommand.ExecuteDbDataReaderAsync(CommandBehavior behavior, CancellationToken cancellationToken)
   at Microsoft.EntityFrameworkCore.Storage.RelationalCommand.ExecuteReaderAsync(RelationalCommandParameterObject parameterObject, CancellationToken cancellationToken)
   at Microsoft.EntityFrameworkCore.Storage.RelationalCommand.ExecuteReaderAsync(RelationalCommandParameterObject parameterObject, CancellationToken cancellationToken)
   at Microsoft.EntityFrameworkCore.Query.Internal.SingleQueryingEnumerable`1.AsyncEnumerator.InitializeReaderAsync(AsyncEnumerator enumerator, CancellationToken cancellationToken)
   at Microsoft.EntityFrameworkCore.Storage.ExecutionStrategy.<>c__DisplayClass30_0`2.<<ExecuteAsync>b__0>d.MoveNext()
--- End of stack trace from previous location ---
   at Microsoft.EntityFrameworkCore.Storage.ExecutionStrategy.ExecuteImplementationAsync[TState,TResult](Func`4 operation, Func`4 verifySucceeded, TState state, CancellationToken cancellationToken)
   at Microsoft.EntityFrameworkCore.Storage.ExecutionStrategy.ExecuteImplementationAsync[TState,TResult](Func`4 operation, Func`4 verifySucceeded, TState state, CancellationToken cancellationToken)
   at Microsoft.EntityFrameworkCore.Storage.ExecutionStrategy.ExecuteAsync[TState,TResult](TState state, Func`4 operation, Func`4 verifySucceeded, CancellationToken cancellationToken)
   at Microsoft.EntityFrameworkCore.Query.Internal.SingleQueryingEnumerable`1.AsyncEnumerator.MoveNextAsync()
   at Microsoft.EntityFrameworkCore.EntityFrameworkQueryableExtensions.ToListAsync[TSource](IQueryable`1 source, CancellationToken cancellationToken)
   at Microsoft.EntityFrameworkCore.EntityFrameworkQueryableExtensions.ToListAsync[TSource](IQueryable`1 source, CancellationToken cancellationToken)
   at WorkHub.Application.Services.ActivityService.GetOrgActivityAsync(Int32 page, Int32 pageSize) in C:\Users\Abdullah\Documents\GitHub\WorkSphere\WorkHub.Application\Services\ActivityService.cs:line 76
   at WorkHub.API.Controllers.ActivityController.GetOrgActivity(Int32 page, Int32 pageSize) in C:\Users\Abdullah\Documents\GitHub\WorkSphere\WorkHub.API\Controllers\ActivityController.cs:line 38
   at Microsoft.AspNetCore.Mvc.Infrastructure.ActionMethodExecutor.TaskOfIActionResultExecutor.Execute(ActionContext actionContext, IActionResultTypeMapper mapper, ObjectMethodExecutor executor, Object controller, Object[] arguments)
   at Microsoft.AspNetCore.Mvc.Infrastructure.ControllerActionInvoker.<InvokeActionMethodAsync>g__Awaited|12_0(ControllerActionInvoker invoker, ValueTask`1 actionResultValueTask)
   at Microsoft.AspNetCore.Mvc.Infrastructure.ControllerActionInvoker.<InvokeNextActionFilterAsync>g__Awaited|10_0(ControllerActionInvoker invoker, Task lastTask, State next, Scope scope, Object state, Boolean isCompleted)
   at Microsoft.AspNetCore.Mvc.Infrastructure.ControllerActionInvoker.Rethrow(ActionExecutedContextSealed context)
   at Microsoft.AspNetCore.Mvc.Infrastructure.ControllerActionInvoker.Next(State& next, Scope& scope, Object& state, Boolean& isCompleted)
   at Microsoft.AspNetCore.Mvc.Infrastructure.ControllerActionInvoker.<InvokeInnerFilterAsync>g__Awaited|13_0(ControllerActionInvoker invoker, Task lastTask, State next, Scope scope, Object state, Boolean isCompleted)
   at Microsoft.AspNetCore.Mvc.Infrastructure.ResourceInvoker.<InvokeFilterPipelineAsync>g__Awaited|20_0(ResourceInvoker invoker, Task lastTask, State next, Scope scope, Object state, Boolean isCompleted)
   at Microsoft.AspNetCore.Mvc.Infrastructure.ResourceInvoker.<InvokeAsync>g__Awaited|17_0(ResourceInvoker invoker, Task task, IDisposable scope)
   at Microsoft.AspNetCore.Mvc.Infrastructure.ResourceInvoker.<InvokeAsync>g__Awaited|17_0(ResourceInvoker invoker, Task task, IDisposable scope)
   at WorkHub.API.Middleware.TenantMiddleware.InvokeAsync(HttpContext context) in C:\Users\Abdullah\Documents\GitHub\WorkSphere\WorkHub.API\Middleware\TenantMiddleware.cs:line 77
   at Microsoft.AspNetCore.Authorization.AuthorizationMiddleware.Invoke(HttpContext context)
   at Microsoft.AspNetCore.Authentication.AuthenticationMiddleware.Invoke(HttpContext context)
   at Swashbuckle.AspNetCore.SwaggerUI.SwaggerUIMiddleware.Invoke(HttpContext httpContext)
   at Swashbuckle.AspNetCore.Swagger.SwaggerMiddleware.Invoke(HttpContext httpContext, ISwaggerProvider swaggerProvider)
   at WorkHub.API.Middleware.RequestLoggingMiddleware.InvokeAsync(HttpContext context) in C:\Users\Abdullah\Documents\GitHub\WorkSphere\WorkHub.API\Middleware\RequestLoggingMiddleware.cs:line 32
   at WorkHub.API.Middleware.GlobalExceptionMiddleware.InvokeAsync(HttpContext context) in C:\Users\Abdullah\Documents\GitHub\WorkSphere\WorkHub.API\Middleware\GlobalExceptionMiddleware.cs:line 28
  Exception data:
    Severity: ERROR
    SqlState: 42P01
    MessageText: relation "ActivityLogs" does not exist
    Position: 169
    File: parse_relation.c
    Line: 1452
    Routine: parserOpenTable
2026-07-31 22:37:21.755 +06:00 [ERR] [0HNNF47SHHDTJ:00000001] Error listing projects for org "00000000-0000-0000-0001-000000000001"
Npgsql.PostgresException (0x80004005): 42P01: relation "Projects" does not exist

POSITION: 28
   at Npgsql.Internal.NpgsqlConnector.ReadMessageLong(Boolean async, DataRowLoadingMode dataRowLoadingMode, Boolean readingNotifications, Boolean isReadingPrependedMessage)
   at System.Runtime.CompilerServices.PoolingAsyncValueTaskMethodBuilder`1.StateMachineBox`1.System.Threading.Tasks.Sources.IValueTaskSource<TResult>.GetResult(Int16 token)
   at Npgsql.NpgsqlDataReader.NextResult(Boolean async, Boolean isConsuming, CancellationToken cancellationToken)
   at Npgsql.NpgsqlDataReader.NextResult(Boolean async, Boolean isConsuming, CancellationToken cancellationToken)
   at Npgsql.NpgsqlCommand.ExecuteReader(Boolean async, CommandBehavior behavior, CancellationToken cancellationToken)
   at Npgsql.NpgsqlCommand.ExecuteReader(Boolean async, CommandBehavior behavior, CancellationToken cancellationToken)
   at Npgsql.NpgsqlCommand.ExecuteDbDataReaderAsync(CommandBehavior behavior, CancellationToken cancellationToken)
   at Microsoft.EntityFrameworkCore.Storage.RelationalCommand.ExecuteReaderAsync(RelationalCommandParameterObject parameterObject, CancellationToken cancellationToken)
   at Microsoft.EntityFrameworkCore.Storage.RelationalCommand.ExecuteReaderAsync(RelationalCommandParameterObject parameterObject, CancellationToken cancellationToken)
   at Microsoft.EntityFrameworkCore.Query.Internal.SingleQueryingEnumerable`1.AsyncEnumerator.InitializeReaderAsync(AsyncEnumerator enumerator, CancellationToken cancellationToken)
   at Microsoft.EntityFrameworkCore.Storage.ExecutionStrategy.<>c__DisplayClass30_0`2.<<ExecuteAsync>b__0>d.MoveNext()
--- End of stack trace from previous location ---
   at Microsoft.EntityFrameworkCore.Storage.ExecutionStrategy.ExecuteImplementationAsync[TState,TResult](Func`4 operation, Func`4 verifySucceeded, TState state, CancellationToken cancellationToken)
   at Microsoft.EntityFrameworkCore.Storage.ExecutionStrategy.ExecuteImplementationAsync[TState,TResult](Func`4 operation, Func`4 verifySucceeded, TState state, CancellationToken cancellationToken)
   at Microsoft.EntityFrameworkCore.Storage.ExecutionStrategy.ExecuteAsync[TState,TResult](TState state, Func`4 operation, Func`4 verifySucceeded, CancellationToken cancellationToken)
   at Microsoft.EntityFrameworkCore.Query.Internal.SingleQueryingEnumerable`1.AsyncEnumerator.MoveNextAsync()
   at Microsoft.EntityFrameworkCore.Query.ShapedQueryCompilingExpressionVisitor.SingleAsync[TSource](IAsyncEnumerable`1 asyncEnumerable, CancellationToken cancellationToken)
   at Microsoft.EntityFrameworkCore.Query.ShapedQueryCompilingExpressionVisitor.SingleAsync[TSource](IAsyncEnumerable`1 asyncEnumerable, CancellationToken cancellationToken)
   at WorkHub.Application.Services.ProjectService.GetProjectsAsync(ProjectQueryDto query) in C:\Users\Abdullah\Documents\GitHub\WorkSphere\WorkHub.Application\Services\ProjectService.cs:line 95
  Exception data:
    Severity: ERROR
    SqlState: 42P01
    MessageText: relation "Projects" does not exist
    Position: 28
    File: parse_relation.c
    Line: 1452
    Routine: parserOpenTable
2026-07-31 22:37:21.758 +06:00 [ERR] [0HNNF47SHHDTI:00000001] [0HNNF47SHHDTI:00000001] GET /api/activity → 500 (13.4ms)
2026-07-31 22:37:21.760 +06:00 [WRN] [0HNNF47SHHDTJ:00000001] [0HNNF47SHHDTJ:00000001] GET /api/projects → 400 (14.2ms)
2026-07-31 22:37:24.951 +06:00 [DBG] [0HNNF47SHHDTK:00000001] Permission granted: Owner → projects.view
2026-07-31 22:37:24.953 +06:00 [INF] [0HNNF47SHHDTK:00000001] Executed DbCommand (1ms) [Parameters=[@___currentUser_UserId_0='00000000-0000-0000-0002-000000000001'], CommandType='"Text"', CommandTimeout='30']
SELECT u."Id", u."CreatedAt", u."DeletedAt", u."Email", u."EmailVerificationExpiry", u."EmailVerificationToken", u."FirstName", u."IsActive", u."IsDeleted", u."IsEmailVerified", u."LastLoginAt", u."LastName", u."OrganizationId", u."PasswordHash", u."PasswordResetExpiry", u."PasswordResetToken", u."ProfilePictureUrl", u."RefreshToken", u."RefreshTokenExpiry", u."Role", u."UpdatedAt", o0."Id", o0."CreatedAt", o0."DeletedAt", o0."Description", o0."IsActive", o0."IsDeleted", o0."LogoUrl", o0."Name", o0."Plan", o0."Slug", o0."UpdatedAt"
FROM "Users" AS u
INNER JOIN (
    SELECT o."Id", o."CreatedAt", o."DeletedAt", o."Description", o."IsActive", o."IsDeleted", o."LogoUrl", o."Name", o."Plan", o."Slug", o."UpdatedAt"
    FROM "Organizations" AS o
    WHERE NOT (o."IsDeleted")
) AS o0 ON u."OrganizationId" = o0."Id"
WHERE NOT (u."IsDeleted") AND u."Id" = @___currentUser_UserId_0
LIMIT 1
2026-07-31 22:37:24.954 +06:00 [ERR] [0HNNF47SHHDTK:00000001] Failed executing DbCommand (1ms) [Parameters=[@___currentUser_OrganizationId_0='00000000-0000-0000-0001-000000000001', @__p_2='50', @__p_1='0'], CommandType='"Text"', CommandTimeout='30']
SELECT a."Id", a."Action", a."CreatedAt", a."EntityId", a."EntityName", a."EntityType", a."Metadata", a."OrganizationId", a."ProjectId", a."UserId", a."UserName"
FROM "ActivityLogs" AS a
WHERE a."OrganizationId" = @___currentUser_OrganizationId_0
ORDER BY a."CreatedAt" DESC
LIMIT @__p_2 OFFSET @__p_1
2026-07-31 22:37:24.956 +06:00 [ERR] [0HNNF47SHHDTK:00000001] An exception occurred while iterating over the results of a query for context type 'WorkHub.Infrastructure.Data.AppDbContext'.
Npgsql.PostgresException (0x80004005): 42P01: relation "ActivityLogs" does not exist

POSITION: 169
   at Npgsql.Internal.NpgsqlConnector.ReadMessageLong(Boolean async, DataRowLoadingMode dataRowLoadingMode, Boolean readingNotifications, Boolean isReadingPrependedMessage)
   at System.Runtime.CompilerServices.PoolingAsyncValueTaskMethodBuilder`1.StateMachineBox`1.System.Threading.Tasks.Sources.IValueTaskSource<TResult>.GetResult(Int16 token)
   at Npgsql.NpgsqlDataReader.NextResult(Boolean async, Boolean isConsuming, CancellationToken cancellationToken)
   at Npgsql.NpgsqlDataReader.NextResult(Boolean async, Boolean isConsuming, CancellationToken cancellationToken)
   at Npgsql.NpgsqlCommand.ExecuteReader(Boolean async, CommandBehavior behavior, CancellationToken cancellationToken)
   at Npgsql.NpgsqlCommand.ExecuteReader(Boolean async, CommandBehavior behavior, CancellationToken cancellationToken)
   at Npgsql.NpgsqlCommand.ExecuteDbDataReaderAsync(CommandBehavior behavior, CancellationToken cancellationToken)
   at Microsoft.EntityFrameworkCore.Storage.RelationalCommand.ExecuteReaderAsync(RelationalCommandParameterObject parameterObject, CancellationToken cancellationToken)
   at Microsoft.EntityFrameworkCore.Storage.RelationalCommand.ExecuteReaderAsync(RelationalCommandParameterObject parameterObject, CancellationToken cancellationToken)
   at Microsoft.EntityFrameworkCore.Query.Internal.SingleQueryingEnumerable`1.AsyncEnumerator.InitializeReaderAsync(AsyncEnumerator enumerator, CancellationToken cancellationToken)
   at Microsoft.EntityFrameworkCore.Storage.ExecutionStrategy.<>c__DisplayClass30_0`2.<<ExecuteAsync>b__0>d.MoveNext()
--- End of stack trace from previous location ---
   at Microsoft.EntityFrameworkCore.Storage.ExecutionStrategy.ExecuteImplementationAsync[TState,TResult](Func`4 operation, Func`4 verifySucceeded, TState state, CancellationToken cancellationToken)
   at Microsoft.EntityFrameworkCore.Storage.ExecutionStrategy.ExecuteImplementationAsync[TState,TResult](Func`4 operation, Func`4 verifySucceeded, TState state, CancellationToken cancellationToken)
   at Microsoft.EntityFrameworkCore.Storage.ExecutionStrategy.ExecuteAsync[TState,TResult](TState state, Func`4 operation, Func`4 verifySucceeded, CancellationToken cancellationToken)
   at Microsoft.EntityFrameworkCore.Query.Internal.SingleQueryingEnumerable`1.AsyncEnumerator.MoveNextAsync()
  Exception data:
    Severity: ERROR
    SqlState: 42P01
    MessageText: relation "ActivityLogs" does not exist
    Position: 169
    File: parse_relation.c
    Line: 1452
    Routine: parserOpenTable
Npgsql.PostgresException (0x80004005): 42P01: relation "ActivityLogs" does not exist

POSITION: 169
   at Npgsql.Internal.NpgsqlConnector.ReadMessageLong(Boolean async, DataRowLoadingMode dataRowLoadingMode, Boolean readingNotifications, Boolean isReadingPrependedMessage)
   at System.Runtime.CompilerServices.PoolingAsyncValueTaskMethodBuilder`1.StateMachineBox`1.System.Threading.Tasks.Sources.IValueTaskSource<TResult>.GetResult(Int16 token)
   at Npgsql.NpgsqlDataReader.NextResult(Boolean async, Boolean isConsuming, CancellationToken cancellationToken)
   at Npgsql.NpgsqlDataReader.NextResult(Boolean async, Boolean isConsuming, CancellationToken cancellationToken)
   at Npgsql.NpgsqlCommand.ExecuteReader(Boolean async, CommandBehavior behavior, CancellationToken cancellationToken)
   at Npgsql.NpgsqlCommand.ExecuteReader(Boolean async, CommandBehavior behavior, CancellationToken cancellationToken)
   at Npgsql.NpgsqlCommand.ExecuteDbDataReaderAsync(CommandBehavior behavior, CancellationToken cancellationToken)
   at Microsoft.EntityFrameworkCore.Storage.RelationalCommand.ExecuteReaderAsync(RelationalCommandParameterObject parameterObject, CancellationToken cancellationToken)
   at Microsoft.EntityFrameworkCore.Storage.RelationalCommand.ExecuteReaderAsync(RelationalCommandParameterObject parameterObject, CancellationToken cancellationToken)
   at Microsoft.EntityFrameworkCore.Query.Internal.SingleQueryingEnumerable`1.AsyncEnumerator.InitializeReaderAsync(AsyncEnumerator enumerator, CancellationToken cancellationToken)
   at Microsoft.EntityFrameworkCore.Storage.ExecutionStrategy.<>c__DisplayClass30_0`2.<<ExecuteAsync>b__0>d.MoveNext()
--- End of stack trace from previous location ---
   at Microsoft.EntityFrameworkCore.Storage.ExecutionStrategy.ExecuteImplementationAsync[TState,TResult](Func`4 operation, Func`4 verifySucceeded, TState state, CancellationToken cancellationToken)
   at Microsoft.EntityFrameworkCore.Storage.ExecutionStrategy.ExecuteImplementationAsync[TState,TResult](Func`4 operation, Func`4 verifySucceeded, TState state, CancellationToken cancellationToken)
   at Microsoft.EntityFrameworkCore.Storage.ExecutionStrategy.ExecuteAsync[TState,TResult](TState state, Func`4 operation, Func`4 verifySucceeded, CancellationToken cancellationToken)
   at Microsoft.EntityFrameworkCore.Query.Internal.SingleQueryingEnumerable`1.AsyncEnumerator.MoveNextAsync()
  Exception data:
    Severity: ERROR
    SqlState: 42P01
    MessageText: relation "ActivityLogs" does not exist
    Position: 169
    File: parse_relation.c
    Line: 1452
    Routine: parserOpenTable
2026-07-31 22:37:24.959 +06:00 [ERR] [0HNNF47SHHDTK:00000001] Unhandled exception on GET /api/activity — PostgresException: 42P01: relation "ActivityLogs" does not exist

POSITION: 169
Npgsql.PostgresException (0x80004005): 42P01: relation "ActivityLogs" does not exist

POSITION: 169
   at Npgsql.Internal.NpgsqlConnector.ReadMessageLong(Boolean async, DataRowLoadingMode dataRowLoadingMode, Boolean readingNotifications, Boolean isReadingPrependedMessage)
   at System.Runtime.CompilerServices.PoolingAsyncValueTaskMethodBuilder`1.StateMachineBox`1.System.Threading.Tasks.Sources.IValueTaskSource<TResult>.GetResult(Int16 token)
   at Npgsql.NpgsqlDataReader.NextResult(Boolean async, Boolean isConsuming, CancellationToken cancellationToken)
   at Npgsql.NpgsqlDataReader.NextResult(Boolean async, Boolean isConsuming, CancellationToken cancellationToken)
   at Npgsql.NpgsqlCommand.ExecuteReader(Boolean async, CommandBehavior behavior, CancellationToken cancellationToken)
   at Npgsql.NpgsqlCommand.ExecuteReader(Boolean async, CommandBehavior behavior, CancellationToken cancellationToken)
   at Npgsql.NpgsqlCommand.ExecuteDbDataReaderAsync(CommandBehavior behavior, CancellationToken cancellationToken)
   at Microsoft.EntityFrameworkCore.Storage.RelationalCommand.ExecuteReaderAsync(RelationalCommandParameterObject parameterObject, CancellationToken cancellationToken)
   at Microsoft.EntityFrameworkCore.Storage.RelationalCommand.ExecuteReaderAsync(RelationalCommandParameterObject parameterObject, CancellationToken cancellationToken)
   at Microsoft.EntityFrameworkCore.Query.Internal.SingleQueryingEnumerable`1.AsyncEnumerator.InitializeReaderAsync(AsyncEnumerator enumerator, CancellationToken cancellationToken)
   at Microsoft.EntityFrameworkCore.Storage.ExecutionStrategy.<>c__DisplayClass30_0`2.<<ExecuteAsync>b__0>d.MoveNext()
--- End of stack trace from previous location ---
   at Microsoft.EntityFrameworkCore.Storage.ExecutionStrategy.ExecuteImplementationAsync[TState,TResult](Func`4 operation, Func`4 verifySucceeded, TState state, CancellationToken cancellationToken)
   at Microsoft.EntityFrameworkCore.Storage.ExecutionStrategy.ExecuteImplementationAsync[TState,TResult](Func`4 operation, Func`4 verifySucceeded, TState state, CancellationToken cancellationToken)
   at Microsoft.EntityFrameworkCore.Storage.ExecutionStrategy.ExecuteAsync[TState,TResult](TState state, Func`4 operation, Func`4 verifySucceeded, CancellationToken cancellationToken)
   at Microsoft.EntityFrameworkCore.Query.Internal.SingleQueryingEnumerable`1.AsyncEnumerator.MoveNextAsync()
   at Microsoft.EntityFrameworkCore.EntityFrameworkQueryableExtensions.ToListAsync[TSource](IQueryable`1 source, CancellationToken cancellationToken)
   at Microsoft.EntityFrameworkCore.EntityFrameworkQueryableExtensions.ToListAsync[TSource](IQueryable`1 source, CancellationToken cancellationToken)
   at WorkHub.Application.Services.ActivityService.GetOrgActivityAsync(Int32 page, Int32 pageSize) in C:\Users\Abdullah\Documents\GitHub\WorkSphere\WorkHub.Application\Services\ActivityService.cs:line 76
   at WorkHub.API.Controllers.ActivityController.GetOrgActivity(Int32 page, Int32 pageSize) in C:\Users\Abdullah\Documents\GitHub\WorkSphere\WorkHub.API\Controllers\ActivityController.cs:line 38
   at Microsoft.AspNetCore.Mvc.Infrastructure.ActionMethodExecutor.TaskOfIActionResultExecutor.Execute(ActionContext actionContext, IActionResultTypeMapper mapper, ObjectMethodExecutor executor, Object controller, Object[] arguments)
   at Microsoft.AspNetCore.Mvc.Infrastructure.ControllerActionInvoker.<InvokeActionMethodAsync>g__Awaited|12_0(ControllerActionInvoker invoker, ValueTask`1 actionResultValueTask)
   at Microsoft.AspNetCore.Mvc.Infrastructure.ControllerActionInvoker.<InvokeNextActionFilterAsync>g__Awaited|10_0(ControllerActionInvoker invoker, Task lastTask, State next, Scope scope, Object state, Boolean isCompleted)
   at Microsoft.AspNetCore.Mvc.Infrastructure.ControllerActionInvoker.Rethrow(ActionExecutedContextSealed context)
   at Microsoft.AspNetCore.Mvc.Infrastructure.ControllerActionInvoker.Next(State& next, Scope& scope, Object& state, Boolean& isCompleted)
   at Microsoft.AspNetCore.Mvc.Infrastructure.ControllerActionInvoker.<InvokeInnerFilterAsync>g__Awaited|13_0(ControllerActionInvoker invoker, Task lastTask, State next, Scope scope, Object state, Boolean isCompleted)
   at Microsoft.AspNetCore.Mvc.Infrastructure.ResourceInvoker.<InvokeFilterPipelineAsync>g__Awaited|20_0(ResourceInvoker invoker, Task lastTask, State next, Scope scope, Object state, Boolean isCompleted)
   at Microsoft.AspNetCore.Mvc.Infrastructure.ResourceInvoker.<InvokeAsync>g__Awaited|17_0(ResourceInvoker invoker, Task task, IDisposable scope)
   at Microsoft.AspNetCore.Mvc.Infrastructure.ResourceInvoker.<InvokeAsync>g__Awaited|17_0(ResourceInvoker invoker, Task task, IDisposable scope)
   at WorkHub.API.Middleware.TenantMiddleware.InvokeAsync(HttpContext context) in C:\Users\Abdullah\Documents\GitHub\WorkSphere\WorkHub.API\Middleware\TenantMiddleware.cs:line 77
   at Microsoft.AspNetCore.Authorization.AuthorizationMiddleware.Invoke(HttpContext context)
   at Microsoft.AspNetCore.Authentication.AuthenticationMiddleware.Invoke(HttpContext context)
   at Swashbuckle.AspNetCore.SwaggerUI.SwaggerUIMiddleware.Invoke(HttpContext httpContext)
   at Swashbuckle.AspNetCore.Swagger.SwaggerMiddleware.Invoke(HttpContext httpContext, ISwaggerProvider swaggerProvider)
   at WorkHub.API.Middleware.RequestLoggingMiddleware.InvokeAsync(HttpContext context) in C:\Users\Abdullah\Documents\GitHub\WorkSphere\WorkHub.API\Middleware\RequestLoggingMiddleware.cs:line 32
   at WorkHub.API.Middleware.GlobalExceptionMiddleware.InvokeAsync(HttpContext context) in C:\Users\Abdullah\Documents\GitHub\WorkSphere\WorkHub.API\Middleware\GlobalExceptionMiddleware.cs:line 28
  Exception data:
    Severity: ERROR
    SqlState: 42P01
    MessageText: relation "ActivityLogs" does not exist
    Position: 169
    File: parse_relation.c
    Line: 1452
    Routine: parserOpenTable
2026-07-31 22:37:24.963 +06:00 [ERR] [0HNNF47SHHDTK:00000001] [0HNNF47SHHDTK:00000001] GET /api/activity → 500 (12.5ms)
2026-07-31 22:37:25.977 +06:00 [DBG] [0HNNF47SHHDTL:00000001] Permission granted: Owner → projects.view
2026-07-31 22:37:25.979 +06:00 [INF] [0HNNF47SHHDTL:00000001] Executed DbCommand (1ms) [Parameters=[@___currentUser_UserId_0='00000000-0000-0000-0002-000000000001'], CommandType='"Text"', CommandTimeout='30']
SELECT u."Id", u."CreatedAt", u."DeletedAt", u."Email", u."EmailVerificationExpiry", u."EmailVerificationToken", u."FirstName", u."IsActive", u."IsDeleted", u."IsEmailVerified", u."LastLoginAt", u."LastName", u."OrganizationId", u."PasswordHash", u."PasswordResetExpiry", u."PasswordResetToken", u."ProfilePictureUrl", u."RefreshToken", u."RefreshTokenExpiry", u."Role", u."UpdatedAt", o0."Id", o0."CreatedAt", o0."DeletedAt", o0."Description", o0."IsActive", o0."IsDeleted", o0."LogoUrl", o0."Name", o0."Plan", o0."Slug", o0."UpdatedAt"
FROM "Users" AS u
INNER JOIN (
    SELECT o."Id", o."CreatedAt", o."DeletedAt", o."Description", o."IsActive", o."IsDeleted", o."LogoUrl", o."Name", o."Plan", o."Slug", o."UpdatedAt"
    FROM "Organizations" AS o
    WHERE NOT (o."IsDeleted")
) AS o0 ON u."OrganizationId" = o0."Id"
WHERE NOT (u."IsDeleted") AND u."Id" = @___currentUser_UserId_0
LIMIT 1
2026-07-31 22:37:25.980 +06:00 [ERR] [0HNNF47SHHDTL:00000001] Failed executing DbCommand (0ms) [Parameters=[@___currentUser_OrganizationId_0='00000000-0000-0000-0001-000000000001', @__p_2='50', @__p_1='0'], CommandType='"Text"', CommandTimeout='30']
SELECT a."Id", a."Action", a."CreatedAt", a."EntityId", a."EntityName", a."EntityType", a."Metadata", a."OrganizationId", a."ProjectId", a."UserId", a."UserName"
FROM "ActivityLogs" AS a
WHERE a."OrganizationId" = @___currentUser_OrganizationId_0
ORDER BY a."CreatedAt" DESC
LIMIT @__p_2 OFFSET @__p_1
2026-07-31 22:37:25.981 +06:00 [ERR] [0HNNF47SHHDTL:00000001] An exception occurred while iterating over the results of a query for context type 'WorkHub.Infrastructure.Data.AppDbContext'.
Npgsql.PostgresException (0x80004005): 42P01: relation "ActivityLogs" does not exist

POSITION: 169
   at Npgsql.Internal.NpgsqlConnector.ReadMessageLong(Boolean async, DataRowLoadingMode dataRowLoadingMode, Boolean readingNotifications, Boolean isReadingPrependedMessage)
   at System.Runtime.CompilerServices.PoolingAsyncValueTaskMethodBuilder`1.StateMachineBox`1.System.Threading.Tasks.Sources.IValueTaskSource<TResult>.GetResult(Int16 token)
   at Npgsql.NpgsqlDataReader.NextResult(Boolean async, Boolean isConsuming, CancellationToken cancellationToken)
   at Npgsql.NpgsqlDataReader.NextResult(Boolean async, Boolean isConsuming, CancellationToken cancellationToken)
   at Npgsql.NpgsqlCommand.ExecuteReader(Boolean async, CommandBehavior behavior, CancellationToken cancellationToken)
   at Npgsql.NpgsqlCommand.ExecuteReader(Boolean async, CommandBehavior behavior, CancellationToken cancellationToken)
   at Npgsql.NpgsqlCommand.ExecuteDbDataReaderAsync(CommandBehavior behavior, CancellationToken cancellationToken)
   at Microsoft.EntityFrameworkCore.Storage.RelationalCommand.ExecuteReaderAsync(RelationalCommandParameterObject parameterObject, CancellationToken cancellationToken)
   at Microsoft.EntityFrameworkCore.Storage.RelationalCommand.ExecuteReaderAsync(RelationalCommandParameterObject parameterObject, CancellationToken cancellationToken)
   at Microsoft.EntityFrameworkCore.Query.Internal.SingleQueryingEnumerable`1.AsyncEnumerator.InitializeReaderAsync(AsyncEnumerator enumerator, CancellationToken cancellationToken)
   at Microsoft.EntityFrameworkCore.Storage.ExecutionStrategy.<>c__DisplayClass30_0`2.<<ExecuteAsync>b__0>d.MoveNext()
--- End of stack trace from previous location ---
   at Microsoft.EntityFrameworkCore.Storage.ExecutionStrategy.ExecuteImplementationAsync[TState,TResult](Func`4 operation, Func`4 verifySucceeded, TState state, CancellationToken cancellationToken)
   at Microsoft.EntityFrameworkCore.Storage.ExecutionStrategy.ExecuteImplementationAsync[TState,TResult](Func`4 operation, Func`4 verifySucceeded, TState state, CancellationToken cancellationToken)
   at Microsoft.EntityFrameworkCore.Storage.ExecutionStrategy.ExecuteAsync[TState,TResult](TState state, Func`4 operation, Func`4 verifySucceeded, CancellationToken cancellationToken)
   at Microsoft.EntityFrameworkCore.Query.Internal.SingleQueryingEnumerable`1.AsyncEnumerator.MoveNextAsync()
  Exception data:
    Severity: ERROR
    SqlState: 42P01
    MessageText: relation "ActivityLogs" does not exist
    Position: 169
    File: parse_relation.c
    Line: 1452
    Routine: parserOpenTable
Npgsql.PostgresException (0x80004005): 42P01: relation "ActivityLogs" does not exist

POSITION: 169
   at Npgsql.Internal.NpgsqlConnector.ReadMessageLong(Boolean async, DataRowLoadingMode dataRowLoadingMode, Boolean readingNotifications, Boolean isReadingPrependedMessage)
   at System.Runtime.CompilerServices.PoolingAsyncValueTaskMethodBuilder`1.StateMachineBox`1.System.Threading.Tasks.Sources.IValueTaskSource<TResult>.GetResult(Int16 token)
   at Npgsql.NpgsqlDataReader.NextResult(Boolean async, Boolean isConsuming, CancellationToken cancellationToken)
   at Npgsql.NpgsqlDataReader.NextResult(Boolean async, Boolean isConsuming, CancellationToken cancellationToken)
   at Npgsql.NpgsqlCommand.ExecuteReader(Boolean async, CommandBehavior behavior, CancellationToken cancellationToken)
   at Npgsql.NpgsqlCommand.ExecuteReader(Boolean async, CommandBehavior behavior, CancellationToken cancellationToken)
   at Npgsql.NpgsqlCommand.ExecuteDbDataReaderAsync(CommandBehavior behavior, CancellationToken cancellationToken)
   at Microsoft.EntityFrameworkCore.Storage.RelationalCommand.ExecuteReaderAsync(RelationalCommandParameterObject parameterObject, CancellationToken cancellationToken)
   at Microsoft.EntityFrameworkCore.Storage.RelationalCommand.ExecuteReaderAsync(RelationalCommandParameterObject parameterObject, CancellationToken cancellationToken)
   at Microsoft.EntityFrameworkCore.Query.Internal.SingleQueryingEnumerable`1.AsyncEnumerator.InitializeReaderAsync(AsyncEnumerator enumerator, CancellationToken cancellationToken)
   at Microsoft.EntityFrameworkCore.Storage.ExecutionStrategy.<>c__DisplayClass30_0`2.<<ExecuteAsync>b__0>d.MoveNext()
--- End of stack trace from previous location ---
   at Microsoft.EntityFrameworkCore.Storage.ExecutionStrategy.ExecuteImplementationAsync[TState,TResult](Func`4 operation, Func`4 verifySucceeded, TState state, CancellationToken cancellationToken)
   at Microsoft.EntityFrameworkCore.Storage.ExecutionStrategy.ExecuteImplementationAsync[TState,TResult](Func`4 operation, Func`4 verifySucceeded, TState state, CancellationToken cancellationToken)
   at Microsoft.EntityFrameworkCore.Storage.ExecutionStrategy.ExecuteAsync[TState,TResult](TState state, Func`4 operation, Func`4 verifySucceeded, CancellationToken cancellationToken)
   at Microsoft.EntityFrameworkCore.Query.Internal.SingleQueryingEnumerable`1.AsyncEnumerator.MoveNextAsync()
  Exception data:
    Severity: ERROR
    SqlState: 42P01
    MessageText: relation "ActivityLogs" does not exist
    Position: 169
    File: parse_relation.c
    Line: 1452
    Routine: parserOpenTable
2026-07-31 22:37:25.984 +06:00 [ERR] [0HNNF47SHHDTL:00000001] Unhandled exception on GET /api/activity — PostgresException: 42P01: relation "ActivityLogs" does not exist

POSITION: 169
Npgsql.PostgresException (0x80004005): 42P01: relation "ActivityLogs" does not exist

POSITION: 169
   at Npgsql.Internal.NpgsqlConnector.ReadMessageLong(Boolean async, DataRowLoadingMode dataRowLoadingMode, Boolean readingNotifications, Boolean isReadingPrependedMessage)
   at System.Runtime.CompilerServices.PoolingAsyncValueTaskMethodBuilder`1.StateMachineBox`1.System.Threading.Tasks.Sources.IValueTaskSource<TResult>.GetResult(Int16 token)
   at Npgsql.NpgsqlDataReader.NextResult(Boolean async, Boolean isConsuming, CancellationToken cancellationToken)
   at Npgsql.NpgsqlDataReader.NextResult(Boolean async, Boolean isConsuming, CancellationToken cancellationToken)
   at Npgsql.NpgsqlCommand.ExecuteReader(Boolean async, CommandBehavior behavior, CancellationToken cancellationToken)
   at Npgsql.NpgsqlCommand.ExecuteReader(Boolean async, CommandBehavior behavior, CancellationToken cancellationToken)
   at Npgsql.NpgsqlCommand.ExecuteDbDataReaderAsync(CommandBehavior behavior, CancellationToken cancellationToken)
   at Microsoft.EntityFrameworkCore.Storage.RelationalCommand.ExecuteReaderAsync(RelationalCommandParameterObject parameterObject, CancellationToken cancellationToken)
   at Microsoft.EntityFrameworkCore.Storage.RelationalCommand.ExecuteReaderAsync(RelationalCommandParameterObject parameterObject, CancellationToken cancellationToken)
   at Microsoft.EntityFrameworkCore.Query.Internal.SingleQueryingEnumerable`1.AsyncEnumerator.InitializeReaderAsync(AsyncEnumerator enumerator, CancellationToken cancellationToken)
   at Microsoft.EntityFrameworkCore.Storage.ExecutionStrategy.<>c__DisplayClass30_0`2.<<ExecuteAsync>b__0>d.MoveNext()
--- End of stack trace from previous location ---
   at Microsoft.EntityFrameworkCore.Storage.ExecutionStrategy.ExecuteImplementationAsync[TState,TResult](Func`4 operation, Func`4 verifySucceeded, TState state, CancellationToken cancellationToken)
   at Microsoft.EntityFrameworkCore.Storage.ExecutionStrategy.ExecuteImplementationAsync[TState,TResult](Func`4 operation, Func`4 verifySucceeded, TState state, CancellationToken cancellationToken)
   at Microsoft.EntityFrameworkCore.Storage.ExecutionStrategy.ExecuteAsync[TState,TResult](TState state, Func`4 operation, Func`4 verifySucceeded, CancellationToken cancellationToken)
   at Microsoft.EntityFrameworkCore.Query.Internal.SingleQueryingEnumerable`1.AsyncEnumerator.MoveNextAsync()
   at Microsoft.EntityFrameworkCore.EntityFrameworkQueryableExtensions.ToListAsync[TSource](IQueryable`1 source, CancellationToken cancellationToken)
   at Microsoft.EntityFrameworkCore.EntityFrameworkQueryableExtensions.ToListAsync[TSource](IQueryable`1 source, CancellationToken cancellationToken)
   at WorkHub.Application.Services.ActivityService.GetOrgActivityAsync(Int32 page, Int32 pageSize) in C:\Users\Abdullah\Documents\GitHub\WorkSphere\WorkHub.Application\Services\ActivityService.cs:line 76
   at WorkHub.API.Controllers.ActivityController.GetOrgActivity(Int32 page, Int32 pageSize) in C:\Users\Abdullah\Documents\GitHub\WorkSphere\WorkHub.API\Controllers\ActivityController.cs:line 38
   at Microsoft.AspNetCore.Mvc.Infrastructure.ActionMethodExecutor.TaskOfIActionResultExecutor.Execute(ActionContext actionContext, IActionResultTypeMapper mapper, ObjectMethodExecutor executor, Object controller, Object[] arguments)
   at Microsoft.AspNetCore.Mvc.Infrastructure.ControllerActionInvoker.<InvokeActionMethodAsync>g__Awaited|12_0(ControllerActionInvoker invoker, ValueTask`1 actionResultValueTask)
   at Microsoft.AspNetCore.Mvc.Infrastructure.ControllerActionInvoker.<InvokeNextActionFilterAsync>g__Awaited|10_0(ControllerActionInvoker invoker, Task lastTask, State next, Scope scope, Object state, Boolean isCompleted)
   at Microsoft.AspNetCore.Mvc.Infrastructure.ControllerActionInvoker.Rethrow(ActionExecutedContextSealed context)
   at Microsoft.AspNetCore.Mvc.Infrastructure.ControllerActionInvoker.Next(State& next, Scope& scope, Object& state, Boolean& isCompleted)
   at Microsoft.AspNetCore.Mvc.Infrastructure.ControllerActionInvoker.<InvokeInnerFilterAsync>g__Awaited|13_0(ControllerActionInvoker invoker, Task lastTask, State next, Scope scope, Object state, Boolean isCompleted)
   at Microsoft.AspNetCore.Mvc.Infrastructure.ResourceInvoker.<InvokeFilterPipelineAsync>g__Awaited|20_0(ResourceInvoker invoker, Task lastTask, State next, Scope scope, Object state, Boolean isCompleted)
   at Microsoft.AspNetCore.Mvc.Infrastructure.ResourceInvoker.<InvokeAsync>g__Awaited|17_0(ResourceInvoker invoker, Task task, IDisposable scope)
   at Microsoft.AspNetCore.Mvc.Infrastructure.ResourceInvoker.<InvokeAsync>g__Awaited|17_0(ResourceInvoker invoker, Task task, IDisposable scope)
   at WorkHub.API.Middleware.TenantMiddleware.InvokeAsync(HttpContext context) in C:\Users\Abdullah\Documents\GitHub\WorkSphere\WorkHub.API\Middleware\TenantMiddleware.cs:line 77
   at Microsoft.AspNetCore.Authorization.AuthorizationMiddleware.Invoke(HttpContext context)
   at Microsoft.AspNetCore.Authentication.AuthenticationMiddleware.Invoke(HttpContext context)
   at Swashbuckle.AspNetCore.SwaggerUI.SwaggerUIMiddleware.Invoke(HttpContext httpContext)
   at Swashbuckle.AspNetCore.Swagger.SwaggerMiddleware.Invoke(HttpContext httpContext, ISwaggerProvider swaggerProvider)
   at WorkHub.API.Middleware.RequestLoggingMiddleware.InvokeAsync(HttpContext context) in C:\Users\Abdullah\Documents\GitHub\WorkSphere\WorkHub.API\Middleware\RequestLoggingMiddleware.cs:line 32
   at WorkHub.API.Middleware.GlobalExceptionMiddleware.InvokeAsync(HttpContext context) in C:\Users\Abdullah\Documents\GitHub\WorkSphere\WorkHub.API\Middleware\GlobalExceptionMiddleware.cs:line 28
  Exception data:
    Severity: ERROR
    SqlState: 42P01
    MessageText: relation "ActivityLogs" does not exist
    Position: 169
    File: parse_relation.c
    Line: 1452
    Routine: parserOpenTable
2026-07-31 22:37:25.990 +06:00 [ERR] [0HNNF47SHHDTL:00000001] [0HNNF47SHHDTL:00000001] GET /api/activity → 500 (13.3ms)
2026-07-31 22:37:28.004 +06:00 [DBG] [0HNNF47SHHDTM:00000001] Permission granted: Owner → projects.view
2026-07-31 22:37:28.005 +06:00 [INF] [0HNNF47SHHDTM:00000001] Executed DbCommand (1ms) [Parameters=[@___currentUser_UserId_0='00000000-0000-0000-0002-000000000001'], CommandType='"Text"', CommandTimeout='30']
SELECT u."Id", u."CreatedAt", u."DeletedAt", u."Email", u."EmailVerificationExpiry", u."EmailVerificationToken", u."FirstName", u."IsActive", u."IsDeleted", u."IsEmailVerified", u."LastLoginAt", u."LastName", u."OrganizationId", u."PasswordHash", u."PasswordResetExpiry", u."PasswordResetToken", u."ProfilePictureUrl", u."RefreshToken", u."RefreshTokenExpiry", u."Role", u."UpdatedAt", o0."Id", o0."CreatedAt", o0."DeletedAt", o0."Description", o0."IsActive", o0."IsDeleted", o0."LogoUrl", o0."Name", o0."Plan", o0."Slug", o0."UpdatedAt"
FROM "Users" AS u
INNER JOIN (
    SELECT o."Id", o."CreatedAt", o."DeletedAt", o."Description", o."IsActive", o."IsDeleted", o."LogoUrl", o."Name", o."Plan", o."Slug", o."UpdatedAt"
    FROM "Organizations" AS o
    WHERE NOT (o."IsDeleted")
) AS o0 ON u."OrganizationId" = o0."Id"
WHERE NOT (u."IsDeleted") AND u."Id" = @___currentUser_UserId_0
LIMIT 1
2026-07-31 22:37:28.007 +06:00 [ERR] [0HNNF47SHHDTM:00000001] Failed executing DbCommand (0ms) [Parameters=[@___currentUser_OrganizationId_0='00000000-0000-0000-0001-000000000001', @__p_2='50', @__p_1='0'], CommandType='"Text"', CommandTimeout='30']
SELECT a."Id", a."Action", a."CreatedAt", a."EntityId", a."EntityName", a."EntityType", a."Metadata", a."OrganizationId", a."ProjectId", a."UserId", a."UserName"
FROM "ActivityLogs" AS a
WHERE a."OrganizationId" = @___currentUser_OrganizationId_0
ORDER BY a."CreatedAt" DESC
LIMIT @__p_2 OFFSET @__p_1
2026-07-31 22:37:28.008 +06:00 [ERR] [0HNNF47SHHDTM:00000001] An exception occurred while iterating over the results of a query for context type 'WorkHub.Infrastructure.Data.AppDbContext'.
Npgsql.PostgresException (0x80004005): 42P01: relation "ActivityLogs" does not exist

POSITION: 169
   at Npgsql.Internal.NpgsqlConnector.ReadMessageLong(Boolean async, DataRowLoadingMode dataRowLoadingMode, Boolean readingNotifications, Boolean isReadingPrependedMessage)
   at System.Runtime.CompilerServices.PoolingAsyncValueTaskMethodBuilder`1.StateMachineBox`1.System.Threading.Tasks.Sources.IValueTaskSource<TResult>.GetResult(Int16 token)
   at Npgsql.NpgsqlDataReader.NextResult(Boolean async, Boolean isConsuming, CancellationToken cancellationToken)
   at Npgsql.NpgsqlDataReader.NextResult(Boolean async, Boolean isConsuming, CancellationToken cancellationToken)
   at Npgsql.NpgsqlCommand.ExecuteReader(Boolean async, CommandBehavior behavior, CancellationToken cancellationToken)
   at Npgsql.NpgsqlCommand.ExecuteReader(Boolean async, CommandBehavior behavior, CancellationToken cancellationToken)
   at Npgsql.NpgsqlCommand.ExecuteDbDataReaderAsync(CommandBehavior behavior, CancellationToken cancellationToken)
   at Microsoft.EntityFrameworkCore.Storage.RelationalCommand.ExecuteReaderAsync(RelationalCommandParameterObject parameterObject, CancellationToken cancellationToken)
   at Microsoft.EntityFrameworkCore.Storage.RelationalCommand.ExecuteReaderAsync(RelationalCommandParameterObject parameterObject, CancellationToken cancellationToken)
   at Microsoft.EntityFrameworkCore.Query.Internal.SingleQueryingEnumerable`1.AsyncEnumerator.InitializeReaderAsync(AsyncEnumerator enumerator, CancellationToken cancellationToken)
   at Microsoft.EntityFrameworkCore.Storage.ExecutionStrategy.<>c__DisplayClass30_0`2.<<ExecuteAsync>b__0>d.MoveNext()
--- End of stack trace from previous location ---
   at Microsoft.EntityFrameworkCore.Storage.ExecutionStrategy.ExecuteImplementationAsync[TState,TResult](Func`4 operation, Func`4 verifySucceeded, TState state, CancellationToken cancellationToken)
   at Microsoft.EntityFrameworkCore.Storage.ExecutionStrategy.ExecuteImplementationAsync[TState,TResult](Func`4 operation, Func`4 verifySucceeded, TState state, CancellationToken cancellationToken)
   at Microsoft.EntityFrameworkCore.Storage.ExecutionStrategy.ExecuteAsync[TState,TResult](TState state, Func`4 operation, Func`4 verifySucceeded, CancellationToken cancellationToken)
   at Microsoft.EntityFrameworkCore.Query.Internal.SingleQueryingEnumerable`1.AsyncEnumerator.MoveNextAsync()
  Exception data:
    Severity: ERROR
    SqlState: 42P01
    MessageText: relation "ActivityLogs" does not exist
    Position: 169
    File: parse_relation.c
    Line: 1452
    Routine: parserOpenTable
Npgsql.PostgresException (0x80004005): 42P01: relation "ActivityLogs" does not exist

POSITION: 169
   at Npgsql.Internal.NpgsqlConnector.ReadMessageLong(Boolean async, DataRowLoadingMode dataRowLoadingMode, Boolean readingNotifications, Boolean isReadingPrependedMessage)
   at System.Runtime.CompilerServices.PoolingAsyncValueTaskMethodBuilder`1.StateMachineBox`1.System.Threading.Tasks.Sources.IValueTaskSource<TResult>.GetResult(Int16 token)
   at Npgsql.NpgsqlDataReader.NextResult(Boolean async, Boolean isConsuming, CancellationToken cancellationToken)
   at Npgsql.NpgsqlDataReader.NextResult(Boolean async, Boolean isConsuming, CancellationToken cancellationToken)
   at Npgsql.NpgsqlCommand.ExecuteReader(Boolean async, CommandBehavior behavior, CancellationToken cancellationToken)
   at Npgsql.NpgsqlCommand.ExecuteReader(Boolean async, CommandBehavior behavior, CancellationToken cancellationToken)
   at Npgsql.NpgsqlCommand.ExecuteDbDataReaderAsync(CommandBehavior behavior, CancellationToken cancellationToken)
   at Microsoft.EntityFrameworkCore.Storage.RelationalCommand.ExecuteReaderAsync(RelationalCommandParameterObject parameterObject, CancellationToken cancellationToken)
   at Microsoft.EntityFrameworkCore.Storage.RelationalCommand.ExecuteReaderAsync(RelationalCommandParameterObject parameterObject, CancellationToken cancellationToken)
   at Microsoft.EntityFrameworkCore.Query.Internal.SingleQueryingEnumerable`1.AsyncEnumerator.InitializeReaderAsync(AsyncEnumerator enumerator, CancellationToken cancellationToken)
   at Microsoft.EntityFrameworkCore.Storage.ExecutionStrategy.<>c__DisplayClass30_0`2.<<ExecuteAsync>b__0>d.MoveNext()
--- End of stack trace from previous location ---
   at Microsoft.EntityFrameworkCore.Storage.ExecutionStrategy.ExecuteImplementationAsync[TState,TResult](Func`4 operation, Func`4 verifySucceeded, TState state, CancellationToken cancellationToken)
   at Microsoft.EntityFrameworkCore.Storage.ExecutionStrategy.ExecuteImplementationAsync[TState,TResult](Func`4 operation, Func`4 verifySucceeded, TState state, CancellationToken cancellationToken)
   at Microsoft.EntityFrameworkCore.Storage.ExecutionStrategy.ExecuteAsync[TState,TResult](TState state, Func`4 operation, Func`4 verifySucceeded, CancellationToken cancellationToken)
   at Microsoft.EntityFrameworkCore.Query.Internal.SingleQueryingEnumerable`1.AsyncEnumerator.MoveNextAsync()
  Exception data:
    Severity: ERROR
    SqlState: 42P01
    MessageText: relation "ActivityLogs" does not exist
    Position: 169
    File: parse_relation.c
    Line: 1452
    Routine: parserOpenTable
2026-07-31 22:37:28.012 +06:00 [ERR] [0HNNF47SHHDTM:00000001] Unhandled exception on GET /api/activity — PostgresException: 42P01: relation "ActivityLogs" does not exist

POSITION: 169
Npgsql.PostgresException (0x80004005): 42P01: relation "ActivityLogs" does not exist

POSITION: 169
   at Npgsql.Internal.NpgsqlConnector.ReadMessageLong(Boolean async, DataRowLoadingMode dataRowLoadingMode, Boolean readingNotifications, Boolean isReadingPrependedMessage)
   at System.Runtime.CompilerServices.PoolingAsyncValueTaskMethodBuilder`1.StateMachineBox`1.System.Threading.Tasks.Sources.IValueTaskSource<TResult>.GetResult(Int16 token)
   at Npgsql.NpgsqlDataReader.NextResult(Boolean async, Boolean isConsuming, CancellationToken cancellationToken)
   at Npgsql.NpgsqlDataReader.NextResult(Boolean async, Boolean isConsuming, CancellationToken cancellationToken)
   at Npgsql.NpgsqlCommand.ExecuteReader(Boolean async, CommandBehavior behavior, CancellationToken cancellationToken)
   at Npgsql.NpgsqlCommand.ExecuteReader(Boolean async, CommandBehavior behavior, CancellationToken cancellationToken)
   at Npgsql.NpgsqlCommand.ExecuteDbDataReaderAsync(CommandBehavior behavior, CancellationToken cancellationToken)
   at Microsoft.EntityFrameworkCore.Storage.RelationalCommand.ExecuteReaderAsync(RelationalCommandParameterObject parameterObject, CancellationToken cancellationToken)
   at Microsoft.EntityFrameworkCore.Storage.RelationalCommand.ExecuteReaderAsync(RelationalCommandParameterObject parameterObject, CancellationToken cancellationToken)
   at Microsoft.EntityFrameworkCore.Query.Internal.SingleQueryingEnumerable`1.AsyncEnumerator.InitializeReaderAsync(AsyncEnumerator enumerator, CancellationToken cancellationToken)
   at Microsoft.EntityFrameworkCore.Storage.ExecutionStrategy.<>c__DisplayClass30_0`2.<<ExecuteAsync>b__0>d.MoveNext()
--- End of stack trace from previous location ---
   at Microsoft.EntityFrameworkCore.Storage.ExecutionStrategy.ExecuteImplementationAsync[TState,TResult](Func`4 operation, Func`4 verifySucceeded, TState state, CancellationToken cancellationToken)
   at Microsoft.EntityFrameworkCore.Storage.ExecutionStrategy.ExecuteImplementationAsync[TState,TResult](Func`4 operation, Func`4 verifySucceeded, TState state, CancellationToken cancellationToken)
   at Microsoft.EntityFrameworkCore.Storage.ExecutionStrategy.ExecuteAsync[TState,TResult](TState state, Func`4 operation, Func`4 verifySucceeded, CancellationToken cancellationToken)
   at Microsoft.EntityFrameworkCore.Query.Internal.SingleQueryingEnumerable`1.AsyncEnumerator.MoveNextAsync()
   at Microsoft.EntityFrameworkCore.EntityFrameworkQueryableExtensions.ToListAsync[TSource](IQueryable`1 source, CancellationToken cancellationToken)
   at Microsoft.EntityFrameworkCore.EntityFrameworkQueryableExtensions.ToListAsync[TSource](IQueryable`1 source, CancellationToken cancellationToken)
   at WorkHub.Application.Services.ActivityService.GetOrgActivityAsync(Int32 page, Int32 pageSize) in C:\Users\Abdullah\Documents\GitHub\WorkSphere\WorkHub.Application\Services\ActivityService.cs:line 76
   at WorkHub.API.Controllers.ActivityController.GetOrgActivity(Int32 page, Int32 pageSize) in C:\Users\Abdullah\Documents\GitHub\WorkSphere\WorkHub.API\Controllers\ActivityController.cs:line 38
   at Microsoft.AspNetCore.Mvc.Infrastructure.ActionMethodExecutor.TaskOfIActionResultExecutor.Execute(ActionContext actionContext, IActionResultTypeMapper mapper, ObjectMethodExecutor executor, Object controller, Object[] arguments)
   at Microsoft.AspNetCore.Mvc.Infrastructure.ControllerActionInvoker.<InvokeActionMethodAsync>g__Awaited|12_0(ControllerActionInvoker invoker, ValueTask`1 actionResultValueTask)
   at Microsoft.AspNetCore.Mvc.Infrastructure.ControllerActionInvoker.<InvokeNextActionFilterAsync>g__Awaited|10_0(ControllerActionInvoker invoker, Task lastTask, State next, Scope scope, Object state, Boolean isCompleted)
   at Microsoft.AspNetCore.Mvc.Infrastructure.ControllerActionInvoker.Rethrow(ActionExecutedContextSealed context)
   at Microsoft.AspNetCore.Mvc.Infrastructure.ControllerActionInvoker.Next(State& next, Scope& scope, Object& state, Boolean& isCompleted)
   at Microsoft.AspNetCore.Mvc.Infrastructure.ControllerActionInvoker.<InvokeInnerFilterAsync>g__Awaited|13_0(ControllerActionInvoker invoker, Task lastTask, State next, Scope scope, Object state, Boolean isCompleted)
   at Microsoft.AspNetCore.Mvc.Infrastructure.ResourceInvoker.<InvokeFilterPipelineAsync>g__Awaited|20_0(ResourceInvoker invoker, Task lastTask, State next, Scope scope, Object state, Boolean isCompleted)
   at Microsoft.AspNetCore.Mvc.Infrastructure.ResourceInvoker.<InvokeAsync>g__Awaited|17_0(ResourceInvoker invoker, Task task, IDisposable scope)
   at Microsoft.AspNetCore.Mvc.Infrastructure.ResourceInvoker.<InvokeAsync>g__Awaited|17_0(ResourceInvoker invoker, Task task, IDisposable scope)
   at WorkHub.API.Middleware.TenantMiddleware.InvokeAsync(HttpContext context) in C:\Users\Abdullah\Documents\GitHub\WorkSphere\WorkHub.API\Middleware\TenantMiddleware.cs:line 77
   at Microsoft.AspNetCore.Authorization.AuthorizationMiddleware.Invoke(HttpContext context)
   at Microsoft.AspNetCore.Authentication.AuthenticationMiddleware.Invoke(HttpContext context)
   at Swashbuckle.AspNetCore.SwaggerUI.SwaggerUIMiddleware.Invoke(HttpContext httpContext)
   at Swashbuckle.AspNetCore.Swagger.SwaggerMiddleware.Invoke(HttpContext httpContext, ISwaggerProvider swaggerProvider)
   at WorkHub.API.Middleware.RequestLoggingMiddleware.InvokeAsync(HttpContext context) in C:\Users\Abdullah\Documents\GitHub\WorkSphere\WorkHub.API\Middleware\RequestLoggingMiddleware.cs:line 32
   at WorkHub.API.Middleware.GlobalExceptionMiddleware.InvokeAsync(HttpContext context) in C:\Users\Abdullah\Documents\GitHub\WorkSphere\WorkHub.API\Middleware\GlobalExceptionMiddleware.cs:line 28
  Exception data:
    Severity: ERROR
    SqlState: 42P01
    MessageText: relation "ActivityLogs" does not exist
    Position: 169
    File: parse_relation.c
    Line: 1452
    Routine: parserOpenTable
2026-07-31 22:37:28.018 +06:00 [ERR] [0HNNF47SHHDTM:00000001] [0HNNF47SHHDTM:00000001] GET /api/activity → 500 (14.4ms)
2026-07-31 22:37:30.063 +06:00 [DBG] [0HNNF47SHHDTN:00000001] Permission granted: Owner → projects.view
2026-07-31 22:37:30.064 +06:00 [DBG] [0HNNF47SHHDTO:00000001] Permission granted: Owner → projects.view
2026-07-31 22:37:30.066 +06:00 [INF] [0HNNF47SHHDTN:00000001] Executed DbCommand (1ms) [Parameters=[@___currentUser_UserId_0='00000000-0000-0000-0002-000000000001'], CommandType='"Text"', CommandTimeout='30']
SELECT u."Id", u."CreatedAt", u."DeletedAt", u."Email", u."EmailVerificationExpiry", u."EmailVerificationToken", u."FirstName", u."IsActive", u."IsDeleted", u."IsEmailVerified", u."LastLoginAt", u."LastName", u."OrganizationId", u."PasswordHash", u."PasswordResetExpiry", u."PasswordResetToken", u."ProfilePictureUrl", u."RefreshToken", u."RefreshTokenExpiry", u."Role", u."UpdatedAt", o0."Id", o0."CreatedAt", o0."DeletedAt", o0."Description", o0."IsActive", o0."IsDeleted", o0."LogoUrl", o0."Name", o0."Plan", o0."Slug", o0."UpdatedAt"
FROM "Users" AS u
INNER JOIN (
    SELECT o."Id", o."CreatedAt", o."DeletedAt", o."Description", o."IsActive", o."IsDeleted", o."LogoUrl", o."Name", o."Plan", o."Slug", o."UpdatedAt"
    FROM "Organizations" AS o
    WHERE NOT (o."IsDeleted")
) AS o0 ON u."OrganizationId" = o0."Id"
WHERE NOT (u."IsDeleted") AND u."Id" = @___currentUser_UserId_0
LIMIT 1
2026-07-31 22:37:30.066 +06:00 [INF] [0HNNF47SHHDTO:00000001] Executed DbCommand (1ms) [Parameters=[@___currentUser_UserId_0='00000000-0000-0000-0002-000000000001'], CommandType='"Text"', CommandTimeout='30']
SELECT u."Id", u."CreatedAt", u."DeletedAt", u."Email", u."EmailVerificationExpiry", u."EmailVerificationToken", u."FirstName", u."IsActive", u."IsDeleted", u."IsEmailVerified", u."LastLoginAt", u."LastName", u."OrganizationId", u."PasswordHash", u."PasswordResetExpiry", u."PasswordResetToken", u."ProfilePictureUrl", u."RefreshToken", u."RefreshTokenExpiry", u."Role", u."UpdatedAt", o0."Id", o0."CreatedAt", o0."DeletedAt", o0."Description", o0."IsActive", o0."IsDeleted", o0."LogoUrl", o0."Name", o0."Plan", o0."Slug", o0."UpdatedAt"
FROM "Users" AS u
INNER JOIN (
    SELECT o."Id", o."CreatedAt", o."DeletedAt", o."Description", o."IsActive", o."IsDeleted", o."LogoUrl", o."Name", o."Plan", o."Slug", o."UpdatedAt"
    FROM "Organizations" AS o
    WHERE NOT (o."IsDeleted")
) AS o0 ON u."OrganizationId" = o0."Id"
WHERE NOT (u."IsDeleted") AND u."Id" = @___currentUser_UserId_0
LIMIT 1
2026-07-31 22:37:30.068 +06:00 [ERR] [0HNNF47SHHDTN:00000001] Failed executing DbCommand (0ms) [Parameters=[@___currentUser_OrganizationId_0='00000000-0000-0000-0001-000000000001'], CommandType='"Text"', CommandTimeout='30']
SELECT count(*)::int
FROM "Projects" AS p
WHERE NOT (p."IsDeleted") AND p."OrganizationId" = @___currentUser_OrganizationId_0
2026-07-31 22:37:30.070 +06:00 [ERR] [0HNNF47SHHDTN:00000001] An exception occurred while iterating over the results of a query for context type 'WorkHub.Infrastructure.Data.AppDbContext'.
Npgsql.PostgresException (0x80004005): 42P01: relation "Projects" does not exist

POSITION: 28
   at Npgsql.Internal.NpgsqlConnector.ReadMessageLong(Boolean async, DataRowLoadingMode dataRowLoadingMode, Boolean readingNotifications, Boolean isReadingPrependedMessage)
   at System.Runtime.CompilerServices.PoolingAsyncValueTaskMethodBuilder`1.StateMachineBox`1.System.Threading.Tasks.Sources.IValueTaskSource<TResult>.GetResult(Int16 token)
   at Npgsql.NpgsqlDataReader.NextResult(Boolean async, Boolean isConsuming, CancellationToken cancellationToken)
   at Npgsql.NpgsqlDataReader.NextResult(Boolean async, Boolean isConsuming, CancellationToken cancellationToken)
   at Npgsql.NpgsqlCommand.ExecuteReader(Boolean async, CommandBehavior behavior, CancellationToken cancellationToken)
   at Npgsql.NpgsqlCommand.ExecuteReader(Boolean async, CommandBehavior behavior, CancellationToken cancellationToken)
   at Npgsql.NpgsqlCommand.ExecuteDbDataReaderAsync(CommandBehavior behavior, CancellationToken cancellationToken)
   at Microsoft.EntityFrameworkCore.Storage.RelationalCommand.ExecuteReaderAsync(RelationalCommandParameterObject parameterObject, CancellationToken cancellationToken)
   at Microsoft.EntityFrameworkCore.Storage.RelationalCommand.ExecuteReaderAsync(RelationalCommandParameterObject parameterObject, CancellationToken cancellationToken)
   at Microsoft.EntityFrameworkCore.Query.Internal.SingleQueryingEnumerable`1.AsyncEnumerator.InitializeReaderAsync(AsyncEnumerator enumerator, CancellationToken cancellationToken)
   at Microsoft.EntityFrameworkCore.Storage.ExecutionStrategy.<>c__DisplayClass30_0`2.<<ExecuteAsync>b__0>d.MoveNext()
--- End of stack trace from previous location ---
   at Microsoft.EntityFrameworkCore.Storage.ExecutionStrategy.ExecuteImplementationAsync[TState,TResult](Func`4 operation, Func`4 verifySucceeded, TState state, CancellationToken cancellationToken)
   at Microsoft.EntityFrameworkCore.Storage.ExecutionStrategy.ExecuteImplementationAsync[TState,TResult](Func`4 operation, Func`4 verifySucceeded, TState state, CancellationToken cancellationToken)
   at Microsoft.EntityFrameworkCore.Storage.ExecutionStrategy.ExecuteAsync[TState,TResult](TState state, Func`4 operation, Func`4 verifySucceeded, CancellationToken cancellationToken)
   at Microsoft.EntityFrameworkCore.Query.Internal.SingleQueryingEnumerable`1.AsyncEnumerator.MoveNextAsync()
  Exception data:
    Severity: ERROR
    SqlState: 42P01
    MessageText: relation "Projects" does not exist
    Position: 28
    File: parse_relation.c
    Line: 1452
    Routine: parserOpenTable
Npgsql.PostgresException (0x80004005): 42P01: relation "Projects" does not exist

POSITION: 28
   at Npgsql.Internal.NpgsqlConnector.ReadMessageLong(Boolean async, DataRowLoadingMode dataRowLoadingMode, Boolean readingNotifications, Boolean isReadingPrependedMessage)
   at System.Runtime.CompilerServices.PoolingAsyncValueTaskMethodBuilder`1.StateMachineBox`1.System.Threading.Tasks.Sources.IValueTaskSource<TResult>.GetResult(Int16 token)
   at Npgsql.NpgsqlDataReader.NextResult(Boolean async, Boolean isConsuming, CancellationToken cancellationToken)
   at Npgsql.NpgsqlDataReader.NextResult(Boolean async, Boolean isConsuming, CancellationToken cancellationToken)
   at Npgsql.NpgsqlCommand.ExecuteReader(Boolean async, CommandBehavior behavior, CancellationToken cancellationToken)
   at Npgsql.NpgsqlCommand.ExecuteReader(Boolean async, CommandBehavior behavior, CancellationToken cancellationToken)
   at Npgsql.NpgsqlCommand.ExecuteDbDataReaderAsync(CommandBehavior behavior, CancellationToken cancellationToken)
   at Microsoft.EntityFrameworkCore.Storage.RelationalCommand.ExecuteReaderAsync(RelationalCommandParameterObject parameterObject, CancellationToken cancellationToken)
   at Microsoft.EntityFrameworkCore.Storage.RelationalCommand.ExecuteReaderAsync(RelationalCommandParameterObject parameterObject, CancellationToken cancellationToken)
   at Microsoft.EntityFrameworkCore.Query.Internal.SingleQueryingEnumerable`1.AsyncEnumerator.InitializeReaderAsync(AsyncEnumerator enumerator, CancellationToken cancellationToken)
   at Microsoft.EntityFrameworkCore.Storage.ExecutionStrategy.<>c__DisplayClass30_0`2.<<ExecuteAsync>b__0>d.MoveNext()
--- End of stack trace from previous location ---
   at Microsoft.EntityFrameworkCore.Storage.ExecutionStrategy.ExecuteImplementationAsync[TState,TResult](Func`4 operation, Func`4 verifySucceeded, TState state, CancellationToken cancellationToken)
   at Microsoft.EntityFrameworkCore.Storage.ExecutionStrategy.ExecuteImplementationAsync[TState,TResult](Func`4 operation, Func`4 verifySucceeded, TState state, CancellationToken cancellationToken)
   at Microsoft.EntityFrameworkCore.Storage.ExecutionStrategy.ExecuteAsync[TState,TResult](TState state, Func`4 operation, Func`4 verifySucceeded, CancellationToken cancellationToken)
   at Microsoft.EntityFrameworkCore.Query.Internal.SingleQueryingEnumerable`1.AsyncEnumerator.MoveNextAsync()
  Exception data:
    Severity: ERROR
    SqlState: 42P01
    MessageText: relation "Projects" does not exist
    Position: 28
    File: parse_relation.c
    Line: 1452
    Routine: parserOpenTable
2026-07-31 22:37:30.073 +06:00 [ERR] [0HNNF47SHHDTN:00000001] Error listing projects for org "00000000-0000-0000-0001-000000000001"
Npgsql.PostgresException (0x80004005): 42P01: relation "Projects" does not exist

POSITION: 28
   at Npgsql.Internal.NpgsqlConnector.ReadMessageLong(Boolean async, DataRowLoadingMode dataRowLoadingMode, Boolean readingNotifications, Boolean isReadingPrependedMessage)
   at System.Runtime.CompilerServices.PoolingAsyncValueTaskMethodBuilder`1.StateMachineBox`1.System.Threading.Tasks.Sources.IValueTaskSource<TResult>.GetResult(Int16 token)
   at Npgsql.NpgsqlDataReader.NextResult(Boolean async, Boolean isConsuming, CancellationToken cancellationToken)
   at Npgsql.NpgsqlDataReader.NextResult(Boolean async, Boolean isConsuming, CancellationToken cancellationToken)
   at Npgsql.NpgsqlCommand.ExecuteReader(Boolean async, CommandBehavior behavior, CancellationToken cancellationToken)
   at Npgsql.NpgsqlCommand.ExecuteReader(Boolean async, CommandBehavior behavior, CancellationToken cancellationToken)
   at Npgsql.NpgsqlCommand.ExecuteDbDataReaderAsync(CommandBehavior behavior, CancellationToken cancellationToken)
   at Microsoft.EntityFrameworkCore.Storage.RelationalCommand.ExecuteReaderAsync(RelationalCommandParameterObject parameterObject, CancellationToken cancellationToken)
   at Microsoft.EntityFrameworkCore.Storage.RelationalCommand.ExecuteReaderAsync(RelationalCommandParameterObject parameterObject, CancellationToken cancellationToken)
   at Microsoft.EntityFrameworkCore.Query.Internal.SingleQueryingEnumerable`1.AsyncEnumerator.InitializeReaderAsync(AsyncEnumerator enumerator, CancellationToken cancellationToken)
   at Microsoft.EntityFrameworkCore.Storage.ExecutionStrategy.<>c__DisplayClass30_0`2.<<ExecuteAsync>b__0>d.MoveNext()
--- End of stack trace from previous location ---
   at Microsoft.EntityFrameworkCore.Storage.ExecutionStrategy.ExecuteImplementationAsync[TState,TResult](Func`4 operation, Func`4 verifySucceeded, TState state, CancellationToken cancellationToken)
   at Microsoft.EntityFrameworkCore.Storage.ExecutionStrategy.ExecuteImplementationAsync[TState,TResult](Func`4 operation, Func`4 verifySucceeded, TState state, CancellationToken cancellationToken)
   at Microsoft.EntityFrameworkCore.Storage.ExecutionStrategy.ExecuteAsync[TState,TResult](TState state, Func`4 operation, Func`4 verifySucceeded, CancellationToken cancellationToken)
   at Microsoft.EntityFrameworkCore.Query.Internal.SingleQueryingEnumerable`1.AsyncEnumerator.MoveNextAsync()
   at Microsoft.EntityFrameworkCore.Query.ShapedQueryCompilingExpressionVisitor.SingleAsync[TSource](IAsyncEnumerable`1 asyncEnumerable, CancellationToken cancellationToken)
   at Microsoft.EntityFrameworkCore.Query.ShapedQueryCompilingExpressionVisitor.SingleAsync[TSource](IAsyncEnumerable`1 asyncEnumerable, CancellationToken cancellationToken)
   at WorkHub.Application.Services.ProjectService.GetProjectsAsync(ProjectQueryDto query) in C:\Users\Abdullah\Documents\GitHub\WorkSphere\WorkHub.Application\Services\ProjectService.cs:line 95
  Exception data:
    Severity: ERROR
    SqlState: 42P01
    MessageText: relation "Projects" does not exist
    Position: 28
    File: parse_relation.c
    Line: 1452
    Routine: parserOpenTable
2026-07-31 22:37:30.075 +06:00 [WRN] [0HNNF47SHHDTN:00000001] [0HNNF47SHHDTN:00000001] GET /api/projects → 400 (12.3ms)
2026-07-31 22:37:30.068 +06:00 [ERR] [0HNNF47SHHDTO:00000001] Failed executing DbCommand (1ms) [Parameters=[@___currentUser_OrganizationId_0='00000000-0000-0000-0001-000000000001'], CommandType='"Text"', CommandTimeout='30']
SELECT count(*)::int
FROM "Projects" AS p
WHERE NOT (p."IsDeleted") AND p."OrganizationId" = @___currentUser_OrganizationId_0
2026-07-31 22:37:30.078 +06:00 [ERR] [0HNNF47SHHDTO:00000001] An exception occurred while iterating over the results of a query for context type 'WorkHub.Infrastructure.Data.AppDbContext'.
Npgsql.PostgresException (0x80004005): 42P01: relation "Projects" does not exist

POSITION: 28
   at Npgsql.Internal.NpgsqlConnector.ReadMessageLong(Boolean async, DataRowLoadingMode dataRowLoadingMode, Boolean readingNotifications, Boolean isReadingPrependedMessage)
   at System.Runtime.CompilerServices.PoolingAsyncValueTaskMethodBuilder`1.StateMachineBox`1.System.Threading.Tasks.Sources.IValueTaskSource<TResult>.GetResult(Int16 token)
   at Npgsql.NpgsqlDataReader.NextResult(Boolean async, Boolean isConsuming, CancellationToken cancellationToken)
   at Npgsql.NpgsqlDataReader.NextResult(Boolean async, Boolean isConsuming, CancellationToken cancellationToken)
   at Npgsql.NpgsqlCommand.ExecuteReader(Boolean async, CommandBehavior behavior, CancellationToken cancellationToken)
   at Npgsql.NpgsqlCommand.ExecuteReader(Boolean async, CommandBehavior behavior, CancellationToken cancellationToken)
   at Npgsql.NpgsqlCommand.ExecuteDbDataReaderAsync(CommandBehavior behavior, CancellationToken cancellationToken)
   at Microsoft.EntityFrameworkCore.Storage.RelationalCommand.ExecuteReaderAsync(RelationalCommandParameterObject parameterObject, CancellationToken cancellationToken)
   at Microsoft.EntityFrameworkCore.Storage.RelationalCommand.ExecuteReaderAsync(RelationalCommandParameterObject parameterObject, CancellationToken cancellationToken)
   at Microsoft.EntityFrameworkCore.Query.Internal.SingleQueryingEnumerable`1.AsyncEnumerator.InitializeReaderAsync(AsyncEnumerator enumerator, CancellationToken cancellationToken)
   at Microsoft.EntityFrameworkCore.Storage.ExecutionStrategy.<>c__DisplayClass30_0`2.<<ExecuteAsync>b__0>d.MoveNext()
--- End of stack trace from previous location ---
   at Microsoft.EntityFrameworkCore.Storage.ExecutionStrategy.ExecuteImplementationAsync[TState,TResult](Func`4 operation, Func`4 verifySucceeded, TState state, CancellationToken cancellationToken)
   at Microsoft.EntityFrameworkCore.Storage.ExecutionStrategy.ExecuteImplementationAsync[TState,TResult](Func`4 operation, Func`4 verifySucceeded, TState state, CancellationToken cancellationToken)
   at Microsoft.EntityFrameworkCore.Storage.ExecutionStrategy.ExecuteAsync[TState,TResult](TState state, Func`4 operation, Func`4 verifySucceeded, CancellationToken cancellationToken)
   at Microsoft.EntityFrameworkCore.Query.Internal.SingleQueryingEnumerable`1.AsyncEnumerator.MoveNextAsync()
  Exception data:
    Severity: ERROR
    SqlState: 42P01
    MessageText: relation "Projects" does not exist
    Position: 28
    File: parse_relation.c
    Line: 1452
    Routine: parserOpenTable
Npgsql.PostgresException (0x80004005): 42P01: relation "Projects" does not exist

POSITION: 28
   at Npgsql.Internal.NpgsqlConnector.ReadMessageLong(Boolean async, DataRowLoadingMode dataRowLoadingMode, Boolean readingNotifications, Boolean isReadingPrependedMessage)
   at System.Runtime.CompilerServices.PoolingAsyncValueTaskMethodBuilder`1.StateMachineBox`1.System.Threading.Tasks.Sources.IValueTaskSource<TResult>.GetResult(Int16 token)
   at Npgsql.NpgsqlDataReader.NextResult(Boolean async, Boolean isConsuming, CancellationToken cancellationToken)
   at Npgsql.NpgsqlDataReader.NextResult(Boolean async, Boolean isConsuming, CancellationToken cancellationToken)
   at Npgsql.NpgsqlCommand.ExecuteReader(Boolean async, CommandBehavior behavior, CancellationToken cancellationToken)
   at Npgsql.NpgsqlCommand.ExecuteReader(Boolean async, CommandBehavior behavior, CancellationToken cancellationToken)
   at Npgsql.NpgsqlCommand.ExecuteDbDataReaderAsync(CommandBehavior behavior, CancellationToken cancellationToken)
   at Microsoft.EntityFrameworkCore.Storage.RelationalCommand.ExecuteReaderAsync(RelationalCommandParameterObject parameterObject, CancellationToken cancellationToken)
   at Microsoft.EntityFrameworkCore.Storage.RelationalCommand.ExecuteReaderAsync(RelationalCommandParameterObject parameterObject, CancellationToken cancellationToken)
   at Microsoft.EntityFrameworkCore.Query.Internal.SingleQueryingEnumerable`1.AsyncEnumerator.InitializeReaderAsync(AsyncEnumerator enumerator, CancellationToken cancellationToken)
   at Microsoft.EntityFrameworkCore.Storage.ExecutionStrategy.<>c__DisplayClass30_0`2.<<ExecuteAsync>b__0>d.MoveNext()
--- End of stack trace from previous location ---
   at Microsoft.EntityFrameworkCore.Storage.ExecutionStrategy.ExecuteImplementationAsync[TState,TResult](Func`4 operation, Func`4 verifySucceeded, TState state, CancellationToken cancellationToken)
   at Microsoft.EntityFrameworkCore.Storage.ExecutionStrategy.ExecuteImplementationAsync[TState,TResult](Func`4 operation, Func`4 verifySucceeded, TState state, CancellationToken cancellationToken)
   at Microsoft.EntityFrameworkCore.Storage.ExecutionStrategy.ExecuteAsync[TState,TResult](TState state, Func`4 operation, Func`4 verifySucceeded, CancellationToken cancellationToken)
   at Microsoft.EntityFrameworkCore.Query.Internal.SingleQueryingEnumerable`1.AsyncEnumerator.MoveNextAsync()
  Exception data:
    Severity: ERROR
    SqlState: 42P01
    MessageText: relation "Projects" does not exist
    Position: 28
    File: parse_relation.c
    Line: 1452
    Routine: parserOpenTable
2026-07-31 22:37:30.081 +06:00 [ERR] [0HNNF47SHHDTO:00000001] Error listing projects for org "00000000-0000-0000-0001-000000000001"
Npgsql.PostgresException (0x80004005): 42P01: relation "Projects" does not exist

POSITION: 28
   at Npgsql.Internal.NpgsqlConnector.ReadMessageLong(Boolean async, DataRowLoadingMode dataRowLoadingMode, Boolean readingNotifications, Boolean isReadingPrependedMessage)
   at System.Runtime.CompilerServices.PoolingAsyncValueTaskMethodBuilder`1.StateMachineBox`1.System.Threading.Tasks.Sources.IValueTaskSource<TResult>.GetResult(Int16 token)
   at Npgsql.NpgsqlDataReader.NextResult(Boolean async, Boolean isConsuming, CancellationToken cancellationToken)
   at Npgsql.NpgsqlDataReader.NextResult(Boolean async, Boolean isConsuming, CancellationToken cancellationToken)
   at Npgsql.NpgsqlCommand.ExecuteReader(Boolean async, CommandBehavior behavior, CancellationToken cancellationToken)
   at Npgsql.NpgsqlCommand.ExecuteReader(Boolean async, CommandBehavior behavior, CancellationToken cancellationToken)
   at Npgsql.NpgsqlCommand.ExecuteDbDataReaderAsync(CommandBehavior behavior, CancellationToken cancellationToken)
   at Microsoft.EntityFrameworkCore.Storage.RelationalCommand.ExecuteReaderAsync(RelationalCommandParameterObject parameterObject, CancellationToken cancellationToken)
   at Microsoft.EntityFrameworkCore.Storage.RelationalCommand.ExecuteReaderAsync(RelationalCommandParameterObject parameterObject, CancellationToken cancellationToken)
   at Microsoft.EntityFrameworkCore.Query.Internal.SingleQueryingEnumerable`1.AsyncEnumerator.InitializeReaderAsync(AsyncEnumerator enumerator, CancellationToken cancellationToken)
   at Microsoft.EntityFrameworkCore.Storage.ExecutionStrategy.<>c__DisplayClass30_0`2.<<ExecuteAsync>b__0>d.MoveNext()
--- End of stack trace from previous location ---
   at Microsoft.EntityFrameworkCore.Storage.ExecutionStrategy.ExecuteImplementationAsync[TState,TResult](Func`4 operation, Func`4 verifySucceeded, TState state, CancellationToken cancellationToken)
   at Microsoft.EntityFrameworkCore.Storage.ExecutionStrategy.ExecuteImplementationAsync[TState,TResult](Func`4 operation, Func`4 verifySucceeded, TState state, CancellationToken cancellationToken)
   at Microsoft.EntityFrameworkCore.Storage.ExecutionStrategy.ExecuteAsync[TState,TResult](TState state, Func`4 operation, Func`4 verifySucceeded, CancellationToken cancellationToken)
   at Microsoft.EntityFrameworkCore.Query.Internal.SingleQueryingEnumerable`1.AsyncEnumerator.MoveNextAsync()
   at Microsoft.EntityFrameworkCore.Query.ShapedQueryCompilingExpressionVisitor.SingleAsync[TSource](IAsyncEnumerable`1 asyncEnumerable, CancellationToken cancellationToken)
   at Microsoft.EntityFrameworkCore.Query.ShapedQueryCompilingExpressionVisitor.SingleAsync[TSource](IAsyncEnumerable`1 asyncEnumerable, CancellationToken cancellationToken)
   at WorkHub.Application.Services.ProjectService.GetProjectsAsync(ProjectQueryDto query) in C:\Users\Abdullah\Documents\GitHub\WorkSphere\WorkHub.Application\Services\ProjectService.cs:line 95
  Exception data:
    Severity: ERROR
    SqlState: 42P01
    MessageText: relation "Projects" does not exist
    Position: 28
    File: parse_relation.c
    Line: 1452
    Routine: parserOpenTable
2026-07-31 22:37:30.083 +06:00 [WRN] [0HNNF47SHHDTO:00000001] [0HNNF47SHHDTO:00000001] GET /api/projects → 400 (19.5ms)
2026-07-31 22:37:31.089 +06:00 [DBG] [0HNNF47SHHDTQ:00000001] Permission granted: Owner → projects.view
2026-07-31 22:37:31.089 +06:00 [DBG] [0HNNF47SHHDTP:00000001] Permission granted: Owner → projects.view
2026-07-31 22:37:31.090 +06:00 [INF] [0HNNF47SHHDTQ:00000001] Executed DbCommand (1ms) [Parameters=[@___currentUser_UserId_0='00000000-0000-0000-0002-000000000001'], CommandType='"Text"', CommandTimeout='30']
SELECT u."Id", u."CreatedAt", u."DeletedAt", u."Email", u."EmailVerificationExpiry", u."EmailVerificationToken", u."FirstName", u."IsActive", u."IsDeleted", u."IsEmailVerified", u."LastLoginAt", u."LastName", u."OrganizationId", u."PasswordHash", u."PasswordResetExpiry", u."PasswordResetToken", u."ProfilePictureUrl", u."RefreshToken", u."RefreshTokenExpiry", u."Role", u."UpdatedAt", o0."Id", o0."CreatedAt", o0."DeletedAt", o0."Description", o0."IsActive", o0."IsDeleted", o0."LogoUrl", o0."Name", o0."Plan", o0."Slug", o0."UpdatedAt"
FROM "Users" AS u
INNER JOIN (
    SELECT o."Id", o."CreatedAt", o."DeletedAt", o."Description", o."IsActive", o."IsDeleted", o."LogoUrl", o."Name", o."Plan", o."Slug", o."UpdatedAt"
    FROM "Organizations" AS o
    WHERE NOT (o."IsDeleted")
) AS o0 ON u."OrganizationId" = o0."Id"
WHERE NOT (u."IsDeleted") AND u."Id" = @___currentUser_UserId_0
LIMIT 1
2026-07-31 22:37:31.090 +06:00 [INF] [0HNNF47SHHDTP:00000001] Executed DbCommand (1ms) [Parameters=[@___currentUser_UserId_0='00000000-0000-0000-0002-000000000001'], CommandType='"Text"', CommandTimeout='30']
SELECT u."Id", u."CreatedAt", u."DeletedAt", u."Email", u."EmailVerificationExpiry", u."EmailVerificationToken", u."FirstName", u."IsActive", u."IsDeleted", u."IsEmailVerified", u."LastLoginAt", u."LastName", u."OrganizationId", u."PasswordHash", u."PasswordResetExpiry", u."PasswordResetToken", u."ProfilePictureUrl", u."RefreshToken", u."RefreshTokenExpiry", u."Role", u."UpdatedAt", o0."Id", o0."CreatedAt", o0."DeletedAt", o0."Description", o0."IsActive", o0."IsDeleted", o0."LogoUrl", o0."Name", o0."Plan", o0."Slug", o0."UpdatedAt"
FROM "Users" AS u
INNER JOIN (
    SELECT o."Id", o."CreatedAt", o."DeletedAt", o."Description", o."IsActive", o."IsDeleted", o."LogoUrl", o."Name", o."Plan", o."Slug", o."UpdatedAt"
    FROM "Organizations" AS o
    WHERE NOT (o."IsDeleted")
) AS o0 ON u."OrganizationId" = o0."Id"
WHERE NOT (u."IsDeleted") AND u."Id" = @___currentUser_UserId_0
LIMIT 1
2026-07-31 22:37:31.092 +06:00 [ERR] [0HNNF47SHHDTQ:00000001] Failed executing DbCommand (0ms) [Parameters=[@___currentUser_OrganizationId_0='00000000-0000-0000-0001-000000000001'], CommandType='"Text"', CommandTimeout='30']
SELECT count(*)::int
FROM "Projects" AS p
WHERE NOT (p."IsDeleted") AND p."OrganizationId" = @___currentUser_OrganizationId_0
2026-07-31 22:37:31.092 +06:00 [ERR] [0HNNF47SHHDTP:00000001] Failed executing DbCommand (1ms) [Parameters=[@___currentUser_OrganizationId_0='00000000-0000-0000-0001-000000000001'], CommandType='"Text"', CommandTimeout='30']
SELECT count(*)::int
FROM "Projects" AS p
WHERE NOT (p."IsDeleted") AND p."OrganizationId" = @___currentUser_OrganizationId_0
2026-07-31 22:37:31.093 +06:00 [ERR] [0HNNF47SHHDTQ:00000001] An exception occurred while iterating over the results of a query for context type 'WorkHub.Infrastructure.Data.AppDbContext'.
Npgsql.PostgresException (0x80004005): 42P01: relation "Projects" does not exist

POSITION: 28
   at Npgsql.Internal.NpgsqlConnector.ReadMessageLong(Boolean async, DataRowLoadingMode dataRowLoadingMode, Boolean readingNotifications, Boolean isReadingPrependedMessage)
   at System.Runtime.CompilerServices.PoolingAsyncValueTaskMethodBuilder`1.StateMachineBox`1.System.Threading.Tasks.Sources.IValueTaskSource<TResult>.GetResult(Int16 token)
   at Npgsql.NpgsqlDataReader.NextResult(Boolean async, Boolean isConsuming, CancellationToken cancellationToken)
   at Npgsql.NpgsqlDataReader.NextResult(Boolean async, Boolean isConsuming, CancellationToken cancellationToken)
   at Npgsql.NpgsqlCommand.ExecuteReader(Boolean async, CommandBehavior behavior, CancellationToken cancellationToken)
   at Npgsql.NpgsqlCommand.ExecuteReader(Boolean async, CommandBehavior behavior, CancellationToken cancellationToken)
   at Npgsql.NpgsqlCommand.ExecuteDbDataReaderAsync(CommandBehavior behavior, CancellationToken cancellationToken)
   at Microsoft.EntityFrameworkCore.Storage.RelationalCommand.ExecuteReaderAsync(RelationalCommandParameterObject parameterObject, CancellationToken cancellationToken)
   at Microsoft.EntityFrameworkCore.Storage.RelationalCommand.ExecuteReaderAsync(RelationalCommandParameterObject parameterObject, CancellationToken cancellationToken)
   at Microsoft.EntityFrameworkCore.Query.Internal.SingleQueryingEnumerable`1.AsyncEnumerator.InitializeReaderAsync(AsyncEnumerator enumerator, CancellationToken cancellationToken)
   at Microsoft.EntityFrameworkCore.Storage.ExecutionStrategy.<>c__DisplayClass30_0`2.<<ExecuteAsync>b__0>d.MoveNext()
--- End of stack trace from previous location ---
   at Microsoft.EntityFrameworkCore.Storage.ExecutionStrategy.ExecuteImplementationAsync[TState,TResult](Func`4 operation, Func`4 verifySucceeded, TState state, CancellationToken cancellationToken)
   at Microsoft.EntityFrameworkCore.Storage.ExecutionStrategy.ExecuteImplementationAsync[TState,TResult](Func`4 operation, Func`4 verifySucceeded, TState state, CancellationToken cancellationToken)
   at Microsoft.EntityFrameworkCore.Storage.ExecutionStrategy.ExecuteAsync[TState,TResult](TState state, Func`4 operation, Func`4 verifySucceeded, CancellationToken cancellationToken)
   at Microsoft.EntityFrameworkCore.Query.Internal.SingleQueryingEnumerable`1.AsyncEnumerator.MoveNextAsync()
  Exception data:
    Severity: ERROR
    SqlState: 42P01
    MessageText: relation "Projects" does not exist
    Position: 28
    File: parse_relation.c
    Line: 1452
    Routine: parserOpenTable
Npgsql.PostgresException (0x80004005): 42P01: relation "Projects" does not exist

POSITION: 28
   at Npgsql.Internal.NpgsqlConnector.ReadMessageLong(Boolean async, DataRowLoadingMode dataRowLoadingMode, Boolean readingNotifications, Boolean isReadingPrependedMessage)
   at System.Runtime.CompilerServices.PoolingAsyncValueTaskMethodBuilder`1.StateMachineBox`1.System.Threading.Tasks.Sources.IValueTaskSource<TResult>.GetResult(Int16 token)
   at Npgsql.NpgsqlDataReader.NextResult(Boolean async, Boolean isConsuming, CancellationToken cancellationToken)
   at Npgsql.NpgsqlDataReader.NextResult(Boolean async, Boolean isConsuming, CancellationToken cancellationToken)
   at Npgsql.NpgsqlCommand.ExecuteReader(Boolean async, CommandBehavior behavior, CancellationToken cancellationToken)
   at Npgsql.NpgsqlCommand.ExecuteReader(Boolean async, CommandBehavior behavior, CancellationToken cancellationToken)
   at Npgsql.NpgsqlCommand.ExecuteDbDataReaderAsync(CommandBehavior behavior, CancellationToken cancellationToken)
   at Microsoft.EntityFrameworkCore.Storage.RelationalCommand.ExecuteReaderAsync(RelationalCommandParameterObject parameterObject, CancellationToken cancellationToken)
   at Microsoft.EntityFrameworkCore.Storage.RelationalCommand.ExecuteReaderAsync(RelationalCommandParameterObject parameterObject, CancellationToken cancellationToken)
   at Microsoft.EntityFrameworkCore.Query.Internal.SingleQueryingEnumerable`1.AsyncEnumerator.InitializeReaderAsync(AsyncEnumerator enumerator, CancellationToken cancellationToken)
   at Microsoft.EntityFrameworkCore.Storage.ExecutionStrategy.<>c__DisplayClass30_0`2.<<ExecuteAsync>b__0>d.MoveNext()
--- End of stack trace from previous location ---
   at Microsoft.EntityFrameworkCore.Storage.ExecutionStrategy.ExecuteImplementationAsync[TState,TResult](Func`4 operation, Func`4 verifySucceeded, TState state, CancellationToken cancellationToken)
   at Microsoft.EntityFrameworkCore.Storage.ExecutionStrategy.ExecuteImplementationAsync[TState,TResult](Func`4 operation, Func`4 verifySucceeded, TState state, CancellationToken cancellationToken)
   at Microsoft.EntityFrameworkCore.Storage.ExecutionStrategy.ExecuteAsync[TState,TResult](TState state, Func`4 operation, Func`4 verifySucceeded, CancellationToken cancellationToken)
   at Microsoft.EntityFrameworkCore.Query.Internal.SingleQueryingEnumerable`1.AsyncEnumerator.MoveNextAsync()
  Exception data:
    Severity: ERROR
    SqlState: 42P01
    MessageText: relation "Projects" does not exist
    Position: 28
    File: parse_relation.c
    Line: 1452
    Routine: parserOpenTable
2026-07-31 22:37:31.104 +06:00 [ERR] [0HNNF47SHHDTP:00000001] An exception occurred while iterating over the results of a query for context type 'WorkHub.Infrastructure.Data.AppDbContext'.
Npgsql.PostgresException (0x80004005): 42P01: relation "Projects" does not exist

POSITION: 28
   at Npgsql.Internal.NpgsqlConnector.ReadMessageLong(Boolean async, DataRowLoadingMode dataRowLoadingMode, Boolean readingNotifications, Boolean isReadingPrependedMessage)
   at System.Runtime.CompilerServices.PoolingAsyncValueTaskMethodBuilder`1.StateMachineBox`1.System.Threading.Tasks.Sources.IValueTaskSource<TResult>.GetResult(Int16 token)
   at Npgsql.NpgsqlDataReader.NextResult(Boolean async, Boolean isConsuming, CancellationToken cancellationToken)
   at Npgsql.NpgsqlDataReader.NextResult(Boolean async, Boolean isConsuming, CancellationToken cancellationToken)
   at Npgsql.NpgsqlCommand.ExecuteReader(Boolean async, CommandBehavior behavior, CancellationToken cancellationToken)
   at Npgsql.NpgsqlCommand.ExecuteReader(Boolean async, CommandBehavior behavior, CancellationToken cancellationToken)
   at Npgsql.NpgsqlCommand.ExecuteDbDataReaderAsync(CommandBehavior behavior, CancellationToken cancellationToken)
   at Microsoft.EntityFrameworkCore.Storage.RelationalCommand.ExecuteReaderAsync(RelationalCommandParameterObject parameterObject, CancellationToken cancellationToken)
   at Microsoft.EntityFrameworkCore.Storage.RelationalCommand.ExecuteReaderAsync(RelationalCommandParameterObject parameterObject, CancellationToken cancellationToken)
   at Microsoft.EntityFrameworkCore.Query.Internal.SingleQueryingEnumerable`1.AsyncEnumerator.InitializeReaderAsync(AsyncEnumerator enumerator, CancellationToken cancellationToken)
   at Microsoft.EntityFrameworkCore.Storage.ExecutionStrategy.<>c__DisplayClass30_0`2.<<ExecuteAsync>b__0>d.MoveNext()
--- End of stack trace from previous location ---
   at Microsoft.EntityFrameworkCore.Storage.ExecutionStrategy.ExecuteImplementationAsync[TState,TResult](Func`4 operation, Func`4 verifySucceeded, TState state, CancellationToken cancellationToken)
   at Microsoft.EntityFrameworkCore.Storage.ExecutionStrategy.ExecuteImplementationAsync[TState,TResult](Func`4 operation, Func`4 verifySucceeded, TState state, CancellationToken cancellationToken)
   at Microsoft.EntityFrameworkCore.Storage.ExecutionStrategy.ExecuteAsync[TState,TResult](TState state, Func`4 operation, Func`4 verifySucceeded, CancellationToken cancellationToken)
   at Microsoft.EntityFrameworkCore.Query.Internal.SingleQueryingEnumerable`1.AsyncEnumerator.MoveNextAsync()
  Exception data:
    Severity: ERROR
    SqlState: 42P01
    MessageText: relation "Projects" does not exist
    Position: 28
    File: parse_relation.c
    Line: 1452
    Routine: parserOpenTable
Npgsql.PostgresException (0x80004005): 42P01: relation "Projects" does not exist

POSITION: 28
   at Npgsql.Internal.NpgsqlConnector.ReadMessageLong(Boolean async, DataRowLoadingMode dataRowLoadingMode, Boolean readingNotifications, Boolean isReadingPrependedMessage)
   at System.Runtime.CompilerServices.PoolingAsyncValueTaskMethodBuilder`1.StateMachineBox`1.System.Threading.Tasks.Sources.IValueTaskSource<TResult>.GetResult(Int16 token)
   at Npgsql.NpgsqlDataReader.NextResult(Boolean async, Boolean isConsuming, CancellationToken cancellationToken)
   at Npgsql.NpgsqlDataReader.NextResult(Boolean async, Boolean isConsuming, CancellationToken cancellationToken)
   at Npgsql.NpgsqlCommand.ExecuteReader(Boolean async, CommandBehavior behavior, CancellationToken cancellationToken)
   at Npgsql.NpgsqlCommand.ExecuteReader(Boolean async, CommandBehavior behavior, CancellationToken cancellationToken)
   at Npgsql.NpgsqlCommand.ExecuteDbDataReaderAsync(CommandBehavior behavior, CancellationToken cancellationToken)
   at Microsoft.EntityFrameworkCore.Storage.RelationalCommand.ExecuteReaderAsync(RelationalCommandParameterObject parameterObject, CancellationToken cancellationToken)
   at Microsoft.EntityFrameworkCore.Storage.RelationalCommand.ExecuteReaderAsync(RelationalCommandParameterObject parameterObject, CancellationToken cancellationToken)
   at Microsoft.EntityFrameworkCore.Query.Internal.SingleQueryingEnumerable`1.AsyncEnumerator.InitializeReaderAsync(AsyncEnumerator enumerator, CancellationToken cancellationToken)
   at Microsoft.EntityFrameworkCore.Storage.ExecutionStrategy.<>c__DisplayClass30_0`2.<<ExecuteAsync>b__0>d.MoveNext()
--- End of stack trace from previous location ---
   at Microsoft.EntityFrameworkCore.Storage.ExecutionStrategy.ExecuteImplementationAsync[TState,TResult](Func`4 operation, Func`4 verifySucceeded, TState state, CancellationToken cancellationToken)
   at Microsoft.EntityFrameworkCore.Storage.ExecutionStrategy.ExecuteImplementationAsync[TState,TResult](Func`4 operation, Func`4 verifySucceeded, TState state, CancellationToken cancellationToken)
   at Microsoft.EntityFrameworkCore.Storage.ExecutionStrategy.ExecuteAsync[TState,TResult](TState state, Func`4 operation, Func`4 verifySucceeded, CancellationToken cancellationToken)
   at Microsoft.EntityFrameworkCore.Query.Internal.SingleQueryingEnumerable`1.AsyncEnumerator.MoveNextAsync()
  Exception data:
    Severity: ERROR
    SqlState: 42P01
    MessageText: relation "Projects" does not exist
    Position: 28
    File: parse_relation.c
    Line: 1452
    Routine: parserOpenTable
2026-07-31 22:37:31.107 +06:00 [ERR] [0HNNF47SHHDTQ:00000001] Error listing projects for org "00000000-0000-0000-0001-000000000001"
Npgsql.PostgresException (0x80004005): 42P01: relation "Projects" does not exist

POSITION: 28
   at Npgsql.Internal.NpgsqlConnector.ReadMessageLong(Boolean async, DataRowLoadingMode dataRowLoadingMode, Boolean readingNotifications, Boolean isReadingPrependedMessage)
   at System.Runtime.CompilerServices.PoolingAsyncValueTaskMethodBuilder`1.StateMachineBox`1.System.Threading.Tasks.Sources.IValueTaskSource<TResult>.GetResult(Int16 token)
   at Npgsql.NpgsqlDataReader.NextResult(Boolean async, Boolean isConsuming, CancellationToken cancellationToken)
   at Npgsql.NpgsqlDataReader.NextResult(Boolean async, Boolean isConsuming, CancellationToken cancellationToken)
   at Npgsql.NpgsqlCommand.ExecuteReader(Boolean async, CommandBehavior behavior, CancellationToken cancellationToken)
   at Npgsql.NpgsqlCommand.ExecuteReader(Boolean async, CommandBehavior behavior, CancellationToken cancellationToken)
   at Npgsql.NpgsqlCommand.ExecuteDbDataReaderAsync(CommandBehavior behavior, CancellationToken cancellationToken)
   at Microsoft.EntityFrameworkCore.Storage.RelationalCommand.ExecuteReaderAsync(RelationalCommandParameterObject parameterObject, CancellationToken cancellationToken)
   at Microsoft.EntityFrameworkCore.Storage.RelationalCommand.ExecuteReaderAsync(RelationalCommandParameterObject parameterObject, CancellationToken cancellationToken)
   at Microsoft.EntityFrameworkCore.Query.Internal.SingleQueryingEnumerable`1.AsyncEnumerator.InitializeReaderAsync(AsyncEnumerator enumerator, CancellationToken cancellationToken)
   at Microsoft.EntityFrameworkCore.Storage.ExecutionStrategy.<>c__DisplayClass30_0`2.<<ExecuteAsync>b__0>d.MoveNext()
--- End of stack trace from previous location ---
   at Microsoft.EntityFrameworkCore.Storage.ExecutionStrategy.ExecuteImplementationAsync[TState,TResult](Func`4 operation, Func`4 verifySucceeded, TState state, CancellationToken cancellationToken)
   at Microsoft.EntityFrameworkCore.Storage.ExecutionStrategy.ExecuteImplementationAsync[TState,TResult](Func`4 operation, Func`4 verifySucceeded, TState state, CancellationToken cancellationToken)
   at Microsoft.EntityFrameworkCore.Storage.ExecutionStrategy.ExecuteAsync[TState,TResult](TState state, Func`4 operation, Func`4 verifySucceeded, CancellationToken cancellationToken)
   at Microsoft.EntityFrameworkCore.Query.Internal.SingleQueryingEnumerable`1.AsyncEnumerator.MoveNextAsync()
   at Microsoft.EntityFrameworkCore.Query.ShapedQueryCompilingExpressionVisitor.SingleAsync[TSource](IAsyncEnumerable`1 asyncEnumerable, CancellationToken cancellationToken)
   at Microsoft.EntityFrameworkCore.Query.ShapedQueryCompilingExpressionVisitor.SingleAsync[TSource](IAsyncEnumerable`1 asyncEnumerable, CancellationToken cancellationToken)
   at WorkHub.Application.Services.ProjectService.GetProjectsAsync(ProjectQueryDto query) in C:\Users\Abdullah\Documents\GitHub\WorkSphere\WorkHub.Application\Services\ProjectService.cs:line 95
  Exception data:
    Severity: ERROR
    SqlState: 42P01
    MessageText: relation "Projects" does not exist
    Position: 28
    File: parse_relation.c
    Line: 1452
    Routine: parserOpenTable
2026-07-31 22:37:31.108 +06:00 [ERR] [0HNNF47SHHDTP:00000001] Error listing projects for org "00000000-0000-0000-0001-000000000001"
Npgsql.PostgresException (0x80004005): 42P01: relation "Projects" does not exist

POSITION: 28
   at Npgsql.Internal.NpgsqlConnector.ReadMessageLong(Boolean async, DataRowLoadingMode dataRowLoadingMode, Boolean readingNotifications, Boolean isReadingPrependedMessage)
   at System.Runtime.CompilerServices.PoolingAsyncValueTaskMethodBuilder`1.StateMachineBox`1.System.Threading.Tasks.Sources.IValueTaskSource<TResult>.GetResult(Int16 token)
   at Npgsql.NpgsqlDataReader.NextResult(Boolean async, Boolean isConsuming, CancellationToken cancellationToken)
   at Npgsql.NpgsqlDataReader.NextResult(Boolean async, Boolean isConsuming, CancellationToken cancellationToken)
   at Npgsql.NpgsqlCommand.ExecuteReader(Boolean async, CommandBehavior behavior, CancellationToken cancellationToken)
   at Npgsql.NpgsqlCommand.ExecuteReader(Boolean async, CommandBehavior behavior, CancellationToken cancellationToken)
   at Npgsql.NpgsqlCommand.ExecuteDbDataReaderAsync(CommandBehavior behavior, CancellationToken cancellationToken)
   at Microsoft.EntityFrameworkCore.Storage.RelationalCommand.ExecuteReaderAsync(RelationalCommandParameterObject parameterObject, CancellationToken cancellationToken)
   at Microsoft.EntityFrameworkCore.Storage.RelationalCommand.ExecuteReaderAsync(RelationalCommandParameterObject parameterObject, CancellationToken cancellationToken)
   at Microsoft.EntityFrameworkCore.Query.Internal.SingleQueryingEnumerable`1.AsyncEnumerator.InitializeReaderAsync(AsyncEnumerator enumerator, CancellationToken cancellationToken)
   at Microsoft.EntityFrameworkCore.Storage.ExecutionStrategy.<>c__DisplayClass30_0`2.<<ExecuteAsync>b__0>d.MoveNext()
--- End of stack trace from previous location ---
   at Microsoft.EntityFrameworkCore.Storage.ExecutionStrategy.ExecuteImplementationAsync[TState,TResult](Func`4 operation, Func`4 verifySucceeded, TState state, CancellationToken cancellationToken)
   at Microsoft.EntityFrameworkCore.Storage.ExecutionStrategy.ExecuteImplementationAsync[TState,TResult](Func`4 operation, Func`4 verifySucceeded, TState state, CancellationToken cancellationToken)
   at Microsoft.EntityFrameworkCore.Storage.ExecutionStrategy.ExecuteAsync[TState,TResult](TState state, Func`4 operation, Func`4 verifySucceeded, CancellationToken cancellationToken)
   at Microsoft.EntityFrameworkCore.Query.Internal.SingleQueryingEnumerable`1.AsyncEnumerator.MoveNextAsync()
   at Microsoft.EntityFrameworkCore.Query.ShapedQueryCompilingExpressionVisitor.SingleAsync[TSource](IAsyncEnumerable`1 asyncEnumerable, CancellationToken cancellationToken)
   at Microsoft.EntityFrameworkCore.Query.ShapedQueryCompilingExpressionVisitor.SingleAsync[TSource](IAsyncEnumerable`1 asyncEnumerable, CancellationToken cancellationToken)
   at WorkHub.Application.Services.ProjectService.GetProjectsAsync(ProjectQueryDto query) in C:\Users\Abdullah\Documents\GitHub\WorkSphere\WorkHub.Application\Services\ProjectService.cs:line 95
  Exception data:
    Severity: ERROR
    SqlState: 42P01
    MessageText: relation "Projects" does not exist
    Position: 28
    File: parse_relation.c
    Line: 1452
    Routine: parserOpenTable
2026-07-31 22:37:31.109 +06:00 [WRN] [0HNNF47SHHDTQ:00000001] [0HNNF47SHHDTQ:00000001] GET /api/projects → 400 (20.7ms)
2026-07-31 22:37:31.110 +06:00 [WRN] [0HNNF47SHHDTP:00000001] [0HNNF47SHHDTP:00000001] GET /api/projects → 400 (21.9ms)
2026-07-31 22:37:33.122 +06:00 [DBG] [0HNNF47SHHDTR:00000001] Permission granted: Owner → projects.view
2026-07-31 22:37:33.122 +06:00 [DBG] [0HNNF47SHHDTS:00000001] Permission granted: Owner → projects.view
2026-07-31 22:37:33.124 +06:00 [INF] [0HNNF47SHHDTR:00000001] Executed DbCommand (1ms) [Parameters=[@___currentUser_UserId_0='00000000-0000-0000-0002-000000000001'], CommandType='"Text"', CommandTimeout='30']
SELECT u."Id", u."CreatedAt", u."DeletedAt", u."Email", u."EmailVerificationExpiry", u."EmailVerificationToken", u."FirstName", u."IsActive", u."IsDeleted", u."IsEmailVerified", u."LastLoginAt", u."LastName", u."OrganizationId", u."PasswordHash", u."PasswordResetExpiry", u."PasswordResetToken", u."ProfilePictureUrl", u."RefreshToken", u."RefreshTokenExpiry", u."Role", u."UpdatedAt", o0."Id", o0."CreatedAt", o0."DeletedAt", o0."Description", o0."IsActive", o0."IsDeleted", o0."LogoUrl", o0."Name", o0."Plan", o0."Slug", o0."UpdatedAt"
FROM "Users" AS u
INNER JOIN (
    SELECT o."Id", o."CreatedAt", o."DeletedAt", o."Description", o."IsActive", o."IsDeleted", o."LogoUrl", o."Name", o."Plan", o."Slug", o."UpdatedAt"
    FROM "Organizations" AS o
    WHERE NOT (o."IsDeleted")
) AS o0 ON u."OrganizationId" = o0."Id"
WHERE NOT (u."IsDeleted") AND u."Id" = @___currentUser_UserId_0
LIMIT 1
2026-07-31 22:37:33.124 +06:00 [INF] [0HNNF47SHHDTS:00000001] Executed DbCommand (1ms) [Parameters=[@___currentUser_UserId_0='00000000-0000-0000-0002-000000000001'], CommandType='"Text"', CommandTimeout='30']
SELECT u."Id", u."CreatedAt", u."DeletedAt", u."Email", u."EmailVerificationExpiry", u."EmailVerificationToken", u."FirstName", u."IsActive", u."IsDeleted", u."IsEmailVerified", u."LastLoginAt", u."LastName", u."OrganizationId", u."PasswordHash", u."PasswordResetExpiry", u."PasswordResetToken", u."ProfilePictureUrl", u."RefreshToken", u."RefreshTokenExpiry", u."Role", u."UpdatedAt", o0."Id", o0."CreatedAt", o0."DeletedAt", o0."Description", o0."IsActive", o0."IsDeleted", o0."LogoUrl", o0."Name", o0."Plan", o0."Slug", o0."UpdatedAt"
FROM "Users" AS u
INNER JOIN (
    SELECT o."Id", o."CreatedAt", o."DeletedAt", o."Description", o."IsActive", o."IsDeleted", o."LogoUrl", o."Name", o."Plan", o."Slug", o."UpdatedAt"
    FROM "Organizations" AS o
    WHERE NOT (o."IsDeleted")
) AS o0 ON u."OrganizationId" = o0."Id"
WHERE NOT (u."IsDeleted") AND u."Id" = @___currentUser_UserId_0
LIMIT 1
2026-07-31 22:37:33.125 +06:00 [ERR] [0HNNF47SHHDTS:00000001] Failed executing DbCommand (0ms) [Parameters=[@___currentUser_OrganizationId_0='00000000-0000-0000-0001-000000000001'], CommandType='"Text"', CommandTimeout='30']
SELECT count(*)::int
FROM "Projects" AS p
WHERE NOT (p."IsDeleted") AND p."OrganizationId" = @___currentUser_OrganizationId_0
2026-07-31 22:37:33.125 +06:00 [ERR] [0HNNF47SHHDTR:00000001] Failed executing DbCommand (0ms) [Parameters=[@___currentUser_OrganizationId_0='00000000-0000-0000-0001-000000000001'], CommandType='"Text"', CommandTimeout='30']
SELECT count(*)::int
FROM "Projects" AS p
WHERE NOT (p."IsDeleted") AND p."OrganizationId" = @___currentUser_OrganizationId_0
2026-07-31 22:37:33.126 +06:00 [ERR] [0HNNF47SHHDTR:00000001] An exception occurred while iterating over the results of a query for context type 'WorkHub.Infrastructure.Data.AppDbContext'.
Npgsql.PostgresException (0x80004005): 42P01: relation "Projects" does not exist

POSITION: 28
   at Npgsql.Internal.NpgsqlConnector.ReadMessageLong(Boolean async, DataRowLoadingMode dataRowLoadingMode, Boolean readingNotifications, Boolean isReadingPrependedMessage)
   at System.Runtime.CompilerServices.PoolingAsyncValueTaskMethodBuilder`1.StateMachineBox`1.System.Threading.Tasks.Sources.IValueTaskSource<TResult>.GetResult(Int16 token)
   at Npgsql.NpgsqlDataReader.NextResult(Boolean async, Boolean isConsuming, CancellationToken cancellationToken)
   at Npgsql.NpgsqlDataReader.NextResult(Boolean async, Boolean isConsuming, CancellationToken cancellationToken)
   at Npgsql.NpgsqlCommand.ExecuteReader(Boolean async, CommandBehavior behavior, CancellationToken cancellationToken)
   at Npgsql.NpgsqlCommand.ExecuteReader(Boolean async, CommandBehavior behavior, CancellationToken cancellationToken)
   at Npgsql.NpgsqlCommand.ExecuteDbDataReaderAsync(CommandBehavior behavior, CancellationToken cancellationToken)
   at Microsoft.EntityFrameworkCore.Storage.RelationalCommand.ExecuteReaderAsync(RelationalCommandParameterObject parameterObject, CancellationToken cancellationToken)
   at Microsoft.EntityFrameworkCore.Storage.RelationalCommand.ExecuteReaderAsync(RelationalCommandParameterObject parameterObject, CancellationToken cancellationToken)
   at Microsoft.EntityFrameworkCore.Query.Internal.SingleQueryingEnumerable`1.AsyncEnumerator.InitializeReaderAsync(AsyncEnumerator enumerator, CancellationToken cancellationToken)
   at Microsoft.EntityFrameworkCore.Storage.ExecutionStrategy.<>c__DisplayClass30_0`2.<<ExecuteAsync>b__0>d.MoveNext()
--- End of stack trace from previous location ---
   at Microsoft.EntityFrameworkCore.Storage.ExecutionStrategy.ExecuteImplementationAsync[TState,TResult](Func`4 operation, Func`4 verifySucceeded, TState state, CancellationToken cancellationToken)
   at Microsoft.EntityFrameworkCore.Storage.ExecutionStrategy.ExecuteImplementationAsync[TState,TResult](Func`4 operation, Func`4 verifySucceeded, TState state, CancellationToken cancellationToken)
   at Microsoft.EntityFrameworkCore.Storage.ExecutionStrategy.ExecuteAsync[TState,TResult](TState state, Func`4 operation, Func`4 verifySucceeded, CancellationToken cancellationToken)
   at Microsoft.EntityFrameworkCore.Query.Internal.SingleQueryingEnumerable`1.AsyncEnumerator.MoveNextAsync()
  Exception data:
    Severity: ERROR
    SqlState: 42P01
    MessageText: relation "Projects" does not exist
    Position: 28
    File: parse_relation.c
    Line: 1452
    Routine: parserOpenTable
Npgsql.PostgresException (0x80004005): 42P01: relation "Projects" does not exist

POSITION: 28
   at Npgsql.Internal.NpgsqlConnector.ReadMessageLong(Boolean async, DataRowLoadingMode dataRowLoadingMode, Boolean readingNotifications, Boolean isReadingPrependedMessage)
   at System.Runtime.CompilerServices.PoolingAsyncValueTaskMethodBuilder`1.StateMachineBox`1.System.Threading.Tasks.Sources.IValueTaskSource<TResult>.GetResult(Int16 token)
   at Npgsql.NpgsqlDataReader.NextResult(Boolean async, Boolean isConsuming, CancellationToken cancellationToken)
   at Npgsql.NpgsqlDataReader.NextResult(Boolean async, Boolean isConsuming, CancellationToken cancellationToken)
   at Npgsql.NpgsqlCommand.ExecuteReader(Boolean async, CommandBehavior behavior, CancellationToken cancellationToken)
   at Npgsql.NpgsqlCommand.ExecuteReader(Boolean async, CommandBehavior behavior, CancellationToken cancellationToken)
   at Npgsql.NpgsqlCommand.ExecuteDbDataReaderAsync(CommandBehavior behavior, CancellationToken cancellationToken)
   at Microsoft.EntityFrameworkCore.Storage.RelationalCommand.ExecuteReaderAsync(RelationalCommandParameterObject parameterObject, CancellationToken cancellationToken)
   at Microsoft.EntityFrameworkCore.Storage.RelationalCommand.ExecuteReaderAsync(RelationalCommandParameterObject parameterObject, CancellationToken cancellationToken)
   at Microsoft.EntityFrameworkCore.Query.Internal.SingleQueryingEnumerable`1.AsyncEnumerator.InitializeReaderAsync(AsyncEnumerator enumerator, CancellationToken cancellationToken)
   at Microsoft.EntityFrameworkCore.Storage.ExecutionStrategy.<>c__DisplayClass30_0`2.<<ExecuteAsync>b__0>d.MoveNext()
--- End of stack trace from previous location ---
   at Microsoft.EntityFrameworkCore.Storage.ExecutionStrategy.ExecuteImplementationAsync[TState,TResult](Func`4 operation, Func`4 verifySucceeded, TState state, CancellationToken cancellationToken)
   at Microsoft.EntityFrameworkCore.Storage.ExecutionStrategy.ExecuteImplementationAsync[TState,TResult](Func`4 operation, Func`4 verifySucceeded, TState state, CancellationToken cancellationToken)
   at Microsoft.EntityFrameworkCore.Storage.ExecutionStrategy.ExecuteAsync[TState,TResult](TState state, Func`4 operation, Func`4 verifySucceeded, CancellationToken cancellationToken)
   at Microsoft.EntityFrameworkCore.Query.Internal.SingleQueryingEnumerable`1.AsyncEnumerator.MoveNextAsync()
  Exception data:
    Severity: ERROR
    SqlState: 42P01
    MessageText: relation "Projects" does not exist
    Position: 28
    File: parse_relation.c
    Line: 1452
    Routine: parserOpenTable
2026-07-31 22:37:33.126 +06:00 [ERR] [0HNNF47SHHDTS:00000001] An exception occurred while iterating over the results of a query for context type 'WorkHub.Infrastructure.Data.AppDbContext'.
Npgsql.PostgresException (0x80004005): 42P01: relation "Projects" does not exist

POSITION: 28
   at Npgsql.Internal.NpgsqlConnector.ReadMessageLong(Boolean async, DataRowLoadingMode dataRowLoadingMode, Boolean readingNotifications, Boolean isReadingPrependedMessage)
   at System.Runtime.CompilerServices.PoolingAsyncValueTaskMethodBuilder`1.StateMachineBox`1.System.Threading.Tasks.Sources.IValueTaskSource<TResult>.GetResult(Int16 token)
   at Npgsql.NpgsqlDataReader.NextResult(Boolean async, Boolean isConsuming, CancellationToken cancellationToken)
   at Npgsql.NpgsqlDataReader.NextResult(Boolean async, Boolean isConsuming, CancellationToken cancellationToken)
   at Npgsql.NpgsqlCommand.ExecuteReader(Boolean async, CommandBehavior behavior, CancellationToken cancellationToken)
   at Npgsql.NpgsqlCommand.ExecuteReader(Boolean async, CommandBehavior behavior, CancellationToken cancellationToken)
   at Npgsql.NpgsqlCommand.ExecuteDbDataReaderAsync(CommandBehavior behavior, CancellationToken cancellationToken)
   at Microsoft.EntityFrameworkCore.Storage.RelationalCommand.ExecuteReaderAsync(RelationalCommandParameterObject parameterObject, CancellationToken cancellationToken)
   at Microsoft.EntityFrameworkCore.Storage.RelationalCommand.ExecuteReaderAsync(RelationalCommandParameterObject parameterObject, CancellationToken cancellationToken)
   at Microsoft.EntityFrameworkCore.Query.Internal.SingleQueryingEnumerable`1.AsyncEnumerator.InitializeReaderAsync(AsyncEnumerator enumerator, CancellationToken cancellationToken)
   at Microsoft.EntityFrameworkCore.Storage.ExecutionStrategy.<>c__DisplayClass30_0`2.<<ExecuteAsync>b__0>d.MoveNext()
--- End of stack trace from previous location ---
   at Microsoft.EntityFrameworkCore.Storage.ExecutionStrategy.ExecuteImplementationAsync[TState,TResult](Func`4 operation, Func`4 verifySucceeded, TState state, CancellationToken cancellationToken)
   at Microsoft.EntityFrameworkCore.Storage.ExecutionStrategy.ExecuteImplementationAsync[TState,TResult](Func`4 operation, Func`4 verifySucceeded, TState state, CancellationToken cancellationToken)
   at Microsoft.EntityFrameworkCore.Storage.ExecutionStrategy.ExecuteAsync[TState,TResult](TState state, Func`4 operation, Func`4 verifySucceeded, CancellationToken cancellationToken)
   at Microsoft.EntityFrameworkCore.Query.Internal.SingleQueryingEnumerable`1.AsyncEnumerator.MoveNextAsync()
  Exception data:
    Severity: ERROR
    SqlState: 42P01
    MessageText: relation "Projects" does not exist
    Position: 28
    File: parse_relation.c
    Line: 1452
    Routine: parserOpenTable
Npgsql.PostgresException (0x80004005): 42P01: relation "Projects" does not exist

POSITION: 28
   at Npgsql.Internal.NpgsqlConnector.ReadMessageLong(Boolean async, DataRowLoadingMode dataRowLoadingMode, Boolean readingNotifications, Boolean isReadingPrependedMessage)
   at System.Runtime.CompilerServices.PoolingAsyncValueTaskMethodBuilder`1.StateMachineBox`1.System.Threading.Tasks.Sources.IValueTaskSource<TResult>.GetResult(Int16 token)
   at Npgsql.NpgsqlDataReader.NextResult(Boolean async, Boolean isConsuming, CancellationToken cancellationToken)
   at Npgsql.NpgsqlDataReader.NextResult(Boolean async, Boolean isConsuming, CancellationToken cancellationToken)
   at Npgsql.NpgsqlCommand.ExecuteReader(Boolean async, CommandBehavior behavior, CancellationToken cancellationToken)
   at Npgsql.NpgsqlCommand.ExecuteReader(Boolean async, CommandBehavior behavior, CancellationToken cancellationToken)
   at Npgsql.NpgsqlCommand.ExecuteDbDataReaderAsync(CommandBehavior behavior, CancellationToken cancellationToken)
   at Microsoft.EntityFrameworkCore.Storage.RelationalCommand.ExecuteReaderAsync(RelationalCommandParameterObject parameterObject, CancellationToken cancellationToken)
   at Microsoft.EntityFrameworkCore.Storage.RelationalCommand.ExecuteReaderAsync(RelationalCommandParameterObject parameterObject, CancellationToken cancellationToken)
   at Microsoft.EntityFrameworkCore.Query.Internal.SingleQueryingEnumerable`1.AsyncEnumerator.InitializeReaderAsync(AsyncEnumerator enumerator, CancellationToken cancellationToken)
   at Microsoft.EntityFrameworkCore.Storage.ExecutionStrategy.<>c__DisplayClass30_0`2.<<ExecuteAsync>b__0>d.MoveNext()
--- End of stack trace from previous location ---
   at Microsoft.EntityFrameworkCore.Storage.ExecutionStrategy.ExecuteImplementationAsync[TState,TResult](Func`4 operation, Func`4 verifySucceeded, TState state, CancellationToken cancellationToken)
   at Microsoft.EntityFrameworkCore.Storage.ExecutionStrategy.ExecuteImplementationAsync[TState,TResult](Func`4 operation, Func`4 verifySucceeded, TState state, CancellationToken cancellationToken)
   at Microsoft.EntityFrameworkCore.Storage.ExecutionStrategy.ExecuteAsync[TState,TResult](TState state, Func`4 operation, Func`4 verifySucceeded, CancellationToken cancellationToken)
   at Microsoft.EntityFrameworkCore.Query.Internal.SingleQueryingEnumerable`1.AsyncEnumerator.MoveNextAsync()
  Exception data:
    Severity: ERROR
    SqlState: 42P01
    MessageText: relation "Projects" does not exist
    Position: 28
    File: parse_relation.c
    Line: 1452
    Routine: parserOpenTable
2026-07-31 22:37:33.129 +06:00 [ERR] [0HNNF47SHHDTR:00000001] Error listing projects for org "00000000-0000-0000-0001-000000000001"
Npgsql.PostgresException (0x80004005): 42P01: relation "Projects" does not exist

POSITION: 28
   at Npgsql.Internal.NpgsqlConnector.ReadMessageLong(Boolean async, DataRowLoadingMode dataRowLoadingMode, Boolean readingNotifications, Boolean isReadingPrependedMessage)
   at System.Runtime.CompilerServices.PoolingAsyncValueTaskMethodBuilder`1.StateMachineBox`1.System.Threading.Tasks.Sources.IValueTaskSource<TResult>.GetResult(Int16 token)
   at Npgsql.NpgsqlDataReader.NextResult(Boolean async, Boolean isConsuming, CancellationToken cancellationToken)
   at Npgsql.NpgsqlDataReader.NextResult(Boolean async, Boolean isConsuming, CancellationToken cancellationToken)
   at Npgsql.NpgsqlCommand.ExecuteReader(Boolean async, CommandBehavior behavior, CancellationToken cancellationToken)
   at Npgsql.NpgsqlCommand.ExecuteReader(Boolean async, CommandBehavior behavior, CancellationToken cancellationToken)
   at Npgsql.NpgsqlCommand.ExecuteDbDataReaderAsync(CommandBehavior behavior, CancellationToken cancellationToken)
   at Microsoft.EntityFrameworkCore.Storage.RelationalCommand.ExecuteReaderAsync(RelationalCommandParameterObject parameterObject, CancellationToken cancellationToken)
   at Microsoft.EntityFrameworkCore.Storage.RelationalCommand.ExecuteReaderAsync(RelationalCommandParameterObject parameterObject, CancellationToken cancellationToken)
   at Microsoft.EntityFrameworkCore.Query.Internal.SingleQueryingEnumerable`1.AsyncEnumerator.InitializeReaderAsync(AsyncEnumerator enumerator, CancellationToken cancellationToken)
   at Microsoft.EntityFrameworkCore.Storage.ExecutionStrategy.<>c__DisplayClass30_0`2.<<ExecuteAsync>b__0>d.MoveNext()
--- End of stack trace from previous location ---
   at Microsoft.EntityFrameworkCore.Storage.ExecutionStrategy.ExecuteImplementationAsync[TState,TResult](Func`4 operation, Func`4 verifySucceeded, TState state, CancellationToken cancellationToken)
   at Microsoft.EntityFrameworkCore.Storage.ExecutionStrategy.ExecuteImplementationAsync[TState,TResult](Func`4 operation, Func`4 verifySucceeded, TState state, CancellationToken cancellationToken)
   at Microsoft.EntityFrameworkCore.Storage.ExecutionStrategy.ExecuteAsync[TState,TResult](TState state, Func`4 operation, Func`4 verifySucceeded, CancellationToken cancellationToken)
   at Microsoft.EntityFrameworkCore.Query.Internal.SingleQueryingEnumerable`1.AsyncEnumerator.MoveNextAsync()
   at Microsoft.EntityFrameworkCore.Query.ShapedQueryCompilingExpressionVisitor.SingleAsync[TSource](IAsyncEnumerable`1 asyncEnumerable, CancellationToken cancellationToken)
   at Microsoft.EntityFrameworkCore.Query.ShapedQueryCompilingExpressionVisitor.SingleAsync[TSource](IAsyncEnumerable`1 asyncEnumerable, CancellationToken cancellationToken)
   at WorkHub.Application.Services.ProjectService.GetProjectsAsync(ProjectQueryDto query) in C:\Users\Abdullah\Documents\GitHub\WorkSphere\WorkHub.Application\Services\ProjectService.cs:line 95
  Exception data:
    Severity: ERROR
    SqlState: 42P01
    MessageText: relation "Projects" does not exist
    Position: 28
    File: parse_relation.c
    Line: 1452
    Routine: parserOpenTable
2026-07-31 22:37:33.129 +06:00 [ERR] [0HNNF47SHHDTS:00000001] Error listing projects for org "00000000-0000-0000-0001-000000000001"
Npgsql.PostgresException (0x80004005): 42P01: relation "Projects" does not exist

POSITION: 28
   at Npgsql.Internal.NpgsqlConnector.ReadMessageLong(Boolean async, DataRowLoadingMode dataRowLoadingMode, Boolean readingNotifications, Boolean isReadingPrependedMessage)
   at System.Runtime.CompilerServices.PoolingAsyncValueTaskMethodBuilder`1.StateMachineBox`1.System.Threading.Tasks.Sources.IValueTaskSource<TResult>.GetResult(Int16 token)
   at Npgsql.NpgsqlDataReader.NextResult(Boolean async, Boolean isConsuming, CancellationToken cancellationToken)
   at Npgsql.NpgsqlDataReader.NextResult(Boolean async, Boolean isConsuming, CancellationToken cancellationToken)
   at Npgsql.NpgsqlCommand.ExecuteReader(Boolean async, CommandBehavior behavior, CancellationToken cancellationToken)
   at Npgsql.NpgsqlCommand.ExecuteReader(Boolean async, CommandBehavior behavior, CancellationToken cancellationToken)
   at Npgsql.NpgsqlCommand.ExecuteDbDataReaderAsync(CommandBehavior behavior, CancellationToken cancellationToken)
   at Microsoft.EntityFrameworkCore.Storage.RelationalCommand.ExecuteReaderAsync(RelationalCommandParameterObject parameterObject, CancellationToken cancellationToken)
   at Microsoft.EntityFrameworkCore.Storage.RelationalCommand.ExecuteReaderAsync(RelationalCommandParameterObject parameterObject, CancellationToken cancellationToken)
   at Microsoft.EntityFrameworkCore.Query.Internal.SingleQueryingEnumerable`1.AsyncEnumerator.InitializeReaderAsync(AsyncEnumerator enumerator, CancellationToken cancellationToken)
   at Microsoft.EntityFrameworkCore.Storage.ExecutionStrategy.<>c__DisplayClass30_0`2.<<ExecuteAsync>b__0>d.MoveNext()
--- End of stack trace from previous location ---
   at Microsoft.EntityFrameworkCore.Storage.ExecutionStrategy.ExecuteImplementationAsync[TState,TResult](Func`4 operation, Func`4 verifySucceeded, TState state, CancellationToken cancellationToken)
   at Microsoft.EntityFrameworkCore.Storage.ExecutionStrategy.ExecuteImplementationAsync[TState,TResult](Func`4 operation, Func`4 verifySucceeded, TState state, CancellationToken cancellationToken)
   at Microsoft.EntityFrameworkCore.Storage.ExecutionStrategy.ExecuteAsync[TState,TResult](TState state, Func`4 operation, Func`4 verifySucceeded, CancellationToken cancellationToken)
   at Microsoft.EntityFrameworkCore.Query.Internal.SingleQueryingEnumerable`1.AsyncEnumerator.MoveNextAsync()
   at Microsoft.EntityFrameworkCore.Query.ShapedQueryCompilingExpressionVisitor.SingleAsync[TSource](IAsyncEnumerable`1 asyncEnumerable, CancellationToken cancellationToken)
   at Microsoft.EntityFrameworkCore.Query.ShapedQueryCompilingExpressionVisitor.SingleAsync[TSource](IAsyncEnumerable`1 asyncEnumerable, CancellationToken cancellationToken)
   at WorkHub.Application.Services.ProjectService.GetProjectsAsync(ProjectQueryDto query) in C:\Users\Abdullah\Documents\GitHub\WorkSphere\WorkHub.Application\Services\ProjectService.cs:line 95
  Exception data:
    Severity: ERROR
    SqlState: 42P01
    MessageText: relation "Projects" does not exist
    Position: 28
    File: parse_relation.c
    Line: 1452
    Routine: parserOpenTable
2026-07-31 22:37:33.131 +06:00 [WRN] [0HNNF47SHHDTR:00000001] [0HNNF47SHHDTR:00000001] GET /api/projects → 400 (9.0ms)
2026-07-31 22:37:33.132 +06:00 [WRN] [0HNNF47SHHDTS:00000001] [0HNNF47SHHDTS:00000001] GET /api/projects → 400 (9.6ms)
2026-07-31 22:37:35.467 +06:00 [DBG] [0HNNF47SHHDTT:00000001] Permission granted: Owner → tasks.view
2026-07-31 22:37:35.469 +06:00 [INF] [0HNNF47SHHDTT:00000001] Executed DbCommand (1ms) [Parameters=[@___currentUser_UserId_0='00000000-0000-0000-0002-000000000001'], CommandType='"Text"', CommandTimeout='30']
SELECT u."Id", u."CreatedAt", u."DeletedAt", u."Email", u."EmailVerificationExpiry", u."EmailVerificationToken", u."FirstName", u."IsActive", u."IsDeleted", u."IsEmailVerified", u."LastLoginAt", u."LastName", u."OrganizationId", u."PasswordHash", u."PasswordResetExpiry", u."PasswordResetToken", u."ProfilePictureUrl", u."RefreshToken", u."RefreshTokenExpiry", u."Role", u."UpdatedAt", o0."Id", o0."CreatedAt", o0."DeletedAt", o0."Description", o0."IsActive", o0."IsDeleted", o0."LogoUrl", o0."Name", o0."Plan", o0."Slug", o0."UpdatedAt"
FROM "Users" AS u
INNER JOIN (
    SELECT o."Id", o."CreatedAt", o."DeletedAt", o."Description", o."IsActive", o."IsDeleted", o."LogoUrl", o."Name", o."Plan", o."Slug", o."UpdatedAt"
    FROM "Organizations" AS o
    WHERE NOT (o."IsDeleted")
) AS o0 ON u."OrganizationId" = o0."Id"
WHERE NOT (u."IsDeleted") AND u."Id" = @___currentUser_UserId_0
LIMIT 1
2026-07-31 22:37:35.501 +06:00 [ERR] [0HNNF47SHHDTT:00000001] Failed executing DbCommand (0ms) [Parameters=[@__orgId_0='00000000-0000-0000-0001-000000000001', @__userId_1='00000000-0000-0000-0002-000000000001' (Nullable = true)], CommandType='"Text"', CommandTimeout='30']
SELECT t."Id", t."ActualMinutes", t."AssignedToUserId", t."CompletedAt", t."CreatedAt", t."CreatedByUserId", t."DeletedAt", t."Description", t."DueDate", t."EstimatedMinutes", t."IsDeleted", t."OrderIndex", t."OrganizationId", t."ParentTaskId", t."Priority", t."ProjectId", t."StartDate", t."Status", t."Title", t."UpdatedAt", p0."Id", p0."CreatedAt", p0."CreatedByUserId", p0."DeletedAt", p0."Description", p0."DueDate", p0."IsDeleted", p0."Name", p0."OrganizationId", p0."ProjectLeadUserId", p0."StartDate", p0."Status", p0."UpdatedAt"
FROM "Tasks" AS t
INNER JOIN (
    SELECT p."Id", p."CreatedAt", p."CreatedByUserId", p."DeletedAt", p."Description", p."DueDate", p."IsDeleted", p."Name", p."OrganizationId", p."ProjectLeadUserId", p."StartDate", p."Status", p."UpdatedAt"
    FROM "Projects" AS p
    WHERE NOT (p."IsDeleted")
) AS p0 ON t."ProjectId" = p0."Id"
WHERE NOT (t."IsDeleted") AND t."OrganizationId" = @__orgId_0 AND t."AssignedToUserId" = @__userId_1
2026-07-31 22:37:35.502 +06:00 [ERR] [0HNNF47SHHDTT:00000001] An exception occurred while iterating over the results of a query for context type 'WorkHub.Infrastructure.Data.AppDbContext'.
Npgsql.PostgresException (0x80004005): 42P01: relation "Tasks" does not exist

POSITION: 545
   at Npgsql.Internal.NpgsqlConnector.ReadMessageLong(Boolean async, DataRowLoadingMode dataRowLoadingMode, Boolean readingNotifications, Boolean isReadingPrependedMessage)
   at System.Runtime.CompilerServices.PoolingAsyncValueTaskMethodBuilder`1.StateMachineBox`1.System.Threading.Tasks.Sources.IValueTaskSource<TResult>.GetResult(Int16 token)
   at Npgsql.NpgsqlDataReader.NextResult(Boolean async, Boolean isConsuming, CancellationToken cancellationToken)
   at Npgsql.NpgsqlDataReader.NextResult(Boolean async, Boolean isConsuming, CancellationToken cancellationToken)
   at Npgsql.NpgsqlCommand.ExecuteReader(Boolean async, CommandBehavior behavior, CancellationToken cancellationToken)
   at Npgsql.NpgsqlCommand.ExecuteReader(Boolean async, CommandBehavior behavior, CancellationToken cancellationToken)
   at Npgsql.NpgsqlCommand.ExecuteDbDataReaderAsync(CommandBehavior behavior, CancellationToken cancellationToken)
   at Microsoft.EntityFrameworkCore.Storage.RelationalCommand.ExecuteReaderAsync(RelationalCommandParameterObject parameterObject, CancellationToken cancellationToken)
   at Microsoft.EntityFrameworkCore.Storage.RelationalCommand.ExecuteReaderAsync(RelationalCommandParameterObject parameterObject, CancellationToken cancellationToken)
   at Microsoft.EntityFrameworkCore.Query.Internal.SingleQueryingEnumerable`1.AsyncEnumerator.InitializeReaderAsync(AsyncEnumerator enumerator, CancellationToken cancellationToken)
   at Microsoft.EntityFrameworkCore.Storage.ExecutionStrategy.<>c__DisplayClass30_0`2.<<ExecuteAsync>b__0>d.MoveNext()
--- End of stack trace from previous location ---
   at Microsoft.EntityFrameworkCore.Storage.ExecutionStrategy.ExecuteImplementationAsync[TState,TResult](Func`4 operation, Func`4 verifySucceeded, TState state, CancellationToken cancellationToken)
   at Microsoft.EntityFrameworkCore.Storage.ExecutionStrategy.ExecuteImplementationAsync[TState,TResult](Func`4 operation, Func`4 verifySucceeded, TState state, CancellationToken cancellationToken)
   at Microsoft.EntityFrameworkCore.Storage.ExecutionStrategy.ExecuteAsync[TState,TResult](TState state, Func`4 operation, Func`4 verifySucceeded, CancellationToken cancellationToken)
   at Microsoft.EntityFrameworkCore.Query.Internal.SingleQueryingEnumerable`1.AsyncEnumerator.MoveNextAsync()
  Exception data:
    Severity: ERROR
    SqlState: 42P01
    MessageText: relation "Tasks" does not exist
    Position: 545
    File: parse_relation.c
    Line: 1452
    Routine: parserOpenTable
Npgsql.PostgresException (0x80004005): 42P01: relation "Tasks" does not exist

POSITION: 545
   at Npgsql.Internal.NpgsqlConnector.ReadMessageLong(Boolean async, DataRowLoadingMode dataRowLoadingMode, Boolean readingNotifications, Boolean isReadingPrependedMessage)
   at System.Runtime.CompilerServices.PoolingAsyncValueTaskMethodBuilder`1.StateMachineBox`1.System.Threading.Tasks.Sources.IValueTaskSource<TResult>.GetResult(Int16 token)
   at Npgsql.NpgsqlDataReader.NextResult(Boolean async, Boolean isConsuming, CancellationToken cancellationToken)
   at Npgsql.NpgsqlDataReader.NextResult(Boolean async, Boolean isConsuming, CancellationToken cancellationToken)
   at Npgsql.NpgsqlCommand.ExecuteReader(Boolean async, CommandBehavior behavior, CancellationToken cancellationToken)
   at Npgsql.NpgsqlCommand.ExecuteReader(Boolean async, CommandBehavior behavior, CancellationToken cancellationToken)
   at Npgsql.NpgsqlCommand.ExecuteDbDataReaderAsync(CommandBehavior behavior, CancellationToken cancellationToken)
   at Microsoft.EntityFrameworkCore.Storage.RelationalCommand.ExecuteReaderAsync(RelationalCommandParameterObject parameterObject, CancellationToken cancellationToken)
   at Microsoft.EntityFrameworkCore.Storage.RelationalCommand.ExecuteReaderAsync(RelationalCommandParameterObject parameterObject, CancellationToken cancellationToken)
   at Microsoft.EntityFrameworkCore.Query.Internal.SingleQueryingEnumerable`1.AsyncEnumerator.InitializeReaderAsync(AsyncEnumerator enumerator, CancellationToken cancellationToken)
   at Microsoft.EntityFrameworkCore.Storage.ExecutionStrategy.<>c__DisplayClass30_0`2.<<ExecuteAsync>b__0>d.MoveNext()
--- End of stack trace from previous location ---
   at Microsoft.EntityFrameworkCore.Storage.ExecutionStrategy.ExecuteImplementationAsync[TState,TResult](Func`4 operation, Func`4 verifySucceeded, TState state, CancellationToken cancellationToken)
   at Microsoft.EntityFrameworkCore.Storage.ExecutionStrategy.ExecuteImplementationAsync[TState,TResult](Func`4 operation, Func`4 verifySucceeded, TState state, CancellationToken cancellationToken)
   at Microsoft.EntityFrameworkCore.Storage.ExecutionStrategy.ExecuteAsync[TState,TResult](TState state, Func`4 operation, Func`4 verifySucceeded, CancellationToken cancellationToken)
   at Microsoft.EntityFrameworkCore.Query.Internal.SingleQueryingEnumerable`1.AsyncEnumerator.MoveNextAsync()
  Exception data:
    Severity: ERROR
    SqlState: 42P01
    MessageText: relation "Tasks" does not exist
    Position: 545
    File: parse_relation.c
    Line: 1452
    Routine: parserOpenTable
2026-07-31 22:37:35.505 +06:00 [ERR] [0HNNF47SHHDTT:00000001] Error getting my tasks for user "00000000-0000-0000-0002-000000000001"
Npgsql.PostgresException (0x80004005): 42P01: relation "Tasks" does not exist

POSITION: 545
   at Npgsql.Internal.NpgsqlConnector.ReadMessageLong(Boolean async, DataRowLoadingMode dataRowLoadingMode, Boolean readingNotifications, Boolean isReadingPrependedMessage)
   at System.Runtime.CompilerServices.PoolingAsyncValueTaskMethodBuilder`1.StateMachineBox`1.System.Threading.Tasks.Sources.IValueTaskSource<TResult>.GetResult(Int16 token)
   at Npgsql.NpgsqlDataReader.NextResult(Boolean async, Boolean isConsuming, CancellationToken cancellationToken)
   at Npgsql.NpgsqlDataReader.NextResult(Boolean async, Boolean isConsuming, CancellationToken cancellationToken)
   at Npgsql.NpgsqlCommand.ExecuteReader(Boolean async, CommandBehavior behavior, CancellationToken cancellationToken)
   at Npgsql.NpgsqlCommand.ExecuteReader(Boolean async, CommandBehavior behavior, CancellationToken cancellationToken)
   at Npgsql.NpgsqlCommand.ExecuteDbDataReaderAsync(CommandBehavior behavior, CancellationToken cancellationToken)
   at Microsoft.EntityFrameworkCore.Storage.RelationalCommand.ExecuteReaderAsync(RelationalCommandParameterObject parameterObject, CancellationToken cancellationToken)
   at Microsoft.EntityFrameworkCore.Storage.RelationalCommand.ExecuteReaderAsync(RelationalCommandParameterObject parameterObject, CancellationToken cancellationToken)
   at Microsoft.EntityFrameworkCore.Query.Internal.SingleQueryingEnumerable`1.AsyncEnumerator.InitializeReaderAsync(AsyncEnumerator enumerator, CancellationToken cancellationToken)
   at Microsoft.EntityFrameworkCore.Storage.ExecutionStrategy.<>c__DisplayClass30_0`2.<<ExecuteAsync>b__0>d.MoveNext()
--- End of stack trace from previous location ---
   at Microsoft.EntityFrameworkCore.Storage.ExecutionStrategy.ExecuteImplementationAsync[TState,TResult](Func`4 operation, Func`4 verifySucceeded, TState state, CancellationToken cancellationToken)
   at Microsoft.EntityFrameworkCore.Storage.ExecutionStrategy.ExecuteImplementationAsync[TState,TResult](Func`4 operation, Func`4 verifySucceeded, TState state, CancellationToken cancellationToken)
   at Microsoft.EntityFrameworkCore.Storage.ExecutionStrategy.ExecuteAsync[TState,TResult](TState state, Func`4 operation, Func`4 verifySucceeded, CancellationToken cancellationToken)
   at Microsoft.EntityFrameworkCore.Query.Internal.SingleQueryingEnumerable`1.AsyncEnumerator.MoveNextAsync()
   at Microsoft.EntityFrameworkCore.EntityFrameworkQueryableExtensions.ToListAsync[TSource](IQueryable`1 source, CancellationToken cancellationToken)
   at Microsoft.EntityFrameworkCore.EntityFrameworkQueryableExtensions.ToListAsync[TSource](IQueryable`1 source, CancellationToken cancellationToken)
   at WorkHub.Application.Services.TaskService.GetMyTasksAsync(MyTasksQueryDto query) in C:\Users\Abdullah\Documents\GitHub\WorkSphere\WorkHub.Application\Services\TaskService.cs:line 806
  Exception data:
    Severity: ERROR
    SqlState: 42P01
    MessageText: relation "Tasks" does not exist
    Position: 545
    File: parse_relation.c
    Line: 1452
    Routine: parserOpenTable
2026-07-31 22:37:35.511 +06:00 [WRN] [0HNNF47SHHDTT:00000001] [0HNNF47SHHDTT:00000001] GET /api/users/me/tasks → 400 (44.3ms)
2026-07-31 22:37:36.519 +06:00 [DBG] [0HNNF47SHHDTU:00000001] Permission granted: Owner → tasks.view
2026-07-31 22:37:36.520 +06:00 [INF] [0HNNF47SHHDTU:00000001] Executed DbCommand (1ms) [Parameters=[@___currentUser_UserId_0='00000000-0000-0000-0002-000000000001'], CommandType='"Text"', CommandTimeout='30']
SELECT u."Id", u."CreatedAt", u."DeletedAt", u."Email", u."EmailVerificationExpiry", u."EmailVerificationToken", u."FirstName", u."IsActive", u."IsDeleted", u."IsEmailVerified", u."LastLoginAt", u."LastName", u."OrganizationId", u."PasswordHash", u."PasswordResetExpiry", u."PasswordResetToken", u."ProfilePictureUrl", u."RefreshToken", u."RefreshTokenExpiry", u."Role", u."UpdatedAt", o0."Id", o0."CreatedAt", o0."DeletedAt", o0."Description", o0."IsActive", o0."IsDeleted", o0."LogoUrl", o0."Name", o0."Plan", o0."Slug", o0."UpdatedAt"
FROM "Users" AS u
INNER JOIN (
    SELECT o."Id", o."CreatedAt", o."DeletedAt", o."Description", o."IsActive", o."IsDeleted", o."LogoUrl", o."Name", o."Plan", o."Slug", o."UpdatedAt"
    FROM "Organizations" AS o
    WHERE NOT (o."IsDeleted")
) AS o0 ON u."OrganizationId" = o0."Id"
WHERE NOT (u."IsDeleted") AND u."Id" = @___currentUser_UserId_0
LIMIT 1
2026-07-31 22:37:36.522 +06:00 [ERR] [0HNNF47SHHDTU:00000001] Failed executing DbCommand (1ms) [Parameters=[@__orgId_0='00000000-0000-0000-0001-000000000001', @__userId_1='00000000-0000-0000-0002-000000000001' (Nullable = true)], CommandType='"Text"', CommandTimeout='30']
SELECT t."Id", t."ActualMinutes", t."AssignedToUserId", t."CompletedAt", t."CreatedAt", t."CreatedByUserId", t."DeletedAt", t."Description", t."DueDate", t."EstimatedMinutes", t."IsDeleted", t."OrderIndex", t."OrganizationId", t."ParentTaskId", t."Priority", t."ProjectId", t."StartDate", t."Status", t."Title", t."UpdatedAt", p0."Id", p0."CreatedAt", p0."CreatedByUserId", p0."DeletedAt", p0."Description", p0."DueDate", p0."IsDeleted", p0."Name", p0."OrganizationId", p0."ProjectLeadUserId", p0."StartDate", p0."Status", p0."UpdatedAt"
FROM "Tasks" AS t
INNER JOIN (
    SELECT p."Id", p."CreatedAt", p."CreatedByUserId", p."DeletedAt", p."Description", p."DueDate", p."IsDeleted", p."Name", p."OrganizationId", p."ProjectLeadUserId", p."StartDate", p."Status", p."UpdatedAt"
    FROM "Projects" AS p
    WHERE NOT (p."IsDeleted")
) AS p0 ON t."ProjectId" = p0."Id"
WHERE NOT (t."IsDeleted") AND t."OrganizationId" = @__orgId_0 AND t."AssignedToUserId" = @__userId_1
2026-07-31 22:37:36.524 +06:00 [ERR] [0HNNF47SHHDTU:00000001] An exception occurred while iterating over the results of a query for context type 'WorkHub.Infrastructure.Data.AppDbContext'.
Npgsql.PostgresException (0x80004005): 42P01: relation "Tasks" does not exist

POSITION: 545
   at Npgsql.Internal.NpgsqlConnector.ReadMessageLong(Boolean async, DataRowLoadingMode dataRowLoadingMode, Boolean readingNotifications, Boolean isReadingPrependedMessage)
   at System.Runtime.CompilerServices.PoolingAsyncValueTaskMethodBuilder`1.StateMachineBox`1.System.Threading.Tasks.Sources.IValueTaskSource<TResult>.GetResult(Int16 token)
   at Npgsql.NpgsqlDataReader.NextResult(Boolean async, Boolean isConsuming, CancellationToken cancellationToken)
   at Npgsql.NpgsqlDataReader.NextResult(Boolean async, Boolean isConsuming, CancellationToken cancellationToken)
   at Npgsql.NpgsqlCommand.ExecuteReader(Boolean async, CommandBehavior behavior, CancellationToken cancellationToken)
   at Npgsql.NpgsqlCommand.ExecuteReader(Boolean async, CommandBehavior behavior, CancellationToken cancellationToken)
   at Npgsql.NpgsqlCommand.ExecuteDbDataReaderAsync(CommandBehavior behavior, CancellationToken cancellationToken)
   at Microsoft.EntityFrameworkCore.Storage.RelationalCommand.ExecuteReaderAsync(RelationalCommandParameterObject parameterObject, CancellationToken cancellationToken)
   at Microsoft.EntityFrameworkCore.Storage.RelationalCommand.ExecuteReaderAsync(RelationalCommandParameterObject parameterObject, CancellationToken cancellationToken)
   at Microsoft.EntityFrameworkCore.Query.Internal.SingleQueryingEnumerable`1.AsyncEnumerator.InitializeReaderAsync(AsyncEnumerator enumerator, CancellationToken cancellationToken)
   at Microsoft.EntityFrameworkCore.Storage.ExecutionStrategy.<>c__DisplayClass30_0`2.<<ExecuteAsync>b__0>d.MoveNext()
--- End of stack trace from previous location ---
   at Microsoft.EntityFrameworkCore.Storage.ExecutionStrategy.ExecuteImplementationAsync[TState,TResult](Func`4 operation, Func`4 verifySucceeded, TState state, CancellationToken cancellationToken)
   at Microsoft.EntityFrameworkCore.Storage.ExecutionStrategy.ExecuteImplementationAsync[TState,TResult](Func`4 operation, Func`4 verifySucceeded, TState state, CancellationToken cancellationToken)
   at Microsoft.EntityFrameworkCore.Storage.ExecutionStrategy.ExecuteAsync[TState,TResult](TState state, Func`4 operation, Func`4 verifySucceeded, CancellationToken cancellationToken)
   at Microsoft.EntityFrameworkCore.Query.Internal.SingleQueryingEnumerable`1.AsyncEnumerator.MoveNextAsync()
  Exception data:
    Severity: ERROR
    SqlState: 42P01
    MessageText: relation "Tasks" does not exist
    Position: 545
    File: parse_relation.c
    Line: 1452
    Routine: parserOpenTable
Npgsql.PostgresException (0x80004005): 42P01: relation "Tasks" does not exist

POSITION: 545
   at Npgsql.Internal.NpgsqlConnector.ReadMessageLong(Boolean async, DataRowLoadingMode dataRowLoadingMode, Boolean readingNotifications, Boolean isReadingPrependedMessage)
   at System.Runtime.CompilerServices.PoolingAsyncValueTaskMethodBuilder`1.StateMachineBox`1.System.Threading.Tasks.Sources.IValueTaskSource<TResult>.GetResult(Int16 token)
   at Npgsql.NpgsqlDataReader.NextResult(Boolean async, Boolean isConsuming, CancellationToken cancellationToken)
   at Npgsql.NpgsqlDataReader.NextResult(Boolean async, Boolean isConsuming, CancellationToken cancellationToken)
   at Npgsql.NpgsqlCommand.ExecuteReader(Boolean async, CommandBehavior behavior, CancellationToken cancellationToken)
   at Npgsql.NpgsqlCommand.ExecuteReader(Boolean async, CommandBehavior behavior, CancellationToken cancellationToken)
   at Npgsql.NpgsqlCommand.ExecuteDbDataReaderAsync(CommandBehavior behavior, CancellationToken cancellationToken)
   at Microsoft.EntityFrameworkCore.Storage.RelationalCommand.ExecuteReaderAsync(RelationalCommandParameterObject parameterObject, CancellationToken cancellationToken)
   at Microsoft.EntityFrameworkCore.Storage.RelationalCommand.ExecuteReaderAsync(RelationalCommandParameterObject parameterObject, CancellationToken cancellationToken)
   at Microsoft.EntityFrameworkCore.Query.Internal.SingleQueryingEnumerable`1.AsyncEnumerator.InitializeReaderAsync(AsyncEnumerator enumerator, CancellationToken cancellationToken)
   at Microsoft.EntityFrameworkCore.Storage.ExecutionStrategy.<>c__DisplayClass30_0`2.<<ExecuteAsync>b__0>d.MoveNext()
--- End of stack trace from previous location ---
   at Microsoft.EntityFrameworkCore.Storage.ExecutionStrategy.ExecuteImplementationAsync[TState,TResult](Func`4 operation, Func`4 verifySucceeded, TState state, CancellationToken cancellationToken)
   at Microsoft.EntityFrameworkCore.Storage.ExecutionStrategy.ExecuteImplementationAsync[TState,TResult](Func`4 operation, Func`4 verifySucceeded, TState state, CancellationToken cancellationToken)
   at Microsoft.EntityFrameworkCore.Storage.ExecutionStrategy.ExecuteAsync[TState,TResult](TState state, Func`4 operation, Func`4 verifySucceeded, CancellationToken cancellationToken)
   at Microsoft.EntityFrameworkCore.Query.Internal.SingleQueryingEnumerable`1.AsyncEnumerator.MoveNextAsync()
  Exception data:
    Severity: ERROR
    SqlState: 42P01
    MessageText: relation "Tasks" does not exist
    Position: 545
    File: parse_relation.c
    Line: 1452
    Routine: parserOpenTable
2026-07-31 22:37:36.527 +06:00 [ERR] [0HNNF47SHHDTU:00000001] Error getting my tasks for user "00000000-0000-0000-0002-000000000001"
Npgsql.PostgresException (0x80004005): 42P01: relation "Tasks" does not exist

POSITION: 545
   at Npgsql.Internal.NpgsqlConnector.ReadMessageLong(Boolean async, DataRowLoadingMode dataRowLoadingMode, Boolean readingNotifications, Boolean isReadingPrependedMessage)
   at System.Runtime.CompilerServices.PoolingAsyncValueTaskMethodBuilder`1.StateMachineBox`1.System.Threading.Tasks.Sources.IValueTaskSource<TResult>.GetResult(Int16 token)
   at Npgsql.NpgsqlDataReader.NextResult(Boolean async, Boolean isConsuming, CancellationToken cancellationToken)
   at Npgsql.NpgsqlDataReader.NextResult(Boolean async, Boolean isConsuming, CancellationToken cancellationToken)
   at Npgsql.NpgsqlCommand.ExecuteReader(Boolean async, CommandBehavior behavior, CancellationToken cancellationToken)
   at Npgsql.NpgsqlCommand.ExecuteReader(Boolean async, CommandBehavior behavior, CancellationToken cancellationToken)
   at Npgsql.NpgsqlCommand.ExecuteDbDataReaderAsync(CommandBehavior behavior, CancellationToken cancellationToken)
   at Microsoft.EntityFrameworkCore.Storage.RelationalCommand.ExecuteReaderAsync(RelationalCommandParameterObject parameterObject, CancellationToken cancellationToken)
   at Microsoft.EntityFrameworkCore.Storage.RelationalCommand.ExecuteReaderAsync(RelationalCommandParameterObject parameterObject, CancellationToken cancellationToken)
   at Microsoft.EntityFrameworkCore.Query.Internal.SingleQueryingEnumerable`1.AsyncEnumerator.InitializeReaderAsync(AsyncEnumerator enumerator, CancellationToken cancellationToken)
   at Microsoft.EntityFrameworkCore.Storage.ExecutionStrategy.<>c__DisplayClass30_0`2.<<ExecuteAsync>b__0>d.MoveNext()
--- End of stack trace from previous location ---
   at Microsoft.EntityFrameworkCore.Storage.ExecutionStrategy.ExecuteImplementationAsync[TState,TResult](Func`4 operation, Func`4 verifySucceeded, TState state, CancellationToken cancellationToken)
   at Microsoft.EntityFrameworkCore.Storage.ExecutionStrategy.ExecuteImplementationAsync[TState,TResult](Func`4 operation, Func`4 verifySucceeded, TState state, CancellationToken cancellationToken)
   at Microsoft.EntityFrameworkCore.Storage.ExecutionStrategy.ExecuteAsync[TState,TResult](TState state, Func`4 operation, Func`4 verifySucceeded, CancellationToken cancellationToken)
   at Microsoft.EntityFrameworkCore.Query.Internal.SingleQueryingEnumerable`1.AsyncEnumerator.MoveNextAsync()
   at Microsoft.EntityFrameworkCore.EntityFrameworkQueryableExtensions.ToListAsync[TSource](IQueryable`1 source, CancellationToken cancellationToken)
   at Microsoft.EntityFrameworkCore.EntityFrameworkQueryableExtensions.ToListAsync[TSource](IQueryable`1 source, CancellationToken cancellationToken)
   at WorkHub.Application.Services.TaskService.GetMyTasksAsync(MyTasksQueryDto query) in C:\Users\Abdullah\Documents\GitHub\WorkSphere\WorkHub.Application\Services\TaskService.cs:line 806
  Exception data:
    Severity: ERROR
    SqlState: 42P01
    MessageText: relation "Tasks" does not exist
    Position: 545
    File: parse_relation.c
    Line: 1452
    Routine: parserOpenTable
2026-07-31 22:37:36.530 +06:00 [WRN] [0HNNF47SHHDTU:00000001] [0HNNF47SHHDTU:00000001] GET /api/users/me/tasks → 400 (11.1ms)
2026-07-31 22:37:38.537 +06:00 [DBG] [0HNNF47SHHDTV:00000001] Permission granted: Owner → tasks.view
2026-07-31 22:37:38.539 +06:00 [INF] [0HNNF47SHHDTV:00000001] Executed DbCommand (1ms) [Parameters=[@___currentUser_UserId_0='00000000-0000-0000-0002-000000000001'], CommandType='"Text"', CommandTimeout='30']
SELECT u."Id", u."CreatedAt", u."DeletedAt", u."Email", u."EmailVerificationExpiry", u."EmailVerificationToken", u."FirstName", u."IsActive", u."IsDeleted", u."IsEmailVerified", u."LastLoginAt", u."LastName", u."OrganizationId", u."PasswordHash", u."PasswordResetExpiry", u."PasswordResetToken", u."ProfilePictureUrl", u."RefreshToken", u."RefreshTokenExpiry", u."Role", u."UpdatedAt", o0."Id", o0."CreatedAt", o0."DeletedAt", o0."Description", o0."IsActive", o0."IsDeleted", o0."LogoUrl", o0."Name", o0."Plan", o0."Slug", o0."UpdatedAt"
FROM "Users" AS u
INNER JOIN (
    SELECT o."Id", o."CreatedAt", o."DeletedAt", o."Description", o."IsActive", o."IsDeleted", o."LogoUrl", o."Name", o."Plan", o."Slug", o."UpdatedAt"
    FROM "Organizations" AS o
    WHERE NOT (o."IsDeleted")
) AS o0 ON u."OrganizationId" = o0."Id"
WHERE NOT (u."IsDeleted") AND u."Id" = @___currentUser_UserId_0
LIMIT 1
2026-07-31 22:37:38.541 +06:00 [ERR] [0HNNF47SHHDTV:00000001] Failed executing DbCommand (0ms) [Parameters=[@__orgId_0='00000000-0000-0000-0001-000000000001', @__userId_1='00000000-0000-0000-0002-000000000001' (Nullable = true)], CommandType='"Text"', CommandTimeout='30']
SELECT t."Id", t."ActualMinutes", t."AssignedToUserId", t."CompletedAt", t."CreatedAt", t."CreatedByUserId", t."DeletedAt", t."Description", t."DueDate", t."EstimatedMinutes", t."IsDeleted", t."OrderIndex", t."OrganizationId", t."ParentTaskId", t."Priority", t."ProjectId", t."StartDate", t."Status", t."Title", t."UpdatedAt", p0."Id", p0."CreatedAt", p0."CreatedByUserId", p0."DeletedAt", p0."Description", p0."DueDate", p0."IsDeleted", p0."Name", p0."OrganizationId", p0."ProjectLeadUserId", p0."StartDate", p0."Status", p0."UpdatedAt"
FROM "Tasks" AS t
INNER JOIN (
    SELECT p."Id", p."CreatedAt", p."CreatedByUserId", p."DeletedAt", p."Description", p."DueDate", p."IsDeleted", p."Name", p."OrganizationId", p."ProjectLeadUserId", p."StartDate", p."Status", p."UpdatedAt"
    FROM "Projects" AS p
    WHERE NOT (p."IsDeleted")
) AS p0 ON t."ProjectId" = p0."Id"
WHERE NOT (t."IsDeleted") AND t."OrganizationId" = @__orgId_0 AND t."AssignedToUserId" = @__userId_1
2026-07-31 22:37:38.543 +06:00 [ERR] [0HNNF47SHHDTV:00000001] An exception occurred while iterating over the results of a query for context type 'WorkHub.Infrastructure.Data.AppDbContext'.
Npgsql.PostgresException (0x80004005): 42P01: relation "Tasks" does not exist

POSITION: 545
   at Npgsql.Internal.NpgsqlConnector.ReadMessageLong(Boolean async, DataRowLoadingMode dataRowLoadingMode, Boolean readingNotifications, Boolean isReadingPrependedMessage)
   at System.Runtime.CompilerServices.PoolingAsyncValueTaskMethodBuilder`1.StateMachineBox`1.System.Threading.Tasks.Sources.IValueTaskSource<TResult>.GetResult(Int16 token)
   at Npgsql.NpgsqlDataReader.NextResult(Boolean async, Boolean isConsuming, CancellationToken cancellationToken)
   at Npgsql.NpgsqlDataReader.NextResult(Boolean async, Boolean isConsuming, CancellationToken cancellationToken)
   at Npgsql.NpgsqlCommand.ExecuteReader(Boolean async, CommandBehavior behavior, CancellationToken cancellationToken)
   at Npgsql.NpgsqlCommand.ExecuteReader(Boolean async, CommandBehavior behavior, CancellationToken cancellationToken)
   at Npgsql.NpgsqlCommand.ExecuteDbDataReaderAsync(CommandBehavior behavior, CancellationToken cancellationToken)
   at Microsoft.EntityFrameworkCore.Storage.RelationalCommand.ExecuteReaderAsync(RelationalCommandParameterObject parameterObject, CancellationToken cancellationToken)
   at Microsoft.EntityFrameworkCore.Storage.RelationalCommand.ExecuteReaderAsync(RelationalCommandParameterObject parameterObject, CancellationToken cancellationToken)
   at Microsoft.EntityFrameworkCore.Query.Internal.SingleQueryingEnumerable`1.AsyncEnumerator.InitializeReaderAsync(AsyncEnumerator enumerator, CancellationToken cancellationToken)
   at Microsoft.EntityFrameworkCore.Storage.ExecutionStrategy.<>c__DisplayClass30_0`2.<<ExecuteAsync>b__0>d.MoveNext()
--- End of stack trace from previous location ---
   at Microsoft.EntityFrameworkCore.Storage.ExecutionStrategy.ExecuteImplementationAsync[TState,TResult](Func`4 operation, Func`4 verifySucceeded, TState state, CancellationToken cancellationToken)
   at Microsoft.EntityFrameworkCore.Storage.ExecutionStrategy.ExecuteImplementationAsync[TState,TResult](Func`4 operation, Func`4 verifySucceeded, TState state, CancellationToken cancellationToken)
   at Microsoft.EntityFrameworkCore.Storage.ExecutionStrategy.ExecuteAsync[TState,TResult](TState state, Func`4 operation, Func`4 verifySucceeded, CancellationToken cancellationToken)
   at Microsoft.EntityFrameworkCore.Query.Internal.SingleQueryingEnumerable`1.AsyncEnumerator.MoveNextAsync()
  Exception data:
    Severity: ERROR
    SqlState: 42P01
    MessageText: relation "Tasks" does not exist
    Position: 545
    File: parse_relation.c
    Line: 1452
    Routine: parserOpenTable
Npgsql.PostgresException (0x80004005): 42P01: relation "Tasks" does not exist

POSITION: 545
   at Npgsql.Internal.NpgsqlConnector.ReadMessageLong(Boolean async, DataRowLoadingMode dataRowLoadingMode, Boolean readingNotifications, Boolean isReadingPrependedMessage)
   at System.Runtime.CompilerServices.PoolingAsyncValueTaskMethodBuilder`1.StateMachineBox`1.System.Threading.Tasks.Sources.IValueTaskSource<TResult>.GetResult(Int16 token)
   at Npgsql.NpgsqlDataReader.NextResult(Boolean async, Boolean isConsuming, CancellationToken cancellationToken)
   at Npgsql.NpgsqlDataReader.NextResult(Boolean async, Boolean isConsuming, CancellationToken cancellationToken)
   at Npgsql.NpgsqlCommand.ExecuteReader(Boolean async, CommandBehavior behavior, CancellationToken cancellationToken)
   at Npgsql.NpgsqlCommand.ExecuteReader(Boolean async, CommandBehavior behavior, CancellationToken cancellationToken)
   at Npgsql.NpgsqlCommand.ExecuteDbDataReaderAsync(CommandBehavior behavior, CancellationToken cancellationToken)
   at Microsoft.EntityFrameworkCore.Storage.RelationalCommand.ExecuteReaderAsync(RelationalCommandParameterObject parameterObject, CancellationToken cancellationToken)
   at Microsoft.EntityFrameworkCore.Storage.RelationalCommand.ExecuteReaderAsync(RelationalCommandParameterObject parameterObject, CancellationToken cancellationToken)
   at Microsoft.EntityFrameworkCore.Query.Internal.SingleQueryingEnumerable`1.AsyncEnumerator.InitializeReaderAsync(AsyncEnumerator enumerator, CancellationToken cancellationToken)
   at Microsoft.EntityFrameworkCore.Storage.ExecutionStrategy.<>c__DisplayClass30_0`2.<<ExecuteAsync>b__0>d.MoveNext()
--- End of stack trace from previous location ---
   at Microsoft.EntityFrameworkCore.Storage.ExecutionStrategy.ExecuteImplementationAsync[TState,TResult](Func`4 operation, Func`4 verifySucceeded, TState state, CancellationToken cancellationToken)
   at Microsoft.EntityFrameworkCore.Storage.ExecutionStrategy.ExecuteImplementationAsync[TState,TResult](Func`4 operation, Func`4 verifySucceeded, TState state, CancellationToken cancellationToken)
   at Microsoft.EntityFrameworkCore.Storage.ExecutionStrategy.ExecuteAsync[TState,TResult](TState state, Func`4 operation, Func`4 verifySucceeded, CancellationToken cancellationToken)
   at Microsoft.EntityFrameworkCore.Query.Internal.SingleQueryingEnumerable`1.AsyncEnumerator.MoveNextAsync()
  Exception data:
    Severity: ERROR
    SqlState: 42P01
    MessageText: relation "Tasks" does not exist
    Position: 545
    File: parse_relation.c
    Line: 1452
    Routine: parserOpenTable
2026-07-31 22:37:38.546 +06:00 [ERR] [0HNNF47SHHDTV:00000001] Error getting my tasks for user "00000000-0000-0000-0002-000000000001"
Npgsql.PostgresException (0x80004005): 42P01: relation "Tasks" does not exist

POSITION: 545
   at Npgsql.Internal.NpgsqlConnector.ReadMessageLong(Boolean async, DataRowLoadingMode dataRowLoadingMode, Boolean readingNotifications, Boolean isReadingPrependedMessage)
   at System.Runtime.CompilerServices.PoolingAsyncValueTaskMethodBuilder`1.StateMachineBox`1.System.Threading.Tasks.Sources.IValueTaskSource<TResult>.GetResult(Int16 token)
   at Npgsql.NpgsqlDataReader.NextResult(Boolean async, Boolean isConsuming, CancellationToken cancellationToken)
   at Npgsql.NpgsqlDataReader.NextResult(Boolean async, Boolean isConsuming, CancellationToken cancellationToken)
   at Npgsql.NpgsqlCommand.ExecuteReader(Boolean async, CommandBehavior behavior, CancellationToken cancellationToken)
   at Npgsql.NpgsqlCommand.ExecuteReader(Boolean async, CommandBehavior behavior, CancellationToken cancellationToken)
   at Npgsql.NpgsqlCommand.ExecuteDbDataReaderAsync(CommandBehavior behavior, CancellationToken cancellationToken)
   at Microsoft.EntityFrameworkCore.Storage.RelationalCommand.ExecuteReaderAsync(RelationalCommandParameterObject parameterObject, CancellationToken cancellationToken)
   at Microsoft.EntityFrameworkCore.Storage.RelationalCommand.ExecuteReaderAsync(RelationalCommandParameterObject parameterObject, CancellationToken cancellationToken)
   at Microsoft.EntityFrameworkCore.Query.Internal.SingleQueryingEnumerable`1.AsyncEnumerator.InitializeReaderAsync(AsyncEnumerator enumerator, CancellationToken cancellationToken)
   at Microsoft.EntityFrameworkCore.Storage.ExecutionStrategy.<>c__DisplayClass30_0`2.<<ExecuteAsync>b__0>d.MoveNext()
--- End of stack trace from previous location ---
   at Microsoft.EntityFrameworkCore.Storage.ExecutionStrategy.ExecuteImplementationAsync[TState,TResult](Func`4 operation, Func`4 verifySucceeded, TState state, CancellationToken cancellationToken)
   at Microsoft.EntityFrameworkCore.Storage.ExecutionStrategy.ExecuteImplementationAsync[TState,TResult](Func`4 operation, Func`4 verifySucceeded, TState state, CancellationToken cancellationToken)
   at Microsoft.EntityFrameworkCore.Storage.ExecutionStrategy.ExecuteAsync[TState,TResult](TState state, Func`4 operation, Func`4 verifySucceeded, CancellationToken cancellationToken)
   at Microsoft.EntityFrameworkCore.Query.Internal.SingleQueryingEnumerable`1.AsyncEnumerator.MoveNextAsync()
   at Microsoft.EntityFrameworkCore.EntityFrameworkQueryableExtensions.ToListAsync[TSource](IQueryable`1 source, CancellationToken cancellationToken)
   at Microsoft.EntityFrameworkCore.EntityFrameworkQueryableExtensions.ToListAsync[TSource](IQueryable`1 source, CancellationToken cancellationToken)
   at WorkHub.Application.Services.TaskService.GetMyTasksAsync(MyTasksQueryDto query) in C:\Users\Abdullah\Documents\GitHub\WorkSphere\WorkHub.Application\Services\TaskService.cs:line 806
  Exception data:
    Severity: ERROR
    SqlState: 42P01
    MessageText: relation "Tasks" does not exist
    Position: 545
    File: parse_relation.c
    Line: 1452
    Routine: parserOpenTable
2026-07-31 22:37:38.548 +06:00 [WRN] [0HNNF47SHHDTV:00000001] [0HNNF47SHHDTV:00000001] GET /api/users/me/tasks → 400 (11.9ms)
2026-07-31 22:37:46.007 +06:00 [DBG] [0HNNF47SHHDU0:00000001] Permission granted: Owner → projects.view
2026-07-31 22:37:46.007 +06:00 [DBG] [0HNNF47SHHDU1:00000001] Permission granted: Owner → projects.view
2026-07-31 22:37:46.009 +06:00 [INF] [0HNNF47SHHDU1:00000001] Executed DbCommand (1ms) [Parameters=[@___currentUser_UserId_0='00000000-0000-0000-0002-000000000001'], CommandType='"Text"', CommandTimeout='30']
SELECT u."Id", u."CreatedAt", u."DeletedAt", u."Email", u."EmailVerificationExpiry", u."EmailVerificationToken", u."FirstName", u."IsActive", u."IsDeleted", u."IsEmailVerified", u."LastLoginAt", u."LastName", u."OrganizationId", u."PasswordHash", u."PasswordResetExpiry", u."PasswordResetToken", u."ProfilePictureUrl", u."RefreshToken", u."RefreshTokenExpiry", u."Role", u."UpdatedAt", o0."Id", o0."CreatedAt", o0."DeletedAt", o0."Description", o0."IsActive", o0."IsDeleted", o0."LogoUrl", o0."Name", o0."Plan", o0."Slug", o0."UpdatedAt"
FROM "Users" AS u
INNER JOIN (
    SELECT o."Id", o."CreatedAt", o."DeletedAt", o."Description", o."IsActive", o."IsDeleted", o."LogoUrl", o."Name", o."Plan", o."Slug", o."UpdatedAt"
    FROM "Organizations" AS o
    WHERE NOT (o."IsDeleted")
) AS o0 ON u."OrganizationId" = o0."Id"
WHERE NOT (u."IsDeleted") AND u."Id" = @___currentUser_UserId_0
LIMIT 1
2026-07-31 22:37:46.009 +06:00 [INF] [0HNNF47SHHDU0:00000001] Executed DbCommand (1ms) [Parameters=[@___currentUser_UserId_0='00000000-0000-0000-0002-000000000001'], CommandType='"Text"', CommandTimeout='30']
SELECT u."Id", u."CreatedAt", u."DeletedAt", u."Email", u."EmailVerificationExpiry", u."EmailVerificationToken", u."FirstName", u."IsActive", u."IsDeleted", u."IsEmailVerified", u."LastLoginAt", u."LastName", u."OrganizationId", u."PasswordHash", u."PasswordResetExpiry", u."PasswordResetToken", u."ProfilePictureUrl", u."RefreshToken", u."RefreshTokenExpiry", u."Role", u."UpdatedAt", o0."Id", o0."CreatedAt", o0."DeletedAt", o0."Description", o0."IsActive", o0."IsDeleted", o0."LogoUrl", o0."Name", o0."Plan", o0."Slug", o0."UpdatedAt"
FROM "Users" AS u
INNER JOIN (
    SELECT o."Id", o."CreatedAt", o."DeletedAt", o."Description", o."IsActive", o."IsDeleted", o."LogoUrl", o."Name", o."Plan", o."Slug", o."UpdatedAt"
    FROM "Organizations" AS o
    WHERE NOT (o."IsDeleted")
) AS o0 ON u."OrganizationId" = o0."Id"
WHERE NOT (u."IsDeleted") AND u."Id" = @___currentUser_UserId_0
LIMIT 1
2026-07-31 22:37:46.011 +06:00 [ERR] [0HNNF47SHHDU1:00000001] Failed executing DbCommand (0ms) [Parameters=[@___currentUser_OrganizationId_0='00000000-0000-0000-0001-000000000001'], CommandType='"Text"', CommandTimeout='30']
SELECT count(*)::int
FROM "Projects" AS p
WHERE NOT (p."IsDeleted") AND p."OrganizationId" = @___currentUser_OrganizationId_0
2026-07-31 22:37:46.011 +06:00 [ERR] [0HNNF47SHHDU0:00000001] Failed executing DbCommand (0ms) [Parameters=[@___currentUser_OrganizationId_0='00000000-0000-0000-0001-000000000001'], CommandType='"Text"', CommandTimeout='30']
SELECT count(*)::int
FROM "Projects" AS p
WHERE NOT (p."IsDeleted") AND p."OrganizationId" = @___currentUser_OrganizationId_0
2026-07-31 22:37:46.012 +06:00 [ERR] [0HNNF47SHHDU0:00000001] An exception occurred while iterating over the results of a query for context type 'WorkHub.Infrastructure.Data.AppDbContext'.
Npgsql.PostgresException (0x80004005): 42P01: relation "Projects" does not exist

POSITION: 28
   at Npgsql.Internal.NpgsqlConnector.ReadMessageLong(Boolean async, DataRowLoadingMode dataRowLoadingMode, Boolean readingNotifications, Boolean isReadingPrependedMessage)
   at System.Runtime.CompilerServices.PoolingAsyncValueTaskMethodBuilder`1.StateMachineBox`1.System.Threading.Tasks.Sources.IValueTaskSource<TResult>.GetResult(Int16 token)
   at Npgsql.NpgsqlDataReader.NextResult(Boolean async, Boolean isConsuming, CancellationToken cancellationToken)
   at Npgsql.NpgsqlDataReader.NextResult(Boolean async, Boolean isConsuming, CancellationToken cancellationToken)
   at Npgsql.NpgsqlCommand.ExecuteReader(Boolean async, CommandBehavior behavior, CancellationToken cancellationToken)
   at Npgsql.NpgsqlCommand.ExecuteReader(Boolean async, CommandBehavior behavior, CancellationToken cancellationToken)
   at Npgsql.NpgsqlCommand.ExecuteDbDataReaderAsync(CommandBehavior behavior, CancellationToken cancellationToken)
   at Microsoft.EntityFrameworkCore.Storage.RelationalCommand.ExecuteReaderAsync(RelationalCommandParameterObject parameterObject, CancellationToken cancellationToken)
   at Microsoft.EntityFrameworkCore.Storage.RelationalCommand.ExecuteReaderAsync(RelationalCommandParameterObject parameterObject, CancellationToken cancellationToken)
   at Microsoft.EntityFrameworkCore.Query.Internal.SingleQueryingEnumerable`1.AsyncEnumerator.InitializeReaderAsync(AsyncEnumerator enumerator, CancellationToken cancellationToken)
   at Microsoft.EntityFrameworkCore.Storage.ExecutionStrategy.<>c__DisplayClass30_0`2.<<ExecuteAsync>b__0>d.MoveNext()
--- End of stack trace from previous location ---
   at Microsoft.EntityFrameworkCore.Storage.ExecutionStrategy.ExecuteImplementationAsync[TState,TResult](Func`4 operation, Func`4 verifySucceeded, TState state, CancellationToken cancellationToken)
   at Microsoft.EntityFrameworkCore.Storage.ExecutionStrategy.ExecuteImplementationAsync[TState,TResult](Func`4 operation, Func`4 verifySucceeded, TState state, CancellationToken cancellationToken)
   at Microsoft.EntityFrameworkCore.Storage.ExecutionStrategy.ExecuteAsync[TState,TResult](TState state, Func`4 operation, Func`4 verifySucceeded, CancellationToken cancellationToken)
   at Microsoft.EntityFrameworkCore.Query.Internal.SingleQueryingEnumerable`1.AsyncEnumerator.MoveNextAsync()
  Exception data:
    Severity: ERROR
    SqlState: 42P01
    MessageText: relation "Projects" does not exist
    Position: 28
    File: parse_relation.c
    Line: 1452
    Routine: parserOpenTable
Npgsql.PostgresException (0x80004005): 42P01: relation "Projects" does not exist

POSITION: 28
   at Npgsql.Internal.NpgsqlConnector.ReadMessageLong(Boolean async, DataRowLoadingMode dataRowLoadingMode, Boolean readingNotifications, Boolean isReadingPrependedMessage)
   at System.Runtime.CompilerServices.PoolingAsyncValueTaskMethodBuilder`1.StateMachineBox`1.System.Threading.Tasks.Sources.IValueTaskSource<TResult>.GetResult(Int16 token)
   at Npgsql.NpgsqlDataReader.NextResult(Boolean async, Boolean isConsuming, CancellationToken cancellationToken)
   at Npgsql.NpgsqlDataReader.NextResult(Boolean async, Boolean isConsuming, CancellationToken cancellationToken)
   at Npgsql.NpgsqlCommand.ExecuteReader(Boolean async, CommandBehavior behavior, CancellationToken cancellationToken)
   at Npgsql.NpgsqlCommand.ExecuteReader(Boolean async, CommandBehavior behavior, CancellationToken cancellationToken)
   at Npgsql.NpgsqlCommand.ExecuteDbDataReaderAsync(CommandBehavior behavior, CancellationToken cancellationToken)
   at Microsoft.EntityFrameworkCore.Storage.RelationalCommand.ExecuteReaderAsync(RelationalCommandParameterObject parameterObject, CancellationToken cancellationToken)
   at Microsoft.EntityFrameworkCore.Storage.RelationalCommand.ExecuteReaderAsync(RelationalCommandParameterObject parameterObject, CancellationToken cancellationToken)
   at Microsoft.EntityFrameworkCore.Query.Internal.SingleQueryingEnumerable`1.AsyncEnumerator.InitializeReaderAsync(AsyncEnumerator enumerator, CancellationToken cancellationToken)
   at Microsoft.EntityFrameworkCore.Storage.ExecutionStrategy.<>c__DisplayClass30_0`2.<<ExecuteAsync>b__0>d.MoveNext()
--- End of stack trace from previous location ---
   at Microsoft.EntityFrameworkCore.Storage.ExecutionStrategy.ExecuteImplementationAsync[TState,TResult](Func`4 operation, Func`4 verifySucceeded, TState state, CancellationToken cancellationToken)
   at Microsoft.EntityFrameworkCore.Storage.ExecutionStrategy.ExecuteImplementationAsync[TState,TResult](Func`4 operation, Func`4 verifySucceeded, TState state, CancellationToken cancellationToken)
   at Microsoft.EntityFrameworkCore.Storage.ExecutionStrategy.ExecuteAsync[TState,TResult](TState state, Func`4 operation, Func`4 verifySucceeded, CancellationToken cancellationToken)
   at Microsoft.EntityFrameworkCore.Query.Internal.SingleQueryingEnumerable`1.AsyncEnumerator.MoveNextAsync()
  Exception data:
    Severity: ERROR
    SqlState: 42P01
    MessageText: relation "Projects" does not exist
    Position: 28
    File: parse_relation.c
    Line: 1452
    Routine: parserOpenTable
2026-07-31 22:37:46.012 +06:00 [ERR] [0HNNF47SHHDU1:00000001] An exception occurred while iterating over the results of a query for context type 'WorkHub.Infrastructure.Data.AppDbContext'.
Npgsql.PostgresException (0x80004005): 42P01: relation "Projects" does not exist

POSITION: 28
   at Npgsql.Internal.NpgsqlConnector.ReadMessageLong(Boolean async, DataRowLoadingMode dataRowLoadingMode, Boolean readingNotifications, Boolean isReadingPrependedMessage)
   at System.Runtime.CompilerServices.PoolingAsyncValueTaskMethodBuilder`1.StateMachineBox`1.System.Threading.Tasks.Sources.IValueTaskSource<TResult>.GetResult(Int16 token)
   at Npgsql.NpgsqlDataReader.NextResult(Boolean async, Boolean isConsuming, CancellationToken cancellationToken)
   at Npgsql.NpgsqlDataReader.NextResult(Boolean async, Boolean isConsuming, CancellationToken cancellationToken)
   at Npgsql.NpgsqlCommand.ExecuteReader(Boolean async, CommandBehavior behavior, CancellationToken cancellationToken)
   at Npgsql.NpgsqlCommand.ExecuteReader(Boolean async, CommandBehavior behavior, CancellationToken cancellationToken)
   at Npgsql.NpgsqlCommand.ExecuteDbDataReaderAsync(CommandBehavior behavior, CancellationToken cancellationToken)
   at Microsoft.EntityFrameworkCore.Storage.RelationalCommand.ExecuteReaderAsync(RelationalCommandParameterObject parameterObject, CancellationToken cancellationToken)
   at Microsoft.EntityFrameworkCore.Storage.RelationalCommand.ExecuteReaderAsync(RelationalCommandParameterObject parameterObject, CancellationToken cancellationToken)
   at Microsoft.EntityFrameworkCore.Query.Internal.SingleQueryingEnumerable`1.AsyncEnumerator.InitializeReaderAsync(AsyncEnumerator enumerator, CancellationToken cancellationToken)
   at Microsoft.EntityFrameworkCore.Storage.ExecutionStrategy.<>c__DisplayClass30_0`2.<<ExecuteAsync>b__0>d.MoveNext()
--- End of stack trace from previous location ---
   at Microsoft.EntityFrameworkCore.Storage.ExecutionStrategy.ExecuteImplementationAsync[TState,TResult](Func`4 operation, Func`4 verifySucceeded, TState state, CancellationToken cancellationToken)
   at Microsoft.EntityFrameworkCore.Storage.ExecutionStrategy.ExecuteImplementationAsync[TState,TResult](Func`4 operation, Func`4 verifySucceeded, TState state, CancellationToken cancellationToken)
   at Microsoft.EntityFrameworkCore.Storage.ExecutionStrategy.ExecuteAsync[TState,TResult](TState state, Func`4 operation, Func`4 verifySucceeded, CancellationToken cancellationToken)
   at Microsoft.EntityFrameworkCore.Query.Internal.SingleQueryingEnumerable`1.AsyncEnumerator.MoveNextAsync()
  Exception data:
    Severity: ERROR
    SqlState: 42P01
    MessageText: relation "Projects" does not exist
    Position: 28
    File: parse_relation.c
    Line: 1452
    Routine: parserOpenTable
Npgsql.PostgresException (0x80004005): 42P01: relation "Projects" does not exist

POSITION: 28
   at Npgsql.Internal.NpgsqlConnector.ReadMessageLong(Boolean async, DataRowLoadingMode dataRowLoadingMode, Boolean readingNotifications, Boolean isReadingPrependedMessage)
   at System.Runtime.CompilerServices.PoolingAsyncValueTaskMethodBuilder`1.StateMachineBox`1.System.Threading.Tasks.Sources.IValueTaskSource<TResult>.GetResult(Int16 token)
   at Npgsql.NpgsqlDataReader.NextResult(Boolean async, Boolean isConsuming, CancellationToken cancellationToken)
   at Npgsql.NpgsqlDataReader.NextResult(Boolean async, Boolean isConsuming, CancellationToken cancellationToken)
   at Npgsql.NpgsqlCommand.ExecuteReader(Boolean async, CommandBehavior behavior, CancellationToken cancellationToken)
   at Npgsql.NpgsqlCommand.ExecuteReader(Boolean async, CommandBehavior behavior, CancellationToken cancellationToken)
   at Npgsql.NpgsqlCommand.ExecuteDbDataReaderAsync(CommandBehavior behavior, CancellationToken cancellationToken)
   at Microsoft.EntityFrameworkCore.Storage.RelationalCommand.ExecuteReaderAsync(RelationalCommandParameterObject parameterObject, CancellationToken cancellationToken)
   at Microsoft.EntityFrameworkCore.Storage.RelationalCommand.ExecuteReaderAsync(RelationalCommandParameterObject parameterObject, CancellationToken cancellationToken)
   at Microsoft.EntityFrameworkCore.Query.Internal.SingleQueryingEnumerable`1.AsyncEnumerator.InitializeReaderAsync(AsyncEnumerator enumerator, CancellationToken cancellationToken)
   at Microsoft.EntityFrameworkCore.Storage.ExecutionStrategy.<>c__DisplayClass30_0`2.<<ExecuteAsync>b__0>d.MoveNext()
--- End of stack trace from previous location ---
   at Microsoft.EntityFrameworkCore.Storage.ExecutionStrategy.ExecuteImplementationAsync[TState,TResult](Func`4 operation, Func`4 verifySucceeded, TState state, CancellationToken cancellationToken)
   at Microsoft.EntityFrameworkCore.Storage.ExecutionStrategy.ExecuteImplementationAsync[TState,TResult](Func`4 operation, Func`4 verifySucceeded, TState state, CancellationToken cancellationToken)
   at Microsoft.EntityFrameworkCore.Storage.ExecutionStrategy.ExecuteAsync[TState,TResult](TState state, Func`4 operation, Func`4 verifySucceeded, CancellationToken cancellationToken)
   at Microsoft.EntityFrameworkCore.Query.Internal.SingleQueryingEnumerable`1.AsyncEnumerator.MoveNextAsync()
  Exception data:
    Severity: ERROR
    SqlState: 42P01
    MessageText: relation "Projects" does not exist
    Position: 28
    File: parse_relation.c
    Line: 1452
    Routine: parserOpenTable
2026-07-31 22:37:46.015 +06:00 [ERR] [0HNNF47SHHDU0:00000001] Error listing projects for org "00000000-0000-0000-0001-000000000001"
Npgsql.PostgresException (0x80004005): 42P01: relation "Projects" does not exist

POSITION: 28
   at Npgsql.Internal.NpgsqlConnector.ReadMessageLong(Boolean async, DataRowLoadingMode dataRowLoadingMode, Boolean readingNotifications, Boolean isReadingPrependedMessage)
   at System.Runtime.CompilerServices.PoolingAsyncValueTaskMethodBuilder`1.StateMachineBox`1.System.Threading.Tasks.Sources.IValueTaskSource<TResult>.GetResult(Int16 token)
   at Npgsql.NpgsqlDataReader.NextResult(Boolean async, Boolean isConsuming, CancellationToken cancellationToken)
   at Npgsql.NpgsqlDataReader.NextResult(Boolean async, Boolean isConsuming, CancellationToken cancellationToken)
   at Npgsql.NpgsqlCommand.ExecuteReader(Boolean async, CommandBehavior behavior, CancellationToken cancellationToken)
   at Npgsql.NpgsqlCommand.ExecuteReader(Boolean async, CommandBehavior behavior, CancellationToken cancellationToken)
   at Npgsql.NpgsqlCommand.ExecuteDbDataReaderAsync(CommandBehavior behavior, CancellationToken cancellationToken)
   at Microsoft.EntityFrameworkCore.Storage.RelationalCommand.ExecuteReaderAsync(RelationalCommandParameterObject parameterObject, CancellationToken cancellationToken)
   at Microsoft.EntityFrameworkCore.Storage.RelationalCommand.ExecuteReaderAsync(RelationalCommandParameterObject parameterObject, CancellationToken cancellationToken)
   at Microsoft.EntityFrameworkCore.Query.Internal.SingleQueryingEnumerable`1.AsyncEnumerator.InitializeReaderAsync(AsyncEnumerator enumerator, CancellationToken cancellationToken)
   at Microsoft.EntityFrameworkCore.Storage.ExecutionStrategy.<>c__DisplayClass30_0`2.<<ExecuteAsync>b__0>d.MoveNext()
--- End of stack trace from previous location ---
   at Microsoft.EntityFrameworkCore.Storage.ExecutionStrategy.ExecuteImplementationAsync[TState,TResult](Func`4 operation, Func`4 verifySucceeded, TState state, CancellationToken cancellationToken)
   at Microsoft.EntityFrameworkCore.Storage.ExecutionStrategy.ExecuteImplementationAsync[TState,TResult](Func`4 operation, Func`4 verifySucceeded, TState state, CancellationToken cancellationToken)
   at Microsoft.EntityFrameworkCore.Storage.ExecutionStrategy.ExecuteAsync[TState,TResult](TState state, Func`4 operation, Func`4 verifySucceeded, CancellationToken cancellationToken)
   at Microsoft.EntityFrameworkCore.Query.Internal.SingleQueryingEnumerable`1.AsyncEnumerator.MoveNextAsync()
   at Microsoft.EntityFrameworkCore.Query.ShapedQueryCompilingExpressionVisitor.SingleAsync[TSource](IAsyncEnumerable`1 asyncEnumerable, CancellationToken cancellationToken)
   at Microsoft.EntityFrameworkCore.Query.ShapedQueryCompilingExpressionVisitor.SingleAsync[TSource](IAsyncEnumerable`1 asyncEnumerable, CancellationToken cancellationToken)
   at WorkHub.Application.Services.ProjectService.GetProjectsAsync(ProjectQueryDto query) in C:\Users\Abdullah\Documents\GitHub\WorkSphere\WorkHub.Application\Services\ProjectService.cs:line 95
  Exception data:
    Severity: ERROR
    SqlState: 42P01
    MessageText: relation "Projects" does not exist
    Position: 28
    File: parse_relation.c
    Line: 1452
    Routine: parserOpenTable
2026-07-31 22:37:46.016 +06:00 [ERR] [0HNNF47SHHDU1:00000001] Error listing projects for org "00000000-0000-0000-0001-000000000001"
Npgsql.PostgresException (0x80004005): 42P01: relation "Projects" does not exist

POSITION: 28
   at Npgsql.Internal.NpgsqlConnector.ReadMessageLong(Boolean async, DataRowLoadingMode dataRowLoadingMode, Boolean readingNotifications, Boolean isReadingPrependedMessage)
   at System.Runtime.CompilerServices.PoolingAsyncValueTaskMethodBuilder`1.StateMachineBox`1.System.Threading.Tasks.Sources.IValueTaskSource<TResult>.GetResult(Int16 token)
   at Npgsql.NpgsqlDataReader.NextResult(Boolean async, Boolean isConsuming, CancellationToken cancellationToken)
   at Npgsql.NpgsqlDataReader.NextResult(Boolean async, Boolean isConsuming, CancellationToken cancellationToken)
   at Npgsql.NpgsqlCommand.ExecuteReader(Boolean async, CommandBehavior behavior, CancellationToken cancellationToken)
   at Npgsql.NpgsqlCommand.ExecuteReader(Boolean async, CommandBehavior behavior, CancellationToken cancellationToken)
   at Npgsql.NpgsqlCommand.ExecuteDbDataReaderAsync(CommandBehavior behavior, CancellationToken cancellationToken)
   at Microsoft.EntityFrameworkCore.Storage.RelationalCommand.ExecuteReaderAsync(RelationalCommandParameterObject parameterObject, CancellationToken cancellationToken)
   at Microsoft.EntityFrameworkCore.Storage.RelationalCommand.ExecuteReaderAsync(RelationalCommandParameterObject parameterObject, CancellationToken cancellationToken)
   at Microsoft.EntityFrameworkCore.Query.Internal.SingleQueryingEnumerable`1.AsyncEnumerator.InitializeReaderAsync(AsyncEnumerator enumerator, CancellationToken cancellationToken)
   at Microsoft.EntityFrameworkCore.Storage.ExecutionStrategy.<>c__DisplayClass30_0`2.<<ExecuteAsync>b__0>d.MoveNext()
--- End of stack trace from previous location ---
   at Microsoft.EntityFrameworkCore.Storage.ExecutionStrategy.ExecuteImplementationAsync[TState,TResult](Func`4 operation, Func`4 verifySucceeded, TState state, CancellationToken cancellationToken)
   at Microsoft.EntityFrameworkCore.Storage.ExecutionStrategy.ExecuteImplementationAsync[TState,TResult](Func`4 operation, Func`4 verifySucceeded, TState state, CancellationToken cancellationToken)
   at Microsoft.EntityFrameworkCore.Storage.ExecutionStrategy.ExecuteAsync[TState,TResult](TState state, Func`4 operation, Func`4 verifySucceeded, CancellationToken cancellationToken)
   at Microsoft.EntityFrameworkCore.Query.Internal.SingleQueryingEnumerable`1.AsyncEnumerator.MoveNextAsync()
   at Microsoft.EntityFrameworkCore.Query.ShapedQueryCompilingExpressionVisitor.SingleAsync[TSource](IAsyncEnumerable`1 asyncEnumerable, CancellationToken cancellationToken)
   at Microsoft.EntityFrameworkCore.Query.ShapedQueryCompilingExpressionVisitor.SingleAsync[TSource](IAsyncEnumerable`1 asyncEnumerable, CancellationToken cancellationToken)
   at WorkHub.Application.Services.ProjectService.GetProjectsAsync(ProjectQueryDto query) in C:\Users\Abdullah\Documents\GitHub\WorkSphere\WorkHub.Application\Services\ProjectService.cs:line 95
  Exception data:
    Severity: ERROR
    SqlState: 42P01
    MessageText: relation "Projects" does not exist
    Position: 28
    File: parse_relation.c
    Line: 1452
    Routine: parserOpenTable
2026-07-31 22:37:46.018 +06:00 [WRN] [0HNNF47SHHDU0:00000001] [0HNNF47SHHDU0:00000001] GET /api/projects → 400 (11.0ms)
2026-07-31 22:37:46.019 +06:00 [WRN] [0HNNF47SHHDU1:00000001] [0HNNF47SHHDU1:00000001] GET /api/projects → 400 (12.1ms)
2026-07-31 22:37:47.033 +06:00 [DBG] [0HNNF47SHHDU2:00000001] Permission granted: Owner → projects.view
2026-07-31 22:37:47.034 +06:00 [DBG] [0HNNF47SHHDU3:00000001] Permission granted: Owner → projects.view
2026-07-31 22:37:47.035 +06:00 [INF] [0HNNF47SHHDU2:00000001] Executed DbCommand (1ms) [Parameters=[@___currentUser_UserId_0='00000000-0000-0000-0002-000000000001'], CommandType='"Text"', CommandTimeout='30']
SELECT u."Id", u."CreatedAt", u."DeletedAt", u."Email", u."EmailVerificationExpiry", u."EmailVerificationToken", u."FirstName", u."IsActive", u."IsDeleted", u."IsEmailVerified", u."LastLoginAt", u."LastName", u."OrganizationId", u."PasswordHash", u."PasswordResetExpiry", u."PasswordResetToken", u."ProfilePictureUrl", u."RefreshToken", u."RefreshTokenExpiry", u."Role", u."UpdatedAt", o0."Id", o0."CreatedAt", o0."DeletedAt", o0."Description", o0."IsActive", o0."IsDeleted", o0."LogoUrl", o0."Name", o0."Plan", o0."Slug", o0."UpdatedAt"
FROM "Users" AS u
INNER JOIN (
    SELECT o."Id", o."CreatedAt", o."DeletedAt", o."Description", o."IsActive", o."IsDeleted", o."LogoUrl", o."Name", o."Plan", o."Slug", o."UpdatedAt"
    FROM "Organizations" AS o
    WHERE NOT (o."IsDeleted")
) AS o0 ON u."OrganizationId" = o0."Id"
WHERE NOT (u."IsDeleted") AND u."Id" = @___currentUser_UserId_0
LIMIT 1
2026-07-31 22:37:47.035 +06:00 [INF] [0HNNF47SHHDU3:00000001] Executed DbCommand (1ms) [Parameters=[@___currentUser_UserId_0='00000000-0000-0000-0002-000000000001'], CommandType='"Text"', CommandTimeout='30']
SELECT u."Id", u."CreatedAt", u."DeletedAt", u."Email", u."EmailVerificationExpiry", u."EmailVerificationToken", u."FirstName", u."IsActive", u."IsDeleted", u."IsEmailVerified", u."LastLoginAt", u."LastName", u."OrganizationId", u."PasswordHash", u."PasswordResetExpiry", u."PasswordResetToken", u."ProfilePictureUrl", u."RefreshToken", u."RefreshTokenExpiry", u."Role", u."UpdatedAt", o0."Id", o0."CreatedAt", o0."DeletedAt", o0."Description", o0."IsActive", o0."IsDeleted", o0."LogoUrl", o0."Name", o0."Plan", o0."Slug", o0."UpdatedAt"
FROM "Users" AS u
INNER JOIN (
    SELECT o."Id", o."CreatedAt", o."DeletedAt", o."Description", o."IsActive", o."IsDeleted", o."LogoUrl", o."Name", o."Plan", o."Slug", o."UpdatedAt"
    FROM "Organizations" AS o
    WHERE NOT (o."IsDeleted")
) AS o0 ON u."OrganizationId" = o0."Id"
WHERE NOT (u."IsDeleted") AND u."Id" = @___currentUser_UserId_0
LIMIT 1
2026-07-31 22:37:47.037 +06:00 [ERR] [0HNNF47SHHDU2:00000001] Failed executing DbCommand (1ms) [Parameters=[@___currentUser_OrganizationId_0='00000000-0000-0000-0001-000000000001'], CommandType='"Text"', CommandTimeout='30']
SELECT count(*)::int
FROM "Projects" AS p
WHERE NOT (p."IsDeleted") AND p."OrganizationId" = @___currentUser_OrganizationId_0
2026-07-31 22:37:47.037 +06:00 [ERR] [0HNNF47SHHDU3:00000001] Failed executing DbCommand (0ms) [Parameters=[@___currentUser_OrganizationId_0='00000000-0000-0000-0001-000000000001'], CommandType='"Text"', CommandTimeout='30']
SELECT count(*)::int
FROM "Projects" AS p
WHERE NOT (p."IsDeleted") AND p."OrganizationId" = @___currentUser_OrganizationId_0
2026-07-31 22:37:47.038 +06:00 [ERR] [0HNNF47SHHDU2:00000001] An exception occurred while iterating over the results of a query for context type 'WorkHub.Infrastructure.Data.AppDbContext'.
Npgsql.PostgresException (0x80004005): 42P01: relation "Projects" does not exist

POSITION: 28
   at Npgsql.Internal.NpgsqlConnector.ReadMessageLong(Boolean async, DataRowLoadingMode dataRowLoadingMode, Boolean readingNotifications, Boolean isReadingPrependedMessage)
   at System.Runtime.CompilerServices.PoolingAsyncValueTaskMethodBuilder`1.StateMachineBox`1.System.Threading.Tasks.Sources.IValueTaskSource<TResult>.GetResult(Int16 token)
   at Npgsql.NpgsqlDataReader.NextResult(Boolean async, Boolean isConsuming, CancellationToken cancellationToken)
   at Npgsql.NpgsqlDataReader.NextResult(Boolean async, Boolean isConsuming, CancellationToken cancellationToken)
   at Npgsql.NpgsqlCommand.ExecuteReader(Boolean async, CommandBehavior behavior, CancellationToken cancellationToken)
   at Npgsql.NpgsqlCommand.ExecuteReader(Boolean async, CommandBehavior behavior, CancellationToken cancellationToken)
   at Npgsql.NpgsqlCommand.ExecuteDbDataReaderAsync(CommandBehavior behavior, CancellationToken cancellationToken)
   at Microsoft.EntityFrameworkCore.Storage.RelationalCommand.ExecuteReaderAsync(RelationalCommandParameterObject parameterObject, CancellationToken cancellationToken)
   at Microsoft.EntityFrameworkCore.Storage.RelationalCommand.ExecuteReaderAsync(RelationalCommandParameterObject parameterObject, CancellationToken cancellationToken)
   at Microsoft.EntityFrameworkCore.Query.Internal.SingleQueryingEnumerable`1.AsyncEnumerator.InitializeReaderAsync(AsyncEnumerator enumerator, CancellationToken cancellationToken)
   at Microsoft.EntityFrameworkCore.Storage.ExecutionStrategy.<>c__DisplayClass30_0`2.<<ExecuteAsync>b__0>d.MoveNext()
--- End of stack trace from previous location ---
   at Microsoft.EntityFrameworkCore.Storage.ExecutionStrategy.ExecuteImplementationAsync[TState,TResult](Func`4 operation, Func`4 verifySucceeded, TState state, CancellationToken cancellationToken)
   at Microsoft.EntityFrameworkCore.Storage.ExecutionStrategy.ExecuteImplementationAsync[TState,TResult](Func`4 operation, Func`4 verifySucceeded, TState state, CancellationToken cancellationToken)
   at Microsoft.EntityFrameworkCore.Storage.ExecutionStrategy.ExecuteAsync[TState,TResult](TState state, Func`4 operation, Func`4 verifySucceeded, CancellationToken cancellationToken)
   at Microsoft.EntityFrameworkCore.Query.Internal.SingleQueryingEnumerable`1.AsyncEnumerator.MoveNextAsync()
  Exception data:
    Severity: ERROR
    SqlState: 42P01
    MessageText: relation "Projects" does not exist
    Position: 28
    File: parse_relation.c
    Line: 1452
    Routine: parserOpenTable
Npgsql.PostgresException (0x80004005): 42P01: relation "Projects" does not exist

POSITION: 28
   at Npgsql.Internal.NpgsqlConnector.ReadMessageLong(Boolean async, DataRowLoadingMode dataRowLoadingMode, Boolean readingNotifications, Boolean isReadingPrependedMessage)
   at System.Runtime.CompilerServices.PoolingAsyncValueTaskMethodBuilder`1.StateMachineBox`1.System.Threading.Tasks.Sources.IValueTaskSource<TResult>.GetResult(Int16 token)
   at Npgsql.NpgsqlDataReader.NextResult(Boolean async, Boolean isConsuming, CancellationToken cancellationToken)
   at Npgsql.NpgsqlDataReader.NextResult(Boolean async, Boolean isConsuming, CancellationToken cancellationToken)
   at Npgsql.NpgsqlCommand.ExecuteReader(Boolean async, CommandBehavior behavior, CancellationToken cancellationToken)
   at Npgsql.NpgsqlCommand.ExecuteReader(Boolean async, CommandBehavior behavior, CancellationToken cancellationToken)
   at Npgsql.NpgsqlCommand.ExecuteDbDataReaderAsync(CommandBehavior behavior, CancellationToken cancellationToken)
   at Microsoft.EntityFrameworkCore.Storage.RelationalCommand.ExecuteReaderAsync(RelationalCommandParameterObject parameterObject, CancellationToken cancellationToken)
   at Microsoft.EntityFrameworkCore.Storage.RelationalCommand.ExecuteReaderAsync(RelationalCommandParameterObject parameterObject, CancellationToken cancellationToken)
   at Microsoft.EntityFrameworkCore.Query.Internal.SingleQueryingEnumerable`1.AsyncEnumerator.InitializeReaderAsync(AsyncEnumerator enumerator, CancellationToken cancellationToken)
   at Microsoft.EntityFrameworkCore.Storage.ExecutionStrategy.<>c__DisplayClass30_0`2.<<ExecuteAsync>b__0>d.MoveNext()
--- End of stack trace from previous location ---
   at Microsoft.EntityFrameworkCore.Storage.ExecutionStrategy.ExecuteImplementationAsync[TState,TResult](Func`4 operation, Func`4 verifySucceeded, TState state, CancellationToken cancellationToken)
   at Microsoft.EntityFrameworkCore.Storage.ExecutionStrategy.ExecuteImplementationAsync[TState,TResult](Func`4 operation, Func`4 verifySucceeded, TState state, CancellationToken cancellationToken)
   at Microsoft.EntityFrameworkCore.Storage.ExecutionStrategy.ExecuteAsync[TState,TResult](TState state, Func`4 operation, Func`4 verifySucceeded, CancellationToken cancellationToken)
   at Microsoft.EntityFrameworkCore.Query.Internal.SingleQueryingEnumerable`1.AsyncEnumerator.MoveNextAsync()
  Exception data:
    Severity: ERROR
    SqlState: 42P01
    MessageText: relation "Projects" does not exist
    Position: 28
    File: parse_relation.c
    Line: 1452
    Routine: parserOpenTable
2026-07-31 22:37:47.038 +06:00 [ERR] [0HNNF47SHHDU3:00000001] An exception occurred while iterating over the results of a query for context type 'WorkHub.Infrastructure.Data.AppDbContext'.
Npgsql.PostgresException (0x80004005): 42P01: relation "Projects" does not exist

POSITION: 28
   at Npgsql.Internal.NpgsqlConnector.ReadMessageLong(Boolean async, DataRowLoadingMode dataRowLoadingMode, Boolean readingNotifications, Boolean isReadingPrependedMessage)
   at System.Runtime.CompilerServices.PoolingAsyncValueTaskMethodBuilder`1.StateMachineBox`1.System.Threading.Tasks.Sources.IValueTaskSource<TResult>.GetResult(Int16 token)
   at Npgsql.NpgsqlDataReader.NextResult(Boolean async, Boolean isConsuming, CancellationToken cancellationToken)
   at Npgsql.NpgsqlDataReader.NextResult(Boolean async, Boolean isConsuming, CancellationToken cancellationToken)
   at Npgsql.NpgsqlCommand.ExecuteReader(Boolean async, CommandBehavior behavior, CancellationToken cancellationToken)
   at Npgsql.NpgsqlCommand.ExecuteReader(Boolean async, CommandBehavior behavior, CancellationToken cancellationToken)
   at Npgsql.NpgsqlCommand.ExecuteDbDataReaderAsync(CommandBehavior behavior, CancellationToken cancellationToken)
   at Microsoft.EntityFrameworkCore.Storage.RelationalCommand.ExecuteReaderAsync(RelationalCommandParameterObject parameterObject, CancellationToken cancellationToken)
   at Microsoft.EntityFrameworkCore.Storage.RelationalCommand.ExecuteReaderAsync(RelationalCommandParameterObject parameterObject, CancellationToken cancellationToken)
   at Microsoft.EntityFrameworkCore.Query.Internal.SingleQueryingEnumerable`1.AsyncEnumerator.InitializeReaderAsync(AsyncEnumerator enumerator, CancellationToken cancellationToken)
   at Microsoft.EntityFrameworkCore.Storage.ExecutionStrategy.<>c__DisplayClass30_0`2.<<ExecuteAsync>b__0>d.MoveNext()
--- End of stack trace from previous location ---
   at Microsoft.EntityFrameworkCore.Storage.ExecutionStrategy.ExecuteImplementationAsync[TState,TResult](Func`4 operation, Func`4 verifySucceeded, TState state, CancellationToken cancellationToken)
   at Microsoft.EntityFrameworkCore.Storage.ExecutionStrategy.ExecuteImplementationAsync[TState,TResult](Func`4 operation, Func`4 verifySucceeded, TState state, CancellationToken cancellationToken)
   at Microsoft.EntityFrameworkCore.Storage.ExecutionStrategy.ExecuteAsync[TState,TResult](TState state, Func`4 operation, Func`4 verifySucceeded, CancellationToken cancellationToken)
   at Microsoft.EntityFrameworkCore.Query.Internal.SingleQueryingEnumerable`1.AsyncEnumerator.MoveNextAsync()
  Exception data:
    Severity: ERROR
    SqlState: 42P01
    MessageText: relation "Projects" does not exist
    Position: 28
    File: parse_relation.c
    Line: 1452
    Routine: parserOpenTable
Npgsql.PostgresException (0x80004005): 42P01: relation "Projects" does not exist

POSITION: 28
   at Npgsql.Internal.NpgsqlConnector.ReadMessageLong(Boolean async, DataRowLoadingMode dataRowLoadingMode, Boolean readingNotifications, Boolean isReadingPrependedMessage)
   at System.Runtime.CompilerServices.PoolingAsyncValueTaskMethodBuilder`1.StateMachineBox`1.System.Threading.Tasks.Sources.IValueTaskSource<TResult>.GetResult(Int16 token)
   at Npgsql.NpgsqlDataReader.NextResult(Boolean async, Boolean isConsuming, CancellationToken cancellationToken)
   at Npgsql.NpgsqlDataReader.NextResult(Boolean async, Boolean isConsuming, CancellationToken cancellationToken)
   at Npgsql.NpgsqlCommand.ExecuteReader(Boolean async, CommandBehavior behavior, CancellationToken cancellationToken)
   at Npgsql.NpgsqlCommand.ExecuteReader(Boolean async, CommandBehavior behavior, CancellationToken cancellationToken)
   at Npgsql.NpgsqlCommand.ExecuteDbDataReaderAsync(CommandBehavior behavior, CancellationToken cancellationToken)
   at Microsoft.EntityFrameworkCore.Storage.RelationalCommand.ExecuteReaderAsync(RelationalCommandParameterObject parameterObject, CancellationToken cancellationToken)
   at Microsoft.EntityFrameworkCore.Storage.RelationalCommand.ExecuteReaderAsync(RelationalCommandParameterObject parameterObject, CancellationToken cancellationToken)
   at Microsoft.EntityFrameworkCore.Query.Internal.SingleQueryingEnumerable`1.AsyncEnumerator.InitializeReaderAsync(AsyncEnumerator enumerator, CancellationToken cancellationToken)
   at Microsoft.EntityFrameworkCore.Storage.ExecutionStrategy.<>c__DisplayClass30_0`2.<<ExecuteAsync>b__0>d.MoveNext()
--- End of stack trace from previous location ---
   at Microsoft.EntityFrameworkCore.Storage.ExecutionStrategy.ExecuteImplementationAsync[TState,TResult](Func`4 operation, Func`4 verifySucceeded, TState state, CancellationToken cancellationToken)
   at Microsoft.EntityFrameworkCore.Storage.ExecutionStrategy.ExecuteImplementationAsync[TState,TResult](Func`4 operation, Func`4 verifySucceeded, TState state, CancellationToken cancellationToken)
   at Microsoft.EntityFrameworkCore.Storage.ExecutionStrategy.ExecuteAsync[TState,TResult](TState state, Func`4 operation, Func`4 verifySucceeded, CancellationToken cancellationToken)
   at Microsoft.EntityFrameworkCore.Query.Internal.SingleQueryingEnumerable`1.AsyncEnumerator.MoveNextAsync()
  Exception data:
    Severity: ERROR
    SqlState: 42P01
    MessageText: relation "Projects" does not exist
    Position: 28
    File: parse_relation.c
    Line: 1452
    Routine: parserOpenTable
2026-07-31 22:37:47.040 +06:00 [ERR] [0HNNF47SHHDU2:00000001] Error listing projects for org "00000000-0000-0000-0001-000000000001"
Npgsql.PostgresException (0x80004005): 42P01: relation "Projects" does not exist

POSITION: 28
   at Npgsql.Internal.NpgsqlConnector.ReadMessageLong(Boolean async, DataRowLoadingMode dataRowLoadingMode, Boolean readingNotifications, Boolean isReadingPrependedMessage)
   at System.Runtime.CompilerServices.PoolingAsyncValueTaskMethodBuilder`1.StateMachineBox`1.System.Threading.Tasks.Sources.IValueTaskSource<TResult>.GetResult(Int16 token)
   at Npgsql.NpgsqlDataReader.NextResult(Boolean async, Boolean isConsuming, CancellationToken cancellationToken)
   at Npgsql.NpgsqlDataReader.NextResult(Boolean async, Boolean isConsuming, CancellationToken cancellationToken)
   at Npgsql.NpgsqlCommand.ExecuteReader(Boolean async, CommandBehavior behavior, CancellationToken cancellationToken)
   at Npgsql.NpgsqlCommand.ExecuteReader(Boolean async, CommandBehavior behavior, CancellationToken cancellationToken)
   at Npgsql.NpgsqlCommand.ExecuteDbDataReaderAsync(CommandBehavior behavior, CancellationToken cancellationToken)
   at Microsoft.EntityFrameworkCore.Storage.RelationalCommand.ExecuteReaderAsync(RelationalCommandParameterObject parameterObject, CancellationToken cancellationToken)
   at Microsoft.EntityFrameworkCore.Storage.RelationalCommand.ExecuteReaderAsync(RelationalCommandParameterObject parameterObject, CancellationToken cancellationToken)
   at Microsoft.EntityFrameworkCore.Query.Internal.SingleQueryingEnumerable`1.AsyncEnumerator.InitializeReaderAsync(AsyncEnumerator enumerator, CancellationToken cancellationToken)
   at Microsoft.EntityFrameworkCore.Storage.ExecutionStrategy.<>c__DisplayClass30_0`2.<<ExecuteAsync>b__0>d.MoveNext()
--- End of stack trace from previous location ---
   at Microsoft.EntityFrameworkCore.Storage.ExecutionStrategy.ExecuteImplementationAsync[TState,TResult](Func`4 operation, Func`4 verifySucceeded, TState state, CancellationToken cancellationToken)
   at Microsoft.EntityFrameworkCore.Storage.ExecutionStrategy.ExecuteImplementationAsync[TState,TResult](Func`4 operation, Func`4 verifySucceeded, TState state, CancellationToken cancellationToken)
   at Microsoft.EntityFrameworkCore.Storage.ExecutionStrategy.ExecuteAsync[TState,TResult](TState state, Func`4 operation, Func`4 verifySucceeded, CancellationToken cancellationToken)
   at Microsoft.EntityFrameworkCore.Query.Internal.SingleQueryingEnumerable`1.AsyncEnumerator.MoveNextAsync()
   at Microsoft.EntityFrameworkCore.Query.ShapedQueryCompilingExpressionVisitor.SingleAsync[TSource](IAsyncEnumerable`1 asyncEnumerable, CancellationToken cancellationToken)
   at Microsoft.EntityFrameworkCore.Query.ShapedQueryCompilingExpressionVisitor.SingleAsync[TSource](IAsyncEnumerable`1 asyncEnumerable, CancellationToken cancellationToken)
   at WorkHub.Application.Services.ProjectService.GetProjectsAsync(ProjectQueryDto query) in C:\Users\Abdullah\Documents\GitHub\WorkSphere\WorkHub.Application\Services\ProjectService.cs:line 95
  Exception data:
    Severity: ERROR
    SqlState: 42P01
    MessageText: relation "Projects" does not exist
    Position: 28
    File: parse_relation.c
    Line: 1452
    Routine: parserOpenTable
2026-07-31 22:37:47.041 +06:00 [ERR] [0HNNF47SHHDU3:00000001] Error listing projects for org "00000000-0000-0000-0001-000000000001"
Npgsql.PostgresException (0x80004005): 42P01: relation "Projects" does not exist

POSITION: 28
   at Npgsql.Internal.NpgsqlConnector.ReadMessageLong(Boolean async, DataRowLoadingMode dataRowLoadingMode, Boolean readingNotifications, Boolean isReadingPrependedMessage)
   at System.Runtime.CompilerServices.PoolingAsyncValueTaskMethodBuilder`1.StateMachineBox`1.System.Threading.Tasks.Sources.IValueTaskSource<TResult>.GetResult(Int16 token)
   at Npgsql.NpgsqlDataReader.NextResult(Boolean async, Boolean isConsuming, CancellationToken cancellationToken)
   at Npgsql.NpgsqlDataReader.NextResult(Boolean async, Boolean isConsuming, CancellationToken cancellationToken)
   at Npgsql.NpgsqlCommand.ExecuteReader(Boolean async, CommandBehavior behavior, CancellationToken cancellationToken)
   at Npgsql.NpgsqlCommand.ExecuteReader(Boolean async, CommandBehavior behavior, CancellationToken cancellationToken)
   at Npgsql.NpgsqlCommand.ExecuteDbDataReaderAsync(CommandBehavior behavior, CancellationToken cancellationToken)
   at Microsoft.EntityFrameworkCore.Storage.RelationalCommand.ExecuteReaderAsync(RelationalCommandParameterObject parameterObject, CancellationToken cancellationToken)
   at Microsoft.EntityFrameworkCore.Storage.RelationalCommand.ExecuteReaderAsync(RelationalCommandParameterObject parameterObject, CancellationToken cancellationToken)
   at Microsoft.EntityFrameworkCore.Query.Internal.SingleQueryingEnumerable`1.AsyncEnumerator.InitializeReaderAsync(AsyncEnumerator enumerator, CancellationToken cancellationToken)
   at Microsoft.EntityFrameworkCore.Storage.ExecutionStrategy.<>c__DisplayClass30_0`2.<<ExecuteAsync>b__0>d.MoveNext()
--- End of stack trace from previous location ---
   at Microsoft.EntityFrameworkCore.Storage.ExecutionStrategy.ExecuteImplementationAsync[TState,TResult](Func`4 operation, Func`4 verifySucceeded, TState state, CancellationToken cancellationToken)
   at Microsoft.EntityFrameworkCore.Storage.ExecutionStrategy.ExecuteImplementationAsync[TState,TResult](Func`4 operation, Func`4 verifySucceeded, TState state, CancellationToken cancellationToken)
   at Microsoft.EntityFrameworkCore.Storage.ExecutionStrategy.ExecuteAsync[TState,TResult](TState state, Func`4 operation, Func`4 verifySucceeded, CancellationToken cancellationToken)
   at Microsoft.EntityFrameworkCore.Query.Internal.SingleQueryingEnumerable`1.AsyncEnumerator.MoveNextAsync()
   at Microsoft.EntityFrameworkCore.Query.ShapedQueryCompilingExpressionVisitor.SingleAsync[TSource](IAsyncEnumerable`1 asyncEnumerable, CancellationToken cancellationToken)
   at Microsoft.EntityFrameworkCore.Query.ShapedQueryCompilingExpressionVisitor.SingleAsync[TSource](IAsyncEnumerable`1 asyncEnumerable, CancellationToken cancellationToken)
   at WorkHub.Application.Services.ProjectService.GetProjectsAsync(ProjectQueryDto query) in C:\Users\Abdullah\Documents\GitHub\WorkSphere\WorkHub.Application\Services\ProjectService.cs:line 95
  Exception data:
    Severity: ERROR
    SqlState: 42P01
    MessageText: relation "Projects" does not exist
    Position: 28
    File: parse_relation.c
    Line: 1452
    Routine: parserOpenTable
2026-07-31 22:37:47.043 +06:00 [WRN] [0HNNF47SHHDU2:00000001] [0HNNF47SHHDU2:00000001] GET /api/projects → 400 (9.5ms)
2026-07-31 22:37:47.043 +06:00 [WRN] [0HNNF47SHHDU3:00000001] [0HNNF47SHHDU3:00000001] GET /api/projects → 400 (10.1ms)
2026-07-31 22:37:49.057 +06:00 [DBG] [0HNNF47SHHDU5:00000001] Permission granted: Owner → projects.view
2026-07-31 22:37:49.057 +06:00 [DBG] [0HNNF47SHHDU4:00000001] Permission granted: Owner → projects.view
2026-07-31 22:37:49.058 +06:00 [INF] [0HNNF47SHHDU5:00000001] Executed DbCommand (1ms) [Parameters=[@___currentUser_UserId_0='00000000-0000-0000-0002-000000000001'], CommandType='"Text"', CommandTimeout='30']
SELECT u."Id", u."CreatedAt", u."DeletedAt", u."Email", u."EmailVerificationExpiry", u."EmailVerificationToken", u."FirstName", u."IsActive", u."IsDeleted", u."IsEmailVerified", u."LastLoginAt", u."LastName", u."OrganizationId", u."PasswordHash", u."PasswordResetExpiry", u."PasswordResetToken", u."ProfilePictureUrl", u."RefreshToken", u."RefreshTokenExpiry", u."Role", u."UpdatedAt", o0."Id", o0."CreatedAt", o0."DeletedAt", o0."Description", o0."IsActive", o0."IsDeleted", o0."LogoUrl", o0."Name", o0."Plan", o0."Slug", o0."UpdatedAt"
FROM "Users" AS u
INNER JOIN (
    SELECT o."Id", o."CreatedAt", o."DeletedAt", o."Description", o."IsActive", o."IsDeleted", o."LogoUrl", o."Name", o."Plan", o."Slug", o."UpdatedAt"
    FROM "Organizations" AS o
    WHERE NOT (o."IsDeleted")
) AS o0 ON u."OrganizationId" = o0."Id"
WHERE NOT (u."IsDeleted") AND u."Id" = @___currentUser_UserId_0
LIMIT 1
2026-07-31 22:37:49.059 +06:00 [INF] [0HNNF47SHHDU4:00000001] Executed DbCommand (1ms) [Parameters=[@___currentUser_UserId_0='00000000-0000-0000-0002-000000000001'], CommandType='"Text"', CommandTimeout='30']
SELECT u."Id", u."CreatedAt", u."DeletedAt", u."Email", u."EmailVerificationExpiry", u."EmailVerificationToken", u."FirstName", u."IsActive", u."IsDeleted", u."IsEmailVerified", u."LastLoginAt", u."LastName", u."OrganizationId", u."PasswordHash", u."PasswordResetExpiry", u."PasswordResetToken", u."ProfilePictureUrl", u."RefreshToken", u."RefreshTokenExpiry", u."Role", u."UpdatedAt", o0."Id", o0."CreatedAt", o0."DeletedAt", o0."Description", o0."IsActive", o0."IsDeleted", o0."LogoUrl", o0."Name", o0."Plan", o0."Slug", o0."UpdatedAt"
FROM "Users" AS u
INNER JOIN (
    SELECT o."Id", o."CreatedAt", o."DeletedAt", o."Description", o."IsActive", o."IsDeleted", o."LogoUrl", o."Name", o."Plan", o."Slug", o."UpdatedAt"
    FROM "Organizations" AS o
    WHERE NOT (o."IsDeleted")
) AS o0 ON u."OrganizationId" = o0."Id"
WHERE NOT (u."IsDeleted") AND u."Id" = @___currentUser_UserId_0
LIMIT 1
2026-07-31 22:37:49.060 +06:00 [ERR] [0HNNF47SHHDU5:00000001] Failed executing DbCommand (0ms) [Parameters=[@___currentUser_OrganizationId_0='00000000-0000-0000-0001-000000000001'], CommandType='"Text"', CommandTimeout='30']
SELECT count(*)::int
FROM "Projects" AS p
WHERE NOT (p."IsDeleted") AND p."OrganizationId" = @___currentUser_OrganizationId_0
2026-07-31 22:37:49.060 +06:00 [ERR] [0HNNF47SHHDU4:00000001] Failed executing DbCommand (0ms) [Parameters=[@___currentUser_OrganizationId_0='00000000-0000-0000-0001-000000000001'], CommandType='"Text"', CommandTimeout='30']
SELECT count(*)::int
FROM "Projects" AS p
WHERE NOT (p."IsDeleted") AND p."OrganizationId" = @___currentUser_OrganizationId_0
2026-07-31 22:37:49.061 +06:00 [ERR] [0HNNF47SHHDU5:00000001] An exception occurred while iterating over the results of a query for context type 'WorkHub.Infrastructure.Data.AppDbContext'.
Npgsql.PostgresException (0x80004005): 42P01: relation "Projects" does not exist

POSITION: 28
   at Npgsql.Internal.NpgsqlConnector.ReadMessageLong(Boolean async, DataRowLoadingMode dataRowLoadingMode, Boolean readingNotifications, Boolean isReadingPrependedMessage)
   at System.Runtime.CompilerServices.PoolingAsyncValueTaskMethodBuilder`1.StateMachineBox`1.System.Threading.Tasks.Sources.IValueTaskSource<TResult>.GetResult(Int16 token)
   at Npgsql.NpgsqlDataReader.NextResult(Boolean async, Boolean isConsuming, CancellationToken cancellationToken)
   at Npgsql.NpgsqlDataReader.NextResult(Boolean async, Boolean isConsuming, CancellationToken cancellationToken)
   at Npgsql.NpgsqlCommand.ExecuteReader(Boolean async, CommandBehavior behavior, CancellationToken cancellationToken)
   at Npgsql.NpgsqlCommand.ExecuteReader(Boolean async, CommandBehavior behavior, CancellationToken cancellationToken)
   at Npgsql.NpgsqlCommand.ExecuteDbDataReaderAsync(CommandBehavior behavior, CancellationToken cancellationToken)
   at Microsoft.EntityFrameworkCore.Storage.RelationalCommand.ExecuteReaderAsync(RelationalCommandParameterObject parameterObject, CancellationToken cancellationToken)
   at Microsoft.EntityFrameworkCore.Storage.RelationalCommand.ExecuteReaderAsync(RelationalCommandParameterObject parameterObject, CancellationToken cancellationToken)
   at Microsoft.EntityFrameworkCore.Query.Internal.SingleQueryingEnumerable`1.AsyncEnumerator.InitializeReaderAsync(AsyncEnumerator enumerator, CancellationToken cancellationToken)
   at Microsoft.EntityFrameworkCore.Storage.ExecutionStrategy.<>c__DisplayClass30_0`2.<<ExecuteAsync>b__0>d.MoveNext()
--- End of stack trace from previous location ---
   at Microsoft.EntityFrameworkCore.Storage.ExecutionStrategy.ExecuteImplementationAsync[TState,TResult](Func`4 operation, Func`4 verifySucceeded, TState state, CancellationToken cancellationToken)
   at Microsoft.EntityFrameworkCore.Storage.ExecutionStrategy.ExecuteImplementationAsync[TState,TResult](Func`4 operation, Func`4 verifySucceeded, TState state, CancellationToken cancellationToken)
   at Microsoft.EntityFrameworkCore.Storage.ExecutionStrategy.ExecuteAsync[TState,TResult](TState state, Func`4 operation, Func`4 verifySucceeded, CancellationToken cancellationToken)
   at Microsoft.EntityFrameworkCore.Query.Internal.SingleQueryingEnumerable`1.AsyncEnumerator.MoveNextAsync()
  Exception data:
    Severity: ERROR
    SqlState: 42P01
    MessageText: relation "Projects" does not exist
    Position: 28
    File: parse_relation.c
    Line: 1452
    Routine: parserOpenTable
Npgsql.PostgresException (0x80004005): 42P01: relation "Projects" does not exist

POSITION: 28
   at Npgsql.Internal.NpgsqlConnector.ReadMessageLong(Boolean async, DataRowLoadingMode dataRowLoadingMode, Boolean readingNotifications, Boolean isReadingPrependedMessage)
   at System.Runtime.CompilerServices.PoolingAsyncValueTaskMethodBuilder`1.StateMachineBox`1.System.Threading.Tasks.Sources.IValueTaskSource<TResult>.GetResult(Int16 token)
   at Npgsql.NpgsqlDataReader.NextResult(Boolean async, Boolean isConsuming, CancellationToken cancellationToken)
   at Npgsql.NpgsqlDataReader.NextResult(Boolean async, Boolean isConsuming, CancellationToken cancellationToken)
   at Npgsql.NpgsqlCommand.ExecuteReader(Boolean async, CommandBehavior behavior, CancellationToken cancellationToken)
   at Npgsql.NpgsqlCommand.ExecuteReader(Boolean async, CommandBehavior behavior, CancellationToken cancellationToken)
   at Npgsql.NpgsqlCommand.ExecuteDbDataReaderAsync(CommandBehavior behavior, CancellationToken cancellationToken)
   at Microsoft.EntityFrameworkCore.Storage.RelationalCommand.ExecuteReaderAsync(RelationalCommandParameterObject parameterObject, CancellationToken cancellationToken)
   at Microsoft.EntityFrameworkCore.Storage.RelationalCommand.ExecuteReaderAsync(RelationalCommandParameterObject parameterObject, CancellationToken cancellationToken)
   at Microsoft.EntityFrameworkCore.Query.Internal.SingleQueryingEnumerable`1.AsyncEnumerator.InitializeReaderAsync(AsyncEnumerator enumerator, CancellationToken cancellationToken)
   at Microsoft.EntityFrameworkCore.Storage.ExecutionStrategy.<>c__DisplayClass30_0`2.<<ExecuteAsync>b__0>d.MoveNext()
--- End of stack trace from previous location ---
   at Microsoft.EntityFrameworkCore.Storage.ExecutionStrategy.ExecuteImplementationAsync[TState,TResult](Func`4 operation, Func`4 verifySucceeded, TState state, CancellationToken cancellationToken)
   at Microsoft.EntityFrameworkCore.Storage.ExecutionStrategy.ExecuteImplementationAsync[TState,TResult](Func`4 operation, Func`4 verifySucceeded, TState state, CancellationToken cancellationToken)
   at Microsoft.EntityFrameworkCore.Storage.ExecutionStrategy.ExecuteAsync[TState,TResult](TState state, Func`4 operation, Func`4 verifySucceeded, CancellationToken cancellationToken)
   at Microsoft.EntityFrameworkCore.Query.Internal.SingleQueryingEnumerable`1.AsyncEnumerator.MoveNextAsync()
  Exception data:
    Severity: ERROR
    SqlState: 42P01
    MessageText: relation "Projects" does not exist
    Position: 28
    File: parse_relation.c
    Line: 1452
    Routine: parserOpenTable
2026-07-31 22:37:49.061 +06:00 [ERR] [0HNNF47SHHDU4:00000001] An exception occurred while iterating over the results of a query for context type 'WorkHub.Infrastructure.Data.AppDbContext'.
Npgsql.PostgresException (0x80004005): 42P01: relation "Projects" does not exist

POSITION: 28
   at Npgsql.Internal.NpgsqlConnector.ReadMessageLong(Boolean async, DataRowLoadingMode dataRowLoadingMode, Boolean readingNotifications, Boolean isReadingPrependedMessage)
   at System.Runtime.CompilerServices.PoolingAsyncValueTaskMethodBuilder`1.StateMachineBox`1.System.Threading.Tasks.Sources.IValueTaskSource<TResult>.GetResult(Int16 token)
   at Npgsql.NpgsqlDataReader.NextResult(Boolean async, Boolean isConsuming, CancellationToken cancellationToken)
   at Npgsql.NpgsqlDataReader.NextResult(Boolean async, Boolean isConsuming, CancellationToken cancellationToken)
   at Npgsql.NpgsqlCommand.ExecuteReader(Boolean async, CommandBehavior behavior, CancellationToken cancellationToken)
   at Npgsql.NpgsqlCommand.ExecuteReader(Boolean async, CommandBehavior behavior, CancellationToken cancellationToken)
   at Npgsql.NpgsqlCommand.ExecuteDbDataReaderAsync(CommandBehavior behavior, CancellationToken cancellationToken)
   at Microsoft.EntityFrameworkCore.Storage.RelationalCommand.ExecuteReaderAsync(RelationalCommandParameterObject parameterObject, CancellationToken cancellationToken)
   at Microsoft.EntityFrameworkCore.Storage.RelationalCommand.ExecuteReaderAsync(RelationalCommandParameterObject parameterObject, CancellationToken cancellationToken)
   at Microsoft.EntityFrameworkCore.Query.Internal.SingleQueryingEnumerable`1.AsyncEnumerator.InitializeReaderAsync(AsyncEnumerator enumerator, CancellationToken cancellationToken)
   at Microsoft.EntityFrameworkCore.Storage.ExecutionStrategy.<>c__DisplayClass30_0`2.<<ExecuteAsync>b__0>d.MoveNext()
--- End of stack trace from previous location ---
   at Microsoft.EntityFrameworkCore.Storage.ExecutionStrategy.ExecuteImplementationAsync[TState,TResult](Func`4 operation, Func`4 verifySucceeded, TState state, CancellationToken cancellationToken)
   at Microsoft.EntityFrameworkCore.Storage.ExecutionStrategy.ExecuteImplementationAsync[TState,TResult](Func`4 operation, Func`4 verifySucceeded, TState state, CancellationToken cancellationToken)
   at Microsoft.EntityFrameworkCore.Storage.ExecutionStrategy.ExecuteAsync[TState,TResult](TState state, Func`4 operation, Func`4 verifySucceeded, CancellationToken cancellationToken)
   at Microsoft.EntityFrameworkCore.Query.Internal.SingleQueryingEnumerable`1.AsyncEnumerator.MoveNextAsync()
  Exception data:
    Severity: ERROR
    SqlState: 42P01
    MessageText: relation "Projects" does not exist
    Position: 28
    File: parse_relation.c
    Line: 1452
    Routine: parserOpenTable
Npgsql.PostgresException (0x80004005): 42P01: relation "Projects" does not exist

POSITION: 28
   at Npgsql.Internal.NpgsqlConnector.ReadMessageLong(Boolean async, DataRowLoadingMode dataRowLoadingMode, Boolean readingNotifications, Boolean isReadingPrependedMessage)
   at System.Runtime.CompilerServices.PoolingAsyncValueTaskMethodBuilder`1.StateMachineBox`1.System.Threading.Tasks.Sources.IValueTaskSource<TResult>.GetResult(Int16 token)
   at Npgsql.NpgsqlDataReader.NextResult(Boolean async, Boolean isConsuming, CancellationToken cancellationToken)
   at Npgsql.NpgsqlDataReader.NextResult(Boolean async, Boolean isConsuming, CancellationToken cancellationToken)
   at Npgsql.NpgsqlCommand.ExecuteReader(Boolean async, CommandBehavior behavior, CancellationToken cancellationToken)
   at Npgsql.NpgsqlCommand.ExecuteReader(Boolean async, CommandBehavior behavior, CancellationToken cancellationToken)
   at Npgsql.NpgsqlCommand.ExecuteDbDataReaderAsync(CommandBehavior behavior, CancellationToken cancellationToken)
   at Microsoft.EntityFrameworkCore.Storage.RelationalCommand.ExecuteReaderAsync(RelationalCommandParameterObject parameterObject, CancellationToken cancellationToken)
   at Microsoft.EntityFrameworkCore.Storage.RelationalCommand.ExecuteReaderAsync(RelationalCommandParameterObject parameterObject, CancellationToken cancellationToken)
   at Microsoft.EntityFrameworkCore.Query.Internal.SingleQueryingEnumerable`1.AsyncEnumerator.InitializeReaderAsync(AsyncEnumerator enumerator, CancellationToken cancellationToken)
   at Microsoft.EntityFrameworkCore.Storage.ExecutionStrategy.<>c__DisplayClass30_0`2.<<ExecuteAsync>b__0>d.MoveNext()
--- End of stack trace from previous location ---
   at Microsoft.EntityFrameworkCore.Storage.ExecutionStrategy.ExecuteImplementationAsync[TState,TResult](Func`4 operation, Func`4 verifySucceeded, TState state, CancellationToken cancellationToken)
   at Microsoft.EntityFrameworkCore.Storage.ExecutionStrategy.ExecuteImplementationAsync[TState,TResult](Func`4 operation, Func`4 verifySucceeded, TState state, CancellationToken cancellationToken)
   at Microsoft.EntityFrameworkCore.Storage.ExecutionStrategy.ExecuteAsync[TState,TResult](TState state, Func`4 operation, Func`4 verifySucceeded, CancellationToken cancellationToken)
   at Microsoft.EntityFrameworkCore.Query.Internal.SingleQueryingEnumerable`1.AsyncEnumerator.MoveNextAsync()
  Exception data:
    Severity: ERROR
    SqlState: 42P01
    MessageText: relation "Projects" does not exist
    Position: 28
    File: parse_relation.c
    Line: 1452
    Routine: parserOpenTable
2026-07-31 22:37:49.063 +06:00 [ERR] [0HNNF47SHHDU5:00000001] Error listing projects for org "00000000-0000-0000-0001-000000000001"
Npgsql.PostgresException (0x80004005): 42P01: relation "Projects" does not exist

POSITION: 28
   at Npgsql.Internal.NpgsqlConnector.ReadMessageLong(Boolean async, DataRowLoadingMode dataRowLoadingMode, Boolean readingNotifications, Boolean isReadingPrependedMessage)
   at System.Runtime.CompilerServices.PoolingAsyncValueTaskMethodBuilder`1.StateMachineBox`1.System.Threading.Tasks.Sources.IValueTaskSource<TResult>.GetResult(Int16 token)
   at Npgsql.NpgsqlDataReader.NextResult(Boolean async, Boolean isConsuming, CancellationToken cancellationToken)
   at Npgsql.NpgsqlDataReader.NextResult(Boolean async, Boolean isConsuming, CancellationToken cancellationToken)
   at Npgsql.NpgsqlCommand.ExecuteReader(Boolean async, CommandBehavior behavior, CancellationToken cancellationToken)
   at Npgsql.NpgsqlCommand.ExecuteReader(Boolean async, CommandBehavior behavior, CancellationToken cancellationToken)
   at Npgsql.NpgsqlCommand.ExecuteDbDataReaderAsync(CommandBehavior behavior, CancellationToken cancellationToken)
   at Microsoft.EntityFrameworkCore.Storage.RelationalCommand.ExecuteReaderAsync(RelationalCommandParameterObject parameterObject, CancellationToken cancellationToken)
   at Microsoft.EntityFrameworkCore.Storage.RelationalCommand.ExecuteReaderAsync(RelationalCommandParameterObject parameterObject, CancellationToken cancellationToken)
   at Microsoft.EntityFrameworkCore.Query.Internal.SingleQueryingEnumerable`1.AsyncEnumerator.InitializeReaderAsync(AsyncEnumerator enumerator, CancellationToken cancellationToken)
   at Microsoft.EntityFrameworkCore.Storage.ExecutionStrategy.<>c__DisplayClass30_0`2.<<ExecuteAsync>b__0>d.MoveNext()
--- End of stack trace from previous location ---
   at Microsoft.EntityFrameworkCore.Storage.ExecutionStrategy.ExecuteImplementationAsync[TState,TResult](Func`4 operation, Func`4 verifySucceeded, TState state, CancellationToken cancellationToken)
   at Microsoft.EntityFrameworkCore.Storage.ExecutionStrategy.ExecuteImplementationAsync[TState,TResult](Func`4 operation, Func`4 verifySucceeded, TState state, CancellationToken cancellationToken)
   at Microsoft.EntityFrameworkCore.Storage.ExecutionStrategy.ExecuteAsync[TState,TResult](TState state, Func`4 operation, Func`4 verifySucceeded, CancellationToken cancellationToken)
   at Microsoft.EntityFrameworkCore.Query.Internal.SingleQueryingEnumerable`1.AsyncEnumerator.MoveNextAsync()
   at Microsoft.EntityFrameworkCore.Query.ShapedQueryCompilingExpressionVisitor.SingleAsync[TSource](IAsyncEnumerable`1 asyncEnumerable, CancellationToken cancellationToken)
   at Microsoft.EntityFrameworkCore.Query.ShapedQueryCompilingExpressionVisitor.SingleAsync[TSource](IAsyncEnumerable`1 asyncEnumerable, CancellationToken cancellationToken)
   at WorkHub.Application.Services.ProjectService.GetProjectsAsync(ProjectQueryDto query) in C:\Users\Abdullah\Documents\GitHub\WorkSphere\WorkHub.Application\Services\ProjectService.cs:line 95
  Exception data:
    Severity: ERROR
    SqlState: 42P01
    MessageText: relation "Projects" does not exist
    Position: 28
    File: parse_relation.c
    Line: 1452
    Routine: parserOpenTable
2026-07-31 22:37:49.064 +06:00 [ERR] [0HNNF47SHHDU4:00000001] Error listing projects for org "00000000-0000-0000-0001-000000000001"
Npgsql.PostgresException (0x80004005): 42P01: relation "Projects" does not exist

POSITION: 28
   at Npgsql.Internal.NpgsqlConnector.ReadMessageLong(Boolean async, DataRowLoadingMode dataRowLoadingMode, Boolean readingNotifications, Boolean isReadingPrependedMessage)
   at System.Runtime.CompilerServices.PoolingAsyncValueTaskMethodBuilder`1.StateMachineBox`1.System.Threading.Tasks.Sources.IValueTaskSource<TResult>.GetResult(Int16 token)
   at Npgsql.NpgsqlDataReader.NextResult(Boolean async, Boolean isConsuming, CancellationToken cancellationToken)
   at Npgsql.NpgsqlDataReader.NextResult(Boolean async, Boolean isConsuming, CancellationToken cancellationToken)
   at Npgsql.NpgsqlCommand.ExecuteReader(Boolean async, CommandBehavior behavior, CancellationToken cancellationToken)
   at Npgsql.NpgsqlCommand.ExecuteReader(Boolean async, CommandBehavior behavior, CancellationToken cancellationToken)
   at Npgsql.NpgsqlCommand.ExecuteDbDataReaderAsync(CommandBehavior behavior, CancellationToken cancellationToken)
   at Microsoft.EntityFrameworkCore.Storage.RelationalCommand.ExecuteReaderAsync(RelationalCommandParameterObject parameterObject, CancellationToken cancellationToken)
   at Microsoft.EntityFrameworkCore.Storage.RelationalCommand.ExecuteReaderAsync(RelationalCommandParameterObject parameterObject, CancellationToken cancellationToken)
   at Microsoft.EntityFrameworkCore.Query.Internal.SingleQueryingEnumerable`1.AsyncEnumerator.InitializeReaderAsync(AsyncEnumerator enumerator, CancellationToken cancellationToken)
   at Microsoft.EntityFrameworkCore.Storage.ExecutionStrategy.<>c__DisplayClass30_0`2.<<ExecuteAsync>b__0>d.MoveNext()
--- End of stack trace from previous location ---
   at Microsoft.EntityFrameworkCore.Storage.ExecutionStrategy.ExecuteImplementationAsync[TState,TResult](Func`4 operation, Func`4 verifySucceeded, TState state, CancellationToken cancellationToken)
   at Microsoft.EntityFrameworkCore.Storage.ExecutionStrategy.ExecuteImplementationAsync[TState,TResult](Func`4 operation, Func`4 verifySucceeded, TState state, CancellationToken cancellationToken)
   at Microsoft.EntityFrameworkCore.Storage.ExecutionStrategy.ExecuteAsync[TState,TResult](TState state, Func`4 operation, Func`4 verifySucceeded, CancellationToken cancellationToken)
   at Microsoft.EntityFrameworkCore.Query.Internal.SingleQueryingEnumerable`1.AsyncEnumerator.MoveNextAsync()
   at Microsoft.EntityFrameworkCore.Query.ShapedQueryCompilingExpressionVisitor.SingleAsync[TSource](IAsyncEnumerable`1 asyncEnumerable, CancellationToken cancellationToken)
   at Microsoft.EntityFrameworkCore.Query.ShapedQueryCompilingExpressionVisitor.SingleAsync[TSource](IAsyncEnumerable`1 asyncEnumerable, CancellationToken cancellationToken)
   at WorkHub.Application.Services.ProjectService.GetProjectsAsync(ProjectQueryDto query) in C:\Users\Abdullah\Documents\GitHub\WorkSphere\WorkHub.Application\Services\ProjectService.cs:line 95
  Exception data:
    Severity: ERROR
    SqlState: 42P01
    MessageText: relation "Projects" does not exist
    Position: 28
    File: parse_relation.c
    Line: 1452
    Routine: parserOpenTable
2026-07-31 22:37:49.065 +06:00 [WRN] [0HNNF47SHHDU5:00000001] [0HNNF47SHHDU5:00000001] GET /api/projects → 400 (8.2ms)
2026-07-31 22:37:49.066 +06:00 [WRN] [0HNNF47SHHDU4:00000001] [0HNNF47SHHDU4:00000001] GET /api/projects → 400 (9.5ms)
