2026-07-28 14:06:47.676 +06:00 [WRN] [] Entity 'Organization' has a global query filter defined and is the required end of a relationship with the entity 'ActivityLog'. This may lead to unexpected results when the required entity is filtered out. Either configure the navigation as optional, or define matching query filters for both entities in the navigation. See https://go.microsoft.com/fwlink/?linkid=2131316 for more information.
2026-07-28 14:06:47.697 +06:00 [WRN] [] Entity 'User' has a global query filter defined and is the required end of a relationship with the entity 'TaskAssignee'. This may lead to unexpected results when the required entity is filtered out. Either configure the navigation as optional, or define matching query filters for both entities in the navigation. See https://go.microsoft.com/fwlink/?linkid=2131316 for more information.
2026-07-28 14:06:47.703 +06:00 [WRN] [] Sensitive data logging is enabled. Log entries and exception messages may include sensitive application data; this mode should only be enabled during development.
2026-07-28 14:06:48.071 +06:00 [INF] [] Executed DbCommand (15ms) [Parameters=[], CommandType='"Text"', CommandTimeout='30']
SELECT "MigrationId", "ProductVersion"
FROM "__EFMigrationsHistory"
ORDER BY "MigrationId";
2026-07-28 14:06:48.322 +06:00 [INF] [] Executed DbCommand (8ms) [Parameters=[], CommandType='"Text"', CommandTimeout='30']
CREATE TABLE IF NOT EXISTS "__EFMigrationsHistory" (
    "MigrationId" character varying(150) NOT NULL,
    "ProductVersion" character varying(32) NOT NULL,
    CONSTRAINT "PK___EFMigrationsHistory" PRIMARY KEY ("MigrationId")
);
2026-07-28 14:06:48.338 +06:00 [INF] [] Executed DbCommand (2ms) [Parameters=[], CommandType='"Text"', CommandTimeout='30']
LOCK TABLE "__EFMigrationsHistory" IN ACCESS EXCLUSIVE MODE
2026-07-28 14:06:48.342 +06:00 [INF] [] Executed DbCommand (1ms) [Parameters=[], CommandType='"Text"', CommandTimeout='30']
SELECT "MigrationId", "ProductVersion"
FROM "__EFMigrationsHistory"
ORDER BY "MigrationId";
2026-07-28 14:06:48.362 +06:00 [INF] [] Starting database seeding...
2026-07-28 14:06:48.555 +06:00 [INF] [] Executed DbCommand (3ms) [Parameters=[], CommandType='"Text"', CommandTimeout='30']
SELECT EXISTS (
    SELECT 1
    FROM "Organizations" AS o
    WHERE NOT (o."IsDeleted"))
2026-07-28 14:06:48.565 +06:00 [INF] [] Database already seeded — skipping.
2026-07-28 14:06:48.819 +06:00 [INF] [] Now listening on: http://localhost:5210
2026-07-28 14:06:48.820 +06:00 [INF] [] Application started. Press Ctrl+C to shut down.
2026-07-28 14:06:48.820 +06:00 [INF] [] Hosting environment: Development
2026-07-28 14:06:48.820 +06:00 [INF] [] Content root path: C:\Users\Abdul\Documents\GitHub\WorkSphere\WorkHub.API
2026-07-28 14:07:26.248 +06:00 [INF] [0HNNCFT1DT74L:00000001] [0HNNCFT1DT74L:00000001] GET /swagger/index.html → 200 (106.9ms)
2026-07-28 14:07:26.263 +06:00 [INF] [0HNNCFT1DT74M:00000001] [0HNNCFT1DT74M:00000001] GET /swagger/index.js → 200 (7.2ms)
2026-07-28 14:07:26.655 +06:00 [INF] [0HNNCFT1DT74M:00000002] [0HNNCFT1DT74M:00000002] GET /swagger/v1/swagger.json → 200 (254.6ms)
2026-07-28 14:08:44.385 +06:00 [WRN] [0HNNCFT1DT74M:00000003] Failed to determine the https port for redirect.
2026-07-28 14:08:44.444 +06:00 [WRN] [0HNNCFT1DT74M:00000003] [0HNNCFT1DT74M:00000003] GET / → 404 (60.6ms)
2026-07-28 14:08:58.382 +06:00 [WRN] [0HNNCFT1DT74N:00000001] [0HNNCFT1DT74N:00000001] GET /api/auth/context → 401 (92.4ms)
2026-07-28 14:08:58.829 +06:00 [INF] [0HNNCFT1DT74O:00000001] Executed DbCommand (20ms) [Parameters=[@__refreshToken_0='bYkzrV9KlS61NXlnalUbcClCck365STb7NpKpoAJVxADeol6nkJi7oj0xi4Uf8Re6GV6hDXCumBLBLW7BEouGA=='], CommandType='"Text"', CommandTimeout='30']
SELECT u."Id", u."CreatedAt", u."DeletedAt", u."Email", u."EmailVerificationExpiry", u."EmailVerificationToken", u."FirstName", u."IsActive", u."IsDeleted", u."IsEmailVerified", u."LastLoginAt", u."LastName", u."OrganizationId", u."PasswordHash", u."PasswordResetExpiry", u."PasswordResetToken", u."ProfilePictureUrl", u."RefreshToken", u."RefreshTokenExpiry", u."Role", u."UpdatedAt", o0."Id", o0."CreatedAt", o0."DeletedAt", o0."Description", o0."IsActive", o0."IsDeleted", o0."LogoUrl", o0."Name", o0."Plan", o0."Slug", o0."UpdatedAt"
FROM "Users" AS u
INNER JOIN (
    SELECT o."Id", o."CreatedAt", o."DeletedAt", o."Description", o."IsActive", o."IsDeleted", o."LogoUrl", o."Name", o."Plan", o."Slug", o."UpdatedAt"
    FROM "Organizations" AS o
    WHERE NOT (o."IsDeleted")
) AS o0 ON u."OrganizationId" = o0."Id"
WHERE NOT (u."IsDeleted") AND u."RefreshToken" = @__refreshToken_0
LIMIT 1
2026-07-28 14:08:59.050 +06:00 [DBG] [0HNNCFT1DT74O:00000001] JWT access token generated for user "00000000-0000-0000-0002-000000000001" — expires "2026-07-28T08:23:59.0385598Z"
2026-07-28 14:08:59.051 +06:00 [DBG] [0HNNCFT1DT74O:00000001] Refresh token generated — expires "2026-08-04T08:08:59.0516453Z"
2026-07-28 14:08:59.159 +06:00 [INF] [0HNNCFT1DT74O:00000001] Executed DbCommand (9ms) [Parameters=[@p4='00000000-0000-0000-0002-000000000001', @p0='2026-07-28T08:08:59.0522133Z' (Nullable = true) (DbType = DateTime), @p1='g8qk4aOIJcnipid27XdRVCCTTERJyf7QZ3T1drh7IMGokbdKwvfhm81yn7tWelNNqGsAVpt4saYlyJSG/5XnaQ==', @p2='2026-08-04T08:08:59.0521158Z' (Nullable = true) (DbType = DateTime), @p3='2026-07-28T08:08:59.0843280Z' (DbType = DateTime)], CommandType='"Text"', CommandTimeout='30']
UPDATE "Users" SET "LastLoginAt" = @p0, "RefreshToken" = @p1, "RefreshTokenExpiry" = @p2, "UpdatedAt" = @p3
WHERE "Id" = @p4;
2026-07-28 14:08:59.172 +06:00 [INF] [0HNNCFT1DT74O:00000001] Refresh token rotated for user "00000000-0000-0000-0002-000000000001"
2026-07-28 14:08:59.198 +06:00 [INF] [0HNNCFT1DT74O:00000001] [0HNNCFT1DT74O:00000001] POST /api/auth/refresh → 200 (782.3ms)
2026-07-28 14:08:59.327 +06:00 [INF] [0HNNCFT1DT74P:00000001] Executed DbCommand (1ms) [Parameters=[@___currentUser_UserId_0='00000000-0000-0000-0002-000000000001'], CommandType='"Text"', CommandTimeout='30']
SELECT u."Id", u."CreatedAt", u."DeletedAt", u."Email", u."EmailVerificationExpiry", u."EmailVerificationToken", u."FirstName", u."IsActive", u."IsDeleted", u."IsEmailVerified", u."LastLoginAt", u."LastName", u."OrganizationId", u."PasswordHash", u."PasswordResetExpiry", u."PasswordResetToken", u."ProfilePictureUrl", u."RefreshToken", u."RefreshTokenExpiry", u."Role", u."UpdatedAt", o0."Id", o0."CreatedAt", o0."DeletedAt", o0."Description", o0."IsActive", o0."IsDeleted", o0."LogoUrl", o0."Name", o0."Plan", o0."Slug", o0."UpdatedAt"
FROM "Users" AS u
INNER JOIN (
    SELECT o."Id", o."CreatedAt", o."DeletedAt", o."Description", o."IsActive", o."IsDeleted", o."LogoUrl", o."Name", o."Plan", o."Slug", o."UpdatedAt"
    FROM "Organizations" AS o
    WHERE NOT (o."IsDeleted")
) AS o0 ON u."OrganizationId" = o0."Id"
WHERE NOT (u."IsDeleted") AND u."Id" = @___currentUser_UserId_0
LIMIT 1
2026-07-28 14:08:59.357 +06:00 [INF] [0HNNCFT1DT74P:00000001] Executed DbCommand (1ms) [Parameters=[@___currentUser_OrganizationId_0='00000000-0000-0000-0001-000000000001'], CommandType='"Text"', CommandTimeout='30']
SELECT o."Id", o."CreatedAt", o."DeletedAt", o."Description", o."IsActive", o."IsDeleted", o."LogoUrl", o."Name", o."Plan", o."Slug", o."UpdatedAt"
FROM "Organizations" AS o
WHERE NOT (o."IsDeleted") AND o."Id" = @___currentUser_OrganizationId_0
LIMIT 1
2026-07-28 14:08:59.366 +06:00 [INF] [0HNNCFT1DT74P:00000001] [0HNNCFT1DT74P:00000001] GET /api/auth/context → 200 (156.1ms)
2026-07-28 14:10:06.622 +06:00 [DBG] [0HNNCFT1DT74M:00000004] Permission granted: Owner → projects.view
2026-07-28 14:10:06.634 +06:00 [INF] [0HNNCFT1DT74M:00000004] Executed DbCommand (1ms) [Parameters=[@___currentUser_UserId_0='00000000-0000-0000-0002-000000000001'], CommandType='"Text"', CommandTimeout='30']
SELECT u."Id", u."CreatedAt", u."DeletedAt", u."Email", u."EmailVerificationExpiry", u."EmailVerificationToken", u."FirstName", u."IsActive", u."IsDeleted", u."IsEmailVerified", u."LastLoginAt", u."LastName", u."OrganizationId", u."PasswordHash", u."PasswordResetExpiry", u."PasswordResetToken", u."ProfilePictureUrl", u."RefreshToken", u."RefreshTokenExpiry", u."Role", u."UpdatedAt", o0."Id", o0."CreatedAt", o0."DeletedAt", o0."Description", o0."IsActive", o0."IsDeleted", o0."LogoUrl", o0."Name", o0."Plan", o0."Slug", o0."UpdatedAt"
FROM "Users" AS u
INNER JOIN (
    SELECT o."Id", o."CreatedAt", o."DeletedAt", o."Description", o."IsActive", o."IsDeleted", o."LogoUrl", o."Name", o."Plan", o."Slug", o."UpdatedAt"
    FROM "Organizations" AS o
    WHERE NOT (o."IsDeleted")
) AS o0 ON u."OrganizationId" = o0."Id"
WHERE NOT (u."IsDeleted") AND u."Id" = @___currentUser_UserId_0
LIMIT 1
2026-07-28 14:10:06.685 +06:00 [INF] [0HNNCFT1DT74M:00000004] Executed DbCommand (5ms) [Parameters=[@___currentUser_OrganizationId_0='00000000-0000-0000-0001-000000000001', @__p_2='50', @__p_1='0'], CommandType='"Text"', CommandTimeout='30']
SELECT a."Id", a."Action", a."CreatedAt", a."EntityId", a."EntityName", a."EntityType", a."Metadata", a."OrganizationId", a."ProjectId", a."UserId", a."UserName"
FROM "ActivityLogs" AS a
WHERE a."OrganizationId" = @___currentUser_OrganizationId_0
ORDER BY a."CreatedAt" DESC
LIMIT @__p_2 OFFSET @__p_1
2026-07-28 14:10:06.735 +06:00 [INF] [0HNNCFT1DT74M:00000004] [0HNNCFT1DT74M:00000004] GET /api/activity → 200 (123.3ms)
2026-07-28 14:15:53.334 +06:00 [INF] [0HNNCFT1DT74Q:00000001] Executed DbCommand (39ms) [Parameters=[@___currentUser_UserId_0='00000000-0000-0000-0002-000000000001'], CommandType='"Text"', CommandTimeout='30']
SELECT u."Id", u."CreatedAt", u."DeletedAt", u."Email", u."EmailVerificationExpiry", u."EmailVerificationToken", u."FirstName", u."IsActive", u."IsDeleted", u."IsEmailVerified", u."LastLoginAt", u."LastName", u."OrganizationId", u."PasswordHash", u."PasswordResetExpiry", u."PasswordResetToken", u."ProfilePictureUrl", u."RefreshToken", u."RefreshTokenExpiry", u."Role", u."UpdatedAt", o0."Id", o0."CreatedAt", o0."DeletedAt", o0."Description", o0."IsActive", o0."IsDeleted", o0."LogoUrl", o0."Name", o0."Plan", o0."Slug", o0."UpdatedAt"
FROM "Users" AS u
INNER JOIN (
    SELECT o."Id", o."CreatedAt", o."DeletedAt", o."Description", o."IsActive", o."IsDeleted", o."LogoUrl", o."Name", o."Plan", o."Slug", o."UpdatedAt"
    FROM "Organizations" AS o
    WHERE NOT (o."IsDeleted")
) AS o0 ON u."OrganizationId" = o0."Id"
WHERE NOT (u."IsDeleted") AND u."Id" = @___currentUser_UserId_0
LIMIT 1
2026-07-28 14:15:53.373 +06:00 [INF] [0HNNCFT1DT74Q:00000001] Executed DbCommand (9ms) [Parameters=[@___currentUser_OrganizationId_0='00000000-0000-0000-0001-000000000001'], CommandType='"Text"', CommandTimeout='30']
SELECT o."Id", o."CreatedAt", o."DeletedAt", o."Description", o."IsActive", o."IsDeleted", o."LogoUrl", o."Name", o."Plan", o."Slug", o."UpdatedAt"
FROM "Organizations" AS o
WHERE NOT (o."IsDeleted") AND o."Id" = @___currentUser_OrganizationId_0
LIMIT 1
2026-07-28 14:15:53.378 +06:00 [INF] [0HNNCFT1DT74Q:00000001] [0HNNCFT1DT74Q:00000001] GET /api/auth/context → 200 (187.9ms)
2026-07-28 14:15:57.065 +06:00 [DBG] [0HNNCFT1DT74R:00000001] Permission granted: Owner → projects.view
2026-07-28 14:15:57.067 +06:00 [DBG] [0HNNCFT1DT74T:00000001] Permission granted: Owner → members.view
2026-07-28 14:15:57.067 +06:00 [DBG] [0HNNCFT1DT74S:00000001] Permission granted: Owner → projects.view
2026-07-28 14:15:57.069 +06:00 [INF] [0HNNCFT1DT74R:00000001] Executed DbCommand (2ms) [Parameters=[@___currentUser_UserId_0='00000000-0000-0000-0002-000000000001'], CommandType='"Text"', CommandTimeout='30']
SELECT u."Id", u."CreatedAt", u."DeletedAt", u."Email", u."EmailVerificationExpiry", u."EmailVerificationToken", u."FirstName", u."IsActive", u."IsDeleted", u."IsEmailVerified", u."LastLoginAt", u."LastName", u."OrganizationId", u."PasswordHash", u."PasswordResetExpiry", u."PasswordResetToken", u."ProfilePictureUrl", u."RefreshToken", u."RefreshTokenExpiry", u."Role", u."UpdatedAt", o0."Id", o0."CreatedAt", o0."DeletedAt", o0."Description", o0."IsActive", o0."IsDeleted", o0."LogoUrl", o0."Name", o0."Plan", o0."Slug", o0."UpdatedAt"
FROM "Users" AS u
INNER JOIN (
    SELECT o."Id", o."CreatedAt", o."DeletedAt", o."Description", o."IsActive", o."IsDeleted", o."LogoUrl", o."Name", o."Plan", o."Slug", o."UpdatedAt"
    FROM "Organizations" AS o
    WHERE NOT (o."IsDeleted")
) AS o0 ON u."OrganizationId" = o0."Id"
WHERE NOT (u."IsDeleted") AND u."Id" = @___currentUser_UserId_0
LIMIT 1
2026-07-28 14:15:57.078 +06:00 [INF] [0HNNCFT1DT74R:00000001] Executed DbCommand (4ms) [Parameters=[@___currentUser_OrganizationId_0='00000000-0000-0000-0001-000000000001', @__p_2='50', @__p_1='0'], CommandType='"Text"', CommandTimeout='30']
SELECT a."Id", a."Action", a."CreatedAt", a."EntityId", a."EntityName", a."EntityType", a."Metadata", a."OrganizationId", a."ProjectId", a."UserId", a."UserName"
FROM "ActivityLogs" AS a
WHERE a."OrganizationId" = @___currentUser_OrganizationId_0
ORDER BY a."CreatedAt" DESC
LIMIT @__p_2 OFFSET @__p_1
2026-07-28 14:15:57.081 +06:00 [INF] [0HNNCFT1DT74R:00000001] [0HNNCFT1DT74R:00000001] GET /api/activity → 200 (15.9ms)
2026-07-28 14:15:57.119 +06:00 [INF] [0HNNCFT1DT74T:00000001] Executed DbCommand (7ms) [Parameters=[@___currentUser_UserId_0='00000000-0000-0000-0002-000000000001'], CommandType='"Text"', CommandTimeout='30']
SELECT u."Id", u."CreatedAt", u."DeletedAt", u."Email", u."EmailVerificationExpiry", u."EmailVerificationToken", u."FirstName", u."IsActive", u."IsDeleted", u."IsEmailVerified", u."LastLoginAt", u."LastName", u."OrganizationId", u."PasswordHash", u."PasswordResetExpiry", u."PasswordResetToken", u."ProfilePictureUrl", u."RefreshToken", u."RefreshTokenExpiry", u."Role", u."UpdatedAt", o0."Id", o0."CreatedAt", o0."DeletedAt", o0."Description", o0."IsActive", o0."IsDeleted", o0."LogoUrl", o0."Name", o0."Plan", o0."Slug", o0."UpdatedAt"
FROM "Users" AS u
INNER JOIN (
    SELECT o."Id", o."CreatedAt", o."DeletedAt", o."Description", o."IsActive", o."IsDeleted", o."LogoUrl", o."Name", o."Plan", o."Slug", o."UpdatedAt"
    FROM "Organizations" AS o
    WHERE NOT (o."IsDeleted")
) AS o0 ON u."OrganizationId" = o0."Id"
WHERE NOT (u."IsDeleted") AND u."Id" = @___currentUser_UserId_0
LIMIT 1
2026-07-28 14:15:57.120 +06:00 [INF] [0HNNCFT1DT74S:00000001] Executed DbCommand (6ms) [Parameters=[@___currentUser_UserId_0='00000000-0000-0000-0002-000000000001'], CommandType='"Text"', CommandTimeout='30']
SELECT u."Id", u."CreatedAt", u."DeletedAt", u."Email", u."EmailVerificationExpiry", u."EmailVerificationToken", u."FirstName", u."IsActive", u."IsDeleted", u."IsEmailVerified", u."LastLoginAt", u."LastName", u."OrganizationId", u."PasswordHash", u."PasswordResetExpiry", u."PasswordResetToken", u."ProfilePictureUrl", u."RefreshToken", u."RefreshTokenExpiry", u."Role", u."UpdatedAt", o0."Id", o0."CreatedAt", o0."DeletedAt", o0."Description", o0."IsActive", o0."IsDeleted", o0."LogoUrl", o0."Name", o0."Plan", o0."Slug", o0."UpdatedAt"
FROM "Users" AS u
INNER JOIN (
    SELECT o."Id", o."CreatedAt", o."DeletedAt", o."Description", o."IsActive", o."IsDeleted", o."LogoUrl", o."Name", o."Plan", o."Slug", o."UpdatedAt"
    FROM "Organizations" AS o
    WHERE NOT (o."IsDeleted")
) AS o0 ON u."OrganizationId" = o0."Id"
WHERE NOT (u."IsDeleted") AND u."Id" = @___currentUser_UserId_0
LIMIT 1
2026-07-28 14:15:57.158 +06:00 [INF] [0HNNCFT1DT74T:00000001] Executed DbCommand (3ms) [Parameters=[@___currentUser_OrganizationId_0='00000000-0000-0000-0001-000000000001'], CommandType='"Text"', CommandTimeout='30']
SELECT count(*)::int
FROM "Users" AS u
WHERE NOT (u."IsDeleted") AND u."OrganizationId" = @___currentUser_OrganizationId_0
2026-07-28 14:15:57.159 +06:00 [INF] [0HNNCFT1DT74S:00000001] Executed DbCommand (5ms) [Parameters=[@___currentUser_OrganizationId_0='00000000-0000-0000-0001-000000000001'], CommandType='"Text"', CommandTimeout='30']
SELECT count(*)::int
FROM "Projects" AS p
WHERE NOT (p."IsDeleted") AND p."OrganizationId" = @___currentUser_OrganizationId_0
2026-07-28 14:15:57.182 +06:00 [INF] [0HNNCFT1DT74T:00000001] Executed DbCommand (2ms) [Parameters=[@___currentUser_OrganizationId_0='00000000-0000-0000-0001-000000000001', @__p_2='100', @__p_1='0'], CommandType='"Text"', CommandTimeout='30']
SELECT u."Id", u."CreatedAt", u."DeletedAt", u."Email", u."EmailVerificationExpiry", u."EmailVerificationToken", u."FirstName", u."IsActive", u."IsDeleted", u."IsEmailVerified", u."LastLoginAt", u."LastName", u."OrganizationId", u."PasswordHash", u."PasswordResetExpiry", u."PasswordResetToken", u."ProfilePictureUrl", u."RefreshToken", u."RefreshTokenExpiry", u."Role", u."UpdatedAt"
FROM "Users" AS u
WHERE NOT (u."IsDeleted") AND u."OrganizationId" = @___currentUser_OrganizationId_0
ORDER BY u."FirstName", u."LastName"
LIMIT @__p_2 OFFSET @__p_1
2026-07-28 14:15:57.186 +06:00 [INF] [0HNNCFT1DT74T:00000001] Members listed for org "00000000-0000-0000-0001-000000000001" — page 1, 4 results
2026-07-28 14:15:57.199 +06:00 [INF] [0HNNCFT1DT74T:00000001] [0HNNCFT1DT74T:00000001] GET /api/organizations/me/members → 200 (133.0ms)
2026-07-28 14:15:57.294 +06:00 [INF] [0HNNCFT1DT74S:00000001] Executed DbCommand (8ms) [Parameters=[@___currentUser_OrganizationId_0='00000000-0000-0000-0001-000000000001', @__p_2='100', @__p_1='0'], CommandType='"Text"', CommandTimeout='30']
SELECT p0."Id", p0."CreatedAt", p0."CreatedByUserId", p0."DeletedAt", p0."Description", p0."DueDate", p0."IsDeleted", p0."Name", p0."OrganizationId", p0."ProjectLeadUserId", p0."StartDate", p0."Status", p0."UpdatedAt", u0."Id", u0."CreatedAt", u0."DeletedAt", u0."Email", u0."EmailVerificationExpiry", u0."EmailVerificationToken", u0."FirstName", u0."IsActive", u0."IsDeleted", u0."IsEmailVerified", u0."LastLoginAt", u0."LastName", u0."OrganizationId", u0."PasswordHash", u0."PasswordResetExpiry", u0."PasswordResetToken", u0."ProfilePictureUrl", u0."RefreshToken", u0."RefreshTokenExpiry", u0."Role", u0."UpdatedAt", u2."Id", u2."CreatedAt", u2."DeletedAt", u2."Email", u2."EmailVerificationExpiry", u2."EmailVerificationToken", u2."FirstName", u2."IsActive", u2."IsDeleted", u2."IsEmailVerified", u2."LastLoginAt", u2."LastName", u2."OrganizationId", u2."PasswordHash", u2."PasswordResetExpiry", u2."PasswordResetToken", u2."ProfilePictureUrl", u2."RefreshToken", u2."RefreshTokenExpiry", u2."Role", u2."UpdatedAt", t0."Id", t0."ActualMinutes", t0."AssignedToUserId", t0."CompletedAt", t0."CreatedAt", t0."CreatedByUserId", t0."DeletedAt", t0."Description", t0."DueDate", t0."EstimatedMinutes", t0."IsDeleted", t0."OrderIndex", t0."OrganizationId", t0."ParentTaskId", t0."Priority", t0."ProjectId", t0."StartDate", t0."Status", t0."Title", t0."UpdatedAt"
FROM (
    SELECT p."Id", p."CreatedAt", p."CreatedByUserId", p."DeletedAt", p."Description", p."DueDate", p."IsDeleted", p."Name", p."OrganizationId", p."ProjectLeadUserId", p."StartDate", p."Status", p."UpdatedAt"
    FROM "Projects" AS p
    WHERE NOT (p."IsDeleted") AND p."OrganizationId" = @___currentUser_OrganizationId_0
    ORDER BY p."CreatedAt" DESC
    LIMIT @__p_2 OFFSET @__p_1
) AS p0
INNER JOIN (
    SELECT u."Id", u."CreatedAt", u."DeletedAt", u."Email", u."EmailVerificationExpiry", u."EmailVerificationToken", u."FirstName", u."IsActive", u."IsDeleted", u."IsEmailVerified", u."LastLoginAt", u."LastName", u."OrganizationId", u."PasswordHash", u."PasswordResetExpiry", u."PasswordResetToken", u."ProfilePictureUrl", u."RefreshToken", u."RefreshTokenExpiry", u."Role", u."UpdatedAt"
    FROM "Users" AS u
    WHERE NOT (u."IsDeleted")
) AS u0 ON p0."CreatedByUserId" = u0."Id"
LEFT JOIN (
    SELECT u1."Id", u1."CreatedAt", u1."DeletedAt", u1."Email", u1."EmailVerificationExpiry", u1."EmailVerificationToken", u1."FirstName", u1."IsActive", u1."IsDeleted", u1."IsEmailVerified", u1."LastLoginAt", u1."LastName", u1."OrganizationId", u1."PasswordHash", u1."PasswordResetExpiry", u1."PasswordResetToken", u1."ProfilePictureUrl", u1."RefreshToken", u1."RefreshTokenExpiry", u1."Role", u1."UpdatedAt"
    FROM "Users" AS u1
    WHERE NOT (u1."IsDeleted")
) AS u2 ON p0."ProjectLeadUserId" = u2."Id"
LEFT JOIN (
    SELECT t."Id", t."ActualMinutes", t."AssignedToUserId", t."CompletedAt", t."CreatedAt", t."CreatedByUserId", t."DeletedAt", t."Description", t."DueDate", t."EstimatedMinutes", t."IsDeleted", t."OrderIndex", t."OrganizationId", t."ParentTaskId", t."Priority", t."ProjectId", t."StartDate", t."Status", t."Title", t."UpdatedAt"
    FROM "Tasks" AS t
    WHERE NOT (t."IsDeleted")
) AS t0 ON p0."Id" = t0."ProjectId"
ORDER BY p0."CreatedAt" DESC, p0."Id", u0."Id", u2."Id"
2026-07-28 14:15:57.421 +06:00 [INF] [0HNNCFT1DT74S:00000001] Projects listed for org "00000000-0000-0000-0001-000000000001" — 5 results
2026-07-28 14:15:57.429 +06:00 [INF] [0HNNCFT1DT74S:00000001] [0HNNCFT1DT74S:00000001] GET /api/projects → 200 (362.8ms)
2026-07-28 14:16:00.437 +06:00 [DBG] [0HNNCFT1DT74U:00000001] Permission granted: Owner → projects.view
2026-07-28 14:16:00.440 +06:00 [INF] [0HNNCFT1DT74U:00000001] Executed DbCommand (1ms) [Parameters=[@___currentUser_UserId_0='00000000-0000-0000-0002-000000000001'], CommandType='"Text"', CommandTimeout='30']
SELECT u."Id", u."CreatedAt", u."DeletedAt", u."Email", u."EmailVerificationExpiry", u."EmailVerificationToken", u."FirstName", u."IsActive", u."IsDeleted", u."IsEmailVerified", u."LastLoginAt", u."LastName", u."OrganizationId", u."PasswordHash", u."PasswordResetExpiry", u."PasswordResetToken", u."ProfilePictureUrl", u."RefreshToken", u."RefreshTokenExpiry", u."Role", u."UpdatedAt", o0."Id", o0."CreatedAt", o0."DeletedAt", o0."Description", o0."IsActive", o0."IsDeleted", o0."LogoUrl", o0."Name", o0."Plan", o0."Slug", o0."UpdatedAt"
FROM "Users" AS u
INNER JOIN (
    SELECT o."Id", o."CreatedAt", o."DeletedAt", o."Description", o."IsActive", o."IsDeleted", o."LogoUrl", o."Name", o."Plan", o."Slug", o."UpdatedAt"
    FROM "Organizations" AS o
    WHERE NOT (o."IsDeleted")
) AS o0 ON u."OrganizationId" = o0."Id"
WHERE NOT (u."IsDeleted") AND u."Id" = @___currentUser_UserId_0
LIMIT 1
2026-07-28 14:16:00.449 +06:00 [INF] [0HNNCFT1DT74U:00000001] Executed DbCommand (6ms) [Parameters=[@___currentUser_OrganizationId_0='00000000-0000-0000-0001-000000000001'], CommandType='"Text"', CommandTimeout='30']
SELECT count(*)::int
FROM "Projects" AS p
WHERE NOT (p."IsDeleted") AND p."OrganizationId" = @___currentUser_OrganizationId_0
2026-07-28 14:16:00.452 +06:00 [INF] [0HNNCFT1DT74U:00000001] Executed DbCommand (2ms) [Parameters=[@___currentUser_OrganizationId_0='00000000-0000-0000-0001-000000000001', @__p_2='100', @__p_1='0'], CommandType='"Text"', CommandTimeout='30']
SELECT p0."Id", p0."CreatedAt", p0."CreatedByUserId", p0."DeletedAt", p0."Description", p0."DueDate", p0."IsDeleted", p0."Name", p0."OrganizationId", p0."ProjectLeadUserId", p0."StartDate", p0."Status", p0."UpdatedAt", u0."Id", u0."CreatedAt", u0."DeletedAt", u0."Email", u0."EmailVerificationExpiry", u0."EmailVerificationToken", u0."FirstName", u0."IsActive", u0."IsDeleted", u0."IsEmailVerified", u0."LastLoginAt", u0."LastName", u0."OrganizationId", u0."PasswordHash", u0."PasswordResetExpiry", u0."PasswordResetToken", u0."ProfilePictureUrl", u0."RefreshToken", u0."RefreshTokenExpiry", u0."Role", u0."UpdatedAt", u2."Id", u2."CreatedAt", u2."DeletedAt", u2."Email", u2."EmailVerificationExpiry", u2."EmailVerificationToken", u2."FirstName", u2."IsActive", u2."IsDeleted", u2."IsEmailVerified", u2."LastLoginAt", u2."LastName", u2."OrganizationId", u2."PasswordHash", u2."PasswordResetExpiry", u2."PasswordResetToken", u2."ProfilePictureUrl", u2."RefreshToken", u2."RefreshTokenExpiry", u2."Role", u2."UpdatedAt", t0."Id", t0."ActualMinutes", t0."AssignedToUserId", t0."CompletedAt", t0."CreatedAt", t0."CreatedByUserId", t0."DeletedAt", t0."Description", t0."DueDate", t0."EstimatedMinutes", t0."IsDeleted", t0."OrderIndex", t0."OrganizationId", t0."ParentTaskId", t0."Priority", t0."ProjectId", t0."StartDate", t0."Status", t0."Title", t0."UpdatedAt"
FROM (
    SELECT p."Id", p."CreatedAt", p."CreatedByUserId", p."DeletedAt", p."Description", p."DueDate", p."IsDeleted", p."Name", p."OrganizationId", p."ProjectLeadUserId", p."StartDate", p."Status", p."UpdatedAt"
    FROM "Projects" AS p
    WHERE NOT (p."IsDeleted") AND p."OrganizationId" = @___currentUser_OrganizationId_0
    ORDER BY p."CreatedAt" DESC
    LIMIT @__p_2 OFFSET @__p_1
) AS p0
INNER JOIN (
    SELECT u."Id", u."CreatedAt", u."DeletedAt", u."Email", u."EmailVerificationExpiry", u."EmailVerificationToken", u."FirstName", u."IsActive", u."IsDeleted", u."IsEmailVerified", u."LastLoginAt", u."LastName", u."OrganizationId", u."PasswordHash", u."PasswordResetExpiry", u."PasswordResetToken", u."ProfilePictureUrl", u."RefreshToken", u."RefreshTokenExpiry", u."Role", u."UpdatedAt"
    FROM "Users" AS u
    WHERE NOT (u."IsDeleted")
) AS u0 ON p0."CreatedByUserId" = u0."Id"
LEFT JOIN (
    SELECT u1."Id", u1."CreatedAt", u1."DeletedAt", u1."Email", u1."EmailVerificationExpiry", u1."EmailVerificationToken", u1."FirstName", u1."IsActive", u1."IsDeleted", u1."IsEmailVerified", u1."LastLoginAt", u1."LastName", u1."OrganizationId", u1."PasswordHash", u1."PasswordResetExpiry", u1."PasswordResetToken", u1."ProfilePictureUrl", u1."RefreshToken", u1."RefreshTokenExpiry", u1."Role", u1."UpdatedAt"
    FROM "Users" AS u1
    WHERE NOT (u1."IsDeleted")
) AS u2 ON p0."ProjectLeadUserId" = u2."Id"
LEFT JOIN (
    SELECT t."Id", t."ActualMinutes", t."AssignedToUserId", t."CompletedAt", t."CreatedAt", t."CreatedByUserId", t."DeletedAt", t."Description", t."DueDate", t."EstimatedMinutes", t."IsDeleted", t."OrderIndex", t."OrganizationId", t."ParentTaskId", t."Priority", t."ProjectId", t."StartDate", t."Status", t."Title", t."UpdatedAt"
    FROM "Tasks" AS t
    WHERE NOT (t."IsDeleted")
) AS t0 ON p0."Id" = t0."ProjectId"
ORDER BY p0."CreatedAt" DESC, p0."Id", u0."Id", u2."Id"
2026-07-28 14:16:00.454 +06:00 [INF] [0HNNCFT1DT74U:00000001] Projects listed for org "00000000-0000-0000-0001-000000000001" — 5 results
2026-07-28 14:16:00.455 +06:00 [INF] [0HNNCFT1DT74U:00000001] [0HNNCFT1DT74U:00000001] GET /api/projects → 200 (18.1ms)
2026-07-28 14:16:03.644 +06:00 [DBG] [0HNNCFT1DT74V:00000001] Permission granted: Owner → tasks.view
2026-07-28 14:16:03.646 +06:00 [DBG] [0HNNCFT1DT750:00000001] Permission granted: Owner → tasks.view
2026-07-28 14:16:03.648 +06:00 [INF] [0HNNCFT1DT74V:00000001] Executed DbCommand (1ms) [Parameters=[@___currentUser_UserId_0='00000000-0000-0000-0002-000000000001'], CommandType='"Text"', CommandTimeout='30']
SELECT u."Id", u."CreatedAt", u."DeletedAt", u."Email", u."EmailVerificationExpiry", u."EmailVerificationToken", u."FirstName", u."IsActive", u."IsDeleted", u."IsEmailVerified", u."LastLoginAt", u."LastName", u."OrganizationId", u."PasswordHash", u."PasswordResetExpiry", u."PasswordResetToken", u."ProfilePictureUrl", u."RefreshToken", u."RefreshTokenExpiry", u."Role", u."UpdatedAt", o0."Id", o0."CreatedAt", o0."DeletedAt", o0."Description", o0."IsActive", o0."IsDeleted", o0."LogoUrl", o0."Name", o0."Plan", o0."Slug", o0."UpdatedAt"
FROM "Users" AS u
INNER JOIN (
    SELECT o."Id", o."CreatedAt", o."DeletedAt", o."Description", o."IsActive", o."IsDeleted", o."LogoUrl", o."Name", o."Plan", o."Slug", o."UpdatedAt"
    FROM "Organizations" AS o
    WHERE NOT (o."IsDeleted")
) AS o0 ON u."OrganizationId" = o0."Id"
WHERE NOT (u."IsDeleted") AND u."Id" = @___currentUser_UserId_0
LIMIT 1
2026-07-28 14:16:03.648 +06:00 [INF] [0HNNCFT1DT750:00000001] Executed DbCommand (1ms) [Parameters=[@___currentUser_UserId_0='00000000-0000-0000-0002-000000000001'], CommandType='"Text"', CommandTimeout='30']
SELECT u."Id", u."CreatedAt", u."DeletedAt", u."Email", u."EmailVerificationExpiry", u."EmailVerificationToken", u."FirstName", u."IsActive", u."IsDeleted", u."IsEmailVerified", u."LastLoginAt", u."LastName", u."OrganizationId", u."PasswordHash", u."PasswordResetExpiry", u."PasswordResetToken", u."ProfilePictureUrl", u."RefreshToken", u."RefreshTokenExpiry", u."Role", u."UpdatedAt", o0."Id", o0."CreatedAt", o0."DeletedAt", o0."Description", o0."IsActive", o0."IsDeleted", o0."LogoUrl", o0."Name", o0."Plan", o0."Slug", o0."UpdatedAt"
FROM "Users" AS u
INNER JOIN (
    SELECT o."Id", o."CreatedAt", o."DeletedAt", o."Description", o."IsActive", o."IsDeleted", o."LogoUrl", o."Name", o."Plan", o."Slug", o."UpdatedAt"
    FROM "Organizations" AS o
    WHERE NOT (o."IsDeleted")
) AS o0 ON u."OrganizationId" = o0."Id"
WHERE NOT (u."IsDeleted") AND u."Id" = @___currentUser_UserId_0
LIMIT 1
2026-07-28 14:16:03.696 +06:00 [INF] [0HNNCFT1DT750:00000001] Executed DbCommand (2ms) [Parameters=[@__projectId_0='00000000-0000-0000-0003-000000000001'], CommandType='"Text"', CommandTimeout='30']
SELECT p."Id", p."CreatedAt", p."CreatedByUserId", p."DeletedAt", p."Description", p."DueDate", p."IsDeleted", p."Name", p."OrganizationId", p."ProjectLeadUserId", p."StartDate", p."Status", p."UpdatedAt"
FROM "Projects" AS p
WHERE NOT (p."IsDeleted") AND p."Id" = @__projectId_0
LIMIT 1
2026-07-28 14:16:03.696 +06:00 [INF] [0HNNCFT1DT74V:00000001] Executed DbCommand (2ms) [Parameters=[@__projectId_0='ddbb73fc-fbf4-4ac9-ae76-bcf743f16cd4'], CommandType='"Text"', CommandTimeout='30']
SELECT p."Id", p."CreatedAt", p."CreatedByUserId", p."DeletedAt", p."Description", p."DueDate", p."IsDeleted", p."Name", p."OrganizationId", p."ProjectLeadUserId", p."StartDate", p."Status", p."UpdatedAt"
FROM "Projects" AS p
WHERE NOT (p."IsDeleted") AND p."Id" = @__projectId_0
LIMIT 1
2026-07-28 14:16:03.718 +06:00 [INF] [0HNNCFT1DT74V:00000001] Executed DbCommand (9ms) [Parameters=[@__projectId_0='ddbb73fc-fbf4-4ac9-ae76-bcf743f16cd4'], CommandType='"Text"', CommandTimeout='30']
SELECT count(*)::int
FROM "Tasks" AS t
WHERE NOT (t."IsDeleted") AND t."ProjectId" = @__projectId_0
2026-07-28 14:16:03.718 +06:00 [INF] [0HNNCFT1DT750:00000001] Executed DbCommand (10ms) [Parameters=[@__projectId_0='00000000-0000-0000-0003-000000000001'], CommandType='"Text"', CommandTimeout='30']
SELECT count(*)::int
FROM "Tasks" AS t
WHERE NOT (t."IsDeleted") AND t."ProjectId" = @__projectId_0
2026-07-28 14:16:03.759 +06:00 [WRN] [0HNNCFT1DT750:00000001] Compiling a query which loads related collections for more than one collection navigation, either via 'Include' or through projection, but no 'QuerySplittingBehavior' has been configured. By default, Entity Framework will use 'QuerySplittingBehavior.SingleQuery', which can potentially result in slow query performance. See https://go.microsoft.com/fwlink/?linkid=2134277 for more information. To identify the query that's triggering this warning call 'ConfigureWarnings(w => w.Throw(RelationalEventId.MultipleCollectionIncludeWarning))'.
2026-07-28 14:16:03.909 +06:00 [INF] [0HNNCFT1DT74V:00000001] Executed DbCommand (39ms) [Parameters=[@__projectId_0='ddbb73fc-fbf4-4ac9-ae76-bcf743f16cd4', @__p_2='100', @__p_1='0'], CommandType='"Text"', CommandTimeout='30']
SELECT t0."Id", t0."ActualMinutes", t0."AssignedToUserId", t0."CompletedAt", t0."CreatedAt", t0."CreatedByUserId", t0."DeletedAt", t0."Description", t0."DueDate", t0."EstimatedMinutes", t0."IsDeleted", t0."OrderIndex", t0."OrganizationId", t0."ParentTaskId", t0."Priority", t0."ProjectId", t0."StartDate", t0."Status", t0."Title", t0."UpdatedAt", u0."Id", u0."CreatedAt", u0."DeletedAt", u0."Email", u0."EmailVerificationExpiry", u0."EmailVerificationToken", u0."FirstName", u0."IsActive", u0."IsDeleted", u0."IsEmailVerified", u0."LastLoginAt", u0."LastName", u0."OrganizationId", u0."PasswordHash", u0."PasswordResetExpiry", u0."PasswordResetToken", u0."ProfilePictureUrl", u0."RefreshToken", u0."RefreshTokenExpiry", u0."Role", u0."UpdatedAt", u2."Id", u2."CreatedAt", u2."DeletedAt", u2."Email", u2."EmailVerificationExpiry", u2."EmailVerificationToken", u2."FirstName", u2."IsActive", u2."IsDeleted", u2."IsEmailVerified", u2."LastLoginAt", u2."LastName", u2."OrganizationId", u2."PasswordHash", u2."PasswordResetExpiry", u2."PasswordResetToken", u2."ProfilePictureUrl", u2."RefreshToken", u2."RefreshTokenExpiry", u2."Role", u2."UpdatedAt", p0."Id", p0."CreatedAt", p0."CreatedByUserId", p0."DeletedAt", p0."Description", p0."DueDate", p0."IsDeleted", p0."Name", p0."OrganizationId", p0."ProjectLeadUserId", p0."StartDate", p0."Status", p0."UpdatedAt", s."TaskId", s."UserId", s."AssignedAt", s."AssignedByUserId", s."Id", s."CreatedAt", s."DeletedAt", s."Email", s."EmailVerificationExpiry", s."EmailVerificationToken", s."FirstName", s."IsActive", s."IsDeleted", s."IsEmailVerified", s."LastLoginAt", s."LastName", s."OrganizationId", s."PasswordHash", s."PasswordResetExpiry", s."PasswordResetToken", s."ProfilePictureUrl", s."RefreshToken", s."RefreshTokenExpiry", s."Role", s."UpdatedAt", t3."Id", t3."ActualMinutes", t3."AssignedToUserId", t3."CompletedAt", t3."CreatedAt", t3."CreatedByUserId", t3."DeletedAt", t3."Description", t3."DueDate", t3."EstimatedMinutes", t3."IsDeleted", t3."OrderIndex", t3."OrganizationId", t3."ParentTaskId", t3."Priority", t3."ProjectId", t3."StartDate", t3."Status", t3."Title", t3."UpdatedAt"
FROM (
    SELECT t."Id", t."ActualMinutes", t."AssignedToUserId", t."CompletedAt", t."CreatedAt", t."CreatedByUserId", t."DeletedAt", t."Description", t."DueDate", t."EstimatedMinutes", t."IsDeleted", t."OrderIndex", t."OrganizationId", t."ParentTaskId", t."Priority", t."ProjectId", t."StartDate", t."Status", t."Title", t."UpdatedAt"
    FROM "Tasks" AS t
    WHERE NOT (t."IsDeleted") AND t."ProjectId" = @__projectId_0
    ORDER BY t."OrderIndex"
    LIMIT @__p_2 OFFSET @__p_1
) AS t0
INNER JOIN (
    SELECT u."Id", u."CreatedAt", u."DeletedAt", u."Email", u."EmailVerificationExpiry", u."EmailVerificationToken", u."FirstName", u."IsActive", u."IsDeleted", u."IsEmailVerified", u."LastLoginAt", u."LastName", u."OrganizationId", u."PasswordHash", u."PasswordResetExpiry", u."PasswordResetToken", u."ProfilePictureUrl", u."RefreshToken", u."RefreshTokenExpiry", u."Role", u."UpdatedAt"
    FROM "Users" AS u
    WHERE NOT (u."IsDeleted")
) AS u0 ON t0."CreatedByUserId" = u0."Id"
LEFT JOIN (
    SELECT u1."Id", u1."CreatedAt", u1."DeletedAt", u1."Email", u1."EmailVerificationExpiry", u1."EmailVerificationToken", u1."FirstName", u1."IsActive", u1."IsDeleted", u1."IsEmailVerified", u1."LastLoginAt", u1."LastName", u1."OrganizationId", u1."PasswordHash", u1."PasswordResetExpiry", u1."PasswordResetToken", u1."ProfilePictureUrl", u1."RefreshToken", u1."RefreshTokenExpiry", u1."Role", u1."UpdatedAt"
    FROM "Users" AS u1
    WHERE NOT (u1."IsDeleted")
) AS u2 ON t0."AssignedToUserId" = u2."Id"
INNER JOIN (
    SELECT p."Id", p."CreatedAt", p."CreatedByUserId", p."DeletedAt", p."Description", p."DueDate", p."IsDeleted", p."Name", p."OrganizationId", p."ProjectLeadUserId", p."StartDate", p."Status", p."UpdatedAt"
    FROM "Projects" AS p
    WHERE NOT (p."IsDeleted")
) AS p0 ON t0."ProjectId" = p0."Id"
LEFT JOIN (
    SELECT t1."TaskId", t1."UserId", t1."AssignedAt", t1."AssignedByUserId", u4."Id", u4."CreatedAt", u4."DeletedAt", u4."Email", u4."EmailVerificationExpiry", u4."EmailVerificationToken", u4."FirstName", u4."IsActive", u4."IsDeleted", u4."IsEmailVerified", u4."LastLoginAt", u4."LastName", u4."OrganizationId", u4."PasswordHash", u4."PasswordResetExpiry", u4."PasswordResetToken", u4."ProfilePictureUrl", u4."RefreshToken", u4."RefreshTokenExpiry", u4."Role", u4."UpdatedAt"
    FROM "TaskAssignees" AS t1
    INNER JOIN (
        SELECT u3."Id", u3."CreatedAt", u3."DeletedAt", u3."Email", u3."EmailVerificationExpiry", u3."EmailVerificationToken", u3."FirstName", u3."IsActive", u3."IsDeleted", u3."IsEmailVerified", u3."LastLoginAt", u3."LastName", u3."OrganizationId", u3."PasswordHash", u3."PasswordResetExpiry", u3."PasswordResetToken", u3."ProfilePictureUrl", u3."RefreshToken", u3."RefreshTokenExpiry", u3."Role", u3."UpdatedAt"
        FROM "Users" AS u3
        WHERE NOT (u3."IsDeleted")
    ) AS u4 ON t1."UserId" = u4."Id"
) AS s ON t0."Id" = s."TaskId"
LEFT JOIN (
    SELECT t2."Id", t2."ActualMinutes", t2."AssignedToUserId", t2."CompletedAt", t2."CreatedAt", t2."CreatedByUserId", t2."DeletedAt", t2."Description", t2."DueDate", t2."EstimatedMinutes", t2."IsDeleted", t2."OrderIndex", t2."OrganizationId", t2."ParentTaskId", t2."Priority", t2."ProjectId", t2."StartDate", t2."Status", t2."Title", t2."UpdatedAt"
    FROM "Tasks" AS t2
    WHERE NOT (t2."IsDeleted")
) AS t3 ON t0."Id" = t3."ParentTaskId"
ORDER BY t0."OrderIndex", t0."Id", u0."Id", u2."Id", p0."Id", s."TaskId", s."UserId", s."Id"
2026-07-28 14:16:03.915 +06:00 [INF] [0HNNCFT1DT750:00000001] Executed DbCommand (46ms) [Parameters=[@__projectId_0='00000000-0000-0000-0003-000000000001', @__p_2='100', @__p_1='0'], CommandType='"Text"', CommandTimeout='30']
SELECT t0."Id", t0."ActualMinutes", t0."AssignedToUserId", t0."CompletedAt", t0."CreatedAt", t0."CreatedByUserId", t0."DeletedAt", t0."Description", t0."DueDate", t0."EstimatedMinutes", t0."IsDeleted", t0."OrderIndex", t0."OrganizationId", t0."ParentTaskId", t0."Priority", t0."ProjectId", t0."StartDate", t0."Status", t0."Title", t0."UpdatedAt", u0."Id", u0."CreatedAt", u0."DeletedAt", u0."Email", u0."EmailVerificationExpiry", u0."EmailVerificationToken", u0."FirstName", u0."IsActive", u0."IsDeleted", u0."IsEmailVerified", u0."LastLoginAt", u0."LastName", u0."OrganizationId", u0."PasswordHash", u0."PasswordResetExpiry", u0."PasswordResetToken", u0."ProfilePictureUrl", u0."RefreshToken", u0."RefreshTokenExpiry", u0."Role", u0."UpdatedAt", u2."Id", u2."CreatedAt", u2."DeletedAt", u2."Email", u2."EmailVerificationExpiry", u2."EmailVerificationToken", u2."FirstName", u2."IsActive", u2."IsDeleted", u2."IsEmailVerified", u2."LastLoginAt", u2."LastName", u2."OrganizationId", u2."PasswordHash", u2."PasswordResetExpiry", u2."PasswordResetToken", u2."ProfilePictureUrl", u2."RefreshToken", u2."RefreshTokenExpiry", u2."Role", u2."UpdatedAt", p0."Id", p0."CreatedAt", p0."CreatedByUserId", p0."DeletedAt", p0."Description", p0."DueDate", p0."IsDeleted", p0."Name", p0."OrganizationId", p0."ProjectLeadUserId", p0."StartDate", p0."Status", p0."UpdatedAt", s."TaskId", s."UserId", s."AssignedAt", s."AssignedByUserId", s."Id", s."CreatedAt", s."DeletedAt", s."Email", s."EmailVerificationExpiry", s."EmailVerificationToken", s."FirstName", s."IsActive", s."IsDeleted", s."IsEmailVerified", s."LastLoginAt", s."LastName", s."OrganizationId", s."PasswordHash", s."PasswordResetExpiry", s."PasswordResetToken", s."ProfilePictureUrl", s."RefreshToken", s."RefreshTokenExpiry", s."Role", s."UpdatedAt", t3."Id", t3."ActualMinutes", t3."AssignedToUserId", t3."CompletedAt", t3."CreatedAt", t3."CreatedByUserId", t3."DeletedAt", t3."Description", t3."DueDate", t3."EstimatedMinutes", t3."IsDeleted", t3."OrderIndex", t3."OrganizationId", t3."ParentTaskId", t3."Priority", t3."ProjectId", t3."StartDate", t3."Status", t3."Title", t3."UpdatedAt"
FROM (
    SELECT t."Id", t."ActualMinutes", t."AssignedToUserId", t."CompletedAt", t."CreatedAt", t."CreatedByUserId", t."DeletedAt", t."Description", t."DueDate", t."EstimatedMinutes", t."IsDeleted", t."OrderIndex", t."OrganizationId", t."ParentTaskId", t."Priority", t."ProjectId", t."StartDate", t."Status", t."Title", t."UpdatedAt"
    FROM "Tasks" AS t
    WHERE NOT (t."IsDeleted") AND t."ProjectId" = @__projectId_0
    ORDER BY t."OrderIndex"
    LIMIT @__p_2 OFFSET @__p_1
) AS t0
INNER JOIN (
    SELECT u."Id", u."CreatedAt", u."DeletedAt", u."Email", u."EmailVerificationExpiry", u."EmailVerificationToken", u."FirstName", u."IsActive", u."IsDeleted", u."IsEmailVerified", u."LastLoginAt", u."LastName", u."OrganizationId", u."PasswordHash", u."PasswordResetExpiry", u."PasswordResetToken", u."ProfilePictureUrl", u."RefreshToken", u."RefreshTokenExpiry", u."Role", u."UpdatedAt"
    FROM "Users" AS u
    WHERE NOT (u."IsDeleted")
) AS u0 ON t0."CreatedByUserId" = u0."Id"
LEFT JOIN (
    SELECT u1."Id", u1."CreatedAt", u1."DeletedAt", u1."Email", u1."EmailVerificationExpiry", u1."EmailVerificationToken", u1."FirstName", u1."IsActive", u1."IsDeleted", u1."IsEmailVerified", u1."LastLoginAt", u1."LastName", u1."OrganizationId", u1."PasswordHash", u1."PasswordResetExpiry", u1."PasswordResetToken", u1."ProfilePictureUrl", u1."RefreshToken", u1."RefreshTokenExpiry", u1."Role", u1."UpdatedAt"
    FROM "Users" AS u1
    WHERE NOT (u1."IsDeleted")
) AS u2 ON t0."AssignedToUserId" = u2."Id"
INNER JOIN (
    SELECT p."Id", p."CreatedAt", p."CreatedByUserId", p."DeletedAt", p."Description", p."DueDate", p."IsDeleted", p."Name", p."OrganizationId", p."ProjectLeadUserId", p."StartDate", p."Status", p."UpdatedAt"
    FROM "Projects" AS p
    WHERE NOT (p."IsDeleted")
) AS p0 ON t0."ProjectId" = p0."Id"
LEFT JOIN (
    SELECT t1."TaskId", t1."UserId", t1."AssignedAt", t1."AssignedByUserId", u4."Id", u4."CreatedAt", u4."DeletedAt", u4."Email", u4."EmailVerificationExpiry", u4."EmailVerificationToken", u4."FirstName", u4."IsActive", u4."IsDeleted", u4."IsEmailVerified", u4."LastLoginAt", u4."LastName", u4."OrganizationId", u4."PasswordHash", u4."PasswordResetExpiry", u4."PasswordResetToken", u4."ProfilePictureUrl", u4."RefreshToken", u4."RefreshTokenExpiry", u4."Role", u4."UpdatedAt"
    FROM "TaskAssignees" AS t1
    INNER JOIN (
        SELECT u3."Id", u3."CreatedAt", u3."DeletedAt", u3."Email", u3."EmailVerificationExpiry", u3."EmailVerificationToken", u3."FirstName", u3."IsActive", u3."IsDeleted", u3."IsEmailVerified", u3."LastLoginAt", u3."LastName", u3."OrganizationId", u3."PasswordHash", u3."PasswordResetExpiry", u3."PasswordResetToken", u3."ProfilePictureUrl", u3."RefreshToken", u3."RefreshTokenExpiry", u3."Role", u3."UpdatedAt"
        FROM "Users" AS u3
        WHERE NOT (u3."IsDeleted")
    ) AS u4 ON t1."UserId" = u4."Id"
) AS s ON t0."Id" = s."TaskId"
LEFT JOIN (
    SELECT t2."Id", t2."ActualMinutes", t2."AssignedToUserId", t2."CompletedAt", t2."CreatedAt", t2."CreatedByUserId", t2."DeletedAt", t2."Description", t2."DueDate", t2."EstimatedMinutes", t2."IsDeleted", t2."OrderIndex", t2."OrganizationId", t2."ParentTaskId", t2."Priority", t2."ProjectId", t2."StartDate", t2."Status", t2."Title", t2."UpdatedAt"
    FROM "Tasks" AS t2
    WHERE NOT (t2."IsDeleted")
) AS t3 ON t0."Id" = t3."ParentTaskId"
ORDER BY t0."OrderIndex", t0."Id", u0."Id", u2."Id", p0."Id", s."TaskId", s."UserId", s."Id"
2026-07-28 14:16:03.917 +06:00 [INF] [0HNNCFT1DT74V:00000001] [0HNNCFT1DT74V:00000001] GET /api/projects/ddbb73fc-fbf4-4ac9-ae76-bcf743f16cd4/tasks → 200 (273.8ms)
2026-07-28 14:16:03.956 +06:00 [INF] [0HNNCFT1DT750:00000001] [0HNNCFT1DT750:00000001] GET /api/projects/00000000-0000-0000-0003-000000000001/tasks → 200 (310.2ms)
2026-07-28 14:16:04.106 +06:00 [DBG] [0HNNCFT1DT751:00000001] Permission granted: Owner → projects.view
2026-07-28 14:16:04.109 +06:00 [INF] [0HNNCFT1DT751:00000001] Executed DbCommand (1ms) [Parameters=[@___currentUser_UserId_0='00000000-0000-0000-0002-000000000001'], CommandType='"Text"', CommandTimeout='30']
SELECT u."Id", u."CreatedAt", u."DeletedAt", u."Email", u."EmailVerificationExpiry", u."EmailVerificationToken", u."FirstName", u."IsActive", u."IsDeleted", u."IsEmailVerified", u."LastLoginAt", u."LastName", u."OrganizationId", u."PasswordHash", u."PasswordResetExpiry", u."PasswordResetToken", u."ProfilePictureUrl", u."RefreshToken", u."RefreshTokenExpiry", u."Role", u."UpdatedAt", o0."Id", o0."CreatedAt", o0."DeletedAt", o0."Description", o0."IsActive", o0."IsDeleted", o0."LogoUrl", o0."Name", o0."Plan", o0."Slug", o0."UpdatedAt"
FROM "Users" AS u
INNER JOIN (
    SELECT o."Id", o."CreatedAt", o."DeletedAt", o."Description", o."IsActive", o."IsDeleted", o."LogoUrl", o."Name", o."Plan", o."Slug", o."UpdatedAt"
    FROM "Organizations" AS o
    WHERE NOT (o."IsDeleted")
) AS o0 ON u."OrganizationId" = o0."Id"
WHERE NOT (u."IsDeleted") AND u."Id" = @___currentUser_UserId_0
LIMIT 1
2026-07-28 14:16:04.170 +06:00 [INF] [0HNNCFT1DT751:00000001] Executed DbCommand (2ms) [Parameters=[@__projectId_0='00000000-0000-0000-0003-000000000001'], CommandType='"Text"', CommandTimeout='30']
SELECT s."Id", s."CreatedAt", s."CreatedByUserId", s."DeletedAt", s."Description", s."DueDate", s."IsDeleted", s."Name", s."OrganizationId", s."ProjectLeadUserId", s."StartDate", s."Status", s."UpdatedAt", s."Id0", s."CreatedAt0", s."DeletedAt0", s."Email", s."EmailVerificationExpiry", s."EmailVerificationToken", s."FirstName", s."IsActive", s."IsDeleted0", s."IsEmailVerified", s."LastLoginAt", s."LastName", s."OrganizationId0", s."PasswordHash", s."PasswordResetExpiry", s."PasswordResetToken", s."ProfilePictureUrl", s."RefreshToken", s."RefreshTokenExpiry", s."Role", s."UpdatedAt0", s."Id1", s."CreatedAt1", s."DeletedAt1", s."Email0", s."EmailVerificationExpiry0", s."EmailVerificationToken0", s."FirstName0", s."IsActive0", s."IsDeleted1", s."IsEmailVerified0", s."LastLoginAt0", s."LastName0", s."OrganizationId1", s."PasswordHash0", s."PasswordResetExpiry0", s."PasswordResetToken0", s."ProfilePictureUrl0", s."RefreshToken0", s."RefreshTokenExpiry0", s."Role0", s."UpdatedAt1", t0."Id", t0."ActualMinutes", t0."AssignedToUserId", t0."CompletedAt", t0."CreatedAt", t0."CreatedByUserId", t0."DeletedAt", t0."Description", t0."DueDate", t0."EstimatedMinutes", t0."IsDeleted", t0."OrderIndex", t0."OrganizationId", t0."ParentTaskId", t0."Priority", t0."ProjectId", t0."StartDate", t0."Status", t0."Title", t0."UpdatedAt"
FROM (
    SELECT p."Id", p."CreatedAt", p."CreatedByUserId", p."DeletedAt", p."Description", p."DueDate", p."IsDeleted", p."Name", p."OrganizationId", p."ProjectLeadUserId", p."StartDate", p."Status", p."UpdatedAt", u0."Id" AS "Id0", u0."CreatedAt" AS "CreatedAt0", u0."DeletedAt" AS "DeletedAt0", u0."Email", u0."EmailVerificationExpiry", u0."EmailVerificationToken", u0."FirstName", u0."IsActive", u0."IsDeleted" AS "IsDeleted0", u0."IsEmailVerified", u0."LastLoginAt", u0."LastName", u0."OrganizationId" AS "OrganizationId0", u0."PasswordHash", u0."PasswordResetExpiry", u0."PasswordResetToken", u0."ProfilePictureUrl", u0."RefreshToken", u0."RefreshTokenExpiry", u0."Role", u0."UpdatedAt" AS "UpdatedAt0", u2."Id" AS "Id1", u2."CreatedAt" AS "CreatedAt1", u2."DeletedAt" AS "DeletedAt1", u2."Email" AS "Email0", u2."EmailVerificationExpiry" AS "EmailVerificationExpiry0", u2."EmailVerificationToken" AS "EmailVerificationToken0", u2."FirstName" AS "FirstName0", u2."IsActive" AS "IsActive0", u2."IsDeleted" AS "IsDeleted1", u2."IsEmailVerified" AS "IsEmailVerified0", u2."LastLoginAt" AS "LastLoginAt0", u2."LastName" AS "LastName0", u2."OrganizationId" AS "OrganizationId1", u2."PasswordHash" AS "PasswordHash0", u2."PasswordResetExpiry" AS "PasswordResetExpiry0", u2."PasswordResetToken" AS "PasswordResetToken0", u2."ProfilePictureUrl" AS "ProfilePictureUrl0", u2."RefreshToken" AS "RefreshToken0", u2."RefreshTokenExpiry" AS "RefreshTokenExpiry0", u2."Role" AS "Role0", u2."UpdatedAt" AS "UpdatedAt1"
    FROM "Projects" AS p
    INNER JOIN (
        SELECT u."Id", u."CreatedAt", u."DeletedAt", u."Email", u."EmailVerificationExpiry", u."EmailVerificationToken", u."FirstName", u."IsActive", u."IsDeleted", u."IsEmailVerified", u."LastLoginAt", u."LastName", u."OrganizationId", u."PasswordHash", u."PasswordResetExpiry", u."PasswordResetToken", u."ProfilePictureUrl", u."RefreshToken", u."RefreshTokenExpiry", u."Role", u."UpdatedAt"
        FROM "Users" AS u
        WHERE NOT (u."IsDeleted")
    ) AS u0 ON p."CreatedByUserId" = u0."Id"
    LEFT JOIN (
        SELECT u1."Id", u1."CreatedAt", u1."DeletedAt", u1."Email", u1."EmailVerificationExpiry", u1."EmailVerificationToken", u1."FirstName", u1."IsActive", u1."IsDeleted", u1."IsEmailVerified", u1."LastLoginAt", u1."LastName", u1."OrganizationId", u1."PasswordHash", u1."PasswordResetExpiry", u1."PasswordResetToken", u1."ProfilePictureUrl", u1."RefreshToken", u1."RefreshTokenExpiry", u1."Role", u1."UpdatedAt"
        FROM "Users" AS u1
        WHERE NOT (u1."IsDeleted")
    ) AS u2 ON p."ProjectLeadUserId" = u2."Id"
    WHERE NOT (p."IsDeleted") AND p."Id" = @__projectId_0
    LIMIT 1
) AS s
LEFT JOIN (
    SELECT t."Id", t."ActualMinutes", t."AssignedToUserId", t."CompletedAt", t."CreatedAt", t."CreatedByUserId", t."DeletedAt", t."Description", t."DueDate", t."EstimatedMinutes", t."IsDeleted", t."OrderIndex", t."OrganizationId", t."ParentTaskId", t."Priority", t."ProjectId", t."StartDate", t."Status", t."Title", t."UpdatedAt"
    FROM "Tasks" AS t
    WHERE NOT (t."IsDeleted")
) AS t0 ON s."Id" = t0."ProjectId"
ORDER BY s."Id", s."Id0", s."Id1"
2026-07-28 14:16:04.180 +06:00 [INF] [0HNNCFT1DT751:00000001] [0HNNCFT1DT751:00000001] GET /api/projects/00000000-0000-0000-0003-000000000001 → 200 (74.2ms)
2026-07-28 14:16:07.777 +06:00 [DBG] [0HNNCFT1DT752:00000001] Permission granted: Owner → tasks.update.own
2026-07-28 14:16:07.781 +06:00 [INF] [0HNNCFT1DT752:00000001] Executed DbCommand (1ms) [Parameters=[@___currentUser_UserId_0='00000000-0000-0000-0002-000000000001'], CommandType='"Text"', CommandTimeout='30']
SELECT u."Id", u."CreatedAt", u."DeletedAt", u."Email", u."EmailVerificationExpiry", u."EmailVerificationToken", u."FirstName", u."IsActive", u."IsDeleted", u."IsEmailVerified", u."LastLoginAt", u."LastName", u."OrganizationId", u."PasswordHash", u."PasswordResetExpiry", u."PasswordResetToken", u."ProfilePictureUrl", u."RefreshToken", u."RefreshTokenExpiry", u."Role", u."UpdatedAt", o0."Id", o0."CreatedAt", o0."DeletedAt", o0."Description", o0."IsActive", o0."IsDeleted", o0."LogoUrl", o0."Name", o0."Plan", o0."Slug", o0."UpdatedAt"
FROM "Users" AS u
INNER JOIN (
    SELECT o."Id", o."CreatedAt", o."DeletedAt", o."Description", o."IsActive", o."IsDeleted", o."LogoUrl", o."Name", o."Plan", o."Slug", o."UpdatedAt"
    FROM "Organizations" AS o
    WHERE NOT (o."IsDeleted")
) AS o0 ON u."OrganizationId" = o0."Id"
WHERE NOT (u."IsDeleted") AND u."Id" = @___currentUser_UserId_0
LIMIT 1
2026-07-28 14:16:07.853 +06:00 [WRN] [0HNNCFT1DT752:00000001] Compiling a query which loads related collections for more than one collection navigation, either via 'Include' or through projection, but no 'QuerySplittingBehavior' has been configured. By default, Entity Framework will use 'QuerySplittingBehavior.SingleQuery', which can potentially result in slow query performance. See https://go.microsoft.com/fwlink/?linkid=2134277 for more information. To identify the query that's triggering this warning call 'ConfigureWarnings(w => w.Throw(RelationalEventId.MultipleCollectionIncludeWarning))'.
2026-07-28 14:16:07.950 +06:00 [INF] [0HNNCFT1DT752:00000001] Executed DbCommand (4ms) [Parameters=[@__taskId_0='00000000-0000-0000-0004-000000000002'], CommandType='"Text"', CommandTimeout='30']
SELECT s."Id", s."ActualMinutes", s."AssignedToUserId", s."CompletedAt", s."CreatedAt", s."CreatedByUserId", s."DeletedAt", s."Description", s."DueDate", s."EstimatedMinutes", s."IsDeleted", s."OrderIndex", s."OrganizationId", s."ParentTaskId", s."Priority", s."ProjectId", s."StartDate", s."Status", s."Title", s."UpdatedAt", s."Id0", s."CreatedAt0", s."DeletedAt0", s."Email", s."EmailVerificationExpiry", s."EmailVerificationToken", s."FirstName", s."IsActive", s."IsDeleted0", s."IsEmailVerified", s."LastLoginAt", s."LastName", s."OrganizationId0", s."PasswordHash", s."PasswordResetExpiry", s."PasswordResetToken", s."ProfilePictureUrl", s."RefreshToken", s."RefreshTokenExpiry", s."Role", s."UpdatedAt0", s."Id1", s."CreatedAt1", s."DeletedAt1", s."Email0", s."EmailVerificationExpiry0", s."EmailVerificationToken0", s."FirstName0", s."IsActive0", s."IsDeleted1", s."IsEmailVerified0", s."LastLoginAt0", s."LastName0", s."OrganizationId1", s."PasswordHash0", s."PasswordResetExpiry0", s."PasswordResetToken0", s."ProfilePictureUrl0", s."RefreshToken0", s."RefreshTokenExpiry0", s."Role0", s."UpdatedAt1", s."Id2", s."CreatedAt2", s."CreatedByUserId0", s."DeletedAt2", s."Description0", s."DueDate0", s."IsDeleted2", s."Name", s."OrganizationId2", s."ProjectLeadUserId", s."StartDate0", s."Status0", s."UpdatedAt2", s0."TaskId", s0."UserId", s0."AssignedAt", s0."AssignedByUserId", s0."Id", s0."CreatedAt", s0."DeletedAt", s0."Email", s0."EmailVerificationExpiry", s0."EmailVerificationToken", s0."FirstName", s0."IsActive", s0."IsDeleted", s0."IsEmailVerified", s0."LastLoginAt", s0."LastName", s0."OrganizationId", s0."PasswordHash", s0."PasswordResetExpiry", s0."PasswordResetToken", s0."ProfilePictureUrl", s0."RefreshToken", s0."RefreshTokenExpiry", s0."Role", s0."UpdatedAt", t2."Id", t2."ActualMinutes", t2."AssignedToUserId", t2."CompletedAt", t2."CreatedAt", t2."CreatedByUserId", t2."DeletedAt", t2."Description", t2."DueDate", t2."EstimatedMinutes", t2."IsDeleted", t2."OrderIndex", t2."OrganizationId", t2."ParentTaskId", t2."Priority", t2."ProjectId", t2."StartDate", t2."Status", t2."Title", t2."UpdatedAt"
FROM (
    SELECT t."Id", t."ActualMinutes", t."AssignedToUserId", t."CompletedAt", t."CreatedAt", t."CreatedByUserId", t."DeletedAt", t."Description", t."DueDate", t."EstimatedMinutes", t."IsDeleted", t."OrderIndex", t."OrganizationId", t."ParentTaskId", t."Priority", t."ProjectId", t."StartDate", t."Status", t."Title", t."UpdatedAt", u0."Id" AS "Id0", u0."CreatedAt" AS "CreatedAt0", u0."DeletedAt" AS "DeletedAt0", u0."Email", u0."EmailVerificationExpiry", u0."EmailVerificationToken", u0."FirstName", u0."IsActive", u0."IsDeleted" AS "IsDeleted0", u0."IsEmailVerified", u0."LastLoginAt", u0."LastName", u0."OrganizationId" AS "OrganizationId0", u0."PasswordHash", u0."PasswordResetExpiry", u0."PasswordResetToken", u0."ProfilePictureUrl", u0."RefreshToken", u0."RefreshTokenExpiry", u0."Role", u0."UpdatedAt" AS "UpdatedAt0", u2."Id" AS "Id1", u2."CreatedAt" AS "CreatedAt1", u2."DeletedAt" AS "DeletedAt1", u2."Email" AS "Email0", u2."EmailVerificationExpiry" AS "EmailVerificationExpiry0", u2."EmailVerificationToken" AS "EmailVerificationToken0", u2."FirstName" AS "FirstName0", u2."IsActive" AS "IsActive0", u2."IsDeleted" AS "IsDeleted1", u2."IsEmailVerified" AS "IsEmailVerified0", u2."LastLoginAt" AS "LastLoginAt0", u2."LastName" AS "LastName0", u2."OrganizationId" AS "OrganizationId1", u2."PasswordHash" AS "PasswordHash0", u2."PasswordResetExpiry" AS "PasswordResetExpiry0", u2."PasswordResetToken" AS "PasswordResetToken0", u2."ProfilePictureUrl" AS "ProfilePictureUrl0", u2."RefreshToken" AS "RefreshToken0", u2."RefreshTokenExpiry" AS "RefreshTokenExpiry0", u2."Role" AS "Role0", u2."UpdatedAt" AS "UpdatedAt1", p0."Id" AS "Id2", p0."CreatedAt" AS "CreatedAt2", p0."CreatedByUserId" AS "CreatedByUserId0", p0."DeletedAt" AS "DeletedAt2", p0."Description" AS "Description0", p0."DueDate" AS "DueDate0", p0."IsDeleted" AS "IsDeleted2", p0."Name", p0."OrganizationId" AS "OrganizationId2", p0."ProjectLeadUserId", p0."StartDate" AS "StartDate0", p0."Status" AS "Status0", p0."UpdatedAt" AS "UpdatedAt2"
    FROM "Tasks" AS t
    INNER JOIN (
        SELECT u."Id", u."CreatedAt", u."DeletedAt", u."Email", u."EmailVerificationExpiry", u."EmailVerificationToken", u."FirstName", u."IsActive", u."IsDeleted", u."IsEmailVerified", u."LastLoginAt", u."LastName", u."OrganizationId", u."PasswordHash", u."PasswordResetExpiry", u."PasswordResetToken", u."ProfilePictureUrl", u."RefreshToken", u."RefreshTokenExpiry", u."Role", u."UpdatedAt"
        FROM "Users" AS u
        WHERE NOT (u."IsDeleted")
    ) AS u0 ON t."CreatedByUserId" = u0."Id"
    LEFT JOIN (
        SELECT u1."Id", u1."CreatedAt", u1."DeletedAt", u1."Email", u1."EmailVerificationExpiry", u1."EmailVerificationToken", u1."FirstName", u1."IsActive", u1."IsDeleted", u1."IsEmailVerified", u1."LastLoginAt", u1."LastName", u1."OrganizationId", u1."PasswordHash", u1."PasswordResetExpiry", u1."PasswordResetToken", u1."ProfilePictureUrl", u1."RefreshToken", u1."RefreshTokenExpiry", u1."Role", u1."UpdatedAt"
        FROM "Users" AS u1
        WHERE NOT (u1."IsDeleted")
    ) AS u2 ON t."AssignedToUserId" = u2."Id"
    INNER JOIN (
        SELECT p."Id", p."CreatedAt", p."CreatedByUserId", p."DeletedAt", p."Description", p."DueDate", p."IsDeleted", p."Name", p."OrganizationId", p."ProjectLeadUserId", p."StartDate", p."Status", p."UpdatedAt"
        FROM "Projects" AS p
        WHERE NOT (p."IsDeleted")
    ) AS p0 ON t."ProjectId" = p0."Id"
    WHERE NOT (t."IsDeleted") AND t."Id" = @__taskId_0
    LIMIT 1
) AS s
LEFT JOIN (
    SELECT t0."TaskId", t0."UserId", t0."AssignedAt", t0."AssignedByUserId", u4."Id", u4."CreatedAt", u4."DeletedAt", u4."Email", u4."EmailVerificationExpiry", u4."EmailVerificationToken", u4."FirstName", u4."IsActive", u4."IsDeleted", u4."IsEmailVerified", u4."LastLoginAt", u4."LastName", u4."OrganizationId", u4."PasswordHash", u4."PasswordResetExpiry", u4."PasswordResetToken", u4."ProfilePictureUrl", u4."RefreshToken", u4."RefreshTokenExpiry", u4."Role", u4."UpdatedAt"
    FROM "TaskAssignees" AS t0
    INNER JOIN (
        SELECT u3."Id", u3."CreatedAt", u3."DeletedAt", u3."Email", u3."EmailVerificationExpiry", u3."EmailVerificationToken", u3."FirstName", u3."IsActive", u3."IsDeleted", u3."IsEmailVerified", u3."LastLoginAt", u3."LastName", u3."OrganizationId", u3."PasswordHash", u3."PasswordResetExpiry", u3."PasswordResetToken", u3."ProfilePictureUrl", u3."RefreshToken", u3."RefreshTokenExpiry", u3."Role", u3."UpdatedAt"
        FROM "Users" AS u3
        WHERE NOT (u3."IsDeleted")
    ) AS u4 ON t0."UserId" = u4."Id"
) AS s0 ON s."Id" = s0."TaskId"
LEFT JOIN (
    SELECT t1."Id", t1."ActualMinutes", t1."AssignedToUserId", t1."CompletedAt", t1."CreatedAt", t1."CreatedByUserId", t1."DeletedAt", t1."Description", t1."DueDate", t1."EstimatedMinutes", t1."IsDeleted", t1."OrderIndex", t1."OrganizationId", t1."ParentTaskId", t1."Priority", t1."ProjectId", t1."StartDate", t1."Status", t1."Title", t1."UpdatedAt"
    FROM "Tasks" AS t1
    WHERE NOT (t1."IsDeleted")
) AS t2 ON s."Id" = t2."ParentTaskId"
ORDER BY s."Id", s."Id0", s."Id1", s."Id2", s0."TaskId", s0."UserId", s0."Id"
2026-07-28 14:16:07.962 +06:00 [DBG] [0HNNCFT1DT752:00000001] Permission check: "00000000-0000-0000-0002-000000000001" (Owner) → tasks.update = true
2026-07-28 14:16:08.002 +06:00 [INF] [0HNNCFT1DT752:00000001] Executed DbCommand (4ms) [Parameters=[@p2='00000000-0000-0000-0004-000000000002', @p0='InProgress' (Nullable = false), @p1='2026-07-28T08:16:07.9964561Z' (DbType = DateTime)], CommandType='"Text"', CommandTimeout='30']
UPDATE "Tasks" SET "Status" = @p0, "UpdatedAt" = @p1
WHERE "Id" = @p2;
2026-07-28 14:16:08.068 +06:00 [INF] [0HNNCFT1DT752:00000001] Executed DbCommand (9ms) [Parameters=[@p0='f31caf49-52ee-41f3-ac3b-557a86937235', @p1='TaskStatusChanged' (Nullable = false), @p2='2026-07-28T08:16:08.0097625Z' (DbType = DateTime), @p3='00000000-0000-0000-0004-000000000002', @p4='Set up CMS platform', @p5='Task' (Nullable = false), @p6='{"from":"InReview","to":"InProgress"}', @p7='00000000-0000-0000-0001-000000000001', @p8='00000000-0000-0000-0003-000000000001' (Nullable = true), @p9='00000000-0000-0000-0002-000000000001', @p10='Demo Owner' (Nullable = false)], CommandType='"Text"', CommandTimeout='30']
INSERT INTO "ActivityLogs" ("Id", "Action", "CreatedAt", "EntityId", "EntityName", "EntityType", "Metadata", "OrganizationId", "ProjectId", "UserId", "UserName")
VALUES (@p0, @p1, @p2, @p3, @p4, @p5, @p6, @p7, @p8, @p9, @p10);
2026-07-28 14:16:08.070 +06:00 [INF] [0HNNCFT1DT752:00000001] Task "00000000-0000-0000-0004-000000000002" status InReview → InProgress by "00000000-0000-0000-0002-000000000001"
2026-07-28 14:16:08.072 +06:00 [INF] [0HNNCFT1DT752:00000001] [0HNNCFT1DT752:00000001] PATCH /api/tasks/00000000-0000-0000-0004-000000000002/status → 200 (295.8ms)
2026-07-28 14:16:08.081 +06:00 [DBG] [0HNNCFT1DT754:00000001] Permission granted: Owner → projects.view
2026-07-28 14:16:08.081 +06:00 [DBG] [0HNNCFT1DT753:00000001] Permission granted: Owner → tasks.view
2026-07-28 14:16:08.083 +06:00 [INF] [0HNNCFT1DT753:00000001] Executed DbCommand (1ms) [Parameters=[@___currentUser_UserId_0='00000000-0000-0000-0002-000000000001'], CommandType='"Text"', CommandTimeout='30']
SELECT u."Id", u."CreatedAt", u."DeletedAt", u."Email", u."EmailVerificationExpiry", u."EmailVerificationToken", u."FirstName", u."IsActive", u."IsDeleted", u."IsEmailVerified", u."LastLoginAt", u."LastName", u."OrganizationId", u."PasswordHash", u."PasswordResetExpiry", u."PasswordResetToken", u."ProfilePictureUrl", u."RefreshToken", u."RefreshTokenExpiry", u."Role", u."UpdatedAt", o0."Id", o0."CreatedAt", o0."DeletedAt", o0."Description", o0."IsActive", o0."IsDeleted", o0."LogoUrl", o0."Name", o0."Plan", o0."Slug", o0."UpdatedAt"
FROM "Users" AS u
INNER JOIN (
    SELECT o."Id", o."CreatedAt", o."DeletedAt", o."Description", o."IsActive", o."IsDeleted", o."LogoUrl", o."Name", o."Plan", o."Slug", o."UpdatedAt"
    FROM "Organizations" AS o
    WHERE NOT (o."IsDeleted")
) AS o0 ON u."OrganizationId" = o0."Id"
WHERE NOT (u."IsDeleted") AND u."Id" = @___currentUser_UserId_0
LIMIT 1
2026-07-28 14:16:08.083 +06:00 [INF] [0HNNCFT1DT754:00000001] Executed DbCommand (1ms) [Parameters=[@___currentUser_UserId_0='00000000-0000-0000-0002-000000000001'], CommandType='"Text"', CommandTimeout='30']
SELECT u."Id", u."CreatedAt", u."DeletedAt", u."Email", u."EmailVerificationExpiry", u."EmailVerificationToken", u."FirstName", u."IsActive", u."IsDeleted", u."IsEmailVerified", u."LastLoginAt", u."LastName", u."OrganizationId", u."PasswordHash", u."PasswordResetExpiry", u."PasswordResetToken", u."ProfilePictureUrl", u."RefreshToken", u."RefreshTokenExpiry", u."Role", u."UpdatedAt", o0."Id", o0."CreatedAt", o0."DeletedAt", o0."Description", o0."IsActive", o0."IsDeleted", o0."LogoUrl", o0."Name", o0."Plan", o0."Slug", o0."UpdatedAt"
FROM "Users" AS u
INNER JOIN (
    SELECT o."Id", o."CreatedAt", o."DeletedAt", o."Description", o."IsActive", o."IsDeleted", o."LogoUrl", o."Name", o."Plan", o."Slug", o."UpdatedAt"
    FROM "Organizations" AS o
    WHERE NOT (o."IsDeleted")
) AS o0 ON u."OrganizationId" = o0."Id"
WHERE NOT (u."IsDeleted") AND u."Id" = @___currentUser_UserId_0
LIMIT 1
2026-07-28 14:16:08.086 +06:00 [INF] [0HNNCFT1DT753:00000001] Executed DbCommand (1ms) [Parameters=[@__projectId_0='00000000-0000-0000-0003-000000000001'], CommandType='"Text"', CommandTimeout='30']
SELECT p."Id", p."CreatedAt", p."CreatedByUserId", p."DeletedAt", p."Description", p."DueDate", p."IsDeleted", p."Name", p."OrganizationId", p."ProjectLeadUserId", p."StartDate", p."Status", p."UpdatedAt"
FROM "Projects" AS p
WHERE NOT (p."IsDeleted") AND p."Id" = @__projectId_0
LIMIT 1
2026-07-28 14:16:08.087 +06:00 [INF] [0HNNCFT1DT754:00000001] Executed DbCommand (2ms) [Parameters=[@__projectId_0='00000000-0000-0000-0003-000000000001'], CommandType='"Text"', CommandTimeout='30']
SELECT s."Id", s."CreatedAt", s."CreatedByUserId", s."DeletedAt", s."Description", s."DueDate", s."IsDeleted", s."Name", s."OrganizationId", s."ProjectLeadUserId", s."StartDate", s."Status", s."UpdatedAt", s."Id0", s."CreatedAt0", s."DeletedAt0", s."Email", s."EmailVerificationExpiry", s."EmailVerificationToken", s."FirstName", s."IsActive", s."IsDeleted0", s."IsEmailVerified", s."LastLoginAt", s."LastName", s."OrganizationId0", s."PasswordHash", s."PasswordResetExpiry", s."PasswordResetToken", s."ProfilePictureUrl", s."RefreshToken", s."RefreshTokenExpiry", s."Role", s."UpdatedAt0", s."Id1", s."CreatedAt1", s."DeletedAt1", s."Email0", s."EmailVerificationExpiry0", s."EmailVerificationToken0", s."FirstName0", s."IsActive0", s."IsDeleted1", s."IsEmailVerified0", s."LastLoginAt0", s."LastName0", s."OrganizationId1", s."PasswordHash0", s."PasswordResetExpiry0", s."PasswordResetToken0", s."ProfilePictureUrl0", s."RefreshToken0", s."RefreshTokenExpiry0", s."Role0", s."UpdatedAt1", t0."Id", t0."ActualMinutes", t0."AssignedToUserId", t0."CompletedAt", t0."CreatedAt", t0."CreatedByUserId", t0."DeletedAt", t0."Description", t0."DueDate", t0."EstimatedMinutes", t0."IsDeleted", t0."OrderIndex", t0."OrganizationId", t0."ParentTaskId", t0."Priority", t0."ProjectId", t0."StartDate", t0."Status", t0."Title", t0."UpdatedAt"
FROM (
    SELECT p."Id", p."CreatedAt", p."CreatedByUserId", p."DeletedAt", p."Description", p."DueDate", p."IsDeleted", p."Name", p."OrganizationId", p."ProjectLeadUserId", p."StartDate", p."Status", p."UpdatedAt", u0."Id" AS "Id0", u0."CreatedAt" AS "CreatedAt0", u0."DeletedAt" AS "DeletedAt0", u0."Email", u0."EmailVerificationExpiry", u0."EmailVerificationToken", u0."FirstName", u0."IsActive", u0."IsDeleted" AS "IsDeleted0", u0."IsEmailVerified", u0."LastLoginAt", u0."LastName", u0."OrganizationId" AS "OrganizationId0", u0."PasswordHash", u0."PasswordResetExpiry", u0."PasswordResetToken", u0."ProfilePictureUrl", u0."RefreshToken", u0."RefreshTokenExpiry", u0."Role", u0."UpdatedAt" AS "UpdatedAt0", u2."Id" AS "Id1", u2."CreatedAt" AS "CreatedAt1", u2."DeletedAt" AS "DeletedAt1", u2."Email" AS "Email0", u2."EmailVerificationExpiry" AS "EmailVerificationExpiry0", u2."EmailVerificationToken" AS "EmailVerificationToken0", u2."FirstName" AS "FirstName0", u2."IsActive" AS "IsActive0", u2."IsDeleted" AS "IsDeleted1", u2."IsEmailVerified" AS "IsEmailVerified0", u2."LastLoginAt" AS "LastLoginAt0", u2."LastName" AS "LastName0", u2."OrganizationId" AS "OrganizationId1", u2."PasswordHash" AS "PasswordHash0", u2."PasswordResetExpiry" AS "PasswordResetExpiry0", u2."PasswordResetToken" AS "PasswordResetToken0", u2."ProfilePictureUrl" AS "ProfilePictureUrl0", u2."RefreshToken" AS "RefreshToken0", u2."RefreshTokenExpiry" AS "RefreshTokenExpiry0", u2."Role" AS "Role0", u2."UpdatedAt" AS "UpdatedAt1"
    FROM "Projects" AS p
    INNER JOIN (
        SELECT u."Id", u."CreatedAt", u."DeletedAt", u."Email", u."EmailVerificationExpiry", u."EmailVerificationToken", u."FirstName", u."IsActive", u."IsDeleted", u."IsEmailVerified", u."LastLoginAt", u."LastName", u."OrganizationId", u."PasswordHash", u."PasswordResetExpiry", u."PasswordResetToken", u."ProfilePictureUrl", u."RefreshToken", u."RefreshTokenExpiry", u."Role", u."UpdatedAt"
        FROM "Users" AS u
        WHERE NOT (u."IsDeleted")
    ) AS u0 ON p."CreatedByUserId" = u0."Id"
    LEFT JOIN (
        SELECT u1."Id", u1."CreatedAt", u1."DeletedAt", u1."Email", u1."EmailVerificationExpiry", u1."EmailVerificationToken", u1."FirstName", u1."IsActive", u1."IsDeleted", u1."IsEmailVerified", u1."LastLoginAt", u1."LastName", u1."OrganizationId", u1."PasswordHash", u1."PasswordResetExpiry", u1."PasswordResetToken", u1."ProfilePictureUrl", u1."RefreshToken", u1."RefreshTokenExpiry", u1."Role", u1."UpdatedAt"
        FROM "Users" AS u1
        WHERE NOT (u1."IsDeleted")
    ) AS u2 ON p."ProjectLeadUserId" = u2."Id"
    WHERE NOT (p."IsDeleted") AND p."Id" = @__projectId_0
    LIMIT 1
) AS s
LEFT JOIN (
    SELECT t."Id", t."ActualMinutes", t."AssignedToUserId", t."CompletedAt", t."CreatedAt", t."CreatedByUserId", t."DeletedAt", t."Description", t."DueDate", t."EstimatedMinutes", t."IsDeleted", t."OrderIndex", t."OrganizationId", t."ParentTaskId", t."Priority", t."ProjectId", t."StartDate", t."Status", t."Title", t."UpdatedAt"
    FROM "Tasks" AS t
    WHERE NOT (t."IsDeleted")
) AS t0 ON s."Id" = t0."ProjectId"
ORDER BY s."Id", s."Id0", s."Id1"
2026-07-28 14:16:08.088 +06:00 [INF] [0HNNCFT1DT753:00000001] Executed DbCommand (1ms) [Parameters=[@__projectId_0='00000000-0000-0000-0003-000000000001'], CommandType='"Text"', CommandTimeout='30']
SELECT count(*)::int
FROM "Tasks" AS t
WHERE NOT (t."IsDeleted") AND t."ProjectId" = @__projectId_0
2026-07-28 14:16:08.089 +06:00 [INF] [0HNNCFT1DT754:00000001] [0HNNCFT1DT754:00000001] GET /api/projects/00000000-0000-0000-0003-000000000001 → 200 (9.0ms)
2026-07-28 14:16:08.093 +06:00 [INF] [0HNNCFT1DT753:00000001] Executed DbCommand (4ms) [Parameters=[@__projectId_0='00000000-0000-0000-0003-000000000001', @__p_2='100', @__p_1='0'], CommandType='"Text"', CommandTimeout='30']
SELECT t0."Id", t0."ActualMinutes", t0."AssignedToUserId", t0."CompletedAt", t0."CreatedAt", t0."CreatedByUserId", t0."DeletedAt", t0."Description", t0."DueDate", t0."EstimatedMinutes", t0."IsDeleted", t0."OrderIndex", t0."OrganizationId", t0."ParentTaskId", t0."Priority", t0."ProjectId", t0."StartDate", t0."Status", t0."Title", t0."UpdatedAt", u0."Id", u0."CreatedAt", u0."DeletedAt", u0."Email", u0."EmailVerificationExpiry", u0."EmailVerificationToken", u0."FirstName", u0."IsActive", u0."IsDeleted", u0."IsEmailVerified", u0."LastLoginAt", u0."LastName", u0."OrganizationId", u0."PasswordHash", u0."PasswordResetExpiry", u0."PasswordResetToken", u0."ProfilePictureUrl", u0."RefreshToken", u0."RefreshTokenExpiry", u0."Role", u0."UpdatedAt", u2."Id", u2."CreatedAt", u2."DeletedAt", u2."Email", u2."EmailVerificationExpiry", u2."EmailVerificationToken", u2."FirstName", u2."IsActive", u2."IsDeleted", u2."IsEmailVerified", u2."LastLoginAt", u2."LastName", u2."OrganizationId", u2."PasswordHash", u2."PasswordResetExpiry", u2."PasswordResetToken", u2."ProfilePictureUrl", u2."RefreshToken", u2."RefreshTokenExpiry", u2."Role", u2."UpdatedAt", p0."Id", p0."CreatedAt", p0."CreatedByUserId", p0."DeletedAt", p0."Description", p0."DueDate", p0."IsDeleted", p0."Name", p0."OrganizationId", p0."ProjectLeadUserId", p0."StartDate", p0."Status", p0."UpdatedAt", s."TaskId", s."UserId", s."AssignedAt", s."AssignedByUserId", s."Id", s."CreatedAt", s."DeletedAt", s."Email", s."EmailVerificationExpiry", s."EmailVerificationToken", s."FirstName", s."IsActive", s."IsDeleted", s."IsEmailVerified", s."LastLoginAt", s."LastName", s."OrganizationId", s."PasswordHash", s."PasswordResetExpiry", s."PasswordResetToken", s."ProfilePictureUrl", s."RefreshToken", s."RefreshTokenExpiry", s."Role", s."UpdatedAt", t3."Id", t3."ActualMinutes", t3."AssignedToUserId", t3."CompletedAt", t3."CreatedAt", t3."CreatedByUserId", t3."DeletedAt", t3."Description", t3."DueDate", t3."EstimatedMinutes", t3."IsDeleted", t3."OrderIndex", t3."OrganizationId", t3."ParentTaskId", t3."Priority", t3."ProjectId", t3."StartDate", t3."Status", t3."Title", t3."UpdatedAt"
FROM (
    SELECT t."Id", t."ActualMinutes", t."AssignedToUserId", t."CompletedAt", t."CreatedAt", t."CreatedByUserId", t."DeletedAt", t."Description", t."DueDate", t."EstimatedMinutes", t."IsDeleted", t."OrderIndex", t."OrganizationId", t."ParentTaskId", t."Priority", t."ProjectId", t."StartDate", t."Status", t."Title", t."UpdatedAt"
    FROM "Tasks" AS t
    WHERE NOT (t."IsDeleted") AND t."ProjectId" = @__projectId_0
    ORDER BY t."OrderIndex"
    LIMIT @__p_2 OFFSET @__p_1
) AS t0
INNER JOIN (
    SELECT u."Id", u."CreatedAt", u."DeletedAt", u."Email", u."EmailVerificationExpiry", u."EmailVerificationToken", u."FirstName", u."IsActive", u."IsDeleted", u."IsEmailVerified", u."LastLoginAt", u."LastName", u."OrganizationId", u."PasswordHash", u."PasswordResetExpiry", u."PasswordResetToken", u."ProfilePictureUrl", u."RefreshToken", u."RefreshTokenExpiry", u."Role", u."UpdatedAt"
    FROM "Users" AS u
    WHERE NOT (u."IsDeleted")
) AS u0 ON t0."CreatedByUserId" = u0."Id"
LEFT JOIN (
    SELECT u1."Id", u1."CreatedAt", u1."DeletedAt", u1."Email", u1."EmailVerificationExpiry", u1."EmailVerificationToken", u1."FirstName", u1."IsActive", u1."IsDeleted", u1."IsEmailVerified", u1."LastLoginAt", u1."LastName", u1."OrganizationId", u1."PasswordHash", u1."PasswordResetExpiry", u1."PasswordResetToken", u1."ProfilePictureUrl", u1."RefreshToken", u1."RefreshTokenExpiry", u1."Role", u1."UpdatedAt"
    FROM "Users" AS u1
    WHERE NOT (u1."IsDeleted")
) AS u2 ON t0."AssignedToUserId" = u2."Id"
INNER JOIN (
    SELECT p."Id", p."CreatedAt", p."CreatedByUserId", p."DeletedAt", p."Description", p."DueDate", p."IsDeleted", p."Name", p."OrganizationId", p."ProjectLeadUserId", p."StartDate", p."Status", p."UpdatedAt"
    FROM "Projects" AS p
    WHERE NOT (p."IsDeleted")
) AS p0 ON t0."ProjectId" = p0."Id"
LEFT JOIN (
    SELECT t1."TaskId", t1."UserId", t1."AssignedAt", t1."AssignedByUserId", u4."Id", u4."CreatedAt", u4."DeletedAt", u4."Email", u4."EmailVerificationExpiry", u4."EmailVerificationToken", u4."FirstName", u4."IsActive", u4."IsDeleted", u4."IsEmailVerified", u4."LastLoginAt", u4."LastName", u4."OrganizationId", u4."PasswordHash", u4."PasswordResetExpiry", u4."PasswordResetToken", u4."ProfilePictureUrl", u4."RefreshToken", u4."RefreshTokenExpiry", u4."Role", u4."UpdatedAt"
    FROM "TaskAssignees" AS t1
    INNER JOIN (
        SELECT u3."Id", u3."CreatedAt", u3."DeletedAt", u3."Email", u3."EmailVerificationExpiry", u3."EmailVerificationToken", u3."FirstName", u3."IsActive", u3."IsDeleted", u3."IsEmailVerified", u3."LastLoginAt", u3."LastName", u3."OrganizationId", u3."PasswordHash", u3."PasswordResetExpiry", u3."PasswordResetToken", u3."ProfilePictureUrl", u3."RefreshToken", u3."RefreshTokenExpiry", u3."Role", u3."UpdatedAt"
        FROM "Users" AS u3
        WHERE NOT (u3."IsDeleted")
    ) AS u4 ON t1."UserId" = u4."Id"
) AS s ON t0."Id" = s."TaskId"
LEFT JOIN (
    SELECT t2."Id", t2."ActualMinutes", t2."AssignedToUserId", t2."CompletedAt", t2."CreatedAt", t2."CreatedByUserId", t2."DeletedAt", t2."Description", t2."DueDate", t2."EstimatedMinutes", t2."IsDeleted", t2."OrderIndex", t2."OrganizationId", t2."ParentTaskId", t2."Priority", t2."ProjectId", t2."StartDate", t2."Status", t2."Title", t2."UpdatedAt"
    FROM "Tasks" AS t2
    WHERE NOT (t2."IsDeleted")
) AS t3 ON t0."Id" = t3."ParentTaskId"
ORDER BY t0."OrderIndex", t0."Id", u0."Id", u2."Id", p0."Id", s."TaskId", s."UserId", s."Id"
2026-07-28 14:16:08.095 +06:00 [INF] [0HNNCFT1DT753:00000001] [0HNNCFT1DT753:00000001] GET /api/projects/00000000-0000-0000-0003-000000000001/tasks → 200 (14.4ms)
2026-07-28 14:16:24.323 +06:00 [DBG] [0HNNCFT1DT755:00000001] Permission granted: Owner → projects.view
2026-07-28 14:16:24.326 +06:00 [INF] [0HNNCFT1DT755:00000001] Executed DbCommand (1ms) [Parameters=[@___currentUser_UserId_0='00000000-0000-0000-0002-000000000001'], CommandType='"Text"', CommandTimeout='30']
SELECT u."Id", u."CreatedAt", u."DeletedAt", u."Email", u."EmailVerificationExpiry", u."EmailVerificationToken", u."FirstName", u."IsActive", u."IsDeleted", u."IsEmailVerified", u."LastLoginAt", u."LastName", u."OrganizationId", u."PasswordHash", u."PasswordResetExpiry", u."PasswordResetToken", u."ProfilePictureUrl", u."RefreshToken", u."RefreshTokenExpiry", u."Role", u."UpdatedAt", o0."Id", o0."CreatedAt", o0."DeletedAt", o0."Description", o0."IsActive", o0."IsDeleted", o0."LogoUrl", o0."Name", o0."Plan", o0."Slug", o0."UpdatedAt"
FROM "Users" AS u
INNER JOIN (
    SELECT o."Id", o."CreatedAt", o."DeletedAt", o."Description", o."IsActive", o."IsDeleted", o."LogoUrl", o."Name", o."Plan", o."Slug", o."UpdatedAt"
    FROM "Organizations" AS o
    WHERE NOT (o."IsDeleted")
) AS o0 ON u."OrganizationId" = o0."Id"
WHERE NOT (u."IsDeleted") AND u."Id" = @___currentUser_UserId_0
LIMIT 1
2026-07-28 14:16:24.329 +06:00 [INF] [0HNNCFT1DT755:00000001] Executed DbCommand (1ms) [Parameters=[@___currentUser_OrganizationId_0='00000000-0000-0000-0001-000000000001', @__p_2='25', @__p_1='0'], CommandType='"Text"', CommandTimeout='30']
SELECT a."Id", a."Action", a."CreatedAt", a."EntityId", a."EntityName", a."EntityType", a."Metadata", a."OrganizationId", a."ProjectId", a."UserId", a."UserName"
FROM "ActivityLogs" AS a
WHERE a."OrganizationId" = @___currentUser_OrganizationId_0
ORDER BY a."CreatedAt" DESC
LIMIT @__p_2 OFFSET @__p_1
2026-07-28 14:16:24.330 +06:00 [INF] [0HNNCFT1DT755:00000001] [0HNNCFT1DT755:00000001] GET /api/activity → 200 (7.4ms)
2026-07-28 14:16:25.315 +06:00 [DBG] [0HNNCFT1DT756:00000001] Permission granted: Owner → projects.view
2026-07-28 14:16:25.317 +06:00 [INF] [0HNNCFT1DT756:00000001] Executed DbCommand (1ms) [Parameters=[@___currentUser_UserId_0='00000000-0000-0000-0002-000000000001'], CommandType='"Text"', CommandTimeout='30']
SELECT u."Id", u."CreatedAt", u."DeletedAt", u."Email", u."EmailVerificationExpiry", u."EmailVerificationToken", u."FirstName", u."IsActive", u."IsDeleted", u."IsEmailVerified", u."LastLoginAt", u."LastName", u."OrganizationId", u."PasswordHash", u."PasswordResetExpiry", u."PasswordResetToken", u."ProfilePictureUrl", u."RefreshToken", u."RefreshTokenExpiry", u."Role", u."UpdatedAt", o0."Id", o0."CreatedAt", o0."DeletedAt", o0."Description", o0."IsActive", o0."IsDeleted", o0."LogoUrl", o0."Name", o0."Plan", o0."Slug", o0."UpdatedAt"
FROM "Users" AS u
INNER JOIN (
    SELECT o."Id", o."CreatedAt", o."DeletedAt", o."Description", o."IsActive", o."IsDeleted", o."LogoUrl", o."Name", o."Plan", o."Slug", o."UpdatedAt"
    FROM "Organizations" AS o
    WHERE NOT (o."IsDeleted")
) AS o0 ON u."OrganizationId" = o0."Id"
WHERE NOT (u."IsDeleted") AND u."Id" = @___currentUser_UserId_0
LIMIT 1
2026-07-28 14:16:25.321 +06:00 [INF] [0HNNCFT1DT756:00000001] Executed DbCommand (3ms) [Parameters=[@___currentUser_OrganizationId_0='00000000-0000-0000-0001-000000000001', @__p_2='25', @__p_1='0'], CommandType='"Text"', CommandTimeout='30']
SELECT a."Id", a."Action", a."CreatedAt", a."EntityId", a."EntityName", a."EntityType", a."Metadata", a."OrganizationId", a."ProjectId", a."UserId", a."UserName"
FROM "ActivityLogs" AS a
WHERE a."OrganizationId" = @___currentUser_OrganizationId_0
ORDER BY a."CreatedAt" DESC
LIMIT @__p_2 OFFSET @__p_1
2026-07-28 14:16:25.322 +06:00 [INF] [0HNNCFT1DT756:00000001] [0HNNCFT1DT756:00000001] GET /api/activity → 200 (8.1ms)
2026-07-28 14:16:25.579 +06:00 [DBG] [0HNNCFT1DT757:00000001] Permission granted: Owner → projects.view
2026-07-28 14:16:25.582 +06:00 [INF] [0HNNCFT1DT757:00000001] Executed DbCommand (1ms) [Parameters=[@___currentUser_UserId_0='00000000-0000-0000-0002-000000000001'], CommandType='"Text"', CommandTimeout='30']
SELECT u."Id", u."CreatedAt", u."DeletedAt", u."Email", u."EmailVerificationExpiry", u."EmailVerificationToken", u."FirstName", u."IsActive", u."IsDeleted", u."IsEmailVerified", u."LastLoginAt", u."LastName", u."OrganizationId", u."PasswordHash", u."PasswordResetExpiry", u."PasswordResetToken", u."ProfilePictureUrl", u."RefreshToken", u."RefreshTokenExpiry", u."Role", u."UpdatedAt", o0."Id", o0."CreatedAt", o0."DeletedAt", o0."Description", o0."IsActive", o0."IsDeleted", o0."LogoUrl", o0."Name", o0."Plan", o0."Slug", o0."UpdatedAt"
FROM "Users" AS u
INNER JOIN (
    SELECT o."Id", o."CreatedAt", o."DeletedAt", o."Description", o."IsActive", o."IsDeleted", o."LogoUrl", o."Name", o."Plan", o."Slug", o."UpdatedAt"
    FROM "Organizations" AS o
    WHERE NOT (o."IsDeleted")
) AS o0 ON u."OrganizationId" = o0."Id"
WHERE NOT (u."IsDeleted") AND u."Id" = @___currentUser_UserId_0
LIMIT 1
2026-07-28 14:16:25.585 +06:00 [INF] [0HNNCFT1DT757:00000001] Executed DbCommand (3ms) [Parameters=[@___currentUser_OrganizationId_0='00000000-0000-0000-0001-000000000001', @__p_2='25', @__p_1='0'], CommandType='"Text"', CommandTimeout='30']
SELECT a."Id", a."Action", a."CreatedAt", a."EntityId", a."EntityName", a."EntityType", a."Metadata", a."OrganizationId", a."ProjectId", a."UserId", a."UserName"
FROM "ActivityLogs" AS a
WHERE a."OrganizationId" = @___currentUser_OrganizationId_0
ORDER BY a."CreatedAt" DESC
LIMIT @__p_2 OFFSET @__p_1
2026-07-28 14:16:25.586 +06:00 [INF] [0HNNCFT1DT757:00000001] [0HNNCFT1DT757:00000001] GET /api/activity → 200 (7.8ms)
2026-07-28 14:16:25.755 +06:00 [DBG] [0HNNCFT1DT758:00000001] Permission granted: Owner → projects.view
2026-07-28 14:16:25.757 +06:00 [INF] [0HNNCFT1DT758:00000001] Executed DbCommand (1ms) [Parameters=[@___currentUser_UserId_0='00000000-0000-0000-0002-000000000001'], CommandType='"Text"', CommandTimeout='30']
SELECT u."Id", u."CreatedAt", u."DeletedAt", u."Email", u."EmailVerificationExpiry", u."EmailVerificationToken", u."FirstName", u."IsActive", u."IsDeleted", u."IsEmailVerified", u."LastLoginAt", u."LastName", u."OrganizationId", u."PasswordHash", u."PasswordResetExpiry", u."PasswordResetToken", u."ProfilePictureUrl", u."RefreshToken", u."RefreshTokenExpiry", u."Role", u."UpdatedAt", o0."Id", o0."CreatedAt", o0."DeletedAt", o0."Description", o0."IsActive", o0."IsDeleted", o0."LogoUrl", o0."Name", o0."Plan", o0."Slug", o0."UpdatedAt"
FROM "Users" AS u
INNER JOIN (
    SELECT o."Id", o."CreatedAt", o."DeletedAt", o."Description", o."IsActive", o."IsDeleted", o."LogoUrl", o."Name", o."Plan", o."Slug", o."UpdatedAt"
    FROM "Organizations" AS o
    WHERE NOT (o."IsDeleted")
) AS o0 ON u."OrganizationId" = o0."Id"
WHERE NOT (u."IsDeleted") AND u."Id" = @___currentUser_UserId_0
LIMIT 1
2026-07-28 14:16:25.759 +06:00 [INF] [0HNNCFT1DT758:00000001] Executed DbCommand (1ms) [Parameters=[@___currentUser_OrganizationId_0='00000000-0000-0000-0001-000000000001', @__p_2='25', @__p_1='0'], CommandType='"Text"', CommandTimeout='30']
SELECT a."Id", a."Action", a."CreatedAt", a."EntityId", a."EntityName", a."EntityType", a."Metadata", a."OrganizationId", a."ProjectId", a."UserId", a."UserName"
FROM "ActivityLogs" AS a
WHERE a."OrganizationId" = @___currentUser_OrganizationId_0
ORDER BY a."CreatedAt" DESC
LIMIT @__p_2 OFFSET @__p_1
2026-07-28 14:16:25.760 +06:00 [INF] [0HNNCFT1DT758:00000001] [0HNNCFT1DT758:00000001] GET /api/activity → 200 (5.6ms)
2026-07-28 14:16:25.923 +06:00 [DBG] [0HNNCFT1DT759:00000001] Permission granted: Owner → projects.view
2026-07-28 14:16:25.925 +06:00 [INF] [0HNNCFT1DT759:00000001] Executed DbCommand (1ms) [Parameters=[@___currentUser_UserId_0='00000000-0000-0000-0002-000000000001'], CommandType='"Text"', CommandTimeout='30']
SELECT u."Id", u."CreatedAt", u."DeletedAt", u."Email", u."EmailVerificationExpiry", u."EmailVerificationToken", u."FirstName", u."IsActive", u."IsDeleted", u."IsEmailVerified", u."LastLoginAt", u."LastName", u."OrganizationId", u."PasswordHash", u."PasswordResetExpiry", u."PasswordResetToken", u."ProfilePictureUrl", u."RefreshToken", u."RefreshTokenExpiry", u."Role", u."UpdatedAt", o0."Id", o0."CreatedAt", o0."DeletedAt", o0."Description", o0."IsActive", o0."IsDeleted", o0."LogoUrl", o0."Name", o0."Plan", o0."Slug", o0."UpdatedAt"
FROM "Users" AS u
INNER JOIN (
    SELECT o."Id", o."CreatedAt", o."DeletedAt", o."Description", o."IsActive", o."IsDeleted", o."LogoUrl", o."Name", o."Plan", o."Slug", o."UpdatedAt"
    FROM "Organizations" AS o
    WHERE NOT (o."IsDeleted")
) AS o0 ON u."OrganizationId" = o0."Id"
WHERE NOT (u."IsDeleted") AND u."Id" = @___currentUser_UserId_0
LIMIT 1
2026-07-28 14:16:25.927 +06:00 [INF] [0HNNCFT1DT759:00000001] Executed DbCommand (1ms) [Parameters=[@___currentUser_OrganizationId_0='00000000-0000-0000-0001-000000000001', @__p_2='25', @__p_1='0'], CommandType='"Text"', CommandTimeout='30']
SELECT a."Id", a."Action", a."CreatedAt", a."EntityId", a."EntityName", a."EntityType", a."Metadata", a."OrganizationId", a."ProjectId", a."UserId", a."UserName"
FROM "ActivityLogs" AS a
WHERE a."OrganizationId" = @___currentUser_OrganizationId_0
ORDER BY a."CreatedAt" DESC
LIMIT @__p_2 OFFSET @__p_1
2026-07-28 14:16:25.928 +06:00 [INF] [0HNNCFT1DT759:00000001] [0HNNCFT1DT759:00000001] GET /api/activity → 200 (5.5ms)
2026-07-28 14:16:26.098 +06:00 [DBG] [0HNNCFT1DT75A:00000001] Permission granted: Owner → projects.view
2026-07-28 14:16:26.101 +06:00 [INF] [0HNNCFT1DT75A:00000001] Executed DbCommand (1ms) [Parameters=[@___currentUser_UserId_0='00000000-0000-0000-0002-000000000001'], CommandType='"Text"', CommandTimeout='30']
SELECT u."Id", u."CreatedAt", u."DeletedAt", u."Email", u."EmailVerificationExpiry", u."EmailVerificationToken", u."FirstName", u."IsActive", u."IsDeleted", u."IsEmailVerified", u."LastLoginAt", u."LastName", u."OrganizationId", u."PasswordHash", u."PasswordResetExpiry", u."PasswordResetToken", u."ProfilePictureUrl", u."RefreshToken", u."RefreshTokenExpiry", u."Role", u."UpdatedAt", o0."Id", o0."CreatedAt", o0."DeletedAt", o0."Description", o0."IsActive", o0."IsDeleted", o0."LogoUrl", o0."Name", o0."Plan", o0."Slug", o0."UpdatedAt"
FROM "Users" AS u
INNER JOIN (
    SELECT o."Id", o."CreatedAt", o."DeletedAt", o."Description", o."IsActive", o."IsDeleted", o."LogoUrl", o."Name", o."Plan", o."Slug", o."UpdatedAt"
    FROM "Organizations" AS o
    WHERE NOT (o."IsDeleted")
) AS o0 ON u."OrganizationId" = o0."Id"
WHERE NOT (u."IsDeleted") AND u."Id" = @___currentUser_UserId_0
LIMIT 1
2026-07-28 14:16:26.102 +06:00 [INF] [0HNNCFT1DT75A:00000001] Executed DbCommand (1ms) [Parameters=[@___currentUser_OrganizationId_0='00000000-0000-0000-0001-000000000001', @__p_2='25', @__p_1='0'], CommandType='"Text"', CommandTimeout='30']
SELECT a."Id", a."Action", a."CreatedAt", a."EntityId", a."EntityName", a."EntityType", a."Metadata", a."OrganizationId", a."ProjectId", a."UserId", a."UserName"
FROM "ActivityLogs" AS a
WHERE a."OrganizationId" = @___currentUser_OrganizationId_0
ORDER BY a."CreatedAt" DESC
LIMIT @__p_2 OFFSET @__p_1
2026-07-28 14:16:26.103 +06:00 [INF] [0HNNCFT1DT75A:00000001] [0HNNCFT1DT75A:00000001] GET /api/activity → 200 (5.5ms)
2026-07-28 14:16:26.274 +06:00 [DBG] [0HNNCFT1DT75B:00000001] Permission granted: Owner → projects.view
2026-07-28 14:16:26.276 +06:00 [INF] [0HNNCFT1DT75B:00000001] Executed DbCommand (1ms) [Parameters=[@___currentUser_UserId_0='00000000-0000-0000-0002-000000000001'], CommandType='"Text"', CommandTimeout='30']
SELECT u."Id", u."CreatedAt", u."DeletedAt", u."Email", u."EmailVerificationExpiry", u."EmailVerificationToken", u."FirstName", u."IsActive", u."IsDeleted", u."IsEmailVerified", u."LastLoginAt", u."LastName", u."OrganizationId", u."PasswordHash", u."PasswordResetExpiry", u."PasswordResetToken", u."ProfilePictureUrl", u."RefreshToken", u."RefreshTokenExpiry", u."Role", u."UpdatedAt", o0."Id", o0."CreatedAt", o0."DeletedAt", o0."Description", o0."IsActive", o0."IsDeleted", o0."LogoUrl", o0."Name", o0."Plan", o0."Slug", o0."UpdatedAt"
FROM "Users" AS u
INNER JOIN (
    SELECT o."Id", o."CreatedAt", o."DeletedAt", o."Description", o."IsActive", o."IsDeleted", o."LogoUrl", o."Name", o."Plan", o."Slug", o."UpdatedAt"
    FROM "Organizations" AS o
    WHERE NOT (o."IsDeleted")
) AS o0 ON u."OrganizationId" = o0."Id"
WHERE NOT (u."IsDeleted") AND u."Id" = @___currentUser_UserId_0
LIMIT 1
2026-07-28 14:16:26.278 +06:00 [INF] [0HNNCFT1DT75B:00000001] Executed DbCommand (1ms) [Parameters=[@___currentUser_OrganizationId_0='00000000-0000-0000-0001-000000000001', @__p_2='25', @__p_1='0'], CommandType='"Text"', CommandTimeout='30']
SELECT a."Id", a."Action", a."CreatedAt", a."EntityId", a."EntityName", a."EntityType", a."Metadata", a."OrganizationId", a."ProjectId", a."UserId", a."UserName"
FROM "ActivityLogs" AS a
WHERE a."OrganizationId" = @___currentUser_OrganizationId_0
ORDER BY a."CreatedAt" DESC
LIMIT @__p_2 OFFSET @__p_1
2026-07-28 14:16:26.279 +06:00 [INF] [0HNNCFT1DT75B:00000001] [0HNNCFT1DT75B:00000001] GET /api/activity → 200 (5.5ms)
2026-07-28 14:16:26.498 +06:00 [DBG] [0HNNCFT1DT75C:00000001] Permission granted: Owner → projects.view
2026-07-28 14:16:26.500 +06:00 [INF] [0HNNCFT1DT75C:00000001] Executed DbCommand (1ms) [Parameters=[@___currentUser_UserId_0='00000000-0000-0000-0002-000000000001'], CommandType='"Text"', CommandTimeout='30']
SELECT u."Id", u."CreatedAt", u."DeletedAt", u."Email", u."EmailVerificationExpiry", u."EmailVerificationToken", u."FirstName", u."IsActive", u."IsDeleted", u."IsEmailVerified", u."LastLoginAt", u."LastName", u."OrganizationId", u."PasswordHash", u."PasswordResetExpiry", u."PasswordResetToken", u."ProfilePictureUrl", u."RefreshToken", u."RefreshTokenExpiry", u."Role", u."UpdatedAt", o0."Id", o0."CreatedAt", o0."DeletedAt", o0."Description", o0."IsActive", o0."IsDeleted", o0."LogoUrl", o0."Name", o0."Plan", o0."Slug", o0."UpdatedAt"
FROM "Users" AS u
INNER JOIN (
    SELECT o."Id", o."CreatedAt", o."DeletedAt", o."Description", o."IsActive", o."IsDeleted", o."LogoUrl", o."Name", o."Plan", o."Slug", o."UpdatedAt"
    FROM "Organizations" AS o
    WHERE NOT (o."IsDeleted")
) AS o0 ON u."OrganizationId" = o0."Id"
WHERE NOT (u."IsDeleted") AND u."Id" = @___currentUser_UserId_0
LIMIT 1
2026-07-28 14:16:26.502 +06:00 [INF] [0HNNCFT1DT75C:00000001] Executed DbCommand (1ms) [Parameters=[@___currentUser_OrganizationId_0='00000000-0000-0000-0001-000000000001', @__p_2='25', @__p_1='0'], CommandType='"Text"', CommandTimeout='30']
SELECT a."Id", a."Action", a."CreatedAt", a."EntityId", a."EntityName", a."EntityType", a."Metadata", a."OrganizationId", a."ProjectId", a."UserId", a."UserName"
FROM "ActivityLogs" AS a
WHERE a."OrganizationId" = @___currentUser_OrganizationId_0
ORDER BY a."CreatedAt" DESC
LIMIT @__p_2 OFFSET @__p_1
2026-07-28 14:16:26.503 +06:00 [INF] [0HNNCFT1DT75C:00000001] [0HNNCFT1DT75C:00000001] GET /api/activity → 200 (5.3ms)
2026-07-28 14:16:33.998 +06:00 [INF] [] Application is shutting down...
2026-07-28 14:16:38.733 +06:00 [WRN] [] Entity 'Organization' has a global query filter defined and is the required end of a relationship with the entity 'ActivityLog'. This may lead to unexpected results when the required entity is filtered out. Either configure the navigation as optional, or define matching query filters for both entities in the navigation. See https://go.microsoft.com/fwlink/?linkid=2131316 for more information.
2026-07-28 14:16:38.753 +06:00 [WRN] [] Entity 'User' has a global query filter defined and is the required end of a relationship with the entity 'TaskAssignee'. This may lead to unexpected results when the required entity is filtered out. Either configure the navigation as optional, or define matching query filters for both entities in the navigation. See https://go.microsoft.com/fwlink/?linkid=2131316 for more information.
2026-07-28 14:16:38.758 +06:00 [WRN] [] Sensitive data logging is enabled. Log entries and exception messages may include sensitive application data; this mode should only be enabled during development.
2026-07-28 14:16:39.012 +06:00 [INF] [] Executed DbCommand (15ms) [Parameters=[], CommandType='"Text"', CommandTimeout='30']
SELECT "MigrationId", "ProductVersion"
FROM "__EFMigrationsHistory"
ORDER BY "MigrationId";
2026-07-28 14:16:39.327 +06:00 [INF] [] Executed DbCommand (5ms) [Parameters=[], CommandType='"Text"', CommandTimeout='30']
CREATE TABLE IF NOT EXISTS "__EFMigrationsHistory" (
    "MigrationId" character varying(150) NOT NULL,
    "ProductVersion" character varying(32) NOT NULL,
    CONSTRAINT "PK___EFMigrationsHistory" PRIMARY KEY ("MigrationId")
);
2026-07-28 14:16:39.342 +06:00 [INF] [] Executed DbCommand (1ms) [Parameters=[], CommandType='"Text"', CommandTimeout='30']
LOCK TABLE "__EFMigrationsHistory" IN ACCESS EXCLUSIVE MODE
2026-07-28 14:16:39.345 +06:00 [INF] [] Executed DbCommand (1ms) [Parameters=[], CommandType='"Text"', CommandTimeout='30']
SELECT "MigrationId", "ProductVersion"
FROM "__EFMigrationsHistory"
ORDER BY "MigrationId";
2026-07-28 14:16:39.356 +06:00 [INF] [] Starting database seeding...
2026-07-28 14:16:39.504 +06:00 [INF] [] Executed DbCommand (3ms) [Parameters=[], CommandType='"Text"', CommandTimeout='30']
SELECT EXISTS (
    SELECT 1
    FROM "Organizations" AS o
    WHERE NOT (o."IsDeleted"))
2026-07-28 14:16:39.516 +06:00 [INF] [] Database already seeded — skipping.
2026-07-28 14:16:39.619 +06:00 [INF] [] Now listening on: http://localhost:5210
2026-07-28 14:16:39.619 +06:00 [INF] [] Application started. Press Ctrl+C to shut down.
2026-07-28 14:16:39.620 +06:00 [INF] [] Hosting environment: Development
2026-07-28 14:16:39.620 +06:00 [INF] [] Content root path: C:\Users\Abdul\Documents\GitHub\WorkSphere\WorkHub.API
2026-07-28 14:16:53.967 +06:00 [WRN] [0HNNCG2ALN4F3:00000001] Failed to determine the https port for redirect.
2026-07-28 14:16:54.124 +06:00 [DBG] [0HNNCG2ALN4F1:00000001] Permission granted: Owner → projects.view
2026-07-28 14:16:54.124 +06:00 [DBG] [0HNNCG2ALN4F3:00000001] Permission granted: Owner → members.view
2026-07-28 14:16:54.124 +06:00 [DBG] [0HNNCG2ALN4F2:00000001] Permission granted: Owner → projects.view
2026-07-28 14:16:54.467 +06:00 [INF] [0HNNCG2ALN4F2:00000001] Executed DbCommand (15ms) [Parameters=[@___currentUser_UserId_0='00000000-0000-0000-0002-000000000001'], CommandType='"Text"', CommandTimeout='30']
SELECT u."Id", u."CreatedAt", u."DeletedAt", u."Email", u."EmailVerificationExpiry", u."EmailVerificationToken", u."FirstName", u."IsActive", u."IsDeleted", u."IsEmailVerified", u."LastLoginAt", u."LastName", u."OrganizationId", u."PasswordHash", u."PasswordResetExpiry", u."PasswordResetToken", u."ProfilePictureUrl", u."RefreshToken", u."RefreshTokenExpiry", u."Role", u."UpdatedAt", o0."Id", o0."CreatedAt", o0."DeletedAt", o0."Description", o0."IsActive", o0."IsDeleted", o0."LogoUrl", o0."Name", o0."Plan", o0."Slug", o0."UpdatedAt"
FROM "Users" AS u
INNER JOIN (
    SELECT o."Id", o."CreatedAt", o."DeletedAt", o."Description", o."IsActive", o."IsDeleted", o."LogoUrl", o."Name", o."Plan", o."Slug", o."UpdatedAt"
    FROM "Organizations" AS o
    WHERE NOT (o."IsDeleted")
) AS o0 ON u."OrganizationId" = o0."Id"
WHERE NOT (u."IsDeleted") AND u."Id" = @___currentUser_UserId_0
LIMIT 1
2026-07-28 14:16:54.493 +06:00 [INF] [0HNNCG2ALN4F3:00000001] Executed DbCommand (5ms) [Parameters=[@___currentUser_UserId_0='00000000-0000-0000-0002-000000000001'], CommandType='"Text"', CommandTimeout='30']
SELECT u."Id", u."CreatedAt", u."DeletedAt", u."Email", u."EmailVerificationExpiry", u."EmailVerificationToken", u."FirstName", u."IsActive", u."IsDeleted", u."IsEmailVerified", u."LastLoginAt", u."LastName", u."OrganizationId", u."PasswordHash", u."PasswordResetExpiry", u."PasswordResetToken", u."ProfilePictureUrl", u."RefreshToken", u."RefreshTokenExpiry", u."Role", u."UpdatedAt", o0."Id", o0."CreatedAt", o0."DeletedAt", o0."Description", o0."IsActive", o0."IsDeleted", o0."LogoUrl", o0."Name", o0."Plan", o0."Slug", o0."UpdatedAt"
FROM "Users" AS u
INNER JOIN (
    SELECT o."Id", o."CreatedAt", o."DeletedAt", o."Description", o."IsActive", o."IsDeleted", o."LogoUrl", o."Name", o."Plan", o."Slug", o."UpdatedAt"
    FROM "Organizations" AS o
    WHERE NOT (o."IsDeleted")
) AS o0 ON u."OrganizationId" = o0."Id"
WHERE NOT (u."IsDeleted") AND u."Id" = @___currentUser_UserId_0
LIMIT 1
2026-07-28 14:16:54.497 +06:00 [INF] [0HNNCG2ALN4F1:00000001] Executed DbCommand (7ms) [Parameters=[@___currentUser_UserId_0='00000000-0000-0000-0002-000000000001'], CommandType='"Text"', CommandTimeout='30']
SELECT u."Id", u."CreatedAt", u."DeletedAt", u."Email", u."EmailVerificationExpiry", u."EmailVerificationToken", u."FirstName", u."IsActive", u."IsDeleted", u."IsEmailVerified", u."LastLoginAt", u."LastName", u."OrganizationId", u."PasswordHash", u."PasswordResetExpiry", u."PasswordResetToken", u."ProfilePictureUrl", u."RefreshToken", u."RefreshTokenExpiry", u."Role", u."UpdatedAt", o0."Id", o0."CreatedAt", o0."DeletedAt", o0."Description", o0."IsActive", o0."IsDeleted", o0."LogoUrl", o0."Name", o0."Plan", o0."Slug", o0."UpdatedAt"
FROM "Users" AS u
INNER JOIN (
    SELECT o."Id", o."CreatedAt", o."DeletedAt", o."Description", o."IsActive", o."IsDeleted", o."LogoUrl", o."Name", o."Plan", o."Slug", o."UpdatedAt"
    FROM "Organizations" AS o
    WHERE NOT (o."IsDeleted")
) AS o0 ON u."OrganizationId" = o0."Id"
WHERE NOT (u."IsDeleted") AND u."Id" = @___currentUser_UserId_0
LIMIT 1
2026-07-28 14:16:54.770 +06:00 [INF] [0HNNCG2ALN4F1:00000001] Executed DbCommand (5ms) [Parameters=[@___currentUser_OrganizationId_0='00000000-0000-0000-0001-000000000001', @__p_2='50', @__p_1='0'], CommandType='"Text"', CommandTimeout='30']
SELECT a."Id", a."Action", a."CreatedAt", a."EntityId", a."EntityName", a."EntityType", a."Metadata", a."OrganizationId", a."ProjectId", a."UserId", a."UserName"
FROM "ActivityLogs" AS a
WHERE a."OrganizationId" = @___currentUser_OrganizationId_0
ORDER BY a."CreatedAt" DESC
LIMIT @__p_2 OFFSET @__p_1
2026-07-28 14:16:54.773 +06:00 [INF] [0HNNCG2ALN4F3:00000001] Executed DbCommand (1ms) [Parameters=[@___currentUser_OrganizationId_0='00000000-0000-0000-0001-000000000001'], CommandType='"Text"', CommandTimeout='30']
SELECT count(*)::int
FROM "Users" AS u
WHERE NOT (u."IsDeleted") AND u."OrganizationId" = @___currentUser_OrganizationId_0
2026-07-28 14:16:54.776 +06:00 [INF] [0HNNCG2ALN4F2:00000001] Executed DbCommand (4ms) [Parameters=[@___currentUser_OrganizationId_0='00000000-0000-0000-0001-000000000001'], CommandType='"Text"', CommandTimeout='30']
SELECT count(*)::int
FROM "Projects" AS p
WHERE NOT (p."IsDeleted") AND p."OrganizationId" = @___currentUser_OrganizationId_0
2026-07-28 14:16:54.800 +06:00 [INF] [0HNNCG2ALN4F3:00000001] Executed DbCommand (1ms) [Parameters=[@___currentUser_OrganizationId_0='00000000-0000-0000-0001-000000000001', @__p_2='100', @__p_1='0'], CommandType='"Text"', CommandTimeout='30']
SELECT u."Id", u."CreatedAt", u."DeletedAt", u."Email", u."EmailVerificationExpiry", u."EmailVerificationToken", u."FirstName", u."IsActive", u."IsDeleted", u."IsEmailVerified", u."LastLoginAt", u."LastName", u."OrganizationId", u."PasswordHash", u."PasswordResetExpiry", u."PasswordResetToken", u."ProfilePictureUrl", u."RefreshToken", u."RefreshTokenExpiry", u."Role", u."UpdatedAt"
FROM "Users" AS u
WHERE NOT (u."IsDeleted") AND u."OrganizationId" = @___currentUser_OrganizationId_0
ORDER BY u."FirstName", u."LastName"
LIMIT @__p_2 OFFSET @__p_1
2026-07-28 14:16:54.803 +06:00 [INF] [0HNNCG2ALN4F3:00000001] Members listed for org "00000000-0000-0000-0001-000000000001" — page 1, 4 results
2026-07-28 14:16:54.896 +06:00 [INF] [0HNNCG2ALN4F1:00000001] [0HNNCG2ALN4F1:00000001] GET /api/activity → 200 (942.8ms)
2026-07-28 14:16:54.896 +06:00 [INF] [0HNNCG2ALN4F3:00000001] [0HNNCG2ALN4F3:00000001] GET /api/organizations/me/members → 200 (942.7ms)
2026-07-28 14:16:54.950 +06:00 [INF] [0HNNCG2ALN4F2:00000001] Executed DbCommand (6ms) [Parameters=[@___currentUser_OrganizationId_0='00000000-0000-0000-0001-000000000001', @__p_2='100', @__p_1='0'], CommandType='"Text"', CommandTimeout='30']
SELECT p0."Id", p0."CreatedAt", p0."CreatedByUserId", p0."DeletedAt", p0."Description", p0."DueDate", p0."IsDeleted", p0."Name", p0."OrganizationId", p0."ProjectLeadUserId", p0."StartDate", p0."Status", p0."UpdatedAt", u0."Id", u0."CreatedAt", u0."DeletedAt", u0."Email", u0."EmailVerificationExpiry", u0."EmailVerificationToken", u0."FirstName", u0."IsActive", u0."IsDeleted", u0."IsEmailVerified", u0."LastLoginAt", u0."LastName", u0."OrganizationId", u0."PasswordHash", u0."PasswordResetExpiry", u0."PasswordResetToken", u0."ProfilePictureUrl", u0."RefreshToken", u0."RefreshTokenExpiry", u0."Role", u0."UpdatedAt", u2."Id", u2."CreatedAt", u2."DeletedAt", u2."Email", u2."EmailVerificationExpiry", u2."EmailVerificationToken", u2."FirstName", u2."IsActive", u2."IsDeleted", u2."IsEmailVerified", u2."LastLoginAt", u2."LastName", u2."OrganizationId", u2."PasswordHash", u2."PasswordResetExpiry", u2."PasswordResetToken", u2."ProfilePictureUrl", u2."RefreshToken", u2."RefreshTokenExpiry", u2."Role", u2."UpdatedAt", t0."Id", t0."ActualMinutes", t0."AssignedToUserId", t0."CompletedAt", t0."CreatedAt", t0."CreatedByUserId", t0."DeletedAt", t0."Description", t0."DueDate", t0."EstimatedMinutes", t0."IsDeleted", t0."OrderIndex", t0."OrganizationId", t0."ParentTaskId", t0."Priority", t0."ProjectId", t0."StartDate", t0."Status", t0."Title", t0."UpdatedAt"
FROM (
    SELECT p."Id", p."CreatedAt", p."CreatedByUserId", p."DeletedAt", p."Description", p."DueDate", p."IsDeleted", p."Name", p."OrganizationId", p."ProjectLeadUserId", p."StartDate", p."Status", p."UpdatedAt"
    FROM "Projects" AS p
    WHERE NOT (p."IsDeleted") AND p."OrganizationId" = @___currentUser_OrganizationId_0
    ORDER BY p."CreatedAt" DESC
    LIMIT @__p_2 OFFSET @__p_1
) AS p0
INNER JOIN (
    SELECT u."Id", u."CreatedAt", u."DeletedAt", u."Email", u."EmailVerificationExpiry", u."EmailVerificationToken", u."FirstName", u."IsActive", u."IsDeleted", u."IsEmailVerified", u."LastLoginAt", u."LastName", u."OrganizationId", u."PasswordHash", u."PasswordResetExpiry", u."PasswordResetToken", u."ProfilePictureUrl", u."RefreshToken", u."RefreshTokenExpiry", u."Role", u."UpdatedAt"
    FROM "Users" AS u
    WHERE NOT (u."IsDeleted")
) AS u0 ON p0."CreatedByUserId" = u0."Id"
LEFT JOIN (
    SELECT u1."Id", u1."CreatedAt", u1."DeletedAt", u1."Email", u1."EmailVerificationExpiry", u1."EmailVerificationToken", u1."FirstName", u1."IsActive", u1."IsDeleted", u1."IsEmailVerified", u1."LastLoginAt", u1."LastName", u1."OrganizationId", u1."PasswordHash", u1."PasswordResetExpiry", u1."PasswordResetToken", u1."ProfilePictureUrl", u1."RefreshToken", u1."RefreshTokenExpiry", u1."Role", u1."UpdatedAt"
    FROM "Users" AS u1
    WHERE NOT (u1."IsDeleted")
) AS u2 ON p0."ProjectLeadUserId" = u2."Id"
LEFT JOIN (
    SELECT t."Id", t."ActualMinutes", t."AssignedToUserId", t."CompletedAt", t."CreatedAt", t."CreatedByUserId", t."DeletedAt", t."Description", t."DueDate", t."EstimatedMinutes", t."IsDeleted", t."OrderIndex", t."OrganizationId", t."ParentTaskId", t."Priority", t."ProjectId", t."StartDate", t."Status", t."Title", t."UpdatedAt"
    FROM "Tasks" AS t
    WHERE NOT (t."IsDeleted")
) AS t0 ON p0."Id" = t0."ProjectId"
ORDER BY p0."CreatedAt" DESC, p0."Id", u0."Id", u2."Id"
2026-07-28 14:16:55.076 +06:00 [INF] [0HNNCG2ALN4F2:00000001] Projects listed for org "00000000-0000-0000-0001-000000000001" — 5 results
2026-07-28 14:16:55.085 +06:00 [INF] [0HNNCG2ALN4F2:00000001] [0HNNCG2ALN4F2:00000001] GET /api/projects → 200 (1136.0ms)
2026-07-28 14:16:55.760 +06:00 [INF] [0HNNCG2ALN4F4:00000001] Executed DbCommand (1ms) [Parameters=[@___currentUser_UserId_0='00000000-0000-0000-0002-000000000001'], CommandType='"Text"', CommandTimeout='30']
SELECT u."Id", u."CreatedAt", u."DeletedAt", u."Email", u."EmailVerificationExpiry", u."EmailVerificationToken", u."FirstName", u."IsActive", u."IsDeleted", u."IsEmailVerified", u."LastLoginAt", u."LastName", u."OrganizationId", u."PasswordHash", u."PasswordResetExpiry", u."PasswordResetToken", u."ProfilePictureUrl", u."RefreshToken", u."RefreshTokenExpiry", u."Role", u."UpdatedAt", o0."Id", o0."CreatedAt", o0."DeletedAt", o0."Description", o0."IsActive", o0."IsDeleted", o0."LogoUrl", o0."Name", o0."Plan", o0."Slug", o0."UpdatedAt"
FROM "Users" AS u
INNER JOIN (
    SELECT o."Id", o."CreatedAt", o."DeletedAt", o."Description", o."IsActive", o."IsDeleted", o."LogoUrl", o."Name", o."Plan", o."Slug", o."UpdatedAt"
    FROM "Organizations" AS o
    WHERE NOT (o."IsDeleted")
) AS o0 ON u."OrganizationId" = o0."Id"
WHERE NOT (u."IsDeleted") AND u."Id" = @___currentUser_UserId_0
LIMIT 1
2026-07-28 14:16:55.831 +06:00 [INF] [0HNNCG2ALN4F4:00000001] Executed DbCommand (1ms) [Parameters=[@__refreshToken_0='g8qk4aOIJcnipid27XdRVCCTTERJyf7QZ3T1drh7IMGokbdKwvfhm81yn7tWelNNqGsAVpt4saYlyJSG/5XnaQ=='], CommandType='"Text"', CommandTimeout='30']
SELECT u."Id", u."CreatedAt", u."DeletedAt", u."Email", u."EmailVerificationExpiry", u."EmailVerificationToken", u."FirstName", u."IsActive", u."IsDeleted", u."IsEmailVerified", u."LastLoginAt", u."LastName", u."OrganizationId", u."PasswordHash", u."PasswordResetExpiry", u."PasswordResetToken", u."ProfilePictureUrl", u."RefreshToken", u."RefreshTokenExpiry", u."Role", u."UpdatedAt"
FROM "Users" AS u
WHERE NOT (u."IsDeleted") AND u."RefreshToken" = @__refreshToken_0
LIMIT 1
2026-07-28 14:16:55.963 +06:00 [INF] [0HNNCG2ALN4F4:00000001] Executed DbCommand (20ms) [Parameters=[@p3='00000000-0000-0000-0002-000000000001', @p0=NULL, @p1=NULL (DbType = DateTime), @p2='2026-07-28T08:16:55.8712068Z' (DbType = DateTime)], CommandType='"Text"', CommandTimeout='30']
UPDATE "Users" SET "RefreshToken" = @p0, "RefreshTokenExpiry" = @p1, "UpdatedAt" = @p2
WHERE "Id" = @p3;
2026-07-28 14:16:55.981 +06:00 [INF] [0HNNCG2ALN4F4:00000001] Refresh token revoked for user "00000000-0000-0000-0002-000000000001" — logout complete
2026-07-28 14:16:55.985 +06:00 [INF] [0HNNCG2ALN4F4:00000001] [0HNNCG2ALN4F4:00000001] POST /api/auth/revoke → 200 (323.6ms)
2026-07-28 14:17:00.343 +06:00 [INF] [0HNNCG2ALN4F5:00000001] Executed DbCommand (1ms) [Parameters=[@__email_0='demo.owner@worksphere.io'], CommandType='"Text"', CommandTimeout='30']
SELECT u."Id", u."CreatedAt", u."DeletedAt", u."Email", u."EmailVerificationExpiry", u."EmailVerificationToken", u."FirstName", u."IsActive", u."IsDeleted", u."IsEmailVerified", u."LastLoginAt", u."LastName", u."OrganizationId", u."PasswordHash", u."PasswordResetExpiry", u."PasswordResetToken", u."ProfilePictureUrl", u."RefreshToken", u."RefreshTokenExpiry", u."Role", u."UpdatedAt", o0."Id", o0."CreatedAt", o0."DeletedAt", o0."Description", o0."IsActive", o0."IsDeleted", o0."LogoUrl", o0."Name", o0."Plan", o0."Slug", o0."UpdatedAt"
FROM "Users" AS u
INNER JOIN (
    SELECT o."Id", o."CreatedAt", o."DeletedAt", o."Description", o."IsActive", o."IsDeleted", o."LogoUrl", o."Name", o."Plan", o."Slug", o."UpdatedAt"
    FROM "Organizations" AS o
    WHERE NOT (o."IsDeleted")
) AS o0 ON u."OrganizationId" = o0."Id"
WHERE NOT (u."IsDeleted") AND u."Email" = @__email_0
LIMIT 1
2026-07-28 14:17:01.251 +06:00 [DBG] [0HNNCG2ALN4F5:00000001] JWT access token generated for user "00000000-0000-0000-0002-000000000001" — expires "2026-07-28T08:32:01.2449289Z"
2026-07-28 14:17:01.253 +06:00 [DBG] [0HNNCG2ALN4F5:00000001] Refresh token generated — expires "2026-08-04T08:17:01.2529831Z"
2026-07-28 14:17:01.287 +06:00 [INF] [0HNNCG2ALN4F5:00000001] Executed DbCommand (31ms) [Parameters=[@p4='00000000-0000-0000-0002-000000000001', @p0='2026-07-28T08:17:01.2536619Z' (Nullable = true) (DbType = DateTime), @p1='kIswZUhoOSQXlAjzvUm7B5t2aZpzCpfekMZuRDRzcIcMcO6JGoBpdhhtahrxDhn9M6zd4VBNpIfc0OezqCbNTQ==', @p2='2026-08-04T08:17:01.2536605Z' (Nullable = true) (DbType = DateTime), @p3='2026-07-28T08:17:01.2541879Z' (DbType = DateTime)], CommandType='"Text"', CommandTimeout='30']
UPDATE "Users" SET "LastLoginAt" = @p0, "RefreshToken" = @p1, "RefreshTokenExpiry" = @p2, "UpdatedAt" = @p3
WHERE "Id" = @p4;
2026-07-28 14:17:01.287 +06:00 [INF] [0HNNCG2ALN4F5:00000001] User "00000000-0000-0000-0002-000000000001" logged in from org "00000000-0000-0000-0001-000000000001"
2026-07-28 14:17:01.295 +06:00 [INF] [0HNNCG2ALN4F5:00000001] [0HNNCG2ALN4F5:00000001] POST /api/auth/login → 200 (991.6ms)
2026-07-28 14:17:01.348 +06:00 [INF] [0HNNCG2ALN4F6:00000001] Executed DbCommand (1ms) [Parameters=[@___currentUser_UserId_0='00000000-0000-0000-0002-000000000001'], CommandType='"Text"', CommandTimeout='30']
SELECT u."Id", u."CreatedAt", u."DeletedAt", u."Email", u."EmailVerificationExpiry", u."EmailVerificationToken", u."FirstName", u."IsActive", u."IsDeleted", u."IsEmailVerified", u."LastLoginAt", u."LastName", u."OrganizationId", u."PasswordHash", u."PasswordResetExpiry", u."PasswordResetToken", u."ProfilePictureUrl", u."RefreshToken", u."RefreshTokenExpiry", u."Role", u."UpdatedAt", o0."Id", o0."CreatedAt", o0."DeletedAt", o0."Description", o0."IsActive", o0."IsDeleted", o0."LogoUrl", o0."Name", o0."Plan", o0."Slug", o0."UpdatedAt"
FROM "Users" AS u
INNER JOIN (
    SELECT o."Id", o."CreatedAt", o."DeletedAt", o."Description", o."IsActive", o."IsDeleted", o."LogoUrl", o."Name", o."Plan", o."Slug", o."UpdatedAt"
    FROM "Organizations" AS o
    WHERE NOT (o."IsDeleted")
) AS o0 ON u."OrganizationId" = o0."Id"
WHERE NOT (u."IsDeleted") AND u."Id" = @___currentUser_UserId_0
LIMIT 1
2026-07-28 14:17:01.373 +06:00 [INF] [0HNNCG2ALN4F6:00000001] Executed DbCommand (1ms) [Parameters=[@___currentUser_OrganizationId_0='00000000-0000-0000-0001-000000000001'], CommandType='"Text"', CommandTimeout='30']
SELECT o."Id", o."CreatedAt", o."DeletedAt", o."Description", o."IsActive", o."IsDeleted", o."LogoUrl", o."Name", o."Plan", o."Slug", o."UpdatedAt"
FROM "Organizations" AS o
WHERE NOT (o."IsDeleted") AND o."Id" = @___currentUser_OrganizationId_0
LIMIT 1
2026-07-28 14:17:01.384 +06:00 [INF] [0HNNCG2ALN4F6:00000001] [0HNNCG2ALN4F6:00000001] GET /api/auth/context → 200 (38.8ms)
2026-07-28 14:17:03.449 +06:00 [DBG] [0HNNCG2ALN4F7:00000001] Permission granted: Owner → projects.view
2026-07-28 14:17:03.449 +06:00 [DBG] [0HNNCG2ALN4F8:00000001] Permission granted: Owner → projects.view
2026-07-28 14:17:03.449 +06:00 [DBG] [0HNNCG2ALN4F9:00000001] Permission granted: Owner → members.view
2026-07-28 14:17:03.453 +06:00 [INF] [0HNNCG2ALN4F8:00000001] Executed DbCommand (1ms) [Parameters=[@___currentUser_UserId_0='00000000-0000-0000-0002-000000000001'], CommandType='"Text"', CommandTimeout='30']
SELECT u."Id", u."CreatedAt", u."DeletedAt", u."Email", u."EmailVerificationExpiry", u."EmailVerificationToken", u."FirstName", u."IsActive", u."IsDeleted", u."IsEmailVerified", u."LastLoginAt", u."LastName", u."OrganizationId", u."PasswordHash", u."PasswordResetExpiry", u."PasswordResetToken", u."ProfilePictureUrl", u."RefreshToken", u."RefreshTokenExpiry", u."Role", u."UpdatedAt", o0."Id", o0."CreatedAt", o0."DeletedAt", o0."Description", o0."IsActive", o0."IsDeleted", o0."LogoUrl", o0."Name", o0."Plan", o0."Slug", o0."UpdatedAt"
FROM "Users" AS u
INNER JOIN (
    SELECT o."Id", o."CreatedAt", o."DeletedAt", o."Description", o."IsActive", o."IsDeleted", o."LogoUrl", o."Name", o."Plan", o."Slug", o."UpdatedAt"
    FROM "Organizations" AS o
    WHERE NOT (o."IsDeleted")
) AS o0 ON u."OrganizationId" = o0."Id"
WHERE NOT (u."IsDeleted") AND u."Id" = @___currentUser_UserId_0
LIMIT 1
2026-07-28 14:17:03.453 +06:00 [INF] [0HNNCG2ALN4F7:00000001] Executed DbCommand (1ms) [Parameters=[@___currentUser_UserId_0='00000000-0000-0000-0002-000000000001'], CommandType='"Text"', CommandTimeout='30']
SELECT u."Id", u."CreatedAt", u."DeletedAt", u."Email", u."EmailVerificationExpiry", u."EmailVerificationToken", u."FirstName", u."IsActive", u."IsDeleted", u."IsEmailVerified", u."LastLoginAt", u."LastName", u."OrganizationId", u."PasswordHash", u."PasswordResetExpiry", u."PasswordResetToken", u."ProfilePictureUrl", u."RefreshToken", u."RefreshTokenExpiry", u."Role", u."UpdatedAt", o0."Id", o0."CreatedAt", o0."DeletedAt", o0."Description", o0."IsActive", o0."IsDeleted", o0."LogoUrl", o0."Name", o0."Plan", o0."Slug", o0."UpdatedAt"
FROM "Users" AS u
INNER JOIN (
    SELECT o."Id", o."CreatedAt", o."DeletedAt", o."Description", o."IsActive", o."IsDeleted", o."LogoUrl", o."Name", o."Plan", o."Slug", o."UpdatedAt"
    FROM "Organizations" AS o
    WHERE NOT (o."IsDeleted")
) AS o0 ON u."OrganizationId" = o0."Id"
WHERE NOT (u."IsDeleted") AND u."Id" = @___currentUser_UserId_0
LIMIT 1
2026-07-28 14:17:03.453 +06:00 [INF] [0HNNCG2ALN4F9:00000001] Executed DbCommand (1ms) [Parameters=[@___currentUser_UserId_0='00000000-0000-0000-0002-000000000001'], CommandType='"Text"', CommandTimeout='30']
SELECT u."Id", u."CreatedAt", u."DeletedAt", u."Email", u."EmailVerificationExpiry", u."EmailVerificationToken", u."FirstName", u."IsActive", u."IsDeleted", u."IsEmailVerified", u."LastLoginAt", u."LastName", u."OrganizationId", u."PasswordHash", u."PasswordResetExpiry", u."PasswordResetToken", u."ProfilePictureUrl", u."RefreshToken", u."RefreshTokenExpiry", u."Role", u."UpdatedAt", o0."Id", o0."CreatedAt", o0."DeletedAt", o0."Description", o0."IsActive", o0."IsDeleted", o0."LogoUrl", o0."Name", o0."Plan", o0."Slug", o0."UpdatedAt"
FROM "Users" AS u
INNER JOIN (
    SELECT o."Id", o."CreatedAt", o."DeletedAt", o."Description", o."IsActive", o."IsDeleted", o."LogoUrl", o."Name", o."Plan", o."Slug", o."UpdatedAt"
    FROM "Organizations" AS o
    WHERE NOT (o."IsDeleted")
) AS o0 ON u."OrganizationId" = o0."Id"
WHERE NOT (u."IsDeleted") AND u."Id" = @___currentUser_UserId_0
LIMIT 1
2026-07-28 14:17:03.456 +06:00 [INF] [0HNNCG2ALN4F9:00000001] Executed DbCommand (1ms) [Parameters=[@___currentUser_OrganizationId_0='00000000-0000-0000-0001-000000000001'], CommandType='"Text"', CommandTimeout='30']
SELECT count(*)::int
FROM "Users" AS u
WHERE NOT (u."IsDeleted") AND u."OrganizationId" = @___currentUser_OrganizationId_0
2026-07-28 14:17:03.456 +06:00 [INF] [0HNNCG2ALN4F8:00000001] Executed DbCommand (1ms) [Parameters=[@___currentUser_OrganizationId_0='00000000-0000-0000-0001-000000000001'], CommandType='"Text"', CommandTimeout='30']
SELECT count(*)::int
FROM "Projects" AS p
WHERE NOT (p."IsDeleted") AND p."OrganizationId" = @___currentUser_OrganizationId_0
2026-07-28 14:17:03.459 +06:00 [INF] [0HNNCG2ALN4F9:00000001] Executed DbCommand (1ms) [Parameters=[@___currentUser_OrganizationId_0='00000000-0000-0000-0001-000000000001', @__p_2='100', @__p_1='0'], CommandType='"Text"', CommandTimeout='30']
SELECT u."Id", u."CreatedAt", u."DeletedAt", u."Email", u."EmailVerificationExpiry", u."EmailVerificationToken", u."FirstName", u."IsActive", u."IsDeleted", u."IsEmailVerified", u."LastLoginAt", u."LastName", u."OrganizationId", u."PasswordHash", u."PasswordResetExpiry", u."PasswordResetToken", u."ProfilePictureUrl", u."RefreshToken", u."RefreshTokenExpiry", u."Role", u."UpdatedAt"
FROM "Users" AS u
WHERE NOT (u."IsDeleted") AND u."OrganizationId" = @___currentUser_OrganizationId_0
ORDER BY u."FirstName", u."LastName"
LIMIT @__p_2 OFFSET @__p_1
2026-07-28 14:17:03.460 +06:00 [INF] [0HNNCG2ALN4F9:00000001] Members listed for org "00000000-0000-0000-0001-000000000001" — page 1, 4 results
2026-07-28 14:17:03.460 +06:00 [INF] [0HNNCG2ALN4F7:00000001] Executed DbCommand (5ms) [Parameters=[@___currentUser_OrganizationId_0='00000000-0000-0000-0001-000000000001', @__p_2='50', @__p_1='0'], CommandType='"Text"', CommandTimeout='30']
SELECT a."Id", a."Action", a."CreatedAt", a."EntityId", a."EntityName", a."EntityType", a."Metadata", a."OrganizationId", a."ProjectId", a."UserId", a."UserName"
FROM "ActivityLogs" AS a
WHERE a."OrganizationId" = @___currentUser_OrganizationId_0
ORDER BY a."CreatedAt" DESC
LIMIT @__p_2 OFFSET @__p_1
2026-07-28 14:17:03.461 +06:00 [INF] [0HNNCG2ALN4F9:00000001] [0HNNCG2ALN4F9:00000001] GET /api/organizations/me/members → 200 (11.9ms)
2026-07-28 14:17:03.462 +06:00 [INF] [0HNNCG2ALN4F7:00000001] [0HNNCG2ALN4F7:00000001] GET /api/activity → 200 (13.8ms)
2026-07-28 14:17:03.468 +06:00 [INF] [0HNNCG2ALN4F8:00000001] Executed DbCommand (11ms) [Parameters=[@___currentUser_OrganizationId_0='00000000-0000-0000-0001-000000000001', @__p_2='100', @__p_1='0'], CommandType='"Text"', CommandTimeout='30']
SELECT p0."Id", p0."CreatedAt", p0."CreatedByUserId", p0."DeletedAt", p0."Description", p0."DueDate", p0."IsDeleted", p0."Name", p0."OrganizationId", p0."ProjectLeadUserId", p0."StartDate", p0."Status", p0."UpdatedAt", u0."Id", u0."CreatedAt", u0."DeletedAt", u0."Email", u0."EmailVerificationExpiry", u0."EmailVerificationToken", u0."FirstName", u0."IsActive", u0."IsDeleted", u0."IsEmailVerified", u0."LastLoginAt", u0."LastName", u0."OrganizationId", u0."PasswordHash", u0."PasswordResetExpiry", u0."PasswordResetToken", u0."ProfilePictureUrl", u0."RefreshToken", u0."RefreshTokenExpiry", u0."Role", u0."UpdatedAt", u2."Id", u2."CreatedAt", u2."DeletedAt", u2."Email", u2."EmailVerificationExpiry", u2."EmailVerificationToken", u2."FirstName", u2."IsActive", u2."IsDeleted", u2."IsEmailVerified", u2."LastLoginAt", u2."LastName", u2."OrganizationId", u2."PasswordHash", u2."PasswordResetExpiry", u2."PasswordResetToken", u2."ProfilePictureUrl", u2."RefreshToken", u2."RefreshTokenExpiry", u2."Role", u2."UpdatedAt", t0."Id", t0."ActualMinutes", t0."AssignedToUserId", t0."CompletedAt", t0."CreatedAt", t0."CreatedByUserId", t0."DeletedAt", t0."Description", t0."DueDate", t0."EstimatedMinutes", t0."IsDeleted", t0."OrderIndex", t0."OrganizationId", t0."ParentTaskId", t0."Priority", t0."ProjectId", t0."StartDate", t0."Status", t0."Title", t0."UpdatedAt"
FROM (
    SELECT p."Id", p."CreatedAt", p."CreatedByUserId", p."DeletedAt", p."Description", p."DueDate", p."IsDeleted", p."Name", p."OrganizationId", p."ProjectLeadUserId", p."StartDate", p."Status", p."UpdatedAt"
    FROM "Projects" AS p
    WHERE NOT (p."IsDeleted") AND p."OrganizationId" = @___currentUser_OrganizationId_0
    ORDER BY p."CreatedAt" DESC
    LIMIT @__p_2 OFFSET @__p_1
) AS p0
INNER JOIN (
    SELECT u."Id", u."CreatedAt", u."DeletedAt", u."Email", u."EmailVerificationExpiry", u."EmailVerificationToken", u."FirstName", u."IsActive", u."IsDeleted", u."IsEmailVerified", u."LastLoginAt", u."LastName", u."OrganizationId", u."PasswordHash", u."PasswordResetExpiry", u."PasswordResetToken", u."ProfilePictureUrl", u."RefreshToken", u."RefreshTokenExpiry", u."Role", u."UpdatedAt"
    FROM "Users" AS u
    WHERE NOT (u."IsDeleted")
) AS u0 ON p0."CreatedByUserId" = u0."Id"
LEFT JOIN (
    SELECT u1."Id", u1."CreatedAt", u1."DeletedAt", u1."Email", u1."EmailVerificationExpiry", u1."EmailVerificationToken", u1."FirstName", u1."IsActive", u1."IsDeleted", u1."IsEmailVerified", u1."LastLoginAt", u1."LastName", u1."OrganizationId", u1."PasswordHash", u1."PasswordResetExpiry", u1."PasswordResetToken", u1."ProfilePictureUrl", u1."RefreshToken", u1."RefreshTokenExpiry", u1."Role", u1."UpdatedAt"
    FROM "Users" AS u1
    WHERE NOT (u1."IsDeleted")
) AS u2 ON p0."ProjectLeadUserId" = u2."Id"
LEFT JOIN (
    SELECT t."Id", t."ActualMinutes", t."AssignedToUserId", t."CompletedAt", t."CreatedAt", t."CreatedByUserId", t."DeletedAt", t."Description", t."DueDate", t."EstimatedMinutes", t."IsDeleted", t."OrderIndex", t."OrganizationId", t."ParentTaskId", t."Priority", t."ProjectId", t."StartDate", t."Status", t."Title", t."UpdatedAt"
    FROM "Tasks" AS t
    WHERE NOT (t."IsDeleted")
) AS t0 ON p0."Id" = t0."ProjectId"
ORDER BY p0."CreatedAt" DESC, p0."Id", u0."Id", u2."Id"
2026-07-28 14:17:03.471 +06:00 [INF] [0HNNCG2ALN4F8:00000001] Projects listed for org "00000000-0000-0000-0001-000000000001" — 5 results
2026-07-28 14:17:03.472 +06:00 [INF] [0HNNCG2ALN4F8:00000001] [0HNNCG2ALN4F8:00000001] GET /api/projects → 200 (23.3ms)
2026-07-28 14:17:05.739 +06:00 [DBG] [0HNNCG2ALN4FA:00000001] Permission granted: Owner → projects.view
2026-07-28 14:17:05.742 +06:00 [INF] [0HNNCG2ALN4FA:00000001] Executed DbCommand (1ms) [Parameters=[@___currentUser_UserId_0='00000000-0000-0000-0002-000000000001'], CommandType='"Text"', CommandTimeout='30']
SELECT u."Id", u."CreatedAt", u."DeletedAt", u."Email", u."EmailVerificationExpiry", u."EmailVerificationToken", u."FirstName", u."IsActive", u."IsDeleted", u."IsEmailVerified", u."LastLoginAt", u."LastName", u."OrganizationId", u."PasswordHash", u."PasswordResetExpiry", u."PasswordResetToken", u."ProfilePictureUrl", u."RefreshToken", u."RefreshTokenExpiry", u."Role", u."UpdatedAt", o0."Id", o0."CreatedAt", o0."DeletedAt", o0."Description", o0."IsActive", o0."IsDeleted", o0."LogoUrl", o0."Name", o0."Plan", o0."Slug", o0."UpdatedAt"
FROM "Users" AS u
INNER JOIN (
    SELECT o."Id", o."CreatedAt", o."DeletedAt", o."Description", o."IsActive", o."IsDeleted", o."LogoUrl", o."Name", o."Plan", o."Slug", o."UpdatedAt"
    FROM "Organizations" AS o
    WHERE NOT (o."IsDeleted")
) AS o0 ON u."OrganizationId" = o0."Id"
WHERE NOT (u."IsDeleted") AND u."Id" = @___currentUser_UserId_0
LIMIT 1
2026-07-28 14:17:05.751 +06:00 [INF] [0HNNCG2ALN4FA:00000001] Executed DbCommand (3ms) [Parameters=[@___currentUser_OrganizationId_0='00000000-0000-0000-0001-000000000001'], CommandType='"Text"', CommandTimeout='30']
SELECT count(*)::int
FROM "Projects" AS p
WHERE NOT (p."IsDeleted") AND p."OrganizationId" = @___currentUser_OrganizationId_0
2026-07-28 14:17:05.757 +06:00 [INF] [0HNNCG2ALN4FA:00000001] Executed DbCommand (3ms) [Parameters=[@___currentUser_OrganizationId_0='00000000-0000-0000-0001-000000000001', @__p_2='100', @__p_1='0'], CommandType='"Text"', CommandTimeout='30']
SELECT p0."Id", p0."CreatedAt", p0."CreatedByUserId", p0."DeletedAt", p0."Description", p0."DueDate", p0."IsDeleted", p0."Name", p0."OrganizationId", p0."ProjectLeadUserId", p0."StartDate", p0."Status", p0."UpdatedAt", u0."Id", u0."CreatedAt", u0."DeletedAt", u0."Email", u0."EmailVerificationExpiry", u0."EmailVerificationToken", u0."FirstName", u0."IsActive", u0."IsDeleted", u0."IsEmailVerified", u0."LastLoginAt", u0."LastName", u0."OrganizationId", u0."PasswordHash", u0."PasswordResetExpiry", u0."PasswordResetToken", u0."ProfilePictureUrl", u0."RefreshToken", u0."RefreshTokenExpiry", u0."Role", u0."UpdatedAt", u2."Id", u2."CreatedAt", u2."DeletedAt", u2."Email", u2."EmailVerificationExpiry", u2."EmailVerificationToken", u2."FirstName", u2."IsActive", u2."IsDeleted", u2."IsEmailVerified", u2."LastLoginAt", u2."LastName", u2."OrganizationId", u2."PasswordHash", u2."PasswordResetExpiry", u2."PasswordResetToken", u2."ProfilePictureUrl", u2."RefreshToken", u2."RefreshTokenExpiry", u2."Role", u2."UpdatedAt", t0."Id", t0."ActualMinutes", t0."AssignedToUserId", t0."CompletedAt", t0."CreatedAt", t0."CreatedByUserId", t0."DeletedAt", t0."Description", t0."DueDate", t0."EstimatedMinutes", t0."IsDeleted", t0."OrderIndex", t0."OrganizationId", t0."ParentTaskId", t0."Priority", t0."ProjectId", t0."StartDate", t0."Status", t0."Title", t0."UpdatedAt"
FROM (
    SELECT p."Id", p."CreatedAt", p."CreatedByUserId", p."DeletedAt", p."Description", p."DueDate", p."IsDeleted", p."Name", p."OrganizationId", p."ProjectLeadUserId", p."StartDate", p."Status", p."UpdatedAt"
    FROM "Projects" AS p
    WHERE NOT (p."IsDeleted") AND p."OrganizationId" = @___currentUser_OrganizationId_0
    ORDER BY p."CreatedAt" DESC
    LIMIT @__p_2 OFFSET @__p_1
) AS p0
INNER JOIN (
    SELECT u."Id", u."CreatedAt", u."DeletedAt", u."Email", u."EmailVerificationExpiry", u."EmailVerificationToken", u."FirstName", u."IsActive", u."IsDeleted", u."IsEmailVerified", u."LastLoginAt", u."LastName", u."OrganizationId", u."PasswordHash", u."PasswordResetExpiry", u."PasswordResetToken", u."ProfilePictureUrl", u."RefreshToken", u."RefreshTokenExpiry", u."Role", u."UpdatedAt"
    FROM "Users" AS u
    WHERE NOT (u."IsDeleted")
) AS u0 ON p0."CreatedByUserId" = u0."Id"
LEFT JOIN (
    SELECT u1."Id", u1."CreatedAt", u1."DeletedAt", u1."Email", u1."EmailVerificationExpiry", u1."EmailVerificationToken", u1."FirstName", u1."IsActive", u1."IsDeleted", u1."IsEmailVerified", u1."LastLoginAt", u1."LastName", u1."OrganizationId", u1."PasswordHash", u1."PasswordResetExpiry", u1."PasswordResetToken", u1."ProfilePictureUrl", u1."RefreshToken", u1."RefreshTokenExpiry", u1."Role", u1."UpdatedAt"
    FROM "Users" AS u1
    WHERE NOT (u1."IsDeleted")
) AS u2 ON p0."ProjectLeadUserId" = u2."Id"
LEFT JOIN (
    SELECT t."Id", t."ActualMinutes", t."AssignedToUserId", t."CompletedAt", t."CreatedAt", t."CreatedByUserId", t."DeletedAt", t."Description", t."DueDate", t."EstimatedMinutes", t."IsDeleted", t."OrderIndex", t."OrganizationId", t."ParentTaskId", t."Priority", t."ProjectId", t."StartDate", t."Status", t."Title", t."UpdatedAt"
    FROM "Tasks" AS t
    WHERE NOT (t."IsDeleted")
) AS t0 ON p0."Id" = t0."ProjectId"
ORDER BY p0."CreatedAt" DESC, p0."Id", u0."Id", u2."Id"
2026-07-28 14:17:05.758 +06:00 [INF] [0HNNCG2ALN4FA:00000001] Projects listed for org "00000000-0000-0000-0001-000000000001" — 5 results
2026-07-28 14:17:05.759 +06:00 [INF] [0HNNCG2ALN4FA:00000001] [0HNNCG2ALN4FA:00000001] GET /api/projects → 200 (20.0ms)
2026-07-28 14:17:06.425 +06:00 [DBG] [0HNNCG2ALN4FB:00000001] Permission granted: Owner → tasks.view
2026-07-28 14:17:06.426 +06:00 [INF] [0HNNCG2ALN4FB:00000001] Executed DbCommand (1ms) [Parameters=[@___currentUser_UserId_0='00000000-0000-0000-0002-000000000001'], CommandType='"Text"', CommandTimeout='30']
SELECT u."Id", u."CreatedAt", u."DeletedAt", u."Email", u."EmailVerificationExpiry", u."EmailVerificationToken", u."FirstName", u."IsActive", u."IsDeleted", u."IsEmailVerified", u."LastLoginAt", u."LastName", u."OrganizationId", u."PasswordHash", u."PasswordResetExpiry", u."PasswordResetToken", u."ProfilePictureUrl", u."RefreshToken", u."RefreshTokenExpiry", u."Role", u."UpdatedAt", o0."Id", o0."CreatedAt", o0."DeletedAt", o0."Description", o0."IsActive", o0."IsDeleted", o0."LogoUrl", o0."Name", o0."Plan", o0."Slug", o0."UpdatedAt"
FROM "Users" AS u
INNER JOIN (
    SELECT o."Id", o."CreatedAt", o."DeletedAt", o."Description", o."IsActive", o."IsDeleted", o."LogoUrl", o."Name", o."Plan", o."Slug", o."UpdatedAt"
    FROM "Organizations" AS o
    WHERE NOT (o."IsDeleted")
) AS o0 ON u."OrganizationId" = o0."Id"
WHERE NOT (u."IsDeleted") AND u."Id" = @___currentUser_UserId_0
LIMIT 1
2026-07-28 14:17:06.459 +06:00 [INF] [0HNNCG2ALN4FB:00000001] Executed DbCommand (1ms) [Parameters=[@__projectId_0='ddbb73fc-fbf4-4ac9-ae76-bcf743f16cd4'], CommandType='"Text"', CommandTimeout='30']
SELECT p."Id", p."CreatedAt", p."CreatedByUserId", p."DeletedAt", p."Description", p."DueDate", p."IsDeleted", p."Name", p."OrganizationId", p."ProjectLeadUserId", p."StartDate", p."Status", p."UpdatedAt"
FROM "Projects" AS p
WHERE NOT (p."IsDeleted") AND p."Id" = @__projectId_0
LIMIT 1
2026-07-28 14:17:06.467 +06:00 [INF] [0HNNCG2ALN4FB:00000001] Executed DbCommand (1ms) [Parameters=[@__projectId_0='ddbb73fc-fbf4-4ac9-ae76-bcf743f16cd4'], CommandType='"Text"', CommandTimeout='30']
SELECT count(*)::int
FROM "Tasks" AS t
WHERE NOT (t."IsDeleted") AND t."ProjectId" = @__projectId_0
2026-07-28 14:17:06.475 +06:00 [DBG] [0HNNCG2ALN4FC:00000001] Permission granted: Owner → tasks.view
2026-07-28 14:17:06.477 +06:00 [INF] [0HNNCG2ALN4FC:00000001] Executed DbCommand (1ms) [Parameters=[@___currentUser_UserId_0='00000000-0000-0000-0002-000000000001'], CommandType='"Text"', CommandTimeout='30']
SELECT u."Id", u."CreatedAt", u."DeletedAt", u."Email", u."EmailVerificationExpiry", u."EmailVerificationToken", u."FirstName", u."IsActive", u."IsDeleted", u."IsEmailVerified", u."LastLoginAt", u."LastName", u."OrganizationId", u."PasswordHash", u."PasswordResetExpiry", u."PasswordResetToken", u."ProfilePictureUrl", u."RefreshToken", u."RefreshTokenExpiry", u."Role", u."UpdatedAt", o0."Id", o0."CreatedAt", o0."DeletedAt", o0."Description", o0."IsActive", o0."IsDeleted", o0."LogoUrl", o0."Name", o0."Plan", o0."Slug", o0."UpdatedAt"
FROM "Users" AS u
INNER JOIN (
    SELECT o."Id", o."CreatedAt", o."DeletedAt", o."Description", o."IsActive", o."IsDeleted", o."LogoUrl", o."Name", o."Plan", o."Slug", o."UpdatedAt"
    FROM "Organizations" AS o
    WHERE NOT (o."IsDeleted")
) AS o0 ON u."OrganizationId" = o0."Id"
WHERE NOT (u."IsDeleted") AND u."Id" = @___currentUser_UserId_0
LIMIT 1
2026-07-28 14:17:06.480 +06:00 [INF] [0HNNCG2ALN4FC:00000001] Executed DbCommand (1ms) [Parameters=[@__projectId_0='00000000-0000-0000-0003-000000000001'], CommandType='"Text"', CommandTimeout='30']
SELECT p."Id", p."CreatedAt", p."CreatedByUserId", p."DeletedAt", p."Description", p."DueDate", p."IsDeleted", p."Name", p."OrganizationId", p."ProjectLeadUserId", p."StartDate", p."Status", p."UpdatedAt"
FROM "Projects" AS p
WHERE NOT (p."IsDeleted") AND p."Id" = @__projectId_0
LIMIT 1
2026-07-28 14:17:06.481 +06:00 [INF] [0HNNCG2ALN4FC:00000001] Executed DbCommand (1ms) [Parameters=[@__projectId_0='00000000-0000-0000-0003-000000000001'], CommandType='"Text"', CommandTimeout='30']
SELECT count(*)::int
FROM "Tasks" AS t
WHERE NOT (t."IsDeleted") AND t."ProjectId" = @__projectId_0
2026-07-28 14:17:06.503 +06:00 [WRN] [0HNNCG2ALN4FB:00000001] Compiling a query which loads related collections for more than one collection navigation, either via 'Include' or through projection, but no 'QuerySplittingBehavior' has been configured. By default, Entity Framework will use 'QuerySplittingBehavior.SingleQuery', which can potentially result in slow query performance. See https://go.microsoft.com/fwlink/?linkid=2134277 for more information. To identify the query that's triggering this warning call 'ConfigureWarnings(w => w.Throw(RelationalEventId.MultipleCollectionIncludeWarning))'.
2026-07-28 14:17:06.587 +06:00 [INF] [0HNNCG2ALN4FC:00000001] Executed DbCommand (10ms) [Parameters=[@__projectId_0='00000000-0000-0000-0003-000000000001', @__p_2='100', @__p_1='0'], CommandType='"Text"', CommandTimeout='30']
SELECT t0."Id", t0."ActualMinutes", t0."AssignedToUserId", t0."CompletedAt", t0."CreatedAt", t0."CreatedByUserId", t0."DeletedAt", t0."Description", t0."DueDate", t0."EstimatedMinutes", t0."IsDeleted", t0."OrderIndex", t0."OrganizationId", t0."ParentTaskId", t0."Priority", t0."ProjectId", t0."StartDate", t0."Status", t0."Title", t0."UpdatedAt", u0."Id", u0."CreatedAt", u0."DeletedAt", u0."Email", u0."EmailVerificationExpiry", u0."EmailVerificationToken", u0."FirstName", u0."IsActive", u0."IsDeleted", u0."IsEmailVerified", u0."LastLoginAt", u0."LastName", u0."OrganizationId", u0."PasswordHash", u0."PasswordResetExpiry", u0."PasswordResetToken", u0."ProfilePictureUrl", u0."RefreshToken", u0."RefreshTokenExpiry", u0."Role", u0."UpdatedAt", u2."Id", u2."CreatedAt", u2."DeletedAt", u2."Email", u2."EmailVerificationExpiry", u2."EmailVerificationToken", u2."FirstName", u2."IsActive", u2."IsDeleted", u2."IsEmailVerified", u2."LastLoginAt", u2."LastName", u2."OrganizationId", u2."PasswordHash", u2."PasswordResetExpiry", u2."PasswordResetToken", u2."ProfilePictureUrl", u2."RefreshToken", u2."RefreshTokenExpiry", u2."Role", u2."UpdatedAt", p0."Id", p0."CreatedAt", p0."CreatedByUserId", p0."DeletedAt", p0."Description", p0."DueDate", p0."IsDeleted", p0."Name", p0."OrganizationId", p0."ProjectLeadUserId", p0."StartDate", p0."Status", p0."UpdatedAt", s."TaskId", s."UserId", s."AssignedAt", s."AssignedByUserId", s."Id", s."CreatedAt", s."DeletedAt", s."Email", s."EmailVerificationExpiry", s."EmailVerificationToken", s."FirstName", s."IsActive", s."IsDeleted", s."IsEmailVerified", s."LastLoginAt", s."LastName", s."OrganizationId", s."PasswordHash", s."PasswordResetExpiry", s."PasswordResetToken", s."ProfilePictureUrl", s."RefreshToken", s."RefreshTokenExpiry", s."Role", s."UpdatedAt", t3."Id", t3."ActualMinutes", t3."AssignedToUserId", t3."CompletedAt", t3."CreatedAt", t3."CreatedByUserId", t3."DeletedAt", t3."Description", t3."DueDate", t3."EstimatedMinutes", t3."IsDeleted", t3."OrderIndex", t3."OrganizationId", t3."ParentTaskId", t3."Priority", t3."ProjectId", t3."StartDate", t3."Status", t3."Title", t3."UpdatedAt"
FROM (
    SELECT t."Id", t."ActualMinutes", t."AssignedToUserId", t."CompletedAt", t."CreatedAt", t."CreatedByUserId", t."DeletedAt", t."Description", t."DueDate", t."EstimatedMinutes", t."IsDeleted", t."OrderIndex", t."OrganizationId", t."ParentTaskId", t."Priority", t."ProjectId", t."StartDate", t."Status", t."Title", t."UpdatedAt"
    FROM "Tasks" AS t
    WHERE NOT (t."IsDeleted") AND t."ProjectId" = @__projectId_0
    ORDER BY t."OrderIndex"
    LIMIT @__p_2 OFFSET @__p_1
) AS t0
INNER JOIN (
    SELECT u."Id", u."CreatedAt", u."DeletedAt", u."Email", u."EmailVerificationExpiry", u."EmailVerificationToken", u."FirstName", u."IsActive", u."IsDeleted", u."IsEmailVerified", u."LastLoginAt", u."LastName", u."OrganizationId", u."PasswordHash", u."PasswordResetExpiry", u."PasswordResetToken", u."ProfilePictureUrl", u."RefreshToken", u."RefreshTokenExpiry", u."Role", u."UpdatedAt"
    FROM "Users" AS u
    WHERE NOT (u."IsDeleted")
) AS u0 ON t0."CreatedByUserId" = u0."Id"
LEFT JOIN (
    SELECT u1."Id", u1."CreatedAt", u1."DeletedAt", u1."Email", u1."EmailVerificationExpiry", u1."EmailVerificationToken", u1."FirstName", u1."IsActive", u1."IsDeleted", u1."IsEmailVerified", u1."LastLoginAt", u1."LastName", u1."OrganizationId", u1."PasswordHash", u1."PasswordResetExpiry", u1."PasswordResetToken", u1."ProfilePictureUrl", u1."RefreshToken", u1."RefreshTokenExpiry", u1."Role", u1."UpdatedAt"
    FROM "Users" AS u1
    WHERE NOT (u1."IsDeleted")
) AS u2 ON t0."AssignedToUserId" = u2."Id"
INNER JOIN (
    SELECT p."Id", p."CreatedAt", p."CreatedByUserId", p."DeletedAt", p."Description", p."DueDate", p."IsDeleted", p."Name", p."OrganizationId", p."ProjectLeadUserId", p."StartDate", p."Status", p."UpdatedAt"
    FROM "Projects" AS p
    WHERE NOT (p."IsDeleted")
) AS p0 ON t0."ProjectId" = p0."Id"
LEFT JOIN (
    SELECT t1."TaskId", t1."UserId", t1."AssignedAt", t1."AssignedByUserId", u4."Id", u4."CreatedAt", u4."DeletedAt", u4."Email", u4."EmailVerificationExpiry", u4."EmailVerificationToken", u4."FirstName", u4."IsActive", u4."IsDeleted", u4."IsEmailVerified", u4."LastLoginAt", u4."LastName", u4."OrganizationId", u4."PasswordHash", u4."PasswordResetExpiry", u4."PasswordResetToken", u4."ProfilePictureUrl", u4."RefreshToken", u4."RefreshTokenExpiry", u4."Role", u4."UpdatedAt"
    FROM "TaskAssignees" AS t1
    INNER JOIN (
        SELECT u3."Id", u3."CreatedAt", u3."DeletedAt", u3."Email", u3."EmailVerificationExpiry", u3."EmailVerificationToken", u3."FirstName", u3."IsActive", u3."IsDeleted", u3."IsEmailVerified", u3."LastLoginAt", u3."LastName", u3."OrganizationId", u3."PasswordHash", u3."PasswordResetExpiry", u3."PasswordResetToken", u3."ProfilePictureUrl", u3."RefreshToken", u3."RefreshTokenExpiry", u3."Role", u3."UpdatedAt"
        FROM "Users" AS u3
        WHERE NOT (u3."IsDeleted")
    ) AS u4 ON t1."UserId" = u4."Id"
) AS s ON t0."Id" = s."TaskId"
LEFT JOIN (
    SELECT t2."Id", t2."ActualMinutes", t2."AssignedToUserId", t2."CompletedAt", t2."CreatedAt", t2."CreatedByUserId", t2."DeletedAt", t2."Description", t2."DueDate", t2."EstimatedMinutes", t2."IsDeleted", t2."OrderIndex", t2."OrganizationId", t2."ParentTaskId", t2."Priority", t2."ProjectId", t2."StartDate", t2."Status", t2."Title", t2."UpdatedAt"
    FROM "Tasks" AS t2
    WHERE NOT (t2."IsDeleted")
) AS t3 ON t0."Id" = t3."ParentTaskId"
ORDER BY t0."OrderIndex", t0."Id", u0."Id", u2."Id", p0."Id", s."TaskId", s."UserId", s."Id"
2026-07-28 14:17:06.593 +06:00 [INF] [0HNNCG2ALN4FB:00000001] Executed DbCommand (16ms) [Parameters=[@__projectId_0='ddbb73fc-fbf4-4ac9-ae76-bcf743f16cd4', @__p_2='100', @__p_1='0'], CommandType='"Text"', CommandTimeout='30']
SELECT t0."Id", t0."ActualMinutes", t0."AssignedToUserId", t0."CompletedAt", t0."CreatedAt", t0."CreatedByUserId", t0."DeletedAt", t0."Description", t0."DueDate", t0."EstimatedMinutes", t0."IsDeleted", t0."OrderIndex", t0."OrganizationId", t0."ParentTaskId", t0."Priority", t0."ProjectId", t0."StartDate", t0."Status", t0."Title", t0."UpdatedAt", u0."Id", u0."CreatedAt", u0."DeletedAt", u0."Email", u0."EmailVerificationExpiry", u0."EmailVerificationToken", u0."FirstName", u0."IsActive", u0."IsDeleted", u0."IsEmailVerified", u0."LastLoginAt", u0."LastName", u0."OrganizationId", u0."PasswordHash", u0."PasswordResetExpiry", u0."PasswordResetToken", u0."ProfilePictureUrl", u0."RefreshToken", u0."RefreshTokenExpiry", u0."Role", u0."UpdatedAt", u2."Id", u2."CreatedAt", u2."DeletedAt", u2."Email", u2."EmailVerificationExpiry", u2."EmailVerificationToken", u2."FirstName", u2."IsActive", u2."IsDeleted", u2."IsEmailVerified", u2."LastLoginAt", u2."LastName", u2."OrganizationId", u2."PasswordHash", u2."PasswordResetExpiry", u2."PasswordResetToken", u2."ProfilePictureUrl", u2."RefreshToken", u2."RefreshTokenExpiry", u2."Role", u2."UpdatedAt", p0."Id", p0."CreatedAt", p0."CreatedByUserId", p0."DeletedAt", p0."Description", p0."DueDate", p0."IsDeleted", p0."Name", p0."OrganizationId", p0."ProjectLeadUserId", p0."StartDate", p0."Status", p0."UpdatedAt", s."TaskId", s."UserId", s."AssignedAt", s."AssignedByUserId", s."Id", s."CreatedAt", s."DeletedAt", s."Email", s."EmailVerificationExpiry", s."EmailVerificationToken", s."FirstName", s."IsActive", s."IsDeleted", s."IsEmailVerified", s."LastLoginAt", s."LastName", s."OrganizationId", s."PasswordHash", s."PasswordResetExpiry", s."PasswordResetToken", s."ProfilePictureUrl", s."RefreshToken", s."RefreshTokenExpiry", s."Role", s."UpdatedAt", t3."Id", t3."ActualMinutes", t3."AssignedToUserId", t3."CompletedAt", t3."CreatedAt", t3."CreatedByUserId", t3."DeletedAt", t3."Description", t3."DueDate", t3."EstimatedMinutes", t3."IsDeleted", t3."OrderIndex", t3."OrganizationId", t3."ParentTaskId", t3."Priority", t3."ProjectId", t3."StartDate", t3."Status", t3."Title", t3."UpdatedAt"
FROM (
    SELECT t."Id", t."ActualMinutes", t."AssignedToUserId", t."CompletedAt", t."CreatedAt", t."CreatedByUserId", t."DeletedAt", t."Description", t."DueDate", t."EstimatedMinutes", t."IsDeleted", t."OrderIndex", t."OrganizationId", t."ParentTaskId", t."Priority", t."ProjectId", t."StartDate", t."Status", t."Title", t."UpdatedAt"
    FROM "Tasks" AS t
    WHERE NOT (t."IsDeleted") AND t."ProjectId" = @__projectId_0
    ORDER BY t."OrderIndex"
    LIMIT @__p_2 OFFSET @__p_1
) AS t0
INNER JOIN (
    SELECT u."Id", u."CreatedAt", u."DeletedAt", u."Email", u."EmailVerificationExpiry", u."EmailVerificationToken", u."FirstName", u."IsActive", u."IsDeleted", u."IsEmailVerified", u."LastLoginAt", u."LastName", u."OrganizationId", u."PasswordHash", u."PasswordResetExpiry", u."PasswordResetToken", u."ProfilePictureUrl", u."RefreshToken", u."RefreshTokenExpiry", u."Role", u."UpdatedAt"
    FROM "Users" AS u
    WHERE NOT (u."IsDeleted")
) AS u0 ON t0."CreatedByUserId" = u0."Id"
LEFT JOIN (
    SELECT u1."Id", u1."CreatedAt", u1."DeletedAt", u1."Email", u1."EmailVerificationExpiry", u1."EmailVerificationToken", u1."FirstName", u1."IsActive", u1."IsDeleted", u1."IsEmailVerified", u1."LastLoginAt", u1."LastName", u1."OrganizationId", u1."PasswordHash", u1."PasswordResetExpiry", u1."PasswordResetToken", u1."ProfilePictureUrl", u1."RefreshToken", u1."RefreshTokenExpiry", u1."Role", u1."UpdatedAt"
    FROM "Users" AS u1
    WHERE NOT (u1."IsDeleted")
) AS u2 ON t0."AssignedToUserId" = u2."Id"
INNER JOIN (
    SELECT p."Id", p."CreatedAt", p."CreatedByUserId", p."DeletedAt", p."Description", p."DueDate", p."IsDeleted", p."Name", p."OrganizationId", p."ProjectLeadUserId", p."StartDate", p."Status", p."UpdatedAt"
    FROM "Projects" AS p
    WHERE NOT (p."IsDeleted")
) AS p0 ON t0."ProjectId" = p0."Id"
LEFT JOIN (
    SELECT t1."TaskId", t1."UserId", t1."AssignedAt", t1."AssignedByUserId", u4."Id", u4."CreatedAt", u4."DeletedAt", u4."Email", u4."EmailVerificationExpiry", u4."EmailVerificationToken", u4."FirstName", u4."IsActive", u4."IsDeleted", u4."IsEmailVerified", u4."LastLoginAt", u4."LastName", u4."OrganizationId", u4."PasswordHash", u4."PasswordResetExpiry", u4."PasswordResetToken", u4."ProfilePictureUrl", u4."RefreshToken", u4."RefreshTokenExpiry", u4."Role", u4."UpdatedAt"
    FROM "TaskAssignees" AS t1
    INNER JOIN (
        SELECT u3."Id", u3."CreatedAt", u3."DeletedAt", u3."Email", u3."EmailVerificationExpiry", u3."EmailVerificationToken", u3."FirstName", u3."IsActive", u3."IsDeleted", u3."IsEmailVerified", u3."LastLoginAt", u3."LastName", u3."OrganizationId", u3."PasswordHash", u3."PasswordResetExpiry", u3."PasswordResetToken", u3."ProfilePictureUrl", u3."RefreshToken", u3."RefreshTokenExpiry", u3."Role", u3."UpdatedAt"
        FROM "Users" AS u3
        WHERE NOT (u3."IsDeleted")
    ) AS u4 ON t1."UserId" = u4."Id"
) AS s ON t0."Id" = s."TaskId"
LEFT JOIN (
    SELECT t2."Id", t2."ActualMinutes", t2."AssignedToUserId", t2."CompletedAt", t2."CreatedAt", t2."CreatedByUserId", t2."DeletedAt", t2."Description", t2."DueDate", t2."EstimatedMinutes", t2."IsDeleted", t2."OrderIndex", t2."OrganizationId", t2."ParentTaskId", t2."Priority", t2."ProjectId", t2."StartDate", t2."Status", t2."Title", t2."UpdatedAt"
    FROM "Tasks" AS t2
    WHERE NOT (t2."IsDeleted")
) AS t3 ON t0."Id" = t3."ParentTaskId"
ORDER BY t0."OrderIndex", t0."Id", u0."Id", u2."Id", p0."Id", s."TaskId", s."UserId", s."Id"
2026-07-28 14:17:06.601 +06:00 [INF] [0HNNCG2ALN4FB:00000001] [0HNNCG2ALN4FB:00000001] GET /api/projects/ddbb73fc-fbf4-4ac9-ae76-bcf743f16cd4/tasks → 200 (177.1ms)
2026-07-28 14:17:06.619 +06:00 [INF] [0HNNCG2ALN4FC:00000001] [0HNNCG2ALN4FC:00000001] GET /api/projects/00000000-0000-0000-0003-000000000001/tasks → 200 (144.8ms)
2026-07-28 14:17:07.010 +06:00 [DBG] [0HNNCG2ALN4FD:00000001] Permission granted: Owner → projects.view
2026-07-28 14:17:07.012 +06:00 [INF] [0HNNCG2ALN4FD:00000001] Executed DbCommand (1ms) [Parameters=[@___currentUser_UserId_0='00000000-0000-0000-0002-000000000001'], CommandType='"Text"', CommandTimeout='30']
SELECT u."Id", u."CreatedAt", u."DeletedAt", u."Email", u."EmailVerificationExpiry", u."EmailVerificationToken", u."FirstName", u."IsActive", u."IsDeleted", u."IsEmailVerified", u."LastLoginAt", u."LastName", u."OrganizationId", u."PasswordHash", u."PasswordResetExpiry", u."PasswordResetToken", u."ProfilePictureUrl", u."RefreshToken", u."RefreshTokenExpiry", u."Role", u."UpdatedAt", o0."Id", o0."CreatedAt", o0."DeletedAt", o0."Description", o0."IsActive", o0."IsDeleted", o0."LogoUrl", o0."Name", o0."Plan", o0."Slug", o0."UpdatedAt"
FROM "Users" AS u
INNER JOIN (
    SELECT o."Id", o."CreatedAt", o."DeletedAt", o."Description", o."IsActive", o."IsDeleted", o."LogoUrl", o."Name", o."Plan", o."Slug", o."UpdatedAt"
    FROM "Organizations" AS o
    WHERE NOT (o."IsDeleted")
) AS o0 ON u."OrganizationId" = o0."Id"
WHERE NOT (u."IsDeleted") AND u."Id" = @___currentUser_UserId_0
LIMIT 1
2026-07-28 14:17:07.078 +06:00 [INF] [0HNNCG2ALN4FD:00000001] Executed DbCommand (3ms) [Parameters=[@__projectId_0='00000000-0000-0000-0003-000000000001'], CommandType='"Text"', CommandTimeout='30']
SELECT s."Id", s."CreatedAt", s."CreatedByUserId", s."DeletedAt", s."Description", s."DueDate", s."IsDeleted", s."Name", s."OrganizationId", s."ProjectLeadUserId", s."StartDate", s."Status", s."UpdatedAt", s."Id0", s."CreatedAt0", s."DeletedAt0", s."Email", s."EmailVerificationExpiry", s."EmailVerificationToken", s."FirstName", s."IsActive", s."IsDeleted0", s."IsEmailVerified", s."LastLoginAt", s."LastName", s."OrganizationId0", s."PasswordHash", s."PasswordResetExpiry", s."PasswordResetToken", s."ProfilePictureUrl", s."RefreshToken", s."RefreshTokenExpiry", s."Role", s."UpdatedAt0", s."Id1", s."CreatedAt1", s."DeletedAt1", s."Email0", s."EmailVerificationExpiry0", s."EmailVerificationToken0", s."FirstName0", s."IsActive0", s."IsDeleted1", s."IsEmailVerified0", s."LastLoginAt0", s."LastName0", s."OrganizationId1", s."PasswordHash0", s."PasswordResetExpiry0", s."PasswordResetToken0", s."ProfilePictureUrl0", s."RefreshToken0", s."RefreshTokenExpiry0", s."Role0", s."UpdatedAt1", t0."Id", t0."ActualMinutes", t0."AssignedToUserId", t0."CompletedAt", t0."CreatedAt", t0."CreatedByUserId", t0."DeletedAt", t0."Description", t0."DueDate", t0."EstimatedMinutes", t0."IsDeleted", t0."OrderIndex", t0."OrganizationId", t0."ParentTaskId", t0."Priority", t0."ProjectId", t0."StartDate", t0."Status", t0."Title", t0."UpdatedAt"
FROM (
    SELECT p."Id", p."CreatedAt", p."CreatedByUserId", p."DeletedAt", p."Description", p."DueDate", p."IsDeleted", p."Name", p."OrganizationId", p."ProjectLeadUserId", p."StartDate", p."Status", p."UpdatedAt", u0."Id" AS "Id0", u0."CreatedAt" AS "CreatedAt0", u0."DeletedAt" AS "DeletedAt0", u0."Email", u0."EmailVerificationExpiry", u0."EmailVerificationToken", u0."FirstName", u0."IsActive", u0."IsDeleted" AS "IsDeleted0", u0."IsEmailVerified", u0."LastLoginAt", u0."LastName", u0."OrganizationId" AS "OrganizationId0", u0."PasswordHash", u0."PasswordResetExpiry", u0."PasswordResetToken", u0."ProfilePictureUrl", u0."RefreshToken", u0."RefreshTokenExpiry", u0."Role", u0."UpdatedAt" AS "UpdatedAt0", u2."Id" AS "Id1", u2."CreatedAt" AS "CreatedAt1", u2."DeletedAt" AS "DeletedAt1", u2."Email" AS "Email0", u2."EmailVerificationExpiry" AS "EmailVerificationExpiry0", u2."EmailVerificationToken" AS "EmailVerificationToken0", u2."FirstName" AS "FirstName0", u2."IsActive" AS "IsActive0", u2."IsDeleted" AS "IsDeleted1", u2."IsEmailVerified" AS "IsEmailVerified0", u2."LastLoginAt" AS "LastLoginAt0", u2."LastName" AS "LastName0", u2."OrganizationId" AS "OrganizationId1", u2."PasswordHash" AS "PasswordHash0", u2."PasswordResetExpiry" AS "PasswordResetExpiry0", u2."PasswordResetToken" AS "PasswordResetToken0", u2."ProfilePictureUrl" AS "ProfilePictureUrl0", u2."RefreshToken" AS "RefreshToken0", u2."RefreshTokenExpiry" AS "RefreshTokenExpiry0", u2."Role" AS "Role0", u2."UpdatedAt" AS "UpdatedAt1"
    FROM "Projects" AS p
    INNER JOIN (
        SELECT u."Id", u."CreatedAt", u."DeletedAt", u."Email", u."EmailVerificationExpiry", u."EmailVerificationToken", u."FirstName", u."IsActive", u."IsDeleted", u."IsEmailVerified", u."LastLoginAt", u."LastName", u."OrganizationId", u."PasswordHash", u."PasswordResetExpiry", u."PasswordResetToken", u."ProfilePictureUrl", u."RefreshToken", u."RefreshTokenExpiry", u."Role", u."UpdatedAt"
        FROM "Users" AS u
        WHERE NOT (u."IsDeleted")
    ) AS u0 ON p."CreatedByUserId" = u0."Id"
    LEFT JOIN (
        SELECT u1."Id", u1."CreatedAt", u1."DeletedAt", u1."Email", u1."EmailVerificationExpiry", u1."EmailVerificationToken", u1."FirstName", u1."IsActive", u1."IsDeleted", u1."IsEmailVerified", u1."LastLoginAt", u1."LastName", u1."OrganizationId", u1."PasswordHash", u1."PasswordResetExpiry", u1."PasswordResetToken", u1."ProfilePictureUrl", u1."RefreshToken", u1."RefreshTokenExpiry", u1."Role", u1."UpdatedAt"
        FROM "Users" AS u1
        WHERE NOT (u1."IsDeleted")
    ) AS u2 ON p."ProjectLeadUserId" = u2."Id"
    WHERE NOT (p."IsDeleted") AND p."Id" = @__projectId_0
    LIMIT 1
) AS s
LEFT JOIN (
    SELECT t."Id", t."ActualMinutes", t."AssignedToUserId", t."CompletedAt", t."CreatedAt", t."CreatedByUserId", t."DeletedAt", t."Description", t."DueDate", t."EstimatedMinutes", t."IsDeleted", t."OrderIndex", t."OrganizationId", t."ParentTaskId", t."Priority", t."ProjectId", t."StartDate", t."Status", t."Title", t."UpdatedAt"
    FROM "Tasks" AS t
    WHERE NOT (t."IsDeleted")
) AS t0 ON s."Id" = t0."ProjectId"
ORDER BY s."Id", s."Id0", s."Id1"
2026-07-28 14:17:07.100 +06:00 [INF] [0HNNCG2ALN4FD:00000001] [0HNNCG2ALN4FD:00000001] GET /api/projects/00000000-0000-0000-0003-000000000001 → 200 (91.1ms)
2026-07-28 14:17:10.477 +06:00 [DBG] [0HNNCG2ALN4FE:00000001] Permission granted: Owner → tasks.update.own
2026-07-28 14:17:10.479 +06:00 [INF] [0HNNCG2ALN4FE:00000001] Executed DbCommand (1ms) [Parameters=[@___currentUser_UserId_0='00000000-0000-0000-0002-000000000001'], CommandType='"Text"', CommandTimeout='30']
SELECT u."Id", u."CreatedAt", u."DeletedAt", u."Email", u."EmailVerificationExpiry", u."EmailVerificationToken", u."FirstName", u."IsActive", u."IsDeleted", u."IsEmailVerified", u."LastLoginAt", u."LastName", u."OrganizationId", u."PasswordHash", u."PasswordResetExpiry", u."PasswordResetToken", u."ProfilePictureUrl", u."RefreshToken", u."RefreshTokenExpiry", u."Role", u."UpdatedAt", o0."Id", o0."CreatedAt", o0."DeletedAt", o0."Description", o0."IsActive", o0."IsDeleted", o0."LogoUrl", o0."Name", o0."Plan", o0."Slug", o0."UpdatedAt"
FROM "Users" AS u
INNER JOIN (
    SELECT o."Id", o."CreatedAt", o."DeletedAt", o."Description", o."IsActive", o."IsDeleted", o."LogoUrl", o."Name", o."Plan", o."Slug", o."UpdatedAt"
    FROM "Organizations" AS o
    WHERE NOT (o."IsDeleted")
) AS o0 ON u."OrganizationId" = o0."Id"
WHERE NOT (u."IsDeleted") AND u."Id" = @___currentUser_UserId_0
LIMIT 1
2026-07-28 14:17:10.524 +06:00 [WRN] [0HNNCG2ALN4FE:00000001] Compiling a query which loads related collections for more than one collection navigation, either via 'Include' or through projection, but no 'QuerySplittingBehavior' has been configured. By default, Entity Framework will use 'QuerySplittingBehavior.SingleQuery', which can potentially result in slow query performance. See https://go.microsoft.com/fwlink/?linkid=2134277 for more information. To identify the query that's triggering this warning call 'ConfigureWarnings(w => w.Throw(RelationalEventId.MultipleCollectionIncludeWarning))'.
2026-07-28 14:17:10.619 +06:00 [INF] [0HNNCG2ALN4FE:00000001] Executed DbCommand (5ms) [Parameters=[@__taskId_0='00000000-0000-0000-0004-000000000002'], CommandType='"Text"', CommandTimeout='30']
SELECT s."Id", s."ActualMinutes", s."AssignedToUserId", s."CompletedAt", s."CreatedAt", s."CreatedByUserId", s."DeletedAt", s."Description", s."DueDate", s."EstimatedMinutes", s."IsDeleted", s."OrderIndex", s."OrganizationId", s."ParentTaskId", s."Priority", s."ProjectId", s."StartDate", s."Status", s."Title", s."UpdatedAt", s."Id0", s."CreatedAt0", s."DeletedAt0", s."Email", s."EmailVerificationExpiry", s."EmailVerificationToken", s."FirstName", s."IsActive", s."IsDeleted0", s."IsEmailVerified", s."LastLoginAt", s."LastName", s."OrganizationId0", s."PasswordHash", s."PasswordResetExpiry", s."PasswordResetToken", s."ProfilePictureUrl", s."RefreshToken", s."RefreshTokenExpiry", s."Role", s."UpdatedAt0", s."Id1", s."CreatedAt1", s."DeletedAt1", s."Email0", s."EmailVerificationExpiry0", s."EmailVerificationToken0", s."FirstName0", s."IsActive0", s."IsDeleted1", s."IsEmailVerified0", s."LastLoginAt0", s."LastName0", s."OrganizationId1", s."PasswordHash0", s."PasswordResetExpiry0", s."PasswordResetToken0", s."ProfilePictureUrl0", s."RefreshToken0", s."RefreshTokenExpiry0", s."Role0", s."UpdatedAt1", s."Id2", s."CreatedAt2", s."CreatedByUserId0", s."DeletedAt2", s."Description0", s."DueDate0", s."IsDeleted2", s."Name", s."OrganizationId2", s."ProjectLeadUserId", s."StartDate0", s."Status0", s."UpdatedAt2", s0."TaskId", s0."UserId", s0."AssignedAt", s0."AssignedByUserId", s0."Id", s0."CreatedAt", s0."DeletedAt", s0."Email", s0."EmailVerificationExpiry", s0."EmailVerificationToken", s0."FirstName", s0."IsActive", s0."IsDeleted", s0."IsEmailVerified", s0."LastLoginAt", s0."LastName", s0."OrganizationId", s0."PasswordHash", s0."PasswordResetExpiry", s0."PasswordResetToken", s0."ProfilePictureUrl", s0."RefreshToken", s0."RefreshTokenExpiry", s0."Role", s0."UpdatedAt", t2."Id", t2."ActualMinutes", t2."AssignedToUserId", t2."CompletedAt", t2."CreatedAt", t2."CreatedByUserId", t2."DeletedAt", t2."Description", t2."DueDate", t2."EstimatedMinutes", t2."IsDeleted", t2."OrderIndex", t2."OrganizationId", t2."ParentTaskId", t2."Priority", t2."ProjectId", t2."StartDate", t2."Status", t2."Title", t2."UpdatedAt"
FROM (
    SELECT t."Id", t."ActualMinutes", t."AssignedToUserId", t."CompletedAt", t."CreatedAt", t."CreatedByUserId", t."DeletedAt", t."Description", t."DueDate", t."EstimatedMinutes", t."IsDeleted", t."OrderIndex", t."OrganizationId", t."ParentTaskId", t."Priority", t."ProjectId", t."StartDate", t."Status", t."Title", t."UpdatedAt", u0."Id" AS "Id0", u0."CreatedAt" AS "CreatedAt0", u0."DeletedAt" AS "DeletedAt0", u0."Email", u0."EmailVerificationExpiry", u0."EmailVerificationToken", u0."FirstName", u0."IsActive", u0."IsDeleted" AS "IsDeleted0", u0."IsEmailVerified", u0."LastLoginAt", u0."LastName", u0."OrganizationId" AS "OrganizationId0", u0."PasswordHash", u0."PasswordResetExpiry", u0."PasswordResetToken", u0."ProfilePictureUrl", u0."RefreshToken", u0."RefreshTokenExpiry", u0."Role", u0."UpdatedAt" AS "UpdatedAt0", u2."Id" AS "Id1", u2."CreatedAt" AS "CreatedAt1", u2."DeletedAt" AS "DeletedAt1", u2."Email" AS "Email0", u2."EmailVerificationExpiry" AS "EmailVerificationExpiry0", u2."EmailVerificationToken" AS "EmailVerificationToken0", u2."FirstName" AS "FirstName0", u2."IsActive" AS "IsActive0", u2."IsDeleted" AS "IsDeleted1", u2."IsEmailVerified" AS "IsEmailVerified0", u2."LastLoginAt" AS "LastLoginAt0", u2."LastName" AS "LastName0", u2."OrganizationId" AS "OrganizationId1", u2."PasswordHash" AS "PasswordHash0", u2."PasswordResetExpiry" AS "PasswordResetExpiry0", u2."PasswordResetToken" AS "PasswordResetToken0", u2."ProfilePictureUrl" AS "ProfilePictureUrl0", u2."RefreshToken" AS "RefreshToken0", u2."RefreshTokenExpiry" AS "RefreshTokenExpiry0", u2."Role" AS "Role0", u2."UpdatedAt" AS "UpdatedAt1", p0."Id" AS "Id2", p0."CreatedAt" AS "CreatedAt2", p0."CreatedByUserId" AS "CreatedByUserId0", p0."DeletedAt" AS "DeletedAt2", p0."Description" AS "Description0", p0."DueDate" AS "DueDate0", p0."IsDeleted" AS "IsDeleted2", p0."Name", p0."OrganizationId" AS "OrganizationId2", p0."ProjectLeadUserId", p0."StartDate" AS "StartDate0", p0."Status" AS "Status0", p0."UpdatedAt" AS "UpdatedAt2"
    FROM "Tasks" AS t
    INNER JOIN (
        SELECT u."Id", u."CreatedAt", u."DeletedAt", u."Email", u."EmailVerificationExpiry", u."EmailVerificationToken", u."FirstName", u."IsActive", u."IsDeleted", u."IsEmailVerified", u."LastLoginAt", u."LastName", u."OrganizationId", u."PasswordHash", u."PasswordResetExpiry", u."PasswordResetToken", u."ProfilePictureUrl", u."RefreshToken", u."RefreshTokenExpiry", u."Role", u."UpdatedAt"
        FROM "Users" AS u
        WHERE NOT (u."IsDeleted")
    ) AS u0 ON t."CreatedByUserId" = u0."Id"
    LEFT JOIN (
        SELECT u1."Id", u1."CreatedAt", u1."DeletedAt", u1."Email", u1."EmailVerificationExpiry", u1."EmailVerificationToken", u1."FirstName", u1."IsActive", u1."IsDeleted", u1."IsEmailVerified", u1."LastLoginAt", u1."LastName", u1."OrganizationId", u1."PasswordHash", u1."PasswordResetExpiry", u1."PasswordResetToken", u1."ProfilePictureUrl", u1."RefreshToken", u1."RefreshTokenExpiry", u1."Role", u1."UpdatedAt"
        FROM "Users" AS u1
        WHERE NOT (u1."IsDeleted")
    ) AS u2 ON t."AssignedToUserId" = u2."Id"
    INNER JOIN (
        SELECT p."Id", p."CreatedAt", p."CreatedByUserId", p."DeletedAt", p."Description", p."DueDate", p."IsDeleted", p."Name", p."OrganizationId", p."ProjectLeadUserId", p."StartDate", p."Status", p."UpdatedAt"
        FROM "Projects" AS p
        WHERE NOT (p."IsDeleted")
    ) AS p0 ON t."ProjectId" = p0."Id"
    WHERE NOT (t."IsDeleted") AND t."Id" = @__taskId_0
    LIMIT 1
) AS s
LEFT JOIN (
    SELECT t0."TaskId", t0."UserId", t0."AssignedAt", t0."AssignedByUserId", u4."Id", u4."CreatedAt", u4."DeletedAt", u4."Email", u4."EmailVerificationExpiry", u4."EmailVerificationToken", u4."FirstName", u4."IsActive", u4."IsDeleted", u4."IsEmailVerified", u4."LastLoginAt", u4."LastName", u4."OrganizationId", u4."PasswordHash", u4."PasswordResetExpiry", u4."PasswordResetToken", u4."ProfilePictureUrl", u4."RefreshToken", u4."RefreshTokenExpiry", u4."Role", u4."UpdatedAt"
    FROM "TaskAssignees" AS t0
    INNER JOIN (
        SELECT u3."Id", u3."CreatedAt", u3."DeletedAt", u3."Email", u3."EmailVerificationExpiry", u3."EmailVerificationToken", u3."FirstName", u3."IsActive", u3."IsDeleted", u3."IsEmailVerified", u3."LastLoginAt", u3."LastName", u3."OrganizationId", u3."PasswordHash", u3."PasswordResetExpiry", u3."PasswordResetToken", u3."ProfilePictureUrl", u3."RefreshToken", u3."RefreshTokenExpiry", u3."Role", u3."UpdatedAt"
        FROM "Users" AS u3
        WHERE NOT (u3."IsDeleted")
    ) AS u4 ON t0."UserId" = u4."Id"
) AS s0 ON s."Id" = s0."TaskId"
LEFT JOIN (
    SELECT t1."Id", t1."ActualMinutes", t1."AssignedToUserId", t1."CompletedAt", t1."CreatedAt", t1."CreatedByUserId", t1."DeletedAt", t1."Description", t1."DueDate", t1."EstimatedMinutes", t1."IsDeleted", t1."OrderIndex", t1."OrganizationId", t1."ParentTaskId", t1."Priority", t1."ProjectId", t1."StartDate", t1."Status", t1."Title", t1."UpdatedAt"
    FROM "Tasks" AS t1
    WHERE NOT (t1."IsDeleted")
) AS t2 ON s."Id" = t2."ParentTaskId"
ORDER BY s."Id", s."Id0", s."Id1", s."Id2", s0."TaskId", s0."UserId", s0."Id"
2026-07-28 14:17:10.632 +06:00 [DBG] [0HNNCG2ALN4FE:00000001] Permission check: "00000000-0000-0000-0002-000000000001" (Owner) → tasks.update = true
2026-07-28 14:17:10.666 +06:00 [INF] [0HNNCG2ALN4FE:00000001] Executed DbCommand (1ms) [Parameters=[@p2='00000000-0000-0000-0004-000000000002', @p0='InReview' (Nullable = false), @p1='2026-07-28T08:17:10.6648580Z' (DbType = DateTime)], CommandType='"Text"', CommandTimeout='30']
UPDATE "Tasks" SET "Status" = @p0, "UpdatedAt" = @p1
WHERE "Id" = @p2;
2026-07-28 14:17:10.763 +06:00 [INF] [0HNNCG2ALN4FE:00000001] Executed DbCommand (2ms) [Parameters=[@p0='0b765383-3549-4cb9-9aaf-f4290c434414', @p1='TaskStatusChanged' (Nullable = false), @p2='2026-07-28T08:17:10.6772545Z' (DbType = DateTime), @p3='00000000-0000-0000-0004-000000000002', @p4='Set up CMS platform', @p5='Task' (Nullable = false), @p6='{"from":"InProgress","to":"InReview"}', @p7='00000000-0000-0000-0001-000000000001', @p8='00000000-0000-0000-0003-000000000001' (Nullable = true), @p9='00000000-0000-0000-0002-000000000001', @p10='Demo Owner' (Nullable = false)], CommandType='"Text"', CommandTimeout='30']
INSERT INTO "ActivityLogs" ("Id", "Action", "CreatedAt", "EntityId", "EntityName", "EntityType", "Metadata", "OrganizationId", "ProjectId", "UserId", "UserName")
VALUES (@p0, @p1, @p2, @p3, @p4, @p5, @p6, @p7, @p8, @p9, @p10);
2026-07-28 14:17:10.765 +06:00 [INF] [0HNNCG2ALN4FE:00000001] Task "00000000-0000-0000-0004-000000000002" status InProgress → InReview by "00000000-0000-0000-0002-000000000001"
2026-07-28 14:17:10.768 +06:00 [INF] [0HNNCG2ALN4FE:00000001] [0HNNCG2ALN4FE:00000001] PATCH /api/tasks/00000000-0000-0000-0004-000000000002/status → 200 (291.3ms)
2026-07-28 14:17:10.777 +06:00 [DBG] [0HNNCG2ALN4FF:00000001] Permission granted: Owner → tasks.view
2026-07-28 14:17:10.777 +06:00 [DBG] [0HNNCG2ALN4FG:00000001] Permission granted: Owner → projects.view
2026-07-28 14:17:10.780 +06:00 [INF] [0HNNCG2ALN4FF:00000001] Executed DbCommand (1ms) [Parameters=[@___currentUser_UserId_0='00000000-0000-0000-0002-000000000001'], CommandType='"Text"', CommandTimeout='30']
SELECT u."Id", u."CreatedAt", u."DeletedAt", u."Email", u."EmailVerificationExpiry", u."EmailVerificationToken", u."FirstName", u."IsActive", u."IsDeleted", u."IsEmailVerified", u."LastLoginAt", u."LastName", u."OrganizationId", u."PasswordHash", u."PasswordResetExpiry", u."PasswordResetToken", u."ProfilePictureUrl", u."RefreshToken", u."RefreshTokenExpiry", u."Role", u."UpdatedAt", o0."Id", o0."CreatedAt", o0."DeletedAt", o0."Description", o0."IsActive", o0."IsDeleted", o0."LogoUrl", o0."Name", o0."Plan", o0."Slug", o0."UpdatedAt"
FROM "Users" AS u
INNER JOIN (
    SELECT o."Id", o."CreatedAt", o."DeletedAt", o."Description", o."IsActive", o."IsDeleted", o."LogoUrl", o."Name", o."Plan", o."Slug", o."UpdatedAt"
    FROM "Organizations" AS o
    WHERE NOT (o."IsDeleted")
) AS o0 ON u."OrganizationId" = o0."Id"
WHERE NOT (u."IsDeleted") AND u."Id" = @___currentUser_UserId_0
LIMIT 1
2026-07-28 14:17:10.780 +06:00 [INF] [0HNNCG2ALN4FG:00000001] Executed DbCommand (1ms) [Parameters=[@___currentUser_UserId_0='00000000-0000-0000-0002-000000000001'], CommandType='"Text"', CommandTimeout='30']
SELECT u."Id", u."CreatedAt", u."DeletedAt", u."Email", u."EmailVerificationExpiry", u."EmailVerificationToken", u."FirstName", u."IsActive", u."IsDeleted", u."IsEmailVerified", u."LastLoginAt", u."LastName", u."OrganizationId", u."PasswordHash", u."PasswordResetExpiry", u."PasswordResetToken", u."ProfilePictureUrl", u."RefreshToken", u."RefreshTokenExpiry", u."Role", u."UpdatedAt", o0."Id", o0."CreatedAt", o0."DeletedAt", o0."Description", o0."IsActive", o0."IsDeleted", o0."LogoUrl", o0."Name", o0."Plan", o0."Slug", o0."UpdatedAt"
FROM "Users" AS u
INNER JOIN (
    SELECT o."Id", o."CreatedAt", o."DeletedAt", o."Description", o."IsActive", o."IsDeleted", o."LogoUrl", o."Name", o."Plan", o."Slug", o."UpdatedAt"
    FROM "Organizations" AS o
    WHERE NOT (o."IsDeleted")
) AS o0 ON u."OrganizationId" = o0."Id"
WHERE NOT (u."IsDeleted") AND u."Id" = @___currentUser_UserId_0
LIMIT 1
2026-07-28 14:17:10.782 +06:00 [INF] [0HNNCG2ALN4FF:00000001] Executed DbCommand (1ms) [Parameters=[@__projectId_0='00000000-0000-0000-0003-000000000001'], CommandType='"Text"', CommandTimeout='30']
SELECT p."Id", p."CreatedAt", p."CreatedByUserId", p."DeletedAt", p."Description", p."DueDate", p."IsDeleted", p."Name", p."OrganizationId", p."ProjectLeadUserId", p."StartDate", p."Status", p."UpdatedAt"
FROM "Projects" AS p
WHERE NOT (p."IsDeleted") AND p."Id" = @__projectId_0
LIMIT 1
2026-07-28 14:17:10.783 +06:00 [INF] [0HNNCG2ALN4FG:00000001] Executed DbCommand (2ms) [Parameters=[@__projectId_0='00000000-0000-0000-0003-000000000001'], CommandType='"Text"', CommandTimeout='30']
SELECT s."Id", s."CreatedAt", s."CreatedByUserId", s."DeletedAt", s."Description", s."DueDate", s."IsDeleted", s."Name", s."OrganizationId", s."ProjectLeadUserId", s."StartDate", s."Status", s."UpdatedAt", s."Id0", s."CreatedAt0", s."DeletedAt0", s."Email", s."EmailVerificationExpiry", s."EmailVerificationToken", s."FirstName", s."IsActive", s."IsDeleted0", s."IsEmailVerified", s."LastLoginAt", s."LastName", s."OrganizationId0", s."PasswordHash", s."PasswordResetExpiry", s."PasswordResetToken", s."ProfilePictureUrl", s."RefreshToken", s."RefreshTokenExpiry", s."Role", s."UpdatedAt0", s."Id1", s."CreatedAt1", s."DeletedAt1", s."Email0", s."EmailVerificationExpiry0", s."EmailVerificationToken0", s."FirstName0", s."IsActive0", s."IsDeleted1", s."IsEmailVerified0", s."LastLoginAt0", s."LastName0", s."OrganizationId1", s."PasswordHash0", s."PasswordResetExpiry0", s."PasswordResetToken0", s."ProfilePictureUrl0", s."RefreshToken0", s."RefreshTokenExpiry0", s."Role0", s."UpdatedAt1", t0."Id", t0."ActualMinutes", t0."AssignedToUserId", t0."CompletedAt", t0."CreatedAt", t0."CreatedByUserId", t0."DeletedAt", t0."Description", t0."DueDate", t0."EstimatedMinutes", t0."IsDeleted", t0."OrderIndex", t0."OrganizationId", t0."ParentTaskId", t0."Priority", t0."ProjectId", t0."StartDate", t0."Status", t0."Title", t0."UpdatedAt"
FROM (
    SELECT p."Id", p."CreatedAt", p."CreatedByUserId", p."DeletedAt", p."Description", p."DueDate", p."IsDeleted", p."Name", p."OrganizationId", p."ProjectLeadUserId", p."StartDate", p."Status", p."UpdatedAt", u0."Id" AS "Id0", u0."CreatedAt" AS "CreatedAt0", u0."DeletedAt" AS "DeletedAt0", u0."Email", u0."EmailVerificationExpiry", u0."EmailVerificationToken", u0."FirstName", u0."IsActive", u0."IsDeleted" AS "IsDeleted0", u0."IsEmailVerified", u0."LastLoginAt", u0."LastName", u0."OrganizationId" AS "OrganizationId0", u0."PasswordHash", u0."PasswordResetExpiry", u0."PasswordResetToken", u0."ProfilePictureUrl", u0."RefreshToken", u0."RefreshTokenExpiry", u0."Role", u0."UpdatedAt" AS "UpdatedAt0", u2."Id" AS "Id1", u2."CreatedAt" AS "CreatedAt1", u2."DeletedAt" AS "DeletedAt1", u2."Email" AS "Email0", u2."EmailVerificationExpiry" AS "EmailVerificationExpiry0", u2."EmailVerificationToken" AS "EmailVerificationToken0", u2."FirstName" AS "FirstName0", u2."IsActive" AS "IsActive0", u2."IsDeleted" AS "IsDeleted1", u2."IsEmailVerified" AS "IsEmailVerified0", u2."LastLoginAt" AS "LastLoginAt0", u2."LastName" AS "LastName0", u2."OrganizationId" AS "OrganizationId1", u2."PasswordHash" AS "PasswordHash0", u2."PasswordResetExpiry" AS "PasswordResetExpiry0", u2."PasswordResetToken" AS "PasswordResetToken0", u2."ProfilePictureUrl" AS "ProfilePictureUrl0", u2."RefreshToken" AS "RefreshToken0", u2."RefreshTokenExpiry" AS "RefreshTokenExpiry0", u2."Role" AS "Role0", u2."UpdatedAt" AS "UpdatedAt1"
    FROM "Projects" AS p
    INNER JOIN (
        SELECT u."Id", u."CreatedAt", u."DeletedAt", u."Email", u."EmailVerificationExpiry", u."EmailVerificationToken", u."FirstName", u."IsActive", u."IsDeleted", u."IsEmailVerified", u."LastLoginAt", u."LastName", u."OrganizationId", u."PasswordHash", u."PasswordResetExpiry", u."PasswordResetToken", u."ProfilePictureUrl", u."RefreshToken", u."RefreshTokenExpiry", u."Role", u."UpdatedAt"
        FROM "Users" AS u
        WHERE NOT (u."IsDeleted")
    ) AS u0 ON p."CreatedByUserId" = u0."Id"
    LEFT JOIN (
        SELECT u1."Id", u1."CreatedAt", u1."DeletedAt", u1."Email", u1."EmailVerificationExpiry", u1."EmailVerificationToken", u1."FirstName", u1."IsActive", u1."IsDeleted", u1."IsEmailVerified", u1."LastLoginAt", u1."LastName", u1."OrganizationId", u1."PasswordHash", u1."PasswordResetExpiry", u1."PasswordResetToken", u1."ProfilePictureUrl", u1."RefreshToken", u1."RefreshTokenExpiry", u1."Role", u1."UpdatedAt"
        FROM "Users" AS u1
        WHERE NOT (u1."IsDeleted")
    ) AS u2 ON p."ProjectLeadUserId" = u2."Id"
    WHERE NOT (p."IsDeleted") AND p."Id" = @__projectId_0
    LIMIT 1
) AS s
LEFT JOIN (
    SELECT t."Id", t."ActualMinutes", t."AssignedToUserId", t."CompletedAt", t."CreatedAt", t."CreatedByUserId", t."DeletedAt", t."Description", t."DueDate", t."EstimatedMinutes", t."IsDeleted", t."OrderIndex", t."OrganizationId", t."ParentTaskId", t."Priority", t."ProjectId", t."StartDate", t."Status", t."Title", t."UpdatedAt"
    FROM "Tasks" AS t
    WHERE NOT (t."IsDeleted")
) AS t0 ON s."Id" = t0."ProjectId"
ORDER BY s."Id", s."Id0", s."Id1"
2026-07-28 14:17:10.783 +06:00 [INF] [0HNNCG2ALN4FF:00000001] Executed DbCommand (1ms) [Parameters=[@__projectId_0='00000000-0000-0000-0003-000000000001'], CommandType='"Text"', CommandTimeout='30']
SELECT count(*)::int
FROM "Tasks" AS t
WHERE NOT (t."IsDeleted") AND t."ProjectId" = @__projectId_0
2026-07-28 14:17:10.785 +06:00 [INF] [0HNNCG2ALN4FG:00000001] [0HNNCG2ALN4FG:00000001] GET /api/projects/00000000-0000-0000-0003-000000000001 → 200 (8.0ms)
2026-07-28 14:17:10.794 +06:00 [INF] [0HNNCG2ALN4FF:00000001] Executed DbCommand (10ms) [Parameters=[@__projectId_0='00000000-0000-0000-0003-000000000001', @__p_2='100', @__p_1='0'], CommandType='"Text"', CommandTimeout='30']
SELECT t0."Id", t0."ActualMinutes", t0."AssignedToUserId", t0."CompletedAt", t0."CreatedAt", t0."CreatedByUserId", t0."DeletedAt", t0."Description", t0."DueDate", t0."EstimatedMinutes", t0."IsDeleted", t0."OrderIndex", t0."OrganizationId", t0."ParentTaskId", t0."Priority", t0."ProjectId", t0."StartDate", t0."Status", t0."Title", t0."UpdatedAt", u0."Id", u0."CreatedAt", u0."DeletedAt", u0."Email", u0."EmailVerificationExpiry", u0."EmailVerificationToken", u0."FirstName", u0."IsActive", u0."IsDeleted", u0."IsEmailVerified", u0."LastLoginAt", u0."LastName", u0."OrganizationId", u0."PasswordHash", u0."PasswordResetExpiry", u0."PasswordResetToken", u0."ProfilePictureUrl", u0."RefreshToken", u0."RefreshTokenExpiry", u0."Role", u0."UpdatedAt", u2."Id", u2."CreatedAt", u2."DeletedAt", u2."Email", u2."EmailVerificationExpiry", u2."EmailVerificationToken", u2."FirstName", u2."IsActive", u2."IsDeleted", u2."IsEmailVerified", u2."LastLoginAt", u2."LastName", u2."OrganizationId", u2."PasswordHash", u2."PasswordResetExpiry", u2."PasswordResetToken", u2."ProfilePictureUrl", u2."RefreshToken", u2."RefreshTokenExpiry", u2."Role", u2."UpdatedAt", p0."Id", p0."CreatedAt", p0."CreatedByUserId", p0."DeletedAt", p0."Description", p0."DueDate", p0."IsDeleted", p0."Name", p0."OrganizationId", p0."ProjectLeadUserId", p0."StartDate", p0."Status", p0."UpdatedAt", s."TaskId", s."UserId", s."AssignedAt", s."AssignedByUserId", s."Id", s."CreatedAt", s."DeletedAt", s."Email", s."EmailVerificationExpiry", s."EmailVerificationToken", s."FirstName", s."IsActive", s."IsDeleted", s."IsEmailVerified", s."LastLoginAt", s."LastName", s."OrganizationId", s."PasswordHash", s."PasswordResetExpiry", s."PasswordResetToken", s."ProfilePictureUrl", s."RefreshToken", s."RefreshTokenExpiry", s."Role", s."UpdatedAt", t3."Id", t3."ActualMinutes", t3."AssignedToUserId", t3."CompletedAt", t3."CreatedAt", t3."CreatedByUserId", t3."DeletedAt", t3."Description", t3."DueDate", t3."EstimatedMinutes", t3."IsDeleted", t3."OrderIndex", t3."OrganizationId", t3."ParentTaskId", t3."Priority", t3."ProjectId", t3."StartDate", t3."Status", t3."Title", t3."UpdatedAt"
FROM (
    SELECT t."Id", t."ActualMinutes", t."AssignedToUserId", t."CompletedAt", t."CreatedAt", t."CreatedByUserId", t."DeletedAt", t."Description", t."DueDate", t."EstimatedMinutes", t."IsDeleted", t."OrderIndex", t."OrganizationId", t."ParentTaskId", t."Priority", t."ProjectId", t."StartDate", t."Status", t."Title", t."UpdatedAt"
    FROM "Tasks" AS t
    WHERE NOT (t."IsDeleted") AND t."ProjectId" = @__projectId_0
    ORDER BY t."OrderIndex"
    LIMIT @__p_2 OFFSET @__p_1
) AS t0
INNER JOIN (
    SELECT u."Id", u."CreatedAt", u."DeletedAt", u."Email", u."EmailVerificationExpiry", u."EmailVerificationToken", u."FirstName", u."IsActive", u."IsDeleted", u."IsEmailVerified", u."LastLoginAt", u."LastName", u."OrganizationId", u."PasswordHash", u."PasswordResetExpiry", u."PasswordResetToken", u."ProfilePictureUrl", u."RefreshToken", u."RefreshTokenExpiry", u."Role", u."UpdatedAt"
    FROM "Users" AS u
    WHERE NOT (u."IsDeleted")
) AS u0 ON t0."CreatedByUserId" = u0."Id"
LEFT JOIN (
    SELECT u1."Id", u1."CreatedAt", u1."DeletedAt", u1."Email", u1."EmailVerificationExpiry", u1."EmailVerificationToken", u1."FirstName", u1."IsActive", u1."IsDeleted", u1."IsEmailVerified", u1."LastLoginAt", u1."LastName", u1."OrganizationId", u1."PasswordHash", u1."PasswordResetExpiry", u1."PasswordResetToken", u1."ProfilePictureUrl", u1."RefreshToken", u1."RefreshTokenExpiry", u1."Role", u1."UpdatedAt"
    FROM "Users" AS u1
    WHERE NOT (u1."IsDeleted")
) AS u2 ON t0."AssignedToUserId" = u2."Id"
INNER JOIN (
    SELECT p."Id", p."CreatedAt", p."CreatedByUserId", p."DeletedAt", p."Description", p."DueDate", p."IsDeleted", p."Name", p."OrganizationId", p."ProjectLeadUserId", p."StartDate", p."Status", p."UpdatedAt"
    FROM "Projects" AS p
    WHERE NOT (p."IsDeleted")
) AS p0 ON t0."ProjectId" = p0."Id"
LEFT JOIN (
    SELECT t1."TaskId", t1."UserId", t1."AssignedAt", t1."AssignedByUserId", u4."Id", u4."CreatedAt", u4."DeletedAt", u4."Email", u4."EmailVerificationExpiry", u4."EmailVerificationToken", u4."FirstName", u4."IsActive", u4."IsDeleted", u4."IsEmailVerified", u4."LastLoginAt", u4."LastName", u4."OrganizationId", u4."PasswordHash", u4."PasswordResetExpiry", u4."PasswordResetToken", u4."ProfilePictureUrl", u4."RefreshToken", u4."RefreshTokenExpiry", u4."Role", u4."UpdatedAt"
    FROM "TaskAssignees" AS t1
    INNER JOIN (
        SELECT u3."Id", u3."CreatedAt", u3."DeletedAt", u3."Email", u3."EmailVerificationExpiry", u3."EmailVerificationToken", u3."FirstName", u3."IsActive", u3."IsDeleted", u3."IsEmailVerified", u3."LastLoginAt", u3."LastName", u3."OrganizationId", u3."PasswordHash", u3."PasswordResetExpiry", u3."PasswordResetToken", u3."ProfilePictureUrl", u3."RefreshToken", u3."RefreshTokenExpiry", u3."Role", u3."UpdatedAt"
        FROM "Users" AS u3
        WHERE NOT (u3."IsDeleted")
    ) AS u4 ON t1."UserId" = u4."Id"
) AS s ON t0."Id" = s."TaskId"
LEFT JOIN (
    SELECT t2."Id", t2."ActualMinutes", t2."AssignedToUserId", t2."CompletedAt", t2."CreatedAt", t2."CreatedByUserId", t2."DeletedAt", t2."Description", t2."DueDate", t2."EstimatedMinutes", t2."IsDeleted", t2."OrderIndex", t2."OrganizationId", t2."ParentTaskId", t2."Priority", t2."ProjectId", t2."StartDate", t2."Status", t2."Title", t2."UpdatedAt"
    FROM "Tasks" AS t2
    WHERE NOT (t2."IsDeleted")
) AS t3 ON t0."Id" = t3."ParentTaskId"
ORDER BY t0."OrderIndex", t0."Id", u0."Id", u2."Id", p0."Id", s."TaskId", s."UserId", s."Id"
2026-07-28 14:17:10.797 +06:00 [INF] [0HNNCG2ALN4FF:00000001] [0HNNCG2ALN4FF:00000001] GET /api/projects/00000000-0000-0000-0003-000000000001/tasks → 200 (20.0ms)
2026-07-28 14:17:16.804 +06:00 [DBG] [0HNNCG2ALN4FH:00000001] Permission granted: Owner → projects.view
2026-07-28 14:17:16.806 +06:00 [INF] [0HNNCG2ALN4FH:00000001] Executed DbCommand (1ms) [Parameters=[@___currentUser_UserId_0='00000000-0000-0000-0002-000000000001'], CommandType='"Text"', CommandTimeout='30']
SELECT u."Id", u."CreatedAt", u."DeletedAt", u."Email", u."EmailVerificationExpiry", u."EmailVerificationToken", u."FirstName", u."IsActive", u."IsDeleted", u."IsEmailVerified", u."LastLoginAt", u."LastName", u."OrganizationId", u."PasswordHash", u."PasswordResetExpiry", u."PasswordResetToken", u."ProfilePictureUrl", u."RefreshToken", u."RefreshTokenExpiry", u."Role", u."UpdatedAt", o0."Id", o0."CreatedAt", o0."DeletedAt", o0."Description", o0."IsActive", o0."IsDeleted", o0."LogoUrl", o0."Name", o0."Plan", o0."Slug", o0."UpdatedAt"
FROM "Users" AS u
INNER JOIN (
    SELECT o."Id", o."CreatedAt", o."DeletedAt", o."Description", o."IsActive", o."IsDeleted", o."LogoUrl", o."Name", o."Plan", o."Slug", o."UpdatedAt"
    FROM "Organizations" AS o
    WHERE NOT (o."IsDeleted")
) AS o0 ON u."OrganizationId" = o0."Id"
WHERE NOT (u."IsDeleted") AND u."Id" = @___currentUser_UserId_0
LIMIT 1
2026-07-28 14:17:16.809 +06:00 [INF] [0HNNCG2ALN4FH:00000001] Executed DbCommand (1ms) [Parameters=[@___currentUser_OrganizationId_0='00000000-0000-0000-0001-000000000001', @__p_2='50', @__p_1='0'], CommandType='"Text"', CommandTimeout='30']
SELECT a."Id", a."Action", a."CreatedAt", a."EntityId", a."EntityName", a."EntityType", a."Metadata", a."OrganizationId", a."ProjectId", a."UserId", a."UserName"
FROM "ActivityLogs" AS a
WHERE a."OrganizationId" = @___currentUser_OrganizationId_0
ORDER BY a."CreatedAt" DESC
LIMIT @__p_2 OFFSET @__p_1
2026-07-28 14:17:16.810 +06:00 [INF] [0HNNCG2ALN4FH:00000001] [0HNNCG2ALN4FH:00000001] GET /api/activity → 200 (5.6ms)
2026-07-28 14:17:17.387 +06:00 [DBG] [0HNNCG2ALN4FI:00000001] Permission granted: Owner → projects.view
2026-07-28 14:17:17.390 +06:00 [INF] [0HNNCG2ALN4FI:00000001] Executed DbCommand (1ms) [Parameters=[@___currentUser_UserId_0='00000000-0000-0000-0002-000000000001'], CommandType='"Text"', CommandTimeout='30']
SELECT u."Id", u."CreatedAt", u."DeletedAt", u."Email", u."EmailVerificationExpiry", u."EmailVerificationToken", u."FirstName", u."IsActive", u."IsDeleted", u."IsEmailVerified", u."LastLoginAt", u."LastName", u."OrganizationId", u."PasswordHash", u."PasswordResetExpiry", u."PasswordResetToken", u."ProfilePictureUrl", u."RefreshToken", u."RefreshTokenExpiry", u."Role", u."UpdatedAt", o0."Id", o0."CreatedAt", o0."DeletedAt", o0."Description", o0."IsActive", o0."IsDeleted", o0."LogoUrl", o0."Name", o0."Plan", o0."Slug", o0."UpdatedAt"
FROM "Users" AS u
INNER JOIN (
    SELECT o."Id", o."CreatedAt", o."DeletedAt", o."Description", o."IsActive", o."IsDeleted", o."LogoUrl", o."Name", o."Plan", o."Slug", o."UpdatedAt"
    FROM "Organizations" AS o
    WHERE NOT (o."IsDeleted")
) AS o0 ON u."OrganizationId" = o0."Id"
WHERE NOT (u."IsDeleted") AND u."Id" = @___currentUser_UserId_0
LIMIT 1
2026-07-28 14:17:17.391 +06:00 [INF] [0HNNCG2ALN4FI:00000001] Executed DbCommand (1ms) [Parameters=[@___currentUser_OrganizationId_0='00000000-0000-0000-0001-000000000001', @__p_2='50', @__p_1='0'], CommandType='"Text"', CommandTimeout='30']
SELECT a."Id", a."Action", a."CreatedAt", a."EntityId", a."EntityName", a."EntityType", a."Metadata", a."OrganizationId", a."ProjectId", a."UserId", a."UserName"
FROM "ActivityLogs" AS a
WHERE a."OrganizationId" = @___currentUser_OrganizationId_0
ORDER BY a."CreatedAt" DESC
LIMIT @__p_2 OFFSET @__p_1
2026-07-28 14:17:17.392 +06:00 [INF] [0HNNCG2ALN4FI:00000001] [0HNNCG2ALN4FI:00000001] GET /api/activity → 200 (5.2ms)
2026-07-28 14:20:08.540 +06:00 [DBG] [0HNNCG2ALN4FJ:00000001] Permission granted: Owner → projects.view
2026-07-28 14:20:08.540 +06:00 [DBG] [0HNNCG2ALN4FK:00000001] Permission granted: Owner → projects.view
2026-07-28 14:20:08.540 +06:00 [DBG] [0HNNCG2ALN4FL:00000001] Permission granted: Owner → members.view
2026-07-28 14:20:08.542 +06:00 [INF] [0HNNCG2ALN4FL:00000001] Executed DbCommand (1ms) [Parameters=[@___currentUser_UserId_0='00000000-0000-0000-0002-000000000001'], CommandType='"Text"', CommandTimeout='30']
SELECT u."Id", u."CreatedAt", u."DeletedAt", u."Email", u."EmailVerificationExpiry", u."EmailVerificationToken", u."FirstName", u."IsActive", u."IsDeleted", u."IsEmailVerified", u."LastLoginAt", u."LastName", u."OrganizationId", u."PasswordHash", u."PasswordResetExpiry", u."PasswordResetToken", u."ProfilePictureUrl", u."RefreshToken", u."RefreshTokenExpiry", u."Role", u."UpdatedAt", o0."Id", o0."CreatedAt", o0."DeletedAt", o0."Description", o0."IsActive", o0."IsDeleted", o0."LogoUrl", o0."Name", o0."Plan", o0."Slug", o0."UpdatedAt"
FROM "Users" AS u
INNER JOIN (
    SELECT o."Id", o."CreatedAt", o."DeletedAt", o."Description", o."IsActive", o."IsDeleted", o."LogoUrl", o."Name", o."Plan", o."Slug", o."UpdatedAt"
    FROM "Organizations" AS o
    WHERE NOT (o."IsDeleted")
) AS o0 ON u."OrganizationId" = o0."Id"
WHERE NOT (u."IsDeleted") AND u."Id" = @___currentUser_UserId_0
LIMIT 1
2026-07-28 14:20:08.542 +06:00 [INF] [0HNNCG2ALN4FK:00000001] Executed DbCommand (1ms) [Parameters=[@___currentUser_UserId_0='00000000-0000-0000-0002-000000000001'], CommandType='"Text"', CommandTimeout='30']
SELECT u."Id", u."CreatedAt", u."DeletedAt", u."Email", u."EmailVerificationExpiry", u."EmailVerificationToken", u."FirstName", u."IsActive", u."IsDeleted", u."IsEmailVerified", u."LastLoginAt", u."LastName", u."OrganizationId", u."PasswordHash", u."PasswordResetExpiry", u."PasswordResetToken", u."ProfilePictureUrl", u."RefreshToken", u."RefreshTokenExpiry", u."Role", u."UpdatedAt", o0."Id", o0."CreatedAt", o0."DeletedAt", o0."Description", o0."IsActive", o0."IsDeleted", o0."LogoUrl", o0."Name", o0."Plan", o0."Slug", o0."UpdatedAt"
FROM "Users" AS u
INNER JOIN (
    SELECT o."Id", o."CreatedAt", o."DeletedAt", o."Description", o."IsActive", o."IsDeleted", o."LogoUrl", o."Name", o."Plan", o."Slug", o."UpdatedAt"
    FROM "Organizations" AS o
    WHERE NOT (o."IsDeleted")
) AS o0 ON u."OrganizationId" = o0."Id"
WHERE NOT (u."IsDeleted") AND u."Id" = @___currentUser_UserId_0
LIMIT 1
2026-07-28 14:20:08.542 +06:00 [INF] [0HNNCG2ALN4FJ:00000001] Executed DbCommand (1ms) [Parameters=[@___currentUser_UserId_0='00000000-0000-0000-0002-000000000001'], CommandType='"Text"', CommandTimeout='30']
SELECT u."Id", u."CreatedAt", u."DeletedAt", u."Email", u."EmailVerificationExpiry", u."EmailVerificationToken", u."FirstName", u."IsActive", u."IsDeleted", u."IsEmailVerified", u."LastLoginAt", u."LastName", u."OrganizationId", u."PasswordHash", u."PasswordResetExpiry", u."PasswordResetToken", u."ProfilePictureUrl", u."RefreshToken", u."RefreshTokenExpiry", u."Role", u."UpdatedAt", o0."Id", o0."CreatedAt", o0."DeletedAt", o0."Description", o0."IsActive", o0."IsDeleted", o0."LogoUrl", o0."Name", o0."Plan", o0."Slug", o0."UpdatedAt"
FROM "Users" AS u
INNER JOIN (
    SELECT o."Id", o."CreatedAt", o."DeletedAt", o."Description", o."IsActive", o."IsDeleted", o."LogoUrl", o."Name", o."Plan", o."Slug", o."UpdatedAt"
    FROM "Organizations" AS o
    WHERE NOT (o."IsDeleted")
) AS o0 ON u."OrganizationId" = o0."Id"
WHERE NOT (u."IsDeleted") AND u."Id" = @___currentUser_UserId_0
LIMIT 1
2026-07-28 14:20:08.544 +06:00 [INF] [0HNNCG2ALN4FK:00000001] Executed DbCommand (0ms) [Parameters=[@___currentUser_OrganizationId_0='00000000-0000-0000-0001-000000000001'], CommandType='"Text"', CommandTimeout='30']
SELECT count(*)::int
FROM "Projects" AS p
WHERE NOT (p."IsDeleted") AND p."OrganizationId" = @___currentUser_OrganizationId_0
2026-07-28 14:20:08.544 +06:00 [INF] [0HNNCG2ALN4FJ:00000001] Executed DbCommand (1ms) [Parameters=[@___currentUser_OrganizationId_0='00000000-0000-0000-0001-000000000001', @__p_2='50', @__p_1='0'], CommandType='"Text"', CommandTimeout='30']
SELECT a."Id", a."Action", a."CreatedAt", a."EntityId", a."EntityName", a."EntityType", a."Metadata", a."OrganizationId", a."ProjectId", a."UserId", a."UserName"
FROM "ActivityLogs" AS a
WHERE a."OrganizationId" = @___currentUser_OrganizationId_0
ORDER BY a."CreatedAt" DESC
LIMIT @__p_2 OFFSET @__p_1
2026-07-28 14:20:08.545 +06:00 [INF] [0HNNCG2ALN4FJ:00000001] [0HNNCG2ALN4FJ:00000001] GET /api/activity → 200 (5.6ms)
2026-07-28 14:20:08.545 +06:00 [INF] [0HNNCG2ALN4FL:00000001] Executed DbCommand (1ms) [Parameters=[@___currentUser_OrganizationId_0='00000000-0000-0000-0001-000000000001'], CommandType='"Text"', CommandTimeout='30']
SELECT count(*)::int
FROM "Users" AS u
WHERE NOT (u."IsDeleted") AND u."OrganizationId" = @___currentUser_OrganizationId_0
2026-07-28 14:20:08.547 +06:00 [INF] [0HNNCG2ALN4FK:00000001] Executed DbCommand (2ms) [Parameters=[@___currentUser_OrganizationId_0='00000000-0000-0000-0001-000000000001', @__p_2='100', @__p_1='0'], CommandType='"Text"', CommandTimeout='30']
SELECT p0."Id", p0."CreatedAt", p0."CreatedByUserId", p0."DeletedAt", p0."Description", p0."DueDate", p0."IsDeleted", p0."Name", p0."OrganizationId", p0."ProjectLeadUserId", p0."StartDate", p0."Status", p0."UpdatedAt", u0."Id", u0."CreatedAt", u0."DeletedAt", u0."Email", u0."EmailVerificationExpiry", u0."EmailVerificationToken", u0."FirstName", u0."IsActive", u0."IsDeleted", u0."IsEmailVerified", u0."LastLoginAt", u0."LastName", u0."OrganizationId", u0."PasswordHash", u0."PasswordResetExpiry", u0."PasswordResetToken", u0."ProfilePictureUrl", u0."RefreshToken", u0."RefreshTokenExpiry", u0."Role", u0."UpdatedAt", u2."Id", u2."CreatedAt", u2."DeletedAt", u2."Email", u2."EmailVerificationExpiry", u2."EmailVerificationToken", u2."FirstName", u2."IsActive", u2."IsDeleted", u2."IsEmailVerified", u2."LastLoginAt", u2."LastName", u2."OrganizationId", u2."PasswordHash", u2."PasswordResetExpiry", u2."PasswordResetToken", u2."ProfilePictureUrl", u2."RefreshToken", u2."RefreshTokenExpiry", u2."Role", u2."UpdatedAt", t0."Id", t0."ActualMinutes", t0."AssignedToUserId", t0."CompletedAt", t0."CreatedAt", t0."CreatedByUserId", t0."DeletedAt", t0."Description", t0."DueDate", t0."EstimatedMinutes", t0."IsDeleted", t0."OrderIndex", t0."OrganizationId", t0."ParentTaskId", t0."Priority", t0."ProjectId", t0."StartDate", t0."Status", t0."Title", t0."UpdatedAt"
FROM (
    SELECT p."Id", p."CreatedAt", p."CreatedByUserId", p."DeletedAt", p."Description", p."DueDate", p."IsDeleted", p."Name", p."OrganizationId", p."ProjectLeadUserId", p."StartDate", p."Status", p."UpdatedAt"
    FROM "Projects" AS p
    WHERE NOT (p."IsDeleted") AND p."OrganizationId" = @___currentUser_OrganizationId_0
    ORDER BY p."CreatedAt" DESC
    LIMIT @__p_2 OFFSET @__p_1
) AS p0
INNER JOIN (
    SELECT u."Id", u."CreatedAt", u."DeletedAt", u."Email", u."EmailVerificationExpiry", u."EmailVerificationToken", u."FirstName", u."IsActive", u."IsDeleted", u."IsEmailVerified", u."LastLoginAt", u."LastName", u."OrganizationId", u."PasswordHash", u."PasswordResetExpiry", u."PasswordResetToken", u."ProfilePictureUrl", u."RefreshToken", u."RefreshTokenExpiry", u."Role", u."UpdatedAt"
    FROM "Users" AS u
    WHERE NOT (u."IsDeleted")
) AS u0 ON p0."CreatedByUserId" = u0."Id"
LEFT JOIN (
    SELECT u1."Id", u1."CreatedAt", u1."DeletedAt", u1."Email", u1."EmailVerificationExpiry", u1."EmailVerificationToken", u1."FirstName", u1."IsActive", u1."IsDeleted", u1."IsEmailVerified", u1."LastLoginAt", u1."LastName", u1."OrganizationId", u1."PasswordHash", u1."PasswordResetExpiry", u1."PasswordResetToken", u1."ProfilePictureUrl", u1."RefreshToken", u1."RefreshTokenExpiry", u1."Role", u1."UpdatedAt"
    FROM "Users" AS u1
    WHERE NOT (u1."IsDeleted")
) AS u2 ON p0."ProjectLeadUserId" = u2."Id"
LEFT JOIN (
    SELECT t."Id", t."ActualMinutes", t."AssignedToUserId", t."CompletedAt", t."CreatedAt", t."CreatedByUserId", t."DeletedAt", t."Description", t."DueDate", t."EstimatedMinutes", t."IsDeleted", t."OrderIndex", t."OrganizationId", t."ParentTaskId", t."Priority", t."ProjectId", t."StartDate", t."Status", t."Title", t."UpdatedAt"
    FROM "Tasks" AS t
    WHERE NOT (t."IsDeleted")
) AS t0 ON p0."Id" = t0."ProjectId"
ORDER BY p0."CreatedAt" DESC, p0."Id", u0."Id", u2."Id"
2026-07-28 14:20:08.547 +06:00 [INF] [0HNNCG2ALN4FL:00000001] Executed DbCommand (1ms) [Parameters=[@___currentUser_OrganizationId_0='00000000-0000-0000-0001-000000000001', @__p_2='100', @__p_1='0'], CommandType='"Text"', CommandTimeout='30']
SELECT u."Id", u."CreatedAt", u."DeletedAt", u."Email", u."EmailVerificationExpiry", u."EmailVerificationToken", u."FirstName", u."IsActive", u."IsDeleted", u."IsEmailVerified", u."LastLoginAt", u."LastName", u."OrganizationId", u."PasswordHash", u."PasswordResetExpiry", u."PasswordResetToken", u."ProfilePictureUrl", u."RefreshToken", u."RefreshTokenExpiry", u."Role", u."UpdatedAt"
FROM "Users" AS u
WHERE NOT (u."IsDeleted") AND u."OrganizationId" = @___currentUser_OrganizationId_0
ORDER BY u."FirstName", u."LastName"
LIMIT @__p_2 OFFSET @__p_1
2026-07-28 14:20:08.548 +06:00 [INF] [0HNNCG2ALN4FL:00000001] Members listed for org "00000000-0000-0000-0001-000000000001" — page 1, 4 results
2026-07-28 14:20:08.548 +06:00 [INF] [0HNNCG2ALN4FK:00000001] Projects listed for org "00000000-0000-0000-0001-000000000001" — 5 results
2026-07-28 14:20:08.548 +06:00 [INF] [0HNNCG2ALN4FL:00000001] [0HNNCG2ALN4FL:00000001] GET /api/organizations/me/members → 200 (8.3ms)
2026-07-28 14:20:08.549 +06:00 [INF] [0HNNCG2ALN4FK:00000001] [0HNNCG2ALN4FK:00000001] GET /api/projects → 200 (8.6ms)
2026-07-28 14:20:38.551 +06:00 [DBG] [0HNNCG2ALN4FM:00000001] Permission granted: Owner → projects.view
2026-07-28 14:20:38.554 +06:00 [INF] [0HNNCG2ALN4FM:00000001] Executed DbCommand (1ms) [Parameters=[@___currentUser_UserId_0='00000000-0000-0000-0002-000000000001'], CommandType='"Text"', CommandTimeout='30']
SELECT u."Id", u."CreatedAt", u."DeletedAt", u."Email", u."EmailVerificationExpiry", u."EmailVerificationToken", u."FirstName", u."IsActive", u."IsDeleted", u."IsEmailVerified", u."LastLoginAt", u."LastName", u."OrganizationId", u."PasswordHash", u."PasswordResetExpiry", u."PasswordResetToken", u."ProfilePictureUrl", u."RefreshToken", u."RefreshTokenExpiry", u."Role", u."UpdatedAt", o0."Id", o0."CreatedAt", o0."DeletedAt", o0."Description", o0."IsActive", o0."IsDeleted", o0."LogoUrl", o0."Name", o0."Plan", o0."Slug", o0."UpdatedAt"
FROM "Users" AS u
INNER JOIN (
    SELECT o."Id", o."CreatedAt", o."DeletedAt", o."Description", o."IsActive", o."IsDeleted", o."LogoUrl", o."Name", o."Plan", o."Slug", o."UpdatedAt"
    FROM "Organizations" AS o
    WHERE NOT (o."IsDeleted")
) AS o0 ON u."OrganizationId" = o0."Id"
WHERE NOT (u."IsDeleted") AND u."Id" = @___currentUser_UserId_0
LIMIT 1
2026-07-28 14:20:38.557 +06:00 [INF] [0HNNCG2ALN4FM:00000001] Executed DbCommand (1ms) [Parameters=[@___currentUser_OrganizationId_0='00000000-0000-0000-0001-000000000001', @__p_2='50', @__p_1='0'], CommandType='"Text"', CommandTimeout='30']
SELECT a."Id", a."Action", a."CreatedAt", a."EntityId", a."EntityName", a."EntityType", a."Metadata", a."OrganizationId", a."ProjectId", a."UserId", a."UserName"
FROM "ActivityLogs" AS a
WHERE a."OrganizationId" = @___currentUser_OrganizationId_0
ORDER BY a."CreatedAt" DESC
LIMIT @__p_2 OFFSET @__p_1
2026-07-28 14:20:38.559 +06:00 [INF] [0HNNCG2ALN4FM:00000001] [0HNNCG2ALN4FM:00000001] GET /api/activity → 200 (8.7ms)
2026-07-28 14:22:48.649 +06:00 [INF] [] Application is shutting down...
2026-07-28 14:22:52.524 +06:00 [WRN] [] Entity 'Organization' has a global query filter defined and is the required end of a relationship with the entity 'ActivityLog'. This may lead to unexpected results when the required entity is filtered out. Either configure the navigation as optional, or define matching query filters for both entities in the navigation. See https://go.microsoft.com/fwlink/?linkid=2131316 for more information.
2026-07-28 14:22:52.543 +06:00 [WRN] [] Entity 'User' has a global query filter defined and is the required end of a relationship with the entity 'TaskAssignee'. This may lead to unexpected results when the required entity is filtered out. Either configure the navigation as optional, or define matching query filters for both entities in the navigation. See https://go.microsoft.com/fwlink/?linkid=2131316 for more information.
2026-07-28 14:22:52.547 +06:00 [WRN] [] Sensitive data logging is enabled. Log entries and exception messages may include sensitive application data; this mode should only be enabled during development.
2026-07-28 14:22:52.776 +06:00 [INF] [] Executed DbCommand (13ms) [Parameters=[], CommandType='"Text"', CommandTimeout='30']
SELECT "MigrationId", "ProductVersion"
FROM "__EFMigrationsHistory"
ORDER BY "MigrationId";
2026-07-28 14:22:53.026 +06:00 [INF] [] Executed DbCommand (4ms) [Parameters=[], CommandType='"Text"', CommandTimeout='30']
CREATE TABLE IF NOT EXISTS "__EFMigrationsHistory" (
    "MigrationId" character varying(150) NOT NULL,
    "ProductVersion" character varying(32) NOT NULL,
    CONSTRAINT "PK___EFMigrationsHistory" PRIMARY KEY ("MigrationId")
);
2026-07-28 14:22:53.037 +06:00 [INF] [] Executed DbCommand (1ms) [Parameters=[], CommandType='"Text"', CommandTimeout='30']
LOCK TABLE "__EFMigrationsHistory" IN ACCESS EXCLUSIVE MODE
2026-07-28 14:22:53.039 +06:00 [INF] [] Executed DbCommand (1ms) [Parameters=[], CommandType='"Text"', CommandTimeout='30']
SELECT "MigrationId", "ProductVersion"
FROM "__EFMigrationsHistory"
ORDER BY "MigrationId";
2026-07-28 14:22:53.095 +06:00 [INF] [] Starting database seeding...
2026-07-28 14:22:53.232 +06:00 [INF] [] Executed DbCommand (2ms) [Parameters=[], CommandType='"Text"', CommandTimeout='30']
SELECT EXISTS (
    SELECT 1
    FROM "Organizations" AS o
    WHERE NOT (o."IsDeleted"))
2026-07-28 14:22:53.241 +06:00 [INF] [] Database already seeded — skipping.
2026-07-28 14:22:53.358 +06:00 [INF] [] Now listening on: http://localhost:5210
2026-07-28 14:22:53.358 +06:00 [INF] [] Application started. Press Ctrl+C to shut down.
2026-07-28 14:22:53.358 +06:00 [INF] [] Hosting environment: Development
2026-07-28 14:22:53.358 +06:00 [INF] [] Content root path: C:\Users\Abdul\Documents\GitHub\WorkSphere\WorkHub.API
2026-07-28 14:22:57.627 +06:00 [WRN] [0HNNCG5N22FTU:00000001] Failed to determine the https port for redirect.
2026-07-28 14:22:57.685 +06:00 [DBG] [0HNNCG5N22FTT:00000001] Permission granted: Owner → projects.view
2026-07-28 14:22:57.685 +06:00 [DBG] [0HNNCG5N22FTU:00000001] Permission granted: Owner → members.view
2026-07-28 14:22:57.685 +06:00 [DBG] [0HNNCG5N22FTS:00000001] Permission granted: Owner → projects.view
2026-07-28 14:22:57.814 +06:00 [INF] [0HNNCG5N22FTU:00000001] Executed DbCommand (11ms) [Parameters=[@___currentUser_UserId_0='00000000-0000-0000-0002-000000000001'], CommandType='"Text"', CommandTimeout='30']
SELECT u."Id", u."CreatedAt", u."DeletedAt", u."Email", u."EmailVerificationExpiry", u."EmailVerificationToken", u."FirstName", u."IsActive", u."IsDeleted", u."IsEmailVerified", u."LastLoginAt", u."LastName", u."OrganizationId", u."PasswordHash", u."PasswordResetExpiry", u."PasswordResetToken", u."ProfilePictureUrl", u."RefreshToken", u."RefreshTokenExpiry", u."Role", u."UpdatedAt", o0."Id", o0."CreatedAt", o0."DeletedAt", o0."Description", o0."IsActive", o0."IsDeleted", o0."LogoUrl", o0."Name", o0."Plan", o0."Slug", o0."UpdatedAt"
FROM "Users" AS u
INNER JOIN (
    SELECT o."Id", o."CreatedAt", o."DeletedAt", o."Description", o."IsActive", o."IsDeleted", o."LogoUrl", o."Name", o."Plan", o."Slug", o."UpdatedAt"
    FROM "Organizations" AS o
    WHERE NOT (o."IsDeleted")
) AS o0 ON u."OrganizationId" = o0."Id"
WHERE NOT (u."IsDeleted") AND u."Id" = @___currentUser_UserId_0
LIMIT 1
2026-07-28 14:22:57.876 +06:00 [INF] [0HNNCG5N22FTT:00000001] Executed DbCommand (4ms) [Parameters=[@___currentUser_UserId_0='00000000-0000-0000-0002-000000000001'], CommandType='"Text"', CommandTimeout='30']
SELECT u."Id", u."CreatedAt", u."DeletedAt", u."Email", u."EmailVerificationExpiry", u."EmailVerificationToken", u."FirstName", u."IsActive", u."IsDeleted", u."IsEmailVerified", u."LastLoginAt", u."LastName", u."OrganizationId", u."PasswordHash", u."PasswordResetExpiry", u."PasswordResetToken", u."ProfilePictureUrl", u."RefreshToken", u."RefreshTokenExpiry", u."Role", u."UpdatedAt", o0."Id", o0."CreatedAt", o0."DeletedAt", o0."Description", o0."IsActive", o0."IsDeleted", o0."LogoUrl", o0."Name", o0."Plan", o0."Slug", o0."UpdatedAt"
FROM "Users" AS u
INNER JOIN (
    SELECT o."Id", o."CreatedAt", o."DeletedAt", o."Description", o."IsActive", o."IsDeleted", o."LogoUrl", o."Name", o."Plan", o."Slug", o."UpdatedAt"
    FROM "Organizations" AS o
    WHERE NOT (o."IsDeleted")
) AS o0 ON u."OrganizationId" = o0."Id"
WHERE NOT (u."IsDeleted") AND u."Id" = @___currentUser_UserId_0
LIMIT 1
2026-07-28 14:22:57.876 +06:00 [INF] [0HNNCG5N22FTS:00000001] Executed DbCommand (4ms) [Parameters=[@___currentUser_UserId_0='00000000-0000-0000-0002-000000000001'], CommandType='"Text"', CommandTimeout='30']
SELECT u."Id", u."CreatedAt", u."DeletedAt", u."Email", u."EmailVerificationExpiry", u."EmailVerificationToken", u."FirstName", u."IsActive", u."IsDeleted", u."IsEmailVerified", u."LastLoginAt", u."LastName", u."OrganizationId", u."PasswordHash", u."PasswordResetExpiry", u."PasswordResetToken", u."ProfilePictureUrl", u."RefreshToken", u."RefreshTokenExpiry", u."Role", u."UpdatedAt", o0."Id", o0."CreatedAt", o0."DeletedAt", o0."Description", o0."IsActive", o0."IsDeleted", o0."LogoUrl", o0."Name", o0."Plan", o0."Slug", o0."UpdatedAt"
FROM "Users" AS u
INNER JOIN (
    SELECT o."Id", o."CreatedAt", o."DeletedAt", o."Description", o."IsActive", o."IsDeleted", o."LogoUrl", o."Name", o."Plan", o."Slug", o."UpdatedAt"
    FROM "Organizations" AS o
    WHERE NOT (o."IsDeleted")
) AS o0 ON u."OrganizationId" = o0."Id"
WHERE NOT (u."IsDeleted") AND u."Id" = @___currentUser_UserId_0
LIMIT 1
2026-07-28 14:22:57.954 +06:00 [INF] [0HNNCG5N22FTT:00000001] Executed DbCommand (4ms) [Parameters=[@___currentUser_OrganizationId_0='00000000-0000-0000-0001-000000000001', @__p_2='50', @__p_1='0'], CommandType='"Text"', CommandTimeout='30']
SELECT a."Id", a."Action", a."CreatedAt", a."EntityId", a."EntityName", a."EntityType", a."Metadata", a."OrganizationId", a."ProjectId", a."UserId", a."UserName"
FROM "ActivityLogs" AS a
WHERE a."OrganizationId" = @___currentUser_OrganizationId_0
ORDER BY a."CreatedAt" DESC
LIMIT @__p_2 OFFSET @__p_1
2026-07-28 14:22:57.954 +06:00 [INF] [0HNNCG5N22FTU:00000001] Executed DbCommand (1ms) [Parameters=[@___currentUser_OrganizationId_0='00000000-0000-0000-0001-000000000001'], CommandType='"Text"', CommandTimeout='30']
SELECT count(*)::int
FROM "Users" AS u
WHERE NOT (u."IsDeleted") AND u."OrganizationId" = @___currentUser_OrganizationId_0
2026-07-28 14:22:57.958 +06:00 [INF] [0HNNCG5N22FTS:00000001] Executed DbCommand (5ms) [Parameters=[@___currentUser_OrganizationId_0='00000000-0000-0000-0001-000000000001'], CommandType='"Text"', CommandTimeout='30']
SELECT count(*)::int
FROM "Projects" AS p
WHERE NOT (p."IsDeleted") AND p."OrganizationId" = @___currentUser_OrganizationId_0
2026-07-28 14:22:57.989 +06:00 [INF] [0HNNCG5N22FTU:00000001] Executed DbCommand (1ms) [Parameters=[@___currentUser_OrganizationId_0='00000000-0000-0000-0001-000000000001', @__p_2='100', @__p_1='0'], CommandType='"Text"', CommandTimeout='30']
SELECT u."Id", u."CreatedAt", u."DeletedAt", u."Email", u."EmailVerificationExpiry", u."EmailVerificationToken", u."FirstName", u."IsActive", u."IsDeleted", u."IsEmailVerified", u."LastLoginAt", u."LastName", u."OrganizationId", u."PasswordHash", u."PasswordResetExpiry", u."PasswordResetToken", u."ProfilePictureUrl", u."RefreshToken", u."RefreshTokenExpiry", u."Role", u."UpdatedAt"
FROM "Users" AS u
WHERE NOT (u."IsDeleted") AND u."OrganizationId" = @___currentUser_OrganizationId_0
ORDER BY u."FirstName", u."LastName"
LIMIT @__p_2 OFFSET @__p_1
2026-07-28 14:22:57.991 +06:00 [INF] [0HNNCG5N22FTU:00000001] Members listed for org "00000000-0000-0000-0001-000000000001" — page 1, 4 results
2026-07-28 14:22:58.027 +06:00 [INF] [0HNNCG5N22FTT:00000001] [0HNNCG5N22FTT:00000001] GET /api/activity → 200 (410.7ms)
2026-07-28 14:22:58.027 +06:00 [INF] [0HNNCG5N22FTU:00000001] [0HNNCG5N22FTU:00000001] GET /api/organizations/me/members → 200 (410.7ms)
2026-07-28 14:22:58.049 +06:00 [INF] [0HNNCG5N22FTS:00000001] Executed DbCommand (5ms) [Parameters=[@___currentUser_OrganizationId_0='00000000-0000-0000-0001-000000000001', @__p_2='100', @__p_1='0'], CommandType='"Text"', CommandTimeout='30']
SELECT p0."Id", p0."CreatedAt", p0."CreatedByUserId", p0."DeletedAt", p0."Description", p0."DueDate", p0."IsDeleted", p0."Name", p0."OrganizationId", p0."ProjectLeadUserId", p0."StartDate", p0."Status", p0."UpdatedAt", u0."Id", u0."CreatedAt", u0."DeletedAt", u0."Email", u0."EmailVerificationExpiry", u0."EmailVerificationToken", u0."FirstName", u0."IsActive", u0."IsDeleted", u0."IsEmailVerified", u0."LastLoginAt", u0."LastName", u0."OrganizationId", u0."PasswordHash", u0."PasswordResetExpiry", u0."PasswordResetToken", u0."ProfilePictureUrl", u0."RefreshToken", u0."RefreshTokenExpiry", u0."Role", u0."UpdatedAt", u2."Id", u2."CreatedAt", u2."DeletedAt", u2."Email", u2."EmailVerificationExpiry", u2."EmailVerificationToken", u2."FirstName", u2."IsActive", u2."IsDeleted", u2."IsEmailVerified", u2."LastLoginAt", u2."LastName", u2."OrganizationId", u2."PasswordHash", u2."PasswordResetExpiry", u2."PasswordResetToken", u2."ProfilePictureUrl", u2."RefreshToken", u2."RefreshTokenExpiry", u2."Role", u2."UpdatedAt", t0."Id", t0."ActualMinutes", t0."AssignedToUserId", t0."CompletedAt", t0."CreatedAt", t0."CreatedByUserId", t0."DeletedAt", t0."Description", t0."DueDate", t0."EstimatedMinutes", t0."IsDeleted", t0."OrderIndex", t0."OrganizationId", t0."ParentTaskId", t0."Priority", t0."ProjectId", t0."StartDate", t0."Status", t0."Title", t0."UpdatedAt"
FROM (
    SELECT p."Id", p."CreatedAt", p."CreatedByUserId", p."DeletedAt", p."Description", p."DueDate", p."IsDeleted", p."Name", p."OrganizationId", p."ProjectLeadUserId", p."StartDate", p."Status", p."UpdatedAt"
    FROM "Projects" AS p
    WHERE NOT (p."IsDeleted") AND p."OrganizationId" = @___currentUser_OrganizationId_0
    ORDER BY p."CreatedAt" DESC
    LIMIT @__p_2 OFFSET @__p_1
) AS p0
INNER JOIN (
    SELECT u."Id", u."CreatedAt", u."DeletedAt", u."Email", u."EmailVerificationExpiry", u."EmailVerificationToken", u."FirstName", u."IsActive", u."IsDeleted", u."IsEmailVerified", u."LastLoginAt", u."LastName", u."OrganizationId", u."PasswordHash", u."PasswordResetExpiry", u."PasswordResetToken", u."ProfilePictureUrl", u."RefreshToken", u."RefreshTokenExpiry", u."Role", u."UpdatedAt"
    FROM "Users" AS u
    WHERE NOT (u."IsDeleted")
) AS u0 ON p0."CreatedByUserId" = u0."Id"
LEFT JOIN (
    SELECT u1."Id", u1."CreatedAt", u1."DeletedAt", u1."Email", u1."EmailVerificationExpiry", u1."EmailVerificationToken", u1."FirstName", u1."IsActive", u1."IsDeleted", u1."IsEmailVerified", u1."LastLoginAt", u1."LastName", u1."OrganizationId", u1."PasswordHash", u1."PasswordResetExpiry", u1."PasswordResetToken", u1."ProfilePictureUrl", u1."RefreshToken", u1."RefreshTokenExpiry", u1."Role", u1."UpdatedAt"
    FROM "Users" AS u1
    WHERE NOT (u1."IsDeleted")
) AS u2 ON p0."ProjectLeadUserId" = u2."Id"
LEFT JOIN (
    SELECT t."Id", t."ActualMinutes", t."AssignedToUserId", t."CompletedAt", t."CreatedAt", t."CreatedByUserId", t."DeletedAt", t."Description", t."DueDate", t."EstimatedMinutes", t."IsDeleted", t."OrderIndex", t."OrganizationId", t."ParentTaskId", t."Priority", t."ProjectId", t."StartDate", t."Status", t."Title", t."UpdatedAt"
    FROM "Tasks" AS t
    WHERE NOT (t."IsDeleted")
) AS t0 ON p0."Id" = t0."ProjectId"
ORDER BY p0."CreatedAt" DESC, p0."Id", u0."Id", u2."Id"
2026-07-28 14:22:58.139 +06:00 [INF] [0HNNCG5N22FTS:00000001] Projects listed for org "00000000-0000-0000-0001-000000000001" — 5 results
2026-07-28 14:22:58.143 +06:00 [INF] [0HNNCG5N22FTS:00000001] [0HNNCG5N22FTS:00000001] GET /api/projects → 200 (529.1ms)
2026-07-28 14:25:22.907 +06:00 [DBG] [0HNNCG5N22FTV:00000001] Permission granted: Owner → projects.view
2026-07-28 14:25:22.907 +06:00 [DBG] [0HNNCG5N22FU0:00000001] Permission granted: Owner → projects.view
2026-07-28 14:25:22.907 +06:00 [DBG] [0HNNCG5N22FU1:00000001] Permission granted: Owner → members.view
2026-07-28 14:25:23.017 +06:00 [INF] [0HNNCG5N22FU1:00000001] Executed DbCommand (2ms) [Parameters=[@___currentUser_UserId_0='00000000-0000-0000-0002-000000000001'], CommandType='"Text"', CommandTimeout='30']
SELECT u."Id", u."CreatedAt", u."DeletedAt", u."Email", u."EmailVerificationExpiry", u."EmailVerificationToken", u."FirstName", u."IsActive", u."IsDeleted", u."IsEmailVerified", u."LastLoginAt", u."LastName", u."OrganizationId", u."PasswordHash", u."PasswordResetExpiry", u."PasswordResetToken", u."ProfilePictureUrl", u."RefreshToken", u."RefreshTokenExpiry", u."Role", u."UpdatedAt", o0."Id", o0."CreatedAt", o0."DeletedAt", o0."Description", o0."IsActive", o0."IsDeleted", o0."LogoUrl", o0."Name", o0."Plan", o0."Slug", o0."UpdatedAt"
FROM "Users" AS u
INNER JOIN (
    SELECT o."Id", o."CreatedAt", o."DeletedAt", o."Description", o."IsActive", o."IsDeleted", o."LogoUrl", o."Name", o."Plan", o."Slug", o."UpdatedAt"
    FROM "Organizations" AS o
    WHERE NOT (o."IsDeleted")
) AS o0 ON u."OrganizationId" = o0."Id"
WHERE NOT (u."IsDeleted") AND u."Id" = @___currentUser_UserId_0
LIMIT 1
2026-07-28 14:25:23.017 +06:00 [INF] [0HNNCG5N22FU0:00000001] Executed DbCommand (2ms) [Parameters=[@___currentUser_UserId_0='00000000-0000-0000-0002-000000000001'], CommandType='"Text"', CommandTimeout='30']
SELECT u."Id", u."CreatedAt", u."DeletedAt", u."Email", u."EmailVerificationExpiry", u."EmailVerificationToken", u."FirstName", u."IsActive", u."IsDeleted", u."IsEmailVerified", u."LastLoginAt", u."LastName", u."OrganizationId", u."PasswordHash", u."PasswordResetExpiry", u."PasswordResetToken", u."ProfilePictureUrl", u."RefreshToken", u."RefreshTokenExpiry", u."Role", u."UpdatedAt", o0."Id", o0."CreatedAt", o0."DeletedAt", o0."Description", o0."IsActive", o0."IsDeleted", o0."LogoUrl", o0."Name", o0."Plan", o0."Slug", o0."UpdatedAt"
FROM "Users" AS u
INNER JOIN (
    SELECT o."Id", o."CreatedAt", o."DeletedAt", o."Description", o."IsActive", o."IsDeleted", o."LogoUrl", o."Name", o."Plan", o."Slug", o."UpdatedAt"
    FROM "Organizations" AS o
    WHERE NOT (o."IsDeleted")
) AS o0 ON u."OrganizationId" = o0."Id"
WHERE NOT (u."IsDeleted") AND u."Id" = @___currentUser_UserId_0
LIMIT 1
2026-07-28 14:25:23.017 +06:00 [INF] [0HNNCG5N22FTV:00000001] Executed DbCommand (2ms) [Parameters=[@___currentUser_UserId_0='00000000-0000-0000-0002-000000000001'], CommandType='"Text"', CommandTimeout='30']
SELECT u."Id", u."CreatedAt", u."DeletedAt", u."Email", u."EmailVerificationExpiry", u."EmailVerificationToken", u."FirstName", u."IsActive", u."IsDeleted", u."IsEmailVerified", u."LastLoginAt", u."LastName", u."OrganizationId", u."PasswordHash", u."PasswordResetExpiry", u."PasswordResetToken", u."ProfilePictureUrl", u."RefreshToken", u."RefreshTokenExpiry", u."Role", u."UpdatedAt", o0."Id", o0."CreatedAt", o0."DeletedAt", o0."Description", o0."IsActive", o0."IsDeleted", o0."LogoUrl", o0."Name", o0."Plan", o0."Slug", o0."UpdatedAt"
FROM "Users" AS u
INNER JOIN (
    SELECT o."Id", o."CreatedAt", o."DeletedAt", o."Description", o."IsActive", o."IsDeleted", o."LogoUrl", o."Name", o."Plan", o."Slug", o."UpdatedAt"
    FROM "Organizations" AS o
    WHERE NOT (o."IsDeleted")
) AS o0 ON u."OrganizationId" = o0."Id"
WHERE NOT (u."IsDeleted") AND u."Id" = @___currentUser_UserId_0
LIMIT 1
2026-07-28 14:25:23.023 +06:00 [INF] [0HNNCG5N22FU1:00000001] Executed DbCommand (1ms) [Parameters=[@___currentUser_OrganizationId_0='00000000-0000-0000-0001-000000000001'], CommandType='"Text"', CommandTimeout='30']
SELECT count(*)::int
FROM "Users" AS u
WHERE NOT (u."IsDeleted") AND u."OrganizationId" = @___currentUser_OrganizationId_0
2026-07-28 14:25:23.026 +06:00 [INF] [0HNNCG5N22FU1:00000001] Executed DbCommand (1ms) [Parameters=[@___currentUser_OrganizationId_0='00000000-0000-0000-0001-000000000001', @__p_2='100', @__p_1='0'], CommandType='"Text"', CommandTimeout='30']
SELECT u."Id", u."CreatedAt", u."DeletedAt", u."Email", u."EmailVerificationExpiry", u."EmailVerificationToken", u."FirstName", u."IsActive", u."IsDeleted", u."IsEmailVerified", u."LastLoginAt", u."LastName", u."OrganizationId", u."PasswordHash", u."PasswordResetExpiry", u."PasswordResetToken", u."ProfilePictureUrl", u."RefreshToken", u."RefreshTokenExpiry", u."Role", u."UpdatedAt"
FROM "Users" AS u
WHERE NOT (u."IsDeleted") AND u."OrganizationId" = @___currentUser_OrganizationId_0
ORDER BY u."FirstName", u."LastName"
LIMIT @__p_2 OFFSET @__p_1
2026-07-28 14:25:23.027 +06:00 [INF] [0HNNCG5N22FTV:00000001] Executed DbCommand (5ms) [Parameters=[@___currentUser_OrganizationId_0='00000000-0000-0000-0001-000000000001', @__p_2='50', @__p_1='0'], CommandType='"Text"', CommandTimeout='30']
SELECT a."Id", a."Action", a."CreatedAt", a."EntityId", a."EntityName", a."EntityType", a."Metadata", a."OrganizationId", a."ProjectId", a."UserId", a."UserName"
FROM "ActivityLogs" AS a
WHERE a."OrganizationId" = @___currentUser_OrganizationId_0
ORDER BY a."CreatedAt" DESC
LIMIT @__p_2 OFFSET @__p_1
2026-07-28 14:25:23.027 +06:00 [INF] [0HNNCG5N22FU0:00000001] Executed DbCommand (5ms) [Parameters=[@___currentUser_OrganizationId_0='00000000-0000-0000-0001-000000000001'], CommandType='"Text"', CommandTimeout='30']
SELECT count(*)::int
FROM "Projects" AS p
WHERE NOT (p."IsDeleted") AND p."OrganizationId" = @___currentUser_OrganizationId_0
2026-07-28 14:25:23.027 +06:00 [INF] [0HNNCG5N22FU1:00000001] Members listed for org "00000000-0000-0000-0001-000000000001" — page 1, 4 results
2026-07-28 14:25:23.028 +06:00 [INF] [0HNNCG5N22FU1:00000001] [0HNNCG5N22FU1:00000001] GET /api/organizations/me/members → 200 (126.8ms)
2026-07-28 14:25:23.029 +06:00 [INF] [0HNNCG5N22FTV:00000001] [0HNNCG5N22FTV:00000001] GET /api/activity → 200 (128.7ms)
2026-07-28 14:25:23.038 +06:00 [INF] [0HNNCG5N22FU0:00000001] Executed DbCommand (10ms) [Parameters=[@___currentUser_OrganizationId_0='00000000-0000-0000-0001-000000000001', @__p_2='100', @__p_1='0'], CommandType='"Text"', CommandTimeout='30']
SELECT p0."Id", p0."CreatedAt", p0."CreatedByUserId", p0."DeletedAt", p0."Description", p0."DueDate", p0."IsDeleted", p0."Name", p0."OrganizationId", p0."ProjectLeadUserId", p0."StartDate", p0."Status", p0."UpdatedAt", u0."Id", u0."CreatedAt", u0."DeletedAt", u0."Email", u0."EmailVerificationExpiry", u0."EmailVerificationToken", u0."FirstName", u0."IsActive", u0."IsDeleted", u0."IsEmailVerified", u0."LastLoginAt", u0."LastName", u0."OrganizationId", u0."PasswordHash", u0."PasswordResetExpiry", u0."PasswordResetToken", u0."ProfilePictureUrl", u0."RefreshToken", u0."RefreshTokenExpiry", u0."Role", u0."UpdatedAt", u2."Id", u2."CreatedAt", u2."DeletedAt", u2."Email", u2."EmailVerificationExpiry", u2."EmailVerificationToken", u2."FirstName", u2."IsActive", u2."IsDeleted", u2."IsEmailVerified", u2."LastLoginAt", u2."LastName", u2."OrganizationId", u2."PasswordHash", u2."PasswordResetExpiry", u2."PasswordResetToken", u2."ProfilePictureUrl", u2."RefreshToken", u2."RefreshTokenExpiry", u2."Role", u2."UpdatedAt", t0."Id", t0."ActualMinutes", t0."AssignedToUserId", t0."CompletedAt", t0."CreatedAt", t0."CreatedByUserId", t0."DeletedAt", t0."Description", t0."DueDate", t0."EstimatedMinutes", t0."IsDeleted", t0."OrderIndex", t0."OrganizationId", t0."ParentTaskId", t0."Priority", t0."ProjectId", t0."StartDate", t0."Status", t0."Title", t0."UpdatedAt"
FROM (
    SELECT p."Id", p."CreatedAt", p."CreatedByUserId", p."DeletedAt", p."Description", p."DueDate", p."IsDeleted", p."Name", p."OrganizationId", p."ProjectLeadUserId", p."StartDate", p."Status", p."UpdatedAt"
    FROM "Projects" AS p
    WHERE NOT (p."IsDeleted") AND p."OrganizationId" = @___currentUser_OrganizationId_0
    ORDER BY p."CreatedAt" DESC
    LIMIT @__p_2 OFFSET @__p_1
) AS p0
INNER JOIN (
    SELECT u."Id", u."CreatedAt", u."DeletedAt", u."Email", u."EmailVerificationExpiry", u."EmailVerificationToken", u."FirstName", u."IsActive", u."IsDeleted", u."IsEmailVerified", u."LastLoginAt", u."LastName", u."OrganizationId", u."PasswordHash", u."PasswordResetExpiry", u."PasswordResetToken", u."ProfilePictureUrl", u."RefreshToken", u."RefreshTokenExpiry", u."Role", u."UpdatedAt"
    FROM "Users" AS u
    WHERE NOT (u."IsDeleted")
) AS u0 ON p0."CreatedByUserId" = u0."Id"
LEFT JOIN (
    SELECT u1."Id", u1."CreatedAt", u1."DeletedAt", u1."Email", u1."EmailVerificationExpiry", u1."EmailVerificationToken", u1."FirstName", u1."IsActive", u1."IsDeleted", u1."IsEmailVerified", u1."LastLoginAt", u1."LastName", u1."OrganizationId", u1."PasswordHash", u1."PasswordResetExpiry", u1."PasswordResetToken", u1."ProfilePictureUrl", u1."RefreshToken", u1."RefreshTokenExpiry", u1."Role", u1."UpdatedAt"
    FROM "Users" AS u1
    WHERE NOT (u1."IsDeleted")
) AS u2 ON p0."ProjectLeadUserId" = u2."Id"
LEFT JOIN (
    SELECT t."Id", t."ActualMinutes", t."AssignedToUserId", t."CompletedAt", t."CreatedAt", t."CreatedByUserId", t."DeletedAt", t."Description", t."DueDate", t."EstimatedMinutes", t."IsDeleted", t."OrderIndex", t."OrganizationId", t."ParentTaskId", t."Priority", t."ProjectId", t."StartDate", t."Status", t."Title", t."UpdatedAt"
    FROM "Tasks" AS t
    WHERE NOT (t."IsDeleted")
) AS t0 ON p0."Id" = t0."ProjectId"
ORDER BY p0."CreatedAt" DESC, p0."Id", u0."Id", u2."Id"
2026-07-28 14:25:23.044 +06:00 [INF] [0HNNCG5N22FU0:00000001] Projects listed for org "00000000-0000-0000-0001-000000000001" — 5 results
2026-07-28 14:25:23.045 +06:00 [INF] [0HNNCG5N22FU0:00000001] [0HNNCG5N22FU0:00000001] GET /api/projects → 200 (144.2ms)
2026-07-28 14:25:26.365 +06:00 [DBG] [0HNNCG5N22FU2:00000001] Permission granted: Owner → projects.view
2026-07-28 14:25:26.369 +06:00 [INF] [0HNNCG5N22FU2:00000001] Executed DbCommand (2ms) [Parameters=[@___currentUser_UserId_0='00000000-0000-0000-0002-000000000001'], CommandType='"Text"', CommandTimeout='30']
SELECT u."Id", u."CreatedAt", u."DeletedAt", u."Email", u."EmailVerificationExpiry", u."EmailVerificationToken", u."FirstName", u."IsActive", u."IsDeleted", u."IsEmailVerified", u."LastLoginAt", u."LastName", u."OrganizationId", u."PasswordHash", u."PasswordResetExpiry", u."PasswordResetToken", u."ProfilePictureUrl", u."RefreshToken", u."RefreshTokenExpiry", u."Role", u."UpdatedAt", o0."Id", o0."CreatedAt", o0."DeletedAt", o0."Description", o0."IsActive", o0."IsDeleted", o0."LogoUrl", o0."Name", o0."Plan", o0."Slug", o0."UpdatedAt"
FROM "Users" AS u
INNER JOIN (
    SELECT o."Id", o."CreatedAt", o."DeletedAt", o."Description", o."IsActive", o."IsDeleted", o."LogoUrl", o."Name", o."Plan", o."Slug", o."UpdatedAt"
    FROM "Organizations" AS o
    WHERE NOT (o."IsDeleted")
) AS o0 ON u."OrganizationId" = o0."Id"
WHERE NOT (u."IsDeleted") AND u."Id" = @___currentUser_UserId_0
LIMIT 1
2026-07-28 14:25:26.375 +06:00 [INF] [0HNNCG5N22FU2:00000001] Executed DbCommand (1ms) [Parameters=[@___currentUser_OrganizationId_0='00000000-0000-0000-0001-000000000001'], CommandType='"Text"', CommandTimeout='30']
SELECT count(*)::int
FROM "Projects" AS p
WHERE NOT (p."IsDeleted") AND p."OrganizationId" = @___currentUser_OrganizationId_0
2026-07-28 14:25:26.378 +06:00 [INF] [0HNNCG5N22FU2:00000001] Executed DbCommand (2ms) [Parameters=[@___currentUser_OrganizationId_0='00000000-0000-0000-0001-000000000001', @__p_2='100', @__p_1='0'], CommandType='"Text"', CommandTimeout='30']
SELECT p0."Id", p0."CreatedAt", p0."CreatedByUserId", p0."DeletedAt", p0."Description", p0."DueDate", p0."IsDeleted", p0."Name", p0."OrganizationId", p0."ProjectLeadUserId", p0."StartDate", p0."Status", p0."UpdatedAt", u0."Id", u0."CreatedAt", u0."DeletedAt", u0."Email", u0."EmailVerificationExpiry", u0."EmailVerificationToken", u0."FirstName", u0."IsActive", u0."IsDeleted", u0."IsEmailVerified", u0."LastLoginAt", u0."LastName", u0."OrganizationId", u0."PasswordHash", u0."PasswordResetExpiry", u0."PasswordResetToken", u0."ProfilePictureUrl", u0."RefreshToken", u0."RefreshTokenExpiry", u0."Role", u0."UpdatedAt", u2."Id", u2."CreatedAt", u2."DeletedAt", u2."Email", u2."EmailVerificationExpiry", u2."EmailVerificationToken", u2."FirstName", u2."IsActive", u2."IsDeleted", u2."IsEmailVerified", u2."LastLoginAt", u2."LastName", u2."OrganizationId", u2."PasswordHash", u2."PasswordResetExpiry", u2."PasswordResetToken", u2."ProfilePictureUrl", u2."RefreshToken", u2."RefreshTokenExpiry", u2."Role", u2."UpdatedAt", t0."Id", t0."ActualMinutes", t0."AssignedToUserId", t0."CompletedAt", t0."CreatedAt", t0."CreatedByUserId", t0."DeletedAt", t0."Description", t0."DueDate", t0."EstimatedMinutes", t0."IsDeleted", t0."OrderIndex", t0."OrganizationId", t0."ParentTaskId", t0."Priority", t0."ProjectId", t0."StartDate", t0."Status", t0."Title", t0."UpdatedAt"
FROM (
    SELECT p."Id", p."CreatedAt", p."CreatedByUserId", p."DeletedAt", p."Description", p."DueDate", p."IsDeleted", p."Name", p."OrganizationId", p."ProjectLeadUserId", p."StartDate", p."Status", p."UpdatedAt"
    FROM "Projects" AS p
    WHERE NOT (p."IsDeleted") AND p."OrganizationId" = @___currentUser_OrganizationId_0
    ORDER BY p."CreatedAt" DESC
    LIMIT @__p_2 OFFSET @__p_1
) AS p0
INNER JOIN (
    SELECT u."Id", u."CreatedAt", u."DeletedAt", u."Email", u."EmailVerificationExpiry", u."EmailVerificationToken", u."FirstName", u."IsActive", u."IsDeleted", u."IsEmailVerified", u."LastLoginAt", u."LastName", u."OrganizationId", u."PasswordHash", u."PasswordResetExpiry", u."PasswordResetToken", u."ProfilePictureUrl", u."RefreshToken", u."RefreshTokenExpiry", u."Role", u."UpdatedAt"
    FROM "Users" AS u
    WHERE NOT (u."IsDeleted")
) AS u0 ON p0."CreatedByUserId" = u0."Id"
LEFT JOIN (
    SELECT u1."Id", u1."CreatedAt", u1."DeletedAt", u1."Email", u1."EmailVerificationExpiry", u1."EmailVerificationToken", u1."FirstName", u1."IsActive", u1."IsDeleted", u1."IsEmailVerified", u1."LastLoginAt", u1."LastName", u1."OrganizationId", u1."PasswordHash", u1."PasswordResetExpiry", u1."PasswordResetToken", u1."ProfilePictureUrl", u1."RefreshToken", u1."RefreshTokenExpiry", u1."Role", u1."UpdatedAt"
    FROM "Users" AS u1
    WHERE NOT (u1."IsDeleted")
) AS u2 ON p0."ProjectLeadUserId" = u2."Id"
LEFT JOIN (
    SELECT t."Id", t."ActualMinutes", t."AssignedToUserId", t."CompletedAt", t."CreatedAt", t."CreatedByUserId", t."DeletedAt", t."Description", t."DueDate", t."EstimatedMinutes", t."IsDeleted", t."OrderIndex", t."OrganizationId", t."ParentTaskId", t."Priority", t."ProjectId", t."StartDate", t."Status", t."Title", t."UpdatedAt"
    FROM "Tasks" AS t
    WHERE NOT (t."IsDeleted")
) AS t0 ON p0."Id" = t0."ProjectId"
ORDER BY p0."CreatedAt" DESC, p0."Id", u0."Id", u2."Id"
2026-07-28 14:25:26.381 +06:00 [INF] [0HNNCG5N22FU2:00000001] Projects listed for org "00000000-0000-0000-0001-000000000001" — 5 results
2026-07-28 14:25:26.382 +06:00 [INF] [0HNNCG5N22FU2:00000001] [0HNNCG5N22FU2:00000001] GET /api/projects → 200 (17.0ms)
2026-07-28 14:25:27.025 +06:00 [DBG] [0HNNCG5N22FU3:00000001] Permission granted: Owner → tasks.view
2026-07-28 14:25:27.027 +06:00 [INF] [0HNNCG5N22FU3:00000001] Executed DbCommand (1ms) [Parameters=[@___currentUser_UserId_0='00000000-0000-0000-0002-000000000001'], CommandType='"Text"', CommandTimeout='30']
SELECT u."Id", u."CreatedAt", u."DeletedAt", u."Email", u."EmailVerificationExpiry", u."EmailVerificationToken", u."FirstName", u."IsActive", u."IsDeleted", u."IsEmailVerified", u."LastLoginAt", u."LastName", u."OrganizationId", u."PasswordHash", u."PasswordResetExpiry", u."PasswordResetToken", u."ProfilePictureUrl", u."RefreshToken", u."RefreshTokenExpiry", u."Role", u."UpdatedAt", o0."Id", o0."CreatedAt", o0."DeletedAt", o0."Description", o0."IsActive", o0."IsDeleted", o0."LogoUrl", o0."Name", o0."Plan", o0."Slug", o0."UpdatedAt"
FROM "Users" AS u
INNER JOIN (
    SELECT o."Id", o."CreatedAt", o."DeletedAt", o."Description", o."IsActive", o."IsDeleted", o."LogoUrl", o."Name", o."Plan", o."Slug", o."UpdatedAt"
    FROM "Organizations" AS o
    WHERE NOT (o."IsDeleted")
) AS o0 ON u."OrganizationId" = o0."Id"
WHERE NOT (u."IsDeleted") AND u."Id" = @___currentUser_UserId_0
LIMIT 1
2026-07-28 14:25:27.039 +06:00 [DBG] [0HNNCG5N22FU4:00000001] Permission granted: Owner → tasks.view
2026-07-28 14:25:27.042 +06:00 [INF] [0HNNCG5N22FU4:00000001] Executed DbCommand (1ms) [Parameters=[@___currentUser_UserId_0='00000000-0000-0000-0002-000000000001'], CommandType='"Text"', CommandTimeout='30']
SELECT u."Id", u."CreatedAt", u."DeletedAt", u."Email", u."EmailVerificationExpiry", u."EmailVerificationToken", u."FirstName", u."IsActive", u."IsDeleted", u."IsEmailVerified", u."LastLoginAt", u."LastName", u."OrganizationId", u."PasswordHash", u."PasswordResetExpiry", u."PasswordResetToken", u."ProfilePictureUrl", u."RefreshToken", u."RefreshTokenExpiry", u."Role", u."UpdatedAt", o0."Id", o0."CreatedAt", o0."DeletedAt", o0."Description", o0."IsActive", o0."IsDeleted", o0."LogoUrl", o0."Name", o0."Plan", o0."Slug", o0."UpdatedAt"
FROM "Users" AS u
INNER JOIN (
    SELECT o."Id", o."CreatedAt", o."DeletedAt", o."Description", o."IsActive", o."IsDeleted", o."LogoUrl", o."Name", o."Plan", o."Slug", o."UpdatedAt"
    FROM "Organizations" AS o
    WHERE NOT (o."IsDeleted")
) AS o0 ON u."OrganizationId" = o0."Id"
WHERE NOT (u."IsDeleted") AND u."Id" = @___currentUser_UserId_0
LIMIT 1
2026-07-28 14:25:27.063 +06:00 [INF] [0HNNCG5N22FU3:00000001] Executed DbCommand (1ms) [Parameters=[@__projectId_0='81518637-01a4-4362-9562-737d08309d41'], CommandType='"Text"', CommandTimeout='30']
SELECT p."Id", p."CreatedAt", p."CreatedByUserId", p."DeletedAt", p."Description", p."DueDate", p."IsDeleted", p."Name", p."OrganizationId", p."ProjectLeadUserId", p."StartDate", p."Status", p."UpdatedAt"
FROM "Projects" AS p
WHERE NOT (p."IsDeleted") AND p."Id" = @__projectId_0
LIMIT 1
2026-07-28 14:25:27.063 +06:00 [INF] [0HNNCG5N22FU4:00000001] Executed DbCommand (1ms) [Parameters=[@__projectId_0='ddbb73fc-fbf4-4ac9-ae76-bcf743f16cd4'], CommandType='"Text"', CommandTimeout='30']
SELECT p."Id", p."CreatedAt", p."CreatedByUserId", p."DeletedAt", p."Description", p."DueDate", p."IsDeleted", p."Name", p."OrganizationId", p."ProjectLeadUserId", p."StartDate", p."Status", p."UpdatedAt"
FROM "Projects" AS p
WHERE NOT (p."IsDeleted") AND p."Id" = @__projectId_0
LIMIT 1
2026-07-28 14:25:27.073 +06:00 [INF] [0HNNCG5N22FU4:00000001] Executed DbCommand (1ms) [Parameters=[@__projectId_0='ddbb73fc-fbf4-4ac9-ae76-bcf743f16cd4'], CommandType='"Text"', CommandTimeout='30']
SELECT count(*)::int
FROM "Tasks" AS t
WHERE NOT (t."IsDeleted") AND t."ProjectId" = @__projectId_0
2026-07-28 14:25:27.077 +06:00 [INF] [0HNNCG5N22FU3:00000001] Executed DbCommand (5ms) [Parameters=[@__projectId_0='81518637-01a4-4362-9562-737d08309d41'], CommandType='"Text"', CommandTimeout='30']
SELECT count(*)::int
FROM "Tasks" AS t
WHERE NOT (t."IsDeleted") AND t."ProjectId" = @__projectId_0
2026-07-28 14:25:27.109 +06:00 [WRN] [0HNNCG5N22FU4:00000001] Compiling a query which loads related collections for more than one collection navigation, either via 'Include' or through projection, but no 'QuerySplittingBehavior' has been configured. By default, Entity Framework will use 'QuerySplittingBehavior.SingleQuery', which can potentially result in slow query performance. See https://go.microsoft.com/fwlink/?linkid=2134277 for more information. To identify the query that's triggering this warning call 'ConfigureWarnings(w => w.Throw(RelationalEventId.MultipleCollectionIncludeWarning))'.
2026-07-28 14:25:27.227 +06:00 [INF] [0HNNCG5N22FU4:00000001] Executed DbCommand (5ms) [Parameters=[@__projectId_0='ddbb73fc-fbf4-4ac9-ae76-bcf743f16cd4', @__p_2='100', @__p_1='0'], CommandType='"Text"', CommandTimeout='30']
SELECT t0."Id", t0."ActualMinutes", t0."AssignedToUserId", t0."CompletedAt", t0."CreatedAt", t0."CreatedByUserId", t0."DeletedAt", t0."Description", t0."DueDate", t0."EstimatedMinutes", t0."IsDeleted", t0."OrderIndex", t0."OrganizationId", t0."ParentTaskId", t0."Priority", t0."ProjectId", t0."StartDate", t0."Status", t0."Title", t0."UpdatedAt", u0."Id", u0."CreatedAt", u0."DeletedAt", u0."Email", u0."EmailVerificationExpiry", u0."EmailVerificationToken", u0."FirstName", u0."IsActive", u0."IsDeleted", u0."IsEmailVerified", u0."LastLoginAt", u0."LastName", u0."OrganizationId", u0."PasswordHash", u0."PasswordResetExpiry", u0."PasswordResetToken", u0."ProfilePictureUrl", u0."RefreshToken", u0."RefreshTokenExpiry", u0."Role", u0."UpdatedAt", u2."Id", u2."CreatedAt", u2."DeletedAt", u2."Email", u2."EmailVerificationExpiry", u2."EmailVerificationToken", u2."FirstName", u2."IsActive", u2."IsDeleted", u2."IsEmailVerified", u2."LastLoginAt", u2."LastName", u2."OrganizationId", u2."PasswordHash", u2."PasswordResetExpiry", u2."PasswordResetToken", u2."ProfilePictureUrl", u2."RefreshToken", u2."RefreshTokenExpiry", u2."Role", u2."UpdatedAt", p0."Id", p0."CreatedAt", p0."CreatedByUserId", p0."DeletedAt", p0."Description", p0."DueDate", p0."IsDeleted", p0."Name", p0."OrganizationId", p0."ProjectLeadUserId", p0."StartDate", p0."Status", p0."UpdatedAt", s."TaskId", s."UserId", s."AssignedAt", s."AssignedByUserId", s."Id", s."CreatedAt", s."DeletedAt", s."Email", s."EmailVerificationExpiry", s."EmailVerificationToken", s."FirstName", s."IsActive", s."IsDeleted", s."IsEmailVerified", s."LastLoginAt", s."LastName", s."OrganizationId", s."PasswordHash", s."PasswordResetExpiry", s."PasswordResetToken", s."ProfilePictureUrl", s."RefreshToken", s."RefreshTokenExpiry", s."Role", s."UpdatedAt", t3."Id", t3."ActualMinutes", t3."AssignedToUserId", t3."CompletedAt", t3."CreatedAt", t3."CreatedByUserId", t3."DeletedAt", t3."Description", t3."DueDate", t3."EstimatedMinutes", t3."IsDeleted", t3."OrderIndex", t3."OrganizationId", t3."ParentTaskId", t3."Priority", t3."ProjectId", t3."StartDate", t3."Status", t3."Title", t3."UpdatedAt"
FROM (
    SELECT t."Id", t."ActualMinutes", t."AssignedToUserId", t."CompletedAt", t."CreatedAt", t."CreatedByUserId", t."DeletedAt", t."Description", t."DueDate", t."EstimatedMinutes", t."IsDeleted", t."OrderIndex", t."OrganizationId", t."ParentTaskId", t."Priority", t."ProjectId", t."StartDate", t."Status", t."Title", t."UpdatedAt"
    FROM "Tasks" AS t
    WHERE NOT (t."IsDeleted") AND t."ProjectId" = @__projectId_0
    ORDER BY t."OrderIndex"
    LIMIT @__p_2 OFFSET @__p_1
) AS t0
INNER JOIN (
    SELECT u."Id", u."CreatedAt", u."DeletedAt", u."Email", u."EmailVerificationExpiry", u."EmailVerificationToken", u."FirstName", u."IsActive", u."IsDeleted", u."IsEmailVerified", u."LastLoginAt", u."LastName", u."OrganizationId", u."PasswordHash", u."PasswordResetExpiry", u."PasswordResetToken", u."ProfilePictureUrl", u."RefreshToken", u."RefreshTokenExpiry", u."Role", u."UpdatedAt"
    FROM "Users" AS u
    WHERE NOT (u."IsDeleted")
) AS u0 ON t0."CreatedByUserId" = u0."Id"
LEFT JOIN (
    SELECT u1."Id", u1."CreatedAt", u1."DeletedAt", u1."Email", u1."EmailVerificationExpiry", u1."EmailVerificationToken", u1."FirstName", u1."IsActive", u1."IsDeleted", u1."IsEmailVerified", u1."LastLoginAt", u1."LastName", u1."OrganizationId", u1."PasswordHash", u1."PasswordResetExpiry", u1."PasswordResetToken", u1."ProfilePictureUrl", u1."RefreshToken", u1."RefreshTokenExpiry", u1."Role", u1."UpdatedAt"
    FROM "Users" AS u1
    WHERE NOT (u1."IsDeleted")
) AS u2 ON t0."AssignedToUserId" = u2."Id"
INNER JOIN (
    SELECT p."Id", p."CreatedAt", p."CreatedByUserId", p."DeletedAt", p."Description", p."DueDate", p."IsDeleted", p."Name", p."OrganizationId", p."ProjectLeadUserId", p."StartDate", p."Status", p."UpdatedAt"
    FROM "Projects" AS p
    WHERE NOT (p."IsDeleted")
) AS p0 ON t0."ProjectId" = p0."Id"
LEFT JOIN (
    SELECT t1."TaskId", t1."UserId", t1."AssignedAt", t1."AssignedByUserId", u4."Id", u4."CreatedAt", u4."DeletedAt", u4."Email", u4."EmailVerificationExpiry", u4."EmailVerificationToken", u4."FirstName", u4."IsActive", u4."IsDeleted", u4."IsEmailVerified", u4."LastLoginAt", u4."LastName", u4."OrganizationId", u4."PasswordHash", u4."PasswordResetExpiry", u4."PasswordResetToken", u4."ProfilePictureUrl", u4."RefreshToken", u4."RefreshTokenExpiry", u4."Role", u4."UpdatedAt"
    FROM "TaskAssignees" AS t1
    INNER JOIN (
        SELECT u3."Id", u3."CreatedAt", u3."DeletedAt", u3."Email", u3."EmailVerificationExpiry", u3."EmailVerificationToken", u3."FirstName", u3."IsActive", u3."IsDeleted", u3."IsEmailVerified", u3."LastLoginAt", u3."LastName", u3."OrganizationId", u3."PasswordHash", u3."PasswordResetExpiry", u3."PasswordResetToken", u3."ProfilePictureUrl", u3."RefreshToken", u3."RefreshTokenExpiry", u3."Role", u3."UpdatedAt"
        FROM "Users" AS u3
        WHERE NOT (u3."IsDeleted")
    ) AS u4 ON t1."UserId" = u4."Id"
) AS s ON t0."Id" = s."TaskId"
LEFT JOIN (
    SELECT t2."Id", t2."ActualMinutes", t2."AssignedToUserId", t2."CompletedAt", t2."CreatedAt", t2."CreatedByUserId", t2."DeletedAt", t2."Description", t2."DueDate", t2."EstimatedMinutes", t2."IsDeleted", t2."OrderIndex", t2."OrganizationId", t2."ParentTaskId", t2."Priority", t2."ProjectId", t2."StartDate", t2."Status", t2."Title", t2."UpdatedAt"
    FROM "Tasks" AS t2
    WHERE NOT (t2."IsDeleted")
) AS t3 ON t0."Id" = t3."ParentTaskId"
ORDER BY t0."OrderIndex", t0."Id", u0."Id", u2."Id", p0."Id", s."TaskId", s."UserId", s."Id"
2026-07-28 14:25:27.237 +06:00 [INF] [0HNNCG5N22FU3:00000001] Executed DbCommand (15ms) [Parameters=[@__projectId_0='81518637-01a4-4362-9562-737d08309d41', @__p_2='100', @__p_1='0'], CommandType='"Text"', CommandTimeout='30']
SELECT t0."Id", t0."ActualMinutes", t0."AssignedToUserId", t0."CompletedAt", t0."CreatedAt", t0."CreatedByUserId", t0."DeletedAt", t0."Description", t0."DueDate", t0."EstimatedMinutes", t0."IsDeleted", t0."OrderIndex", t0."OrganizationId", t0."ParentTaskId", t0."Priority", t0."ProjectId", t0."StartDate", t0."Status", t0."Title", t0."UpdatedAt", u0."Id", u0."CreatedAt", u0."DeletedAt", u0."Email", u0."EmailVerificationExpiry", u0."EmailVerificationToken", u0."FirstName", u0."IsActive", u0."IsDeleted", u0."IsEmailVerified", u0."LastLoginAt", u0."LastName", u0."OrganizationId", u0."PasswordHash", u0."PasswordResetExpiry", u0."PasswordResetToken", u0."ProfilePictureUrl", u0."RefreshToken", u0."RefreshTokenExpiry", u0."Role", u0."UpdatedAt", u2."Id", u2."CreatedAt", u2."DeletedAt", u2."Email", u2."EmailVerificationExpiry", u2."EmailVerificationToken", u2."FirstName", u2."IsActive", u2."IsDeleted", u2."IsEmailVerified", u2."LastLoginAt", u2."LastName", u2."OrganizationId", u2."PasswordHash", u2."PasswordResetExpiry", u2."PasswordResetToken", u2."ProfilePictureUrl", u2."RefreshToken", u2."RefreshTokenExpiry", u2."Role", u2."UpdatedAt", p0."Id", p0."CreatedAt", p0."CreatedByUserId", p0."DeletedAt", p0."Description", p0."DueDate", p0."IsDeleted", p0."Name", p0."OrganizationId", p0."ProjectLeadUserId", p0."StartDate", p0."Status", p0."UpdatedAt", s."TaskId", s."UserId", s."AssignedAt", s."AssignedByUserId", s."Id", s."CreatedAt", s."DeletedAt", s."Email", s."EmailVerificationExpiry", s."EmailVerificationToken", s."FirstName", s."IsActive", s."IsDeleted", s."IsEmailVerified", s."LastLoginAt", s."LastName", s."OrganizationId", s."PasswordHash", s."PasswordResetExpiry", s."PasswordResetToken", s."ProfilePictureUrl", s."RefreshToken", s."RefreshTokenExpiry", s."Role", s."UpdatedAt", t3."Id", t3."ActualMinutes", t3."AssignedToUserId", t3."CompletedAt", t3."CreatedAt", t3."CreatedByUserId", t3."DeletedAt", t3."Description", t3."DueDate", t3."EstimatedMinutes", t3."IsDeleted", t3."OrderIndex", t3."OrganizationId", t3."ParentTaskId", t3."Priority", t3."ProjectId", t3."StartDate", t3."Status", t3."Title", t3."UpdatedAt"
FROM (
    SELECT t."Id", t."ActualMinutes", t."AssignedToUserId", t."CompletedAt", t."CreatedAt", t."CreatedByUserId", t."DeletedAt", t."Description", t."DueDate", t."EstimatedMinutes", t."IsDeleted", t."OrderIndex", t."OrganizationId", t."ParentTaskId", t."Priority", t."ProjectId", t."StartDate", t."Status", t."Title", t."UpdatedAt"
    FROM "Tasks" AS t
    WHERE NOT (t."IsDeleted") AND t."ProjectId" = @__projectId_0
    ORDER BY t."OrderIndex"
    LIMIT @__p_2 OFFSET @__p_1
) AS t0
INNER JOIN (
    SELECT u."Id", u."CreatedAt", u."DeletedAt", u."Email", u."EmailVerificationExpiry", u."EmailVerificationToken", u."FirstName", u."IsActive", u."IsDeleted", u."IsEmailVerified", u."LastLoginAt", u."LastName", u."OrganizationId", u."PasswordHash", u."PasswordResetExpiry", u."PasswordResetToken", u."ProfilePictureUrl", u."RefreshToken", u."RefreshTokenExpiry", u."Role", u."UpdatedAt"
    FROM "Users" AS u
    WHERE NOT (u."IsDeleted")
) AS u0 ON t0."CreatedByUserId" = u0."Id"
LEFT JOIN (
    SELECT u1."Id", u1."CreatedAt", u1."DeletedAt", u1."Email", u1."EmailVerificationExpiry", u1."EmailVerificationToken", u1."FirstName", u1."IsActive", u1."IsDeleted", u1."IsEmailVerified", u1."LastLoginAt", u1."LastName", u1."OrganizationId", u1."PasswordHash", u1."PasswordResetExpiry", u1."PasswordResetToken", u1."ProfilePictureUrl", u1."RefreshToken", u1."RefreshTokenExpiry", u1."Role", u1."UpdatedAt"
    FROM "Users" AS u1
    WHERE NOT (u1."IsDeleted")
) AS u2 ON t0."AssignedToUserId" = u2."Id"
INNER JOIN (
    SELECT p."Id", p."CreatedAt", p."CreatedByUserId", p."DeletedAt", p."Description", p."DueDate", p."IsDeleted", p."Name", p."OrganizationId", p."ProjectLeadUserId", p."StartDate", p."Status", p."UpdatedAt"
    FROM "Projects" AS p
    WHERE NOT (p."IsDeleted")
) AS p0 ON t0."ProjectId" = p0."Id"
LEFT JOIN (
    SELECT t1."TaskId", t1."UserId", t1."AssignedAt", t1."AssignedByUserId", u4."Id", u4."CreatedAt", u4."DeletedAt", u4."Email", u4."EmailVerificationExpiry", u4."EmailVerificationToken", u4."FirstName", u4."IsActive", u4."IsDeleted", u4."IsEmailVerified", u4."LastLoginAt", u4."LastName", u4."OrganizationId", u4."PasswordHash", u4."PasswordResetExpiry", u4."PasswordResetToken", u4."ProfilePictureUrl", u4."RefreshToken", u4."RefreshTokenExpiry", u4."Role", u4."UpdatedAt"
    FROM "TaskAssignees" AS t1
    INNER JOIN (
        SELECT u3."Id", u3."CreatedAt", u3."DeletedAt", u3."Email", u3."EmailVerificationExpiry", u3."EmailVerificationToken", u3."FirstName", u3."IsActive", u3."IsDeleted", u3."IsEmailVerified", u3."LastLoginAt", u3."LastName", u3."OrganizationId", u3."PasswordHash", u3."PasswordResetExpiry", u3."PasswordResetToken", u3."ProfilePictureUrl", u3."RefreshToken", u3."RefreshTokenExpiry", u3."Role", u3."UpdatedAt"
        FROM "Users" AS u3
        WHERE NOT (u3."IsDeleted")
    ) AS u4 ON t1."UserId" = u4."Id"
) AS s ON t0."Id" = s."TaskId"
LEFT JOIN (
    SELECT t2."Id", t2."ActualMinutes", t2."AssignedToUserId", t2."CompletedAt", t2."CreatedAt", t2."CreatedByUserId", t2."DeletedAt", t2."Description", t2."DueDate", t2."EstimatedMinutes", t2."IsDeleted", t2."OrderIndex", t2."OrganizationId", t2."ParentTaskId", t2."Priority", t2."ProjectId", t2."StartDate", t2."Status", t2."Title", t2."UpdatedAt"
    FROM "Tasks" AS t2
    WHERE NOT (t2."IsDeleted")
) AS t3 ON t0."Id" = t3."ParentTaskId"
ORDER BY t0."OrderIndex", t0."Id", u0."Id", u2."Id", p0."Id", s."TaskId", s."UserId", s."Id"
2026-07-28 14:25:27.239 +06:00 [INF] [0HNNCG5N22FU4:00000001] [0HNNCG5N22FU4:00000001] GET /api/projects/ddbb73fc-fbf4-4ac9-ae76-bcf743f16cd4/tasks → 200 (200.6ms)
2026-07-28 14:25:27.239 +06:00 [INF] [0HNNCG5N22FU3:00000001] [0HNNCG5N22FU3:00000001] GET /api/projects/81518637-01a4-4362-9562-737d08309d41/tasks → 200 (215.2ms)
2026-07-28 14:25:27.407 +06:00 [DBG] [0HNNCG5N22FU5:00000001] Permission granted: Owner → tasks.view
2026-07-28 14:25:27.409 +06:00 [INF] [0HNNCG5N22FU5:00000001] Executed DbCommand (1ms) [Parameters=[@___currentUser_UserId_0='00000000-0000-0000-0002-000000000001'], CommandType='"Text"', CommandTimeout='30']
SELECT u."Id", u."CreatedAt", u."DeletedAt", u."Email", u."EmailVerificationExpiry", u."EmailVerificationToken", u."FirstName", u."IsActive", u."IsDeleted", u."IsEmailVerified", u."LastLoginAt", u."LastName", u."OrganizationId", u."PasswordHash", u."PasswordResetExpiry", u."PasswordResetToken", u."ProfilePictureUrl", u."RefreshToken", u."RefreshTokenExpiry", u."Role", u."UpdatedAt", o0."Id", o0."CreatedAt", o0."DeletedAt", o0."Description", o0."IsActive", o0."IsDeleted", o0."LogoUrl", o0."Name", o0."Plan", o0."Slug", o0."UpdatedAt"
FROM "Users" AS u
INNER JOIN (
    SELECT o."Id", o."CreatedAt", o."DeletedAt", o."Description", o."IsActive", o."IsDeleted", o."LogoUrl", o."Name", o."Plan", o."Slug", o."UpdatedAt"
    FROM "Organizations" AS o
    WHERE NOT (o."IsDeleted")
) AS o0 ON u."OrganizationId" = o0."Id"
WHERE NOT (u."IsDeleted") AND u."Id" = @___currentUser_UserId_0
LIMIT 1
2026-07-28 14:25:27.413 +06:00 [INF] [0HNNCG5N22FU5:00000001] Executed DbCommand (1ms) [Parameters=[@__projectId_0='00000000-0000-0000-0003-000000000001'], CommandType='"Text"', CommandTimeout='30']
SELECT p."Id", p."CreatedAt", p."CreatedByUserId", p."DeletedAt", p."Description", p."DueDate", p."IsDeleted", p."Name", p."OrganizationId", p."ProjectLeadUserId", p."StartDate", p."Status", p."UpdatedAt"
FROM "Projects" AS p
WHERE NOT (p."IsDeleted") AND p."Id" = @__projectId_0
LIMIT 1
2026-07-28 14:25:27.415 +06:00 [INF] [0HNNCG5N22FU5:00000001] Executed DbCommand (1ms) [Parameters=[@__projectId_0='00000000-0000-0000-0003-000000000001'], CommandType='"Text"', CommandTimeout='30']
SELECT count(*)::int
FROM "Tasks" AS t
WHERE NOT (t."IsDeleted") AND t."ProjectId" = @__projectId_0
2026-07-28 14:25:27.424 +06:00 [INF] [0HNNCG5N22FU5:00000001] Executed DbCommand (7ms) [Parameters=[@__projectId_0='00000000-0000-0000-0003-000000000001', @__p_2='100', @__p_1='0'], CommandType='"Text"', CommandTimeout='30']
SELECT t0."Id", t0."ActualMinutes", t0."AssignedToUserId", t0."CompletedAt", t0."CreatedAt", t0."CreatedByUserId", t0."DeletedAt", t0."Description", t0."DueDate", t0."EstimatedMinutes", t0."IsDeleted", t0."OrderIndex", t0."OrganizationId", t0."ParentTaskId", t0."Priority", t0."ProjectId", t0."StartDate", t0."Status", t0."Title", t0."UpdatedAt", u0."Id", u0."CreatedAt", u0."DeletedAt", u0."Email", u0."EmailVerificationExpiry", u0."EmailVerificationToken", u0."FirstName", u0."IsActive", u0."IsDeleted", u0."IsEmailVerified", u0."LastLoginAt", u0."LastName", u0."OrganizationId", u0."PasswordHash", u0."PasswordResetExpiry", u0."PasswordResetToken", u0."ProfilePictureUrl", u0."RefreshToken", u0."RefreshTokenExpiry", u0."Role", u0."UpdatedAt", u2."Id", u2."CreatedAt", u2."DeletedAt", u2."Email", u2."EmailVerificationExpiry", u2."EmailVerificationToken", u2."FirstName", u2."IsActive", u2."IsDeleted", u2."IsEmailVerified", u2."LastLoginAt", u2."LastName", u2."OrganizationId", u2."PasswordHash", u2."PasswordResetExpiry", u2."PasswordResetToken", u2."ProfilePictureUrl", u2."RefreshToken", u2."RefreshTokenExpiry", u2."Role", u2."UpdatedAt", p0."Id", p0."CreatedAt", p0."CreatedByUserId", p0."DeletedAt", p0."Description", p0."DueDate", p0."IsDeleted", p0."Name", p0."OrganizationId", p0."ProjectLeadUserId", p0."StartDate", p0."Status", p0."UpdatedAt", s."TaskId", s."UserId", s."AssignedAt", s."AssignedByUserId", s."Id", s."CreatedAt", s."DeletedAt", s."Email", s."EmailVerificationExpiry", s."EmailVerificationToken", s."FirstName", s."IsActive", s."IsDeleted", s."IsEmailVerified", s."LastLoginAt", s."LastName", s."OrganizationId", s."PasswordHash", s."PasswordResetExpiry", s."PasswordResetToken", s."ProfilePictureUrl", s."RefreshToken", s."RefreshTokenExpiry", s."Role", s."UpdatedAt", t3."Id", t3."ActualMinutes", t3."AssignedToUserId", t3."CompletedAt", t3."CreatedAt", t3."CreatedByUserId", t3."DeletedAt", t3."Description", t3."DueDate", t3."EstimatedMinutes", t3."IsDeleted", t3."OrderIndex", t3."OrganizationId", t3."ParentTaskId", t3."Priority", t3."ProjectId", t3."StartDate", t3."Status", t3."Title", t3."UpdatedAt"
FROM (
    SELECT t."Id", t."ActualMinutes", t."AssignedToUserId", t."CompletedAt", t."CreatedAt", t."CreatedByUserId", t."DeletedAt", t."Description", t."DueDate", t."EstimatedMinutes", t."IsDeleted", t."OrderIndex", t."OrganizationId", t."ParentTaskId", t."Priority", t."ProjectId", t."StartDate", t."Status", t."Title", t."UpdatedAt"
    FROM "Tasks" AS t
    WHERE NOT (t."IsDeleted") AND t."ProjectId" = @__projectId_0
    ORDER BY t."OrderIndex"
    LIMIT @__p_2 OFFSET @__p_1
) AS t0
INNER JOIN (
    SELECT u."Id", u."CreatedAt", u."DeletedAt", u."Email", u."EmailVerificationExpiry", u."EmailVerificationToken", u."FirstName", u."IsActive", u."IsDeleted", u."IsEmailVerified", u."LastLoginAt", u."LastName", u."OrganizationId", u."PasswordHash", u."PasswordResetExpiry", u."PasswordResetToken", u."ProfilePictureUrl", u."RefreshToken", u."RefreshTokenExpiry", u."Role", u."UpdatedAt"
    FROM "Users" AS u
    WHERE NOT (u."IsDeleted")
) AS u0 ON t0."CreatedByUserId" = u0."Id"
LEFT JOIN (
    SELECT u1."Id", u1."CreatedAt", u1."DeletedAt", u1."Email", u1."EmailVerificationExpiry", u1."EmailVerificationToken", u1."FirstName", u1."IsActive", u1."IsDeleted", u1."IsEmailVerified", u1."LastLoginAt", u1."LastName", u1."OrganizationId", u1."PasswordHash", u1."PasswordResetExpiry", u1."PasswordResetToken", u1."ProfilePictureUrl", u1."RefreshToken", u1."RefreshTokenExpiry", u1."Role", u1."UpdatedAt"
    FROM "Users" AS u1
    WHERE NOT (u1."IsDeleted")
) AS u2 ON t0."AssignedToUserId" = u2."Id"
INNER JOIN (
    SELECT p."Id", p."CreatedAt", p."CreatedByUserId", p."DeletedAt", p."Description", p."DueDate", p."IsDeleted", p."Name", p."OrganizationId", p."ProjectLeadUserId", p."StartDate", p."Status", p."UpdatedAt"
    FROM "Projects" AS p
    WHERE NOT (p."IsDeleted")
) AS p0 ON t0."ProjectId" = p0."Id"
LEFT JOIN (
    SELECT t1."TaskId", t1."UserId", t1."AssignedAt", t1."AssignedByUserId", u4."Id", u4."CreatedAt", u4."DeletedAt", u4."Email", u4."EmailVerificationExpiry", u4."EmailVerificationToken", u4."FirstName", u4."IsActive", u4."IsDeleted", u4."IsEmailVerified", u4."LastLoginAt", u4."LastName", u4."OrganizationId", u4."PasswordHash", u4."PasswordResetExpiry", u4."PasswordResetToken", u4."ProfilePictureUrl", u4."RefreshToken", u4."RefreshTokenExpiry", u4."Role", u4."UpdatedAt"
    FROM "TaskAssignees" AS t1
    INNER JOIN (
        SELECT u3."Id", u3."CreatedAt", u3."DeletedAt", u3."Email", u3."EmailVerificationExpiry", u3."EmailVerificationToken", u3."FirstName", u3."IsActive", u3."IsDeleted", u3."IsEmailVerified", u3."LastLoginAt", u3."LastName", u3."OrganizationId", u3."PasswordHash", u3."PasswordResetExpiry", u3."PasswordResetToken", u3."ProfilePictureUrl", u3."RefreshToken", u3."RefreshTokenExpiry", u3."Role", u3."UpdatedAt"
        FROM "Users" AS u3
        WHERE NOT (u3."IsDeleted")
    ) AS u4 ON t1."UserId" = u4."Id"
) AS s ON t0."Id" = s."TaskId"
LEFT JOIN (
    SELECT t2."Id", t2."ActualMinutes", t2."AssignedToUserId", t2."CompletedAt", t2."CreatedAt", t2."CreatedByUserId", t2."DeletedAt", t2."Description", t2."DueDate", t2."EstimatedMinutes", t2."IsDeleted", t2."OrderIndex", t2."OrganizationId", t2."ParentTaskId", t2."Priority", t2."ProjectId", t2."StartDate", t2."Status", t2."Title", t2."UpdatedAt"
    FROM "Tasks" AS t2
    WHERE NOT (t2."IsDeleted")
) AS t3 ON t0."Id" = t3."ParentTaskId"
ORDER BY t0."OrderIndex", t0."Id", u0."Id", u2."Id", p0."Id", s."TaskId", s."UserId", s."Id"
2026-07-28 14:25:27.454 +06:00 [INF] [0HNNCG5N22FU5:00000001] [0HNNCG5N22FU5:00000001] GET /api/projects/00000000-0000-0000-0003-000000000001/tasks → 200 (47.7ms)
2026-07-28 14:25:27.689 +06:00 [DBG] [0HNNCG5N22FU6:00000001] Permission granted: Owner → projects.view
2026-07-28 14:25:27.692 +06:00 [INF] [0HNNCG5N22FU6:00000001] Executed DbCommand (1ms) [Parameters=[@___currentUser_UserId_0='00000000-0000-0000-0002-000000000001'], CommandType='"Text"', CommandTimeout='30']
SELECT u."Id", u."CreatedAt", u."DeletedAt", u."Email", u."EmailVerificationExpiry", u."EmailVerificationToken", u."FirstName", u."IsActive", u."IsDeleted", u."IsEmailVerified", u."LastLoginAt", u."LastName", u."OrganizationId", u."PasswordHash", u."PasswordResetExpiry", u."PasswordResetToken", u."ProfilePictureUrl", u."RefreshToken", u."RefreshTokenExpiry", u."Role", u."UpdatedAt", o0."Id", o0."CreatedAt", o0."DeletedAt", o0."Description", o0."IsActive", o0."IsDeleted", o0."LogoUrl", o0."Name", o0."Plan", o0."Slug", o0."UpdatedAt"
FROM "Users" AS u
INNER JOIN (
    SELECT o."Id", o."CreatedAt", o."DeletedAt", o."Description", o."IsActive", o."IsDeleted", o."LogoUrl", o."Name", o."Plan", o."Slug", o."UpdatedAt"
    FROM "Organizations" AS o
    WHERE NOT (o."IsDeleted")
) AS o0 ON u."OrganizationId" = o0."Id"
WHERE NOT (u."IsDeleted") AND u."Id" = @___currentUser_UserId_0
LIMIT 1
2026-07-28 14:25:27.756 +06:00 [INF] [0HNNCG5N22FU6:00000001] Executed DbCommand (2ms) [Parameters=[@__projectId_0='00000000-0000-0000-0003-000000000001'], CommandType='"Text"', CommandTimeout='30']
SELECT s."Id", s."CreatedAt", s."CreatedByUserId", s."DeletedAt", s."Description", s."DueDate", s."IsDeleted", s."Name", s."OrganizationId", s."ProjectLeadUserId", s."StartDate", s."Status", s."UpdatedAt", s."Id0", s."CreatedAt0", s."DeletedAt0", s."Email", s."EmailVerificationExpiry", s."EmailVerificationToken", s."FirstName", s."IsActive", s."IsDeleted0", s."IsEmailVerified", s."LastLoginAt", s."LastName", s."OrganizationId0", s."PasswordHash", s."PasswordResetExpiry", s."PasswordResetToken", s."ProfilePictureUrl", s."RefreshToken", s."RefreshTokenExpiry", s."Role", s."UpdatedAt0", s."Id1", s."CreatedAt1", s."DeletedAt1", s."Email0", s."EmailVerificationExpiry0", s."EmailVerificationToken0", s."FirstName0", s."IsActive0", s."IsDeleted1", s."IsEmailVerified0", s."LastLoginAt0", s."LastName0", s."OrganizationId1", s."PasswordHash0", s."PasswordResetExpiry0", s."PasswordResetToken0", s."ProfilePictureUrl0", s."RefreshToken0", s."RefreshTokenExpiry0", s."Role0", s."UpdatedAt1", t0."Id", t0."ActualMinutes", t0."AssignedToUserId", t0."CompletedAt", t0."CreatedAt", t0."CreatedByUserId", t0."DeletedAt", t0."Description", t0."DueDate", t0."EstimatedMinutes", t0."IsDeleted", t0."OrderIndex", t0."OrganizationId", t0."ParentTaskId", t0."Priority", t0."ProjectId", t0."StartDate", t0."Status", t0."Title", t0."UpdatedAt"
FROM (
    SELECT p."Id", p."CreatedAt", p."CreatedByUserId", p."DeletedAt", p."Description", p."DueDate", p."IsDeleted", p."Name", p."OrganizationId", p."ProjectLeadUserId", p."StartDate", p."Status", p."UpdatedAt", u0."Id" AS "Id0", u0."CreatedAt" AS "CreatedAt0", u0."DeletedAt" AS "DeletedAt0", u0."Email", u0."EmailVerificationExpiry", u0."EmailVerificationToken", u0."FirstName", u0."IsActive", u0."IsDeleted" AS "IsDeleted0", u0."IsEmailVerified", u0."LastLoginAt", u0."LastName", u0."OrganizationId" AS "OrganizationId0", u0."PasswordHash", u0."PasswordResetExpiry", u0."PasswordResetToken", u0."ProfilePictureUrl", u0."RefreshToken", u0."RefreshTokenExpiry", u0."Role", u0."UpdatedAt" AS "UpdatedAt0", u2."Id" AS "Id1", u2."CreatedAt" AS "CreatedAt1", u2."DeletedAt" AS "DeletedAt1", u2."Email" AS "Email0", u2."EmailVerificationExpiry" AS "EmailVerificationExpiry0", u2."EmailVerificationToken" AS "EmailVerificationToken0", u2."FirstName" AS "FirstName0", u2."IsActive" AS "IsActive0", u2."IsDeleted" AS "IsDeleted1", u2."IsEmailVerified" AS "IsEmailVerified0", u2."LastLoginAt" AS "LastLoginAt0", u2."LastName" AS "LastName0", u2."OrganizationId" AS "OrganizationId1", u2."PasswordHash" AS "PasswordHash0", u2."PasswordResetExpiry" AS "PasswordResetExpiry0", u2."PasswordResetToken" AS "PasswordResetToken0", u2."ProfilePictureUrl" AS "ProfilePictureUrl0", u2."RefreshToken" AS "RefreshToken0", u2."RefreshTokenExpiry" AS "RefreshTokenExpiry0", u2."Role" AS "Role0", u2."UpdatedAt" AS "UpdatedAt1"
    FROM "Projects" AS p
    INNER JOIN (
        SELECT u."Id", u."CreatedAt", u."DeletedAt", u."Email", u."EmailVerificationExpiry", u."EmailVerificationToken", u."FirstName", u."IsActive", u."IsDeleted", u."IsEmailVerified", u."LastLoginAt", u."LastName", u."OrganizationId", u."PasswordHash", u."PasswordResetExpiry", u."PasswordResetToken", u."ProfilePictureUrl", u."RefreshToken", u."RefreshTokenExpiry", u."Role", u."UpdatedAt"
        FROM "Users" AS u
        WHERE NOT (u."IsDeleted")
    ) AS u0 ON p."CreatedByUserId" = u0."Id"
    LEFT JOIN (
        SELECT u1."Id", u1."CreatedAt", u1."DeletedAt", u1."Email", u1."EmailVerificationExpiry", u1."EmailVerificationToken", u1."FirstName", u1."IsActive", u1."IsDeleted", u1."IsEmailVerified", u1."LastLoginAt", u1."LastName", u1."OrganizationId", u1."PasswordHash", u1."PasswordResetExpiry", u1."PasswordResetToken", u1."ProfilePictureUrl", u1."RefreshToken", u1."RefreshTokenExpiry", u1."Role", u1."UpdatedAt"
        FROM "Users" AS u1
        WHERE NOT (u1."IsDeleted")
    ) AS u2 ON p."ProjectLeadUserId" = u2."Id"
    WHERE NOT (p."IsDeleted") AND p."Id" = @__projectId_0
    LIMIT 1
) AS s
LEFT JOIN (
    SELECT t."Id", t."ActualMinutes", t."AssignedToUserId", t."CompletedAt", t."CreatedAt", t."CreatedByUserId", t."DeletedAt", t."Description", t."DueDate", t."EstimatedMinutes", t."IsDeleted", t."OrderIndex", t."OrganizationId", t."ParentTaskId", t."Priority", t."ProjectId", t."StartDate", t."Status", t."Title", t."UpdatedAt"
    FROM "Tasks" AS t
    WHERE NOT (t."IsDeleted")
) AS t0 ON s."Id" = t0."ProjectId"
ORDER BY s."Id", s."Id0", s."Id1"
2026-07-28 14:25:27.761 +06:00 [INF] [0HNNCG5N22FU6:00000001] [0HNNCG5N22FU6:00000001] GET /api/projects/00000000-0000-0000-0003-000000000001 → 200 (72.5ms)
2026-07-28 14:25:30.396 +06:00 [DBG] [0HNNCG5N22FU7:00000001] Permission granted: Owner → tasks.update.own
2026-07-28 14:25:30.399 +06:00 [INF] [0HNNCG5N22FU7:00000001] Executed DbCommand (1ms) [Parameters=[@___currentUser_UserId_0='00000000-0000-0000-0002-000000000001'], CommandType='"Text"', CommandTimeout='30']
SELECT u."Id", u."CreatedAt", u."DeletedAt", u."Email", u."EmailVerificationExpiry", u."EmailVerificationToken", u."FirstName", u."IsActive", u."IsDeleted", u."IsEmailVerified", u."LastLoginAt", u."LastName", u."OrganizationId", u."PasswordHash", u."PasswordResetExpiry", u."PasswordResetToken", u."ProfilePictureUrl", u."RefreshToken", u."RefreshTokenExpiry", u."Role", u."UpdatedAt", o0."Id", o0."CreatedAt", o0."DeletedAt", o0."Description", o0."IsActive", o0."IsDeleted", o0."LogoUrl", o0."Name", o0."Plan", o0."Slug", o0."UpdatedAt"
FROM "Users" AS u
INNER JOIN (
    SELECT o."Id", o."CreatedAt", o."DeletedAt", o."Description", o."IsActive", o."IsDeleted", o."LogoUrl", o."Name", o."Plan", o."Slug", o."UpdatedAt"
    FROM "Organizations" AS o
    WHERE NOT (o."IsDeleted")
) AS o0 ON u."OrganizationId" = o0."Id"
WHERE NOT (u."IsDeleted") AND u."Id" = @___currentUser_UserId_0
LIMIT 1
2026-07-28 14:25:30.460 +06:00 [WRN] [0HNNCG5N22FU7:00000001] Compiling a query which loads related collections for more than one collection navigation, either via 'Include' or through projection, but no 'QuerySplittingBehavior' has been configured. By default, Entity Framework will use 'QuerySplittingBehavior.SingleQuery', which can potentially result in slow query performance. See https://go.microsoft.com/fwlink/?linkid=2134277 for more information. To identify the query that's triggering this warning call 'ConfigureWarnings(w => w.Throw(RelationalEventId.MultipleCollectionIncludeWarning))'.
2026-07-28 14:25:30.557 +06:00 [INF] [0HNNCG5N22FU7:00000001] Executed DbCommand (3ms) [Parameters=[@__taskId_0='00000000-0000-0000-0004-000000000002'], CommandType='"Text"', CommandTimeout='30']
SELECT s."Id", s."ActualMinutes", s."AssignedToUserId", s."CompletedAt", s."CreatedAt", s."CreatedByUserId", s."DeletedAt", s."Description", s."DueDate", s."EstimatedMinutes", s."IsDeleted", s."OrderIndex", s."OrganizationId", s."ParentTaskId", s."Priority", s."ProjectId", s."StartDate", s."Status", s."Title", s."UpdatedAt", s."Id0", s."CreatedAt0", s."DeletedAt0", s."Email", s."EmailVerificationExpiry", s."EmailVerificationToken", s."FirstName", s."IsActive", s."IsDeleted0", s."IsEmailVerified", s."LastLoginAt", s."LastName", s."OrganizationId0", s."PasswordHash", s."PasswordResetExpiry", s."PasswordResetToken", s."ProfilePictureUrl", s."RefreshToken", s."RefreshTokenExpiry", s."Role", s."UpdatedAt0", s."Id1", s."CreatedAt1", s."DeletedAt1", s."Email0", s."EmailVerificationExpiry0", s."EmailVerificationToken0", s."FirstName0", s."IsActive0", s."IsDeleted1", s."IsEmailVerified0", s."LastLoginAt0", s."LastName0", s."OrganizationId1", s."PasswordHash0", s."PasswordResetExpiry0", s."PasswordResetToken0", s."ProfilePictureUrl0", s."RefreshToken0", s."RefreshTokenExpiry0", s."Role0", s."UpdatedAt1", s."Id2", s."CreatedAt2", s."CreatedByUserId0", s."DeletedAt2", s."Description0", s."DueDate0", s."IsDeleted2", s."Name", s."OrganizationId2", s."ProjectLeadUserId", s."StartDate0", s."Status0", s."UpdatedAt2", s0."TaskId", s0."UserId", s0."AssignedAt", s0."AssignedByUserId", s0."Id", s0."CreatedAt", s0."DeletedAt", s0."Email", s0."EmailVerificationExpiry", s0."EmailVerificationToken", s0."FirstName", s0."IsActive", s0."IsDeleted", s0."IsEmailVerified", s0."LastLoginAt", s0."LastName", s0."OrganizationId", s0."PasswordHash", s0."PasswordResetExpiry", s0."PasswordResetToken", s0."ProfilePictureUrl", s0."RefreshToken", s0."RefreshTokenExpiry", s0."Role", s0."UpdatedAt", t2."Id", t2."ActualMinutes", t2."AssignedToUserId", t2."CompletedAt", t2."CreatedAt", t2."CreatedByUserId", t2."DeletedAt", t2."Description", t2."DueDate", t2."EstimatedMinutes", t2."IsDeleted", t2."OrderIndex", t2."OrganizationId", t2."ParentTaskId", t2."Priority", t2."ProjectId", t2."StartDate", t2."Status", t2."Title", t2."UpdatedAt"
FROM (
    SELECT t."Id", t."ActualMinutes", t."AssignedToUserId", t."CompletedAt", t."CreatedAt", t."CreatedByUserId", t."DeletedAt", t."Description", t."DueDate", t."EstimatedMinutes", t."IsDeleted", t."OrderIndex", t."OrganizationId", t."ParentTaskId", t."Priority", t."ProjectId", t."StartDate", t."Status", t."Title", t."UpdatedAt", u0."Id" AS "Id0", u0."CreatedAt" AS "CreatedAt0", u0."DeletedAt" AS "DeletedAt0", u0."Email", u0."EmailVerificationExpiry", u0."EmailVerificationToken", u0."FirstName", u0."IsActive", u0."IsDeleted" AS "IsDeleted0", u0."IsEmailVerified", u0."LastLoginAt", u0."LastName", u0."OrganizationId" AS "OrganizationId0", u0."PasswordHash", u0."PasswordResetExpiry", u0."PasswordResetToken", u0."ProfilePictureUrl", u0."RefreshToken", u0."RefreshTokenExpiry", u0."Role", u0."UpdatedAt" AS "UpdatedAt0", u2."Id" AS "Id1", u2."CreatedAt" AS "CreatedAt1", u2."DeletedAt" AS "DeletedAt1", u2."Email" AS "Email0", u2."EmailVerificationExpiry" AS "EmailVerificationExpiry0", u2."EmailVerificationToken" AS "EmailVerificationToken0", u2."FirstName" AS "FirstName0", u2."IsActive" AS "IsActive0", u2."IsDeleted" AS "IsDeleted1", u2."IsEmailVerified" AS "IsEmailVerified0", u2."LastLoginAt" AS "LastLoginAt0", u2."LastName" AS "LastName0", u2."OrganizationId" AS "OrganizationId1", u2."PasswordHash" AS "PasswordHash0", u2."PasswordResetExpiry" AS "PasswordResetExpiry0", u2."PasswordResetToken" AS "PasswordResetToken0", u2."ProfilePictureUrl" AS "ProfilePictureUrl0", u2."RefreshToken" AS "RefreshToken0", u2."RefreshTokenExpiry" AS "RefreshTokenExpiry0", u2."Role" AS "Role0", u2."UpdatedAt" AS "UpdatedAt1", p0."Id" AS "Id2", p0."CreatedAt" AS "CreatedAt2", p0."CreatedByUserId" AS "CreatedByUserId0", p0."DeletedAt" AS "DeletedAt2", p0."Description" AS "Description0", p0."DueDate" AS "DueDate0", p0."IsDeleted" AS "IsDeleted2", p0."Name", p0."OrganizationId" AS "OrganizationId2", p0."ProjectLeadUserId", p0."StartDate" AS "StartDate0", p0."Status" AS "Status0", p0."UpdatedAt" AS "UpdatedAt2"
    FROM "Tasks" AS t
    INNER JOIN (
        SELECT u."Id", u."CreatedAt", u."DeletedAt", u."Email", u."EmailVerificationExpiry", u."EmailVerificationToken", u."FirstName", u."IsActive", u."IsDeleted", u."IsEmailVerified", u."LastLoginAt", u."LastName", u."OrganizationId", u."PasswordHash", u."PasswordResetExpiry", u."PasswordResetToken", u."ProfilePictureUrl", u."RefreshToken", u."RefreshTokenExpiry", u."Role", u."UpdatedAt"
        FROM "Users" AS u
        WHERE NOT (u."IsDeleted")
    ) AS u0 ON t."CreatedByUserId" = u0."Id"
    LEFT JOIN (
        SELECT u1."Id", u1."CreatedAt", u1."DeletedAt", u1."Email", u1."EmailVerificationExpiry", u1."EmailVerificationToken", u1."FirstName", u1."IsActive", u1."IsDeleted", u1."IsEmailVerified", u1."LastLoginAt", u1."LastName", u1."OrganizationId", u1."PasswordHash", u1."PasswordResetExpiry", u1."PasswordResetToken", u1."ProfilePictureUrl", u1."RefreshToken", u1."RefreshTokenExpiry", u1."Role", u1."UpdatedAt"
        FROM "Users" AS u1
        WHERE NOT (u1."IsDeleted")
    ) AS u2 ON t."AssignedToUserId" = u2."Id"
    INNER JOIN (
        SELECT p."Id", p."CreatedAt", p."CreatedByUserId", p."DeletedAt", p."Description", p."DueDate", p."IsDeleted", p."Name", p."OrganizationId", p."ProjectLeadUserId", p."StartDate", p."Status", p."UpdatedAt"
        FROM "Projects" AS p
        WHERE NOT (p."IsDeleted")
    ) AS p0 ON t."ProjectId" = p0."Id"
    WHERE NOT (t."IsDeleted") AND t."Id" = @__taskId_0
    LIMIT 1
) AS s
LEFT JOIN (
    SELECT t0."TaskId", t0."UserId", t0."AssignedAt", t0."AssignedByUserId", u4."Id", u4."CreatedAt", u4."DeletedAt", u4."Email", u4."EmailVerificationExpiry", u4."EmailVerificationToken", u4."FirstName", u4."IsActive", u4."IsDeleted", u4."IsEmailVerified", u4."LastLoginAt", u4."LastName", u4."OrganizationId", u4."PasswordHash", u4."PasswordResetExpiry", u4."PasswordResetToken", u4."ProfilePictureUrl", u4."RefreshToken", u4."RefreshTokenExpiry", u4."Role", u4."UpdatedAt"
    FROM "TaskAssignees" AS t0
    INNER JOIN (
        SELECT u3."Id", u3."CreatedAt", u3."DeletedAt", u3."Email", u3."EmailVerificationExpiry", u3."EmailVerificationToken", u3."FirstName", u3."IsActive", u3."IsDeleted", u3."IsEmailVerified", u3."LastLoginAt", u3."LastName", u3."OrganizationId", u3."PasswordHash", u3."PasswordResetExpiry", u3."PasswordResetToken", u3."ProfilePictureUrl", u3."RefreshToken", u3."RefreshTokenExpiry", u3."Role", u3."UpdatedAt"
        FROM "Users" AS u3
        WHERE NOT (u3."IsDeleted")
    ) AS u4 ON t0."UserId" = u4."Id"
) AS s0 ON s."Id" = s0."TaskId"
LEFT JOIN (
    SELECT t1."Id", t1."ActualMinutes", t1."AssignedToUserId", t1."CompletedAt", t1."CreatedAt", t1."CreatedByUserId", t1."DeletedAt", t1."Description", t1."DueDate", t1."EstimatedMinutes", t1."IsDeleted", t1."OrderIndex", t1."OrganizationId", t1."ParentTaskId", t1."Priority", t1."ProjectId", t1."StartDate", t1."Status", t1."Title", t1."UpdatedAt"
    FROM "Tasks" AS t1
    WHERE NOT (t1."IsDeleted")
) AS t2 ON s."Id" = t2."ParentTaskId"
ORDER BY s."Id", s."Id0", s."Id1", s."Id2", s0."TaskId", s0."UserId", s0."Id"
2026-07-28 14:25:30.569 +06:00 [DBG] [0HNNCG5N22FU7:00000001] Permission check: "00000000-0000-0000-0002-000000000001" (Owner) → tasks.update = true
2026-07-28 14:25:30.731 +06:00 [INF] [0HNNCG5N22FU7:00000001] Executed DbCommand (5ms) [Parameters=[@p2='00000000-0000-0000-0004-000000000002', @p0='InProgress' (Nullable = false), @p1='2026-07-28T08:25:30.6518849Z' (DbType = DateTime)], CommandType='"Text"', CommandTimeout='30']
UPDATE "Tasks" SET "Status" = @p0, "UpdatedAt" = @p1
WHERE "Id" = @p2;
2026-07-28 14:25:30.778 +06:00 [INF] [0HNNCG5N22FU7:00000001] Executed DbCommand (3ms) [Parameters=[@p0='bcd87373-8c31-41a7-b27f-7ad9dec3164a', @p1='TaskStatusChanged' (Nullable = false), @p2='2026-07-28T08:25:30.7428845Z' (DbType = DateTime), @p3='00000000-0000-0000-0004-000000000002', @p4='Set up CMS platform', @p5='Task' (Nullable = false), @p6='{"from":"InReview","to":"InProgress"}', @p7='00000000-0000-0000-0001-000000000001', @p8='00000000-0000-0000-0003-000000000001' (Nullable = true), @p9='00000000-0000-0000-0002-000000000001', @p10='Demo Owner' (Nullable = false)], CommandType='"Text"', CommandTimeout='30']
INSERT INTO "ActivityLogs" ("Id", "Action", "CreatedAt", "EntityId", "EntityName", "EntityType", "Metadata", "OrganizationId", "ProjectId", "UserId", "UserName")
VALUES (@p0, @p1, @p2, @p3, @p4, @p5, @p6, @p7, @p8, @p9, @p10);
2026-07-28 14:25:30.779 +06:00 [INF] [0HNNCG5N22FU7:00000001] Task "00000000-0000-0000-0004-000000000002" status InReview → InProgress by "00000000-0000-0000-0002-000000000001"
2026-07-28 14:25:30.781 +06:00 [INF] [0HNNCG5N22FU7:00000001] [0HNNCG5N22FU7:00000001] PATCH /api/tasks/00000000-0000-0000-0004-000000000002/status → 200 (385.0ms)
2026-07-28 14:25:30.788 +06:00 [DBG] [0HNNCG5N22FU8:00000001] Permission granted: Owner → tasks.view
2026-07-28 14:25:30.788 +06:00 [DBG] [0HNNCG5N22FU9:00000001] Permission granted: Owner → projects.view
2026-07-28 14:25:30.790 +06:00 [INF] [0HNNCG5N22FU9:00000001] Executed DbCommand (1ms) [Parameters=[@___currentUser_UserId_0='00000000-0000-0000-0002-000000000001'], CommandType='"Text"', CommandTimeout='30']
SELECT u."Id", u."CreatedAt", u."DeletedAt", u."Email", u."EmailVerificationExpiry", u."EmailVerificationToken", u."FirstName", u."IsActive", u."IsDeleted", u."IsEmailVerified", u."LastLoginAt", u."LastName", u."OrganizationId", u."PasswordHash", u."PasswordResetExpiry", u."PasswordResetToken", u."ProfilePictureUrl", u."RefreshToken", u."RefreshTokenExpiry", u."Role", u."UpdatedAt", o0."Id", o0."CreatedAt", o0."DeletedAt", o0."Description", o0."IsActive", o0."IsDeleted", o0."LogoUrl", o0."Name", o0."Plan", o0."Slug", o0."UpdatedAt"
FROM "Users" AS u
INNER JOIN (
    SELECT o."Id", o."CreatedAt", o."DeletedAt", o."Description", o."IsActive", o."IsDeleted", o."LogoUrl", o."Name", o."Plan", o."Slug", o."UpdatedAt"
    FROM "Organizations" AS o
    WHERE NOT (o."IsDeleted")
) AS o0 ON u."OrganizationId" = o0."Id"
WHERE NOT (u."IsDeleted") AND u."Id" = @___currentUser_UserId_0
LIMIT 1
2026-07-28 14:25:30.790 +06:00 [INF] [0HNNCG5N22FU8:00000001] Executed DbCommand (1ms) [Parameters=[@___currentUser_UserId_0='00000000-0000-0000-0002-000000000001'], CommandType='"Text"', CommandTimeout='30']
SELECT u."Id", u."CreatedAt", u."DeletedAt", u."Email", u."EmailVerificationExpiry", u."EmailVerificationToken", u."FirstName", u."IsActive", u."IsDeleted", u."IsEmailVerified", u."LastLoginAt", u."LastName", u."OrganizationId", u."PasswordHash", u."PasswordResetExpiry", u."PasswordResetToken", u."ProfilePictureUrl", u."RefreshToken", u."RefreshTokenExpiry", u."Role", u."UpdatedAt", o0."Id", o0."CreatedAt", o0."DeletedAt", o0."Description", o0."IsActive", o0."IsDeleted", o0."LogoUrl", o0."Name", o0."Plan", o0."Slug", o0."UpdatedAt"
FROM "Users" AS u
INNER JOIN (
    SELECT o."Id", o."CreatedAt", o."DeletedAt", o."Description", o."IsActive", o."IsDeleted", o."LogoUrl", o."Name", o."Plan", o."Slug", o."UpdatedAt"
    FROM "Organizations" AS o
    WHERE NOT (o."IsDeleted")
) AS o0 ON u."OrganizationId" = o0."Id"
WHERE NOT (u."IsDeleted") AND u."Id" = @___currentUser_UserId_0
LIMIT 1
2026-07-28 14:25:30.792 +06:00 [INF] [0HNNCG5N22FU8:00000001] Executed DbCommand (1ms) [Parameters=[@__projectId_0='00000000-0000-0000-0003-000000000001'], CommandType='"Text"', CommandTimeout='30']
SELECT p."Id", p."CreatedAt", p."CreatedByUserId", p."DeletedAt", p."Description", p."DueDate", p."IsDeleted", p."Name", p."OrganizationId", p."ProjectLeadUserId", p."StartDate", p."Status", p."UpdatedAt"
FROM "Projects" AS p
WHERE NOT (p."IsDeleted") AND p."Id" = @__projectId_0
LIMIT 1
2026-07-28 14:25:30.793 +06:00 [INF] [0HNNCG5N22FU9:00000001] Executed DbCommand (2ms) [Parameters=[@__projectId_0='00000000-0000-0000-0003-000000000001'], CommandType='"Text"', CommandTimeout='30']
SELECT s."Id", s."CreatedAt", s."CreatedByUserId", s."DeletedAt", s."Description", s."DueDate", s."IsDeleted", s."Name", s."OrganizationId", s."ProjectLeadUserId", s."StartDate", s."Status", s."UpdatedAt", s."Id0", s."CreatedAt0", s."DeletedAt0", s."Email", s."EmailVerificationExpiry", s."EmailVerificationToken", s."FirstName", s."IsActive", s."IsDeleted0", s."IsEmailVerified", s."LastLoginAt", s."LastName", s."OrganizationId0", s."PasswordHash", s."PasswordResetExpiry", s."PasswordResetToken", s."ProfilePictureUrl", s."RefreshToken", s."RefreshTokenExpiry", s."Role", s."UpdatedAt0", s."Id1", s."CreatedAt1", s."DeletedAt1", s."Email0", s."EmailVerificationExpiry0", s."EmailVerificationToken0", s."FirstName0", s."IsActive0", s."IsDeleted1", s."IsEmailVerified0", s."LastLoginAt0", s."LastName0", s."OrganizationId1", s."PasswordHash0", s."PasswordResetExpiry0", s."PasswordResetToken0", s."ProfilePictureUrl0", s."RefreshToken0", s."RefreshTokenExpiry0", s."Role0", s."UpdatedAt1", t0."Id", t0."ActualMinutes", t0."AssignedToUserId", t0."CompletedAt", t0."CreatedAt", t0."CreatedByUserId", t0."DeletedAt", t0."Description", t0."DueDate", t0."EstimatedMinutes", t0."IsDeleted", t0."OrderIndex", t0."OrganizationId", t0."ParentTaskId", t0."Priority", t0."ProjectId", t0."StartDate", t0."Status", t0."Title", t0."UpdatedAt"
FROM (
    SELECT p."Id", p."CreatedAt", p."CreatedByUserId", p."DeletedAt", p."Description", p."DueDate", p."IsDeleted", p."Name", p."OrganizationId", p."ProjectLeadUserId", p."StartDate", p."Status", p."UpdatedAt", u0."Id" AS "Id0", u0."CreatedAt" AS "CreatedAt0", u0."DeletedAt" AS "DeletedAt0", u0."Email", u0."EmailVerificationExpiry", u0."EmailVerificationToken", u0."FirstName", u0."IsActive", u0."IsDeleted" AS "IsDeleted0", u0."IsEmailVerified", u0."LastLoginAt", u0."LastName", u0."OrganizationId" AS "OrganizationId0", u0."PasswordHash", u0."PasswordResetExpiry", u0."PasswordResetToken", u0."ProfilePictureUrl", u0."RefreshToken", u0."RefreshTokenExpiry", u0."Role", u0."UpdatedAt" AS "UpdatedAt0", u2."Id" AS "Id1", u2."CreatedAt" AS "CreatedAt1", u2."DeletedAt" AS "DeletedAt1", u2."Email" AS "Email0", u2."EmailVerificationExpiry" AS "EmailVerificationExpiry0", u2."EmailVerificationToken" AS "EmailVerificationToken0", u2."FirstName" AS "FirstName0", u2."IsActive" AS "IsActive0", u2."IsDeleted" AS "IsDeleted1", u2."IsEmailVerified" AS "IsEmailVerified0", u2."LastLoginAt" AS "LastLoginAt0", u2."LastName" AS "LastName0", u2."OrganizationId" AS "OrganizationId1", u2."PasswordHash" AS "PasswordHash0", u2."PasswordResetExpiry" AS "PasswordResetExpiry0", u2."PasswordResetToken" AS "PasswordResetToken0", u2."ProfilePictureUrl" AS "ProfilePictureUrl0", u2."RefreshToken" AS "RefreshToken0", u2."RefreshTokenExpiry" AS "RefreshTokenExpiry0", u2."Role" AS "Role0", u2."UpdatedAt" AS "UpdatedAt1"
    FROM "Projects" AS p
    INNER JOIN (
        SELECT u."Id", u."CreatedAt", u."DeletedAt", u."Email", u."EmailVerificationExpiry", u."EmailVerificationToken", u."FirstName", u."IsActive", u."IsDeleted", u."IsEmailVerified", u."LastLoginAt", u."LastName", u."OrganizationId", u."PasswordHash", u."PasswordResetExpiry", u."PasswordResetToken", u."ProfilePictureUrl", u."RefreshToken", u."RefreshTokenExpiry", u."Role", u."UpdatedAt"
        FROM "Users" AS u
        WHERE NOT (u."IsDeleted")
    ) AS u0 ON p."CreatedByUserId" = u0."Id"
    LEFT JOIN (
        SELECT u1."Id", u1."CreatedAt", u1."DeletedAt", u1."Email", u1."EmailVerificationExpiry", u1."EmailVerificationToken", u1."FirstName", u1."IsActive", u1."IsDeleted", u1."IsEmailVerified", u1."LastLoginAt", u1."LastName", u1."OrganizationId", u1."PasswordHash", u1."PasswordResetExpiry", u1."PasswordResetToken", u1."ProfilePictureUrl", u1."RefreshToken", u1."RefreshTokenExpiry", u1."Role", u1."UpdatedAt"
        FROM "Users" AS u1
        WHERE NOT (u1."IsDeleted")
    ) AS u2 ON p."ProjectLeadUserId" = u2."Id"
    WHERE NOT (p."IsDeleted") AND p."Id" = @__projectId_0
    LIMIT 1
) AS s
LEFT JOIN (
    SELECT t."Id", t."ActualMinutes", t."AssignedToUserId", t."CompletedAt", t."CreatedAt", t."CreatedByUserId", t."DeletedAt", t."Description", t."DueDate", t."EstimatedMinutes", t."IsDeleted", t."OrderIndex", t."OrganizationId", t."ParentTaskId", t."Priority", t."ProjectId", t."StartDate", t."Status", t."Title", t."UpdatedAt"
    FROM "Tasks" AS t
    WHERE NOT (t."IsDeleted")
) AS t0 ON s."Id" = t0."ProjectId"
ORDER BY s."Id", s."Id0", s."Id1"
2026-07-28 14:25:30.794 +06:00 [INF] [0HNNCG5N22FU8:00000001] Executed DbCommand (1ms) [Parameters=[@__projectId_0='00000000-0000-0000-0003-000000000001'], CommandType='"Text"', CommandTimeout='30']
SELECT count(*)::int
FROM "Tasks" AS t
WHERE NOT (t."IsDeleted") AND t."ProjectId" = @__projectId_0
2026-07-28 14:25:30.795 +06:00 [INF] [0HNNCG5N22FU9:00000001] [0HNNCG5N22FU9:00000001] GET /api/projects/00000000-0000-0000-0003-000000000001 → 200 (7.4ms)
2026-07-28 14:25:30.807 +06:00 [INF] [0HNNCG5N22FU8:00000001] Executed DbCommand (11ms) [Parameters=[@__projectId_0='00000000-0000-0000-0003-000000000001', @__p_2='100', @__p_1='0'], CommandType='"Text"', CommandTimeout='30']
SELECT t0."Id", t0."ActualMinutes", t0."AssignedToUserId", t0."CompletedAt", t0."CreatedAt", t0."CreatedByUserId", t0."DeletedAt", t0."Description", t0."DueDate", t0."EstimatedMinutes", t0."IsDeleted", t0."OrderIndex", t0."OrganizationId", t0."ParentTaskId", t0."Priority", t0."ProjectId", t0."StartDate", t0."Status", t0."Title", t0."UpdatedAt", u0."Id", u0."CreatedAt", u0."DeletedAt", u0."Email", u0."EmailVerificationExpiry", u0."EmailVerificationToken", u0."FirstName", u0."IsActive", u0."IsDeleted", u0."IsEmailVerified", u0."LastLoginAt", u0."LastName", u0."OrganizationId", u0."PasswordHash", u0."PasswordResetExpiry", u0."PasswordResetToken", u0."ProfilePictureUrl", u0."RefreshToken", u0."RefreshTokenExpiry", u0."Role", u0."UpdatedAt", u2."Id", u2."CreatedAt", u2."DeletedAt", u2."Email", u2."EmailVerificationExpiry", u2."EmailVerificationToken", u2."FirstName", u2."IsActive", u2."IsDeleted", u2."IsEmailVerified", u2."LastLoginAt", u2."LastName", u2."OrganizationId", u2."PasswordHash", u2."PasswordResetExpiry", u2."PasswordResetToken", u2."ProfilePictureUrl", u2."RefreshToken", u2."RefreshTokenExpiry", u2."Role", u2."UpdatedAt", p0."Id", p0."CreatedAt", p0."CreatedByUserId", p0."DeletedAt", p0."Description", p0."DueDate", p0."IsDeleted", p0."Name", p0."OrganizationId", p0."ProjectLeadUserId", p0."StartDate", p0."Status", p0."UpdatedAt", s."TaskId", s."UserId", s."AssignedAt", s."AssignedByUserId", s."Id", s."CreatedAt", s."DeletedAt", s."Email", s."EmailVerificationExpiry", s."EmailVerificationToken", s."FirstName", s."IsActive", s."IsDeleted", s."IsEmailVerified", s."LastLoginAt", s."LastName", s."OrganizationId", s."PasswordHash", s."PasswordResetExpiry", s."PasswordResetToken", s."ProfilePictureUrl", s."RefreshToken", s."RefreshTokenExpiry", s."Role", s."UpdatedAt", t3."Id", t3."ActualMinutes", t3."AssignedToUserId", t3."CompletedAt", t3."CreatedAt", t3."CreatedByUserId", t3."DeletedAt", t3."Description", t3."DueDate", t3."EstimatedMinutes", t3."IsDeleted", t3."OrderIndex", t3."OrganizationId", t3."ParentTaskId", t3."Priority", t3."ProjectId", t3."StartDate", t3."Status", t3."Title", t3."UpdatedAt"
FROM (
    SELECT t."Id", t."ActualMinutes", t."AssignedToUserId", t."CompletedAt", t."CreatedAt", t."CreatedByUserId", t."DeletedAt", t."Description", t."DueDate", t."EstimatedMinutes", t."IsDeleted", t."OrderIndex", t."OrganizationId", t."ParentTaskId", t."Priority", t."ProjectId", t."StartDate", t."Status", t."Title", t."UpdatedAt"
    FROM "Tasks" AS t
    WHERE NOT (t."IsDeleted") AND t."ProjectId" = @__projectId_0
    ORDER BY t."OrderIndex"
    LIMIT @__p_2 OFFSET @__p_1
) AS t0
INNER JOIN (
    SELECT u."Id", u."CreatedAt", u."DeletedAt", u."Email", u."EmailVerificationExpiry", u."EmailVerificationToken", u."FirstName", u."IsActive", u."IsDeleted", u."IsEmailVerified", u."LastLoginAt", u."LastName", u."OrganizationId", u."PasswordHash", u."PasswordResetExpiry", u."PasswordResetToken", u."ProfilePictureUrl", u."RefreshToken", u."RefreshTokenExpiry", u."Role", u."UpdatedAt"
    FROM "Users" AS u
    WHERE NOT (u."IsDeleted")
) AS u0 ON t0."CreatedByUserId" = u0."Id"
LEFT JOIN (
    SELECT u1."Id", u1."CreatedAt", u1."DeletedAt", u1."Email", u1."EmailVerificationExpiry", u1."EmailVerificationToken", u1."FirstName", u1."IsActive", u1."IsDeleted", u1."IsEmailVerified", u1."LastLoginAt", u1."LastName", u1."OrganizationId", u1."PasswordHash", u1."PasswordResetExpiry", u1."PasswordResetToken", u1."ProfilePictureUrl", u1."RefreshToken", u1."RefreshTokenExpiry", u1."Role", u1."UpdatedAt"
    FROM "Users" AS u1
    WHERE NOT (u1."IsDeleted")
) AS u2 ON t0."AssignedToUserId" = u2."Id"
INNER JOIN (
    SELECT p."Id", p."CreatedAt", p."CreatedByUserId", p."DeletedAt", p."Description", p."DueDate", p."IsDeleted", p."Name", p."OrganizationId", p."ProjectLeadUserId", p."StartDate", p."Status", p."UpdatedAt"
    FROM "Projects" AS p
    WHERE NOT (p."IsDeleted")
) AS p0 ON t0."ProjectId" = p0."Id"
LEFT JOIN (
    SELECT t1."TaskId", t1."UserId", t1."AssignedAt", t1."AssignedByUserId", u4."Id", u4."CreatedAt", u4."DeletedAt", u4."Email", u4."EmailVerificationExpiry", u4."EmailVerificationToken", u4."FirstName", u4."IsActive", u4."IsDeleted", u4."IsEmailVerified", u4."LastLoginAt", u4."LastName", u4."OrganizationId", u4."PasswordHash", u4."PasswordResetExpiry", u4."PasswordResetToken", u4."ProfilePictureUrl", u4."RefreshToken", u4."RefreshTokenExpiry", u4."Role", u4."UpdatedAt"
    FROM "TaskAssignees" AS t1
    INNER JOIN (
        SELECT u3."Id", u3."CreatedAt", u3."DeletedAt", u3."Email", u3."EmailVerificationExpiry", u3."EmailVerificationToken", u3."FirstName", u3."IsActive", u3."IsDeleted", u3."IsEmailVerified", u3."LastLoginAt", u3."LastName", u3."OrganizationId", u3."PasswordHash", u3."PasswordResetExpiry", u3."PasswordResetToken", u3."ProfilePictureUrl", u3."RefreshToken", u3."RefreshTokenExpiry", u3."Role", u3."UpdatedAt"
        FROM "Users" AS u3
        WHERE NOT (u3."IsDeleted")
    ) AS u4 ON t1."UserId" = u4."Id"
) AS s ON t0."Id" = s."TaskId"
LEFT JOIN (
    SELECT t2."Id", t2."ActualMinutes", t2."AssignedToUserId", t2."CompletedAt", t2."CreatedAt", t2."CreatedByUserId", t2."DeletedAt", t2."Description", t2."DueDate", t2."EstimatedMinutes", t2."IsDeleted", t2."OrderIndex", t2."OrganizationId", t2."ParentTaskId", t2."Priority", t2."ProjectId", t2."StartDate", t2."Status", t2."Title", t2."UpdatedAt"
    FROM "Tasks" AS t2
    WHERE NOT (t2."IsDeleted")
) AS t3 ON t0."Id" = t3."ParentTaskId"
ORDER BY t0."OrderIndex", t0."Id", u0."Id", u2."Id", p0."Id", s."TaskId", s."UserId", s."Id"
2026-07-28 14:25:30.809 +06:00 [INF] [0HNNCG5N22FU8:00000001] [0HNNCG5N22FU8:00000001] GET /api/projects/00000000-0000-0000-0003-000000000001/tasks → 200 (21.1ms)
2026-07-28 14:25:32.238 +06:00 [DBG] [0HNNCG5N22FUA:00000001] Permission granted: Owner → projects.view
2026-07-28 14:25:32.241 +06:00 [INF] [0HNNCG5N22FUA:00000001] Executed DbCommand (1ms) [Parameters=[@___currentUser_UserId_0='00000000-0000-0000-0002-000000000001'], CommandType='"Text"', CommandTimeout='30']
SELECT u."Id", u."CreatedAt", u."DeletedAt", u."Email", u."EmailVerificationExpiry", u."EmailVerificationToken", u."FirstName", u."IsActive", u."IsDeleted", u."IsEmailVerified", u."LastLoginAt", u."LastName", u."OrganizationId", u."PasswordHash", u."PasswordResetExpiry", u."PasswordResetToken", u."ProfilePictureUrl", u."RefreshToken", u."RefreshTokenExpiry", u."Role", u."UpdatedAt", o0."Id", o0."CreatedAt", o0."DeletedAt", o0."Description", o0."IsActive", o0."IsDeleted", o0."LogoUrl", o0."Name", o0."Plan", o0."Slug", o0."UpdatedAt"
FROM "Users" AS u
INNER JOIN (
    SELECT o."Id", o."CreatedAt", o."DeletedAt", o."Description", o."IsActive", o."IsDeleted", o."LogoUrl", o."Name", o."Plan", o."Slug", o."UpdatedAt"
    FROM "Organizations" AS o
    WHERE NOT (o."IsDeleted")
) AS o0 ON u."OrganizationId" = o0."Id"
WHERE NOT (u."IsDeleted") AND u."Id" = @___currentUser_UserId_0
LIMIT 1
2026-07-28 14:25:32.246 +06:00 [INF] [0HNNCG5N22FUA:00000001] Executed DbCommand (1ms) [Parameters=[@___currentUser_OrganizationId_0='00000000-0000-0000-0001-000000000001', @__p_2='50', @__p_1='0'], CommandType='"Text"', CommandTimeout='30']
SELECT a."Id", a."Action", a."CreatedAt", a."EntityId", a."EntityName", a."EntityType", a."Metadata", a."OrganizationId", a."ProjectId", a."UserId", a."UserName"
FROM "ActivityLogs" AS a
WHERE a."OrganizationId" = @___currentUser_OrganizationId_0
ORDER BY a."CreatedAt" DESC
LIMIT @__p_2 OFFSET @__p_1
2026-07-28 14:25:32.248 +06:00 [INF] [0HNNCG5N22FUA:00000001] [0HNNCG5N22FUA:00000001] GET /api/activity → 200 (9.8ms)
2026-07-28 14:25:34.891 +06:00 [DBG] [0HNNCG5N22FUB:00000001] Permission granted: Owner → projects.view
2026-07-28 14:25:34.894 +06:00 [INF] [0HNNCG5N22FUB:00000001] Executed DbCommand (1ms) [Parameters=[@___currentUser_UserId_0='00000000-0000-0000-0002-000000000001'], CommandType='"Text"', CommandTimeout='30']
SELECT u."Id", u."CreatedAt", u."DeletedAt", u."Email", u."EmailVerificationExpiry", u."EmailVerificationToken", u."FirstName", u."IsActive", u."IsDeleted", u."IsEmailVerified", u."LastLoginAt", u."LastName", u."OrganizationId", u."PasswordHash", u."PasswordResetExpiry", u."PasswordResetToken", u."ProfilePictureUrl", u."RefreshToken", u."RefreshTokenExpiry", u."Role", u."UpdatedAt", o0."Id", o0."CreatedAt", o0."DeletedAt", o0."Description", o0."IsActive", o0."IsDeleted", o0."LogoUrl", o0."Name", o0."Plan", o0."Slug", o0."UpdatedAt"
FROM "Users" AS u
INNER JOIN (
    SELECT o."Id", o."CreatedAt", o."DeletedAt", o."Description", o."IsActive", o."IsDeleted", o."LogoUrl", o."Name", o."Plan", o."Slug", o."UpdatedAt"
    FROM "Organizations" AS o
    WHERE NOT (o."IsDeleted")
) AS o0 ON u."OrganizationId" = o0."Id"
WHERE NOT (u."IsDeleted") AND u."Id" = @___currentUser_UserId_0
LIMIT 1
2026-07-28 14:25:34.896 +06:00 [INF] [0HNNCG5N22FUB:00000001] Executed DbCommand (1ms) [Parameters=[@___currentUser_OrganizationId_0='00000000-0000-0000-0001-000000000001', @__p_2='50', @__p_1='0'], CommandType='"Text"', CommandTimeout='30']
SELECT a."Id", a."Action", a."CreatedAt", a."EntityId", a."EntityName", a."EntityType", a."Metadata", a."OrganizationId", a."ProjectId", a."UserId", a."UserName"
FROM "ActivityLogs" AS a
WHERE a."OrganizationId" = @___currentUser_OrganizationId_0
ORDER BY a."CreatedAt" DESC
LIMIT @__p_2 OFFSET @__p_1
2026-07-28 14:25:34.898 +06:00 [INF] [0HNNCG5N22FUB:00000001] [0HNNCG5N22FUB:00000001] GET /api/activity → 200 (6.8ms)
2026-07-28 14:25:35.083 +06:00 [DBG] [0HNNCG5N22FUC:00000001] Permission granted: Owner → projects.view
2026-07-28 14:25:35.085 +06:00 [INF] [0HNNCG5N22FUC:00000001] Executed DbCommand (1ms) [Parameters=[@___currentUser_UserId_0='00000000-0000-0000-0002-000000000001'], CommandType='"Text"', CommandTimeout='30']
SELECT u."Id", u."CreatedAt", u."DeletedAt", u."Email", u."EmailVerificationExpiry", u."EmailVerificationToken", u."FirstName", u."IsActive", u."IsDeleted", u."IsEmailVerified", u."LastLoginAt", u."LastName", u."OrganizationId", u."PasswordHash", u."PasswordResetExpiry", u."PasswordResetToken", u."ProfilePictureUrl", u."RefreshToken", u."RefreshTokenExpiry", u."Role", u."UpdatedAt", o0."Id", o0."CreatedAt", o0."DeletedAt", o0."Description", o0."IsActive", o0."IsDeleted", o0."LogoUrl", o0."Name", o0."Plan", o0."Slug", o0."UpdatedAt"
FROM "Users" AS u
INNER JOIN (
    SELECT o."Id", o."CreatedAt", o."DeletedAt", o."Description", o."IsActive", o."IsDeleted", o."LogoUrl", o."Name", o."Plan", o."Slug", o."UpdatedAt"
    FROM "Organizations" AS o
    WHERE NOT (o."IsDeleted")
) AS o0 ON u."OrganizationId" = o0."Id"
WHERE NOT (u."IsDeleted") AND u."Id" = @___currentUser_UserId_0
LIMIT 1
2026-07-28 14:25:35.088 +06:00 [INF] [0HNNCG5N22FUC:00000001] Executed DbCommand (3ms) [Parameters=[@___currentUser_OrganizationId_0='00000000-0000-0000-0001-000000000001', @__p_2='50', @__p_1='0'], CommandType='"Text"', CommandTimeout='30']
SELECT a."Id", a."Action", a."CreatedAt", a."EntityId", a."EntityName", a."EntityType", a."Metadata", a."OrganizationId", a."ProjectId", a."UserId", a."UserName"
FROM "ActivityLogs" AS a
WHERE a."OrganizationId" = @___currentUser_OrganizationId_0
ORDER BY a."CreatedAt" DESC
LIMIT @__p_2 OFFSET @__p_1
2026-07-28 14:25:35.089 +06:00 [INF] [0HNNCG5N22FUC:00000001] [0HNNCG5N22FUC:00000001] GET /api/activity → 200 (7.3ms)
2026-07-28 14:25:35.274 +06:00 [DBG] [0HNNCG5N22FUD:00000001] Permission granted: Owner → projects.view
2026-07-28 14:25:35.276 +06:00 [INF] [0HNNCG5N22FUD:00000001] Executed DbCommand (1ms) [Parameters=[@___currentUser_UserId_0='00000000-0000-0000-0002-000000000001'], CommandType='"Text"', CommandTimeout='30']
SELECT u."Id", u."CreatedAt", u."DeletedAt", u."Email", u."EmailVerificationExpiry", u."EmailVerificationToken", u."FirstName", u."IsActive", u."IsDeleted", u."IsEmailVerified", u."LastLoginAt", u."LastName", u."OrganizationId", u."PasswordHash", u."PasswordResetExpiry", u."PasswordResetToken", u."ProfilePictureUrl", u."RefreshToken", u."RefreshTokenExpiry", u."Role", u."UpdatedAt", o0."Id", o0."CreatedAt", o0."DeletedAt", o0."Description", o0."IsActive", o0."IsDeleted", o0."LogoUrl", o0."Name", o0."Plan", o0."Slug", o0."UpdatedAt"
FROM "Users" AS u
INNER JOIN (
    SELECT o."Id", o."CreatedAt", o."DeletedAt", o."Description", o."IsActive", o."IsDeleted", o."LogoUrl", o."Name", o."Plan", o."Slug", o."UpdatedAt"
    FROM "Organizations" AS o
    WHERE NOT (o."IsDeleted")
) AS o0 ON u."OrganizationId" = o0."Id"
WHERE NOT (u."IsDeleted") AND u."Id" = @___currentUser_UserId_0
LIMIT 1
2026-07-28 14:25:35.278 +06:00 [INF] [0HNNCG5N22FUD:00000001] Executed DbCommand (1ms) [Parameters=[@___currentUser_OrganizationId_0='00000000-0000-0000-0001-000000000001', @__p_2='50', @__p_1='0'], CommandType='"Text"', CommandTimeout='30']
SELECT a."Id", a."Action", a."CreatedAt", a."EntityId", a."EntityName", a."EntityType", a."Metadata", a."OrganizationId", a."ProjectId", a."UserId", a."UserName"
FROM "ActivityLogs" AS a
WHERE a."OrganizationId" = @___currentUser_OrganizationId_0
ORDER BY a."CreatedAt" DESC
LIMIT @__p_2 OFFSET @__p_1
2026-07-28 14:25:35.279 +06:00 [INF] [0HNNCG5N22FUD:00000001] [0HNNCG5N22FUD:00000001] GET /api/activity → 200 (5.6ms)
2026-07-28 14:25:35.450 +06:00 [DBG] [0HNNCG5N22FUE:00000001] Permission granted: Owner → projects.view
2026-07-28 14:25:35.453 +06:00 [INF] [0HNNCG5N22FUE:00000001] Executed DbCommand (1ms) [Parameters=[@___currentUser_UserId_0='00000000-0000-0000-0002-000000000001'], CommandType='"Text"', CommandTimeout='30']
SELECT u."Id", u."CreatedAt", u."DeletedAt", u."Email", u."EmailVerificationExpiry", u."EmailVerificationToken", u."FirstName", u."IsActive", u."IsDeleted", u."IsEmailVerified", u."LastLoginAt", u."LastName", u."OrganizationId", u."PasswordHash", u."PasswordResetExpiry", u."PasswordResetToken", u."ProfilePictureUrl", u."RefreshToken", u."RefreshTokenExpiry", u."Role", u."UpdatedAt", o0."Id", o0."CreatedAt", o0."DeletedAt", o0."Description", o0."IsActive", o0."IsDeleted", o0."LogoUrl", o0."Name", o0."Plan", o0."Slug", o0."UpdatedAt"
FROM "Users" AS u
INNER JOIN (
    SELECT o."Id", o."CreatedAt", o."DeletedAt", o."Description", o."IsActive", o."IsDeleted", o."LogoUrl", o."Name", o."Plan", o."Slug", o."UpdatedAt"
    FROM "Organizations" AS o
    WHERE NOT (o."IsDeleted")
) AS o0 ON u."OrganizationId" = o0."Id"
WHERE NOT (u."IsDeleted") AND u."Id" = @___currentUser_UserId_0
LIMIT 1
2026-07-28 14:25:35.455 +06:00 [INF] [0HNNCG5N22FUE:00000001] Executed DbCommand (1ms) [Parameters=[@___currentUser_OrganizationId_0='00000000-0000-0000-0001-000000000001', @__p_2='50', @__p_1='0'], CommandType='"Text"', CommandTimeout='30']
SELECT a."Id", a."Action", a."CreatedAt", a."EntityId", a."EntityName", a."EntityType", a."Metadata", a."OrganizationId", a."ProjectId", a."UserId", a."UserName"
FROM "ActivityLogs" AS a
WHERE a."OrganizationId" = @___currentUser_OrganizationId_0
ORDER BY a."CreatedAt" DESC
LIMIT @__p_2 OFFSET @__p_1
2026-07-28 14:25:35.456 +06:00 [INF] [0HNNCG5N22FUE:00000001] [0HNNCG5N22FUE:00000001] GET /api/activity → 200 (5.6ms)
2026-07-28 14:25:39.611 +06:00 [DBG] [0HNNCG5N22FUF:00000001] Permission granted: Owner → tasks.view
2026-07-28 14:25:39.613 +06:00 [INF] [0HNNCG5N22FUF:00000001] Executed DbCommand (1ms) [Parameters=[@___currentUser_UserId_0='00000000-0000-0000-0002-000000000001'], CommandType='"Text"', CommandTimeout='30']
SELECT u."Id", u."CreatedAt", u."DeletedAt", u."Email", u."EmailVerificationExpiry", u."EmailVerificationToken", u."FirstName", u."IsActive", u."IsDeleted", u."IsEmailVerified", u."LastLoginAt", u."LastName", u."OrganizationId", u."PasswordHash", u."PasswordResetExpiry", u."PasswordResetToken", u."ProfilePictureUrl", u."RefreshToken", u."RefreshTokenExpiry", u."Role", u."UpdatedAt", o0."Id", o0."CreatedAt", o0."DeletedAt", o0."Description", o0."IsActive", o0."IsDeleted", o0."LogoUrl", o0."Name", o0."Plan", o0."Slug", o0."UpdatedAt"
FROM "Users" AS u
INNER JOIN (
    SELECT o."Id", o."CreatedAt", o."DeletedAt", o."Description", o."IsActive", o."IsDeleted", o."LogoUrl", o."Name", o."Plan", o."Slug", o."UpdatedAt"
    FROM "Organizations" AS o
    WHERE NOT (o."IsDeleted")
) AS o0 ON u."OrganizationId" = o0."Id"
WHERE NOT (u."IsDeleted") AND u."Id" = @___currentUser_UserId_0
LIMIT 1
2026-07-28 14:25:39.615 +06:00 [INF] [0HNNCG5N22FUF:00000001] Executed DbCommand (1ms) [Parameters=[@__projectId_0='00000000-0000-0000-0003-000000000002'], CommandType='"Text"', CommandTimeout='30']
SELECT p."Id", p."CreatedAt", p."CreatedByUserId", p."DeletedAt", p."Description", p."DueDate", p."IsDeleted", p."Name", p."OrganizationId", p."ProjectLeadUserId", p."StartDate", p."Status", p."UpdatedAt"
FROM "Projects" AS p
WHERE NOT (p."IsDeleted") AND p."Id" = @__projectId_0
LIMIT 1
2026-07-28 14:25:39.616 +06:00 [INF] [0HNNCG5N22FUF:00000001] Executed DbCommand (1ms) [Parameters=[@__projectId_0='00000000-0000-0000-0003-000000000002'], CommandType='"Text"', CommandTimeout='30']
SELECT count(*)::int
FROM "Tasks" AS t
WHERE NOT (t."IsDeleted") AND t."ProjectId" = @__projectId_0
2026-07-28 14:25:39.619 +06:00 [INF] [0HNNCG5N22FUF:00000001] Executed DbCommand (2ms) [Parameters=[@__projectId_0='00000000-0000-0000-0003-000000000002', @__p_2='100', @__p_1='0'], CommandType='"Text"', CommandTimeout='30']
SELECT t0."Id", t0."ActualMinutes", t0."AssignedToUserId", t0."CompletedAt", t0."CreatedAt", t0."CreatedByUserId", t0."DeletedAt", t0."Description", t0."DueDate", t0."EstimatedMinutes", t0."IsDeleted", t0."OrderIndex", t0."OrganizationId", t0."ParentTaskId", t0."Priority", t0."ProjectId", t0."StartDate", t0."Status", t0."Title", t0."UpdatedAt", u0."Id", u0."CreatedAt", u0."DeletedAt", u0."Email", u0."EmailVerificationExpiry", u0."EmailVerificationToken", u0."FirstName", u0."IsActive", u0."IsDeleted", u0."IsEmailVerified", u0."LastLoginAt", u0."LastName", u0."OrganizationId", u0."PasswordHash", u0."PasswordResetExpiry", u0."PasswordResetToken", u0."ProfilePictureUrl", u0."RefreshToken", u0."RefreshTokenExpiry", u0."Role", u0."UpdatedAt", u2."Id", u2."CreatedAt", u2."DeletedAt", u2."Email", u2."EmailVerificationExpiry", u2."EmailVerificationToken", u2."FirstName", u2."IsActive", u2."IsDeleted", u2."IsEmailVerified", u2."LastLoginAt", u2."LastName", u2."OrganizationId", u2."PasswordHash", u2."PasswordResetExpiry", u2."PasswordResetToken", u2."ProfilePictureUrl", u2."RefreshToken", u2."RefreshTokenExpiry", u2."Role", u2."UpdatedAt", p0."Id", p0."CreatedAt", p0."CreatedByUserId", p0."DeletedAt", p0."Description", p0."DueDate", p0."IsDeleted", p0."Name", p0."OrganizationId", p0."ProjectLeadUserId", p0."StartDate", p0."Status", p0."UpdatedAt", s."TaskId", s."UserId", s."AssignedAt", s."AssignedByUserId", s."Id", s."CreatedAt", s."DeletedAt", s."Email", s."EmailVerificationExpiry", s."EmailVerificationToken", s."FirstName", s."IsActive", s."IsDeleted", s."IsEmailVerified", s."LastLoginAt", s."LastName", s."OrganizationId", s."PasswordHash", s."PasswordResetExpiry", s."PasswordResetToken", s."ProfilePictureUrl", s."RefreshToken", s."RefreshTokenExpiry", s."Role", s."UpdatedAt", t3."Id", t3."ActualMinutes", t3."AssignedToUserId", t3."CompletedAt", t3."CreatedAt", t3."CreatedByUserId", t3."DeletedAt", t3."Description", t3."DueDate", t3."EstimatedMinutes", t3."IsDeleted", t3."OrderIndex", t3."OrganizationId", t3."ParentTaskId", t3."Priority", t3."ProjectId", t3."StartDate", t3."Status", t3."Title", t3."UpdatedAt"
FROM (
    SELECT t."Id", t."ActualMinutes", t."AssignedToUserId", t."CompletedAt", t."CreatedAt", t."CreatedByUserId", t."DeletedAt", t."Description", t."DueDate", t."EstimatedMinutes", t."IsDeleted", t."OrderIndex", t."OrganizationId", t."ParentTaskId", t."Priority", t."ProjectId", t."StartDate", t."Status", t."Title", t."UpdatedAt"
    FROM "Tasks" AS t
    WHERE NOT (t."IsDeleted") AND t."ProjectId" = @__projectId_0
    ORDER BY t."OrderIndex"
    LIMIT @__p_2 OFFSET @__p_1
) AS t0
INNER JOIN (
    SELECT u."Id", u."CreatedAt", u."DeletedAt", u."Email", u."EmailVerificationExpiry", u."EmailVerificationToken", u."FirstName", u."IsActive", u."IsDeleted", u."IsEmailVerified", u."LastLoginAt", u."LastName", u."OrganizationId", u."PasswordHash", u."PasswordResetExpiry", u."PasswordResetToken", u."ProfilePictureUrl", u."RefreshToken", u."RefreshTokenExpiry", u."Role", u."UpdatedAt"
    FROM "Users" AS u
    WHERE NOT (u."IsDeleted")
) AS u0 ON t0."CreatedByUserId" = u0."Id"
LEFT JOIN (
    SELECT u1."Id", u1."CreatedAt", u1."DeletedAt", u1."Email", u1."EmailVerificationExpiry", u1."EmailVerificationToken", u1."FirstName", u1."IsActive", u1."IsDeleted", u1."IsEmailVerified", u1."LastLoginAt", u1."LastName", u1."OrganizationId", u1."PasswordHash", u1."PasswordResetExpiry", u1."PasswordResetToken", u1."ProfilePictureUrl", u1."RefreshToken", u1."RefreshTokenExpiry", u1."Role", u1."UpdatedAt"
    FROM "Users" AS u1
    WHERE NOT (u1."IsDeleted")
) AS u2 ON t0."AssignedToUserId" = u2."Id"
INNER JOIN (
    SELECT p."Id", p."CreatedAt", p."CreatedByUserId", p."DeletedAt", p."Description", p."DueDate", p."IsDeleted", p."Name", p."OrganizationId", p."ProjectLeadUserId", p."StartDate", p."Status", p."UpdatedAt"
    FROM "Projects" AS p
    WHERE NOT (p."IsDeleted")
) AS p0 ON t0."ProjectId" = p0."Id"
LEFT JOIN (
    SELECT t1."TaskId", t1."UserId", t1."AssignedAt", t1."AssignedByUserId", u4."Id", u4."CreatedAt", u4."DeletedAt", u4."Email", u4."EmailVerificationExpiry", u4."EmailVerificationToken", u4."FirstName", u4."IsActive", u4."IsDeleted", u4."IsEmailVerified", u4."LastLoginAt", u4."LastName", u4."OrganizationId", u4."PasswordHash", u4."PasswordResetExpiry", u4."PasswordResetToken", u4."ProfilePictureUrl", u4."RefreshToken", u4."RefreshTokenExpiry", u4."Role", u4."UpdatedAt"
    FROM "TaskAssignees" AS t1
    INNER JOIN (
        SELECT u3."Id", u3."CreatedAt", u3."DeletedAt", u3."Email", u3."EmailVerificationExpiry", u3."EmailVerificationToken", u3."FirstName", u3."IsActive", u3."IsDeleted", u3."IsEmailVerified", u3."LastLoginAt", u3."LastName", u3."OrganizationId", u3."PasswordHash", u3."PasswordResetExpiry", u3."PasswordResetToken", u3."ProfilePictureUrl", u3."RefreshToken", u3."RefreshTokenExpiry", u3."Role", u3."UpdatedAt"
        FROM "Users" AS u3
        WHERE NOT (u3."IsDeleted")
    ) AS u4 ON t1."UserId" = u4."Id"
) AS s ON t0."Id" = s."TaskId"
LEFT JOIN (
    SELECT t2."Id", t2."ActualMinutes", t2."AssignedToUserId", t2."CompletedAt", t2."CreatedAt", t2."CreatedByUserId", t2."DeletedAt", t2."Description", t2."DueDate", t2."EstimatedMinutes", t2."IsDeleted", t2."OrderIndex", t2."OrganizationId", t2."ParentTaskId", t2."Priority", t2."ProjectId", t2."StartDate", t2."Status", t2."Title", t2."UpdatedAt"
    FROM "Tasks" AS t2
    WHERE NOT (t2."IsDeleted")
) AS t3 ON t0."Id" = t3."ParentTaskId"
ORDER BY t0."OrderIndex", t0."Id", u0."Id", u2."Id", p0."Id", s."TaskId", s."UserId", s."Id"
2026-07-28 14:25:39.621 +06:00 [INF] [0HNNCG5N22FUF:00000001] [0HNNCG5N22FUF:00000001] GET /api/projects/00000000-0000-0000-0003-000000000002/tasks → 200 (10.3ms)
2026-07-28 14:25:40.239 +06:00 [DBG] [0HNNCG5N22FUG:00000001] Permission granted: Owner → projects.view
2026-07-28 14:25:40.241 +06:00 [INF] [0HNNCG5N22FUG:00000001] Executed DbCommand (1ms) [Parameters=[@___currentUser_UserId_0='00000000-0000-0000-0002-000000000001'], CommandType='"Text"', CommandTimeout='30']
SELECT u."Id", u."CreatedAt", u."DeletedAt", u."Email", u."EmailVerificationExpiry", u."EmailVerificationToken", u."FirstName", u."IsActive", u."IsDeleted", u."IsEmailVerified", u."LastLoginAt", u."LastName", u."OrganizationId", u."PasswordHash", u."PasswordResetExpiry", u."PasswordResetToken", u."ProfilePictureUrl", u."RefreshToken", u."RefreshTokenExpiry", u."Role", u."UpdatedAt", o0."Id", o0."CreatedAt", o0."DeletedAt", o0."Description", o0."IsActive", o0."IsDeleted", o0."LogoUrl", o0."Name", o0."Plan", o0."Slug", o0."UpdatedAt"
FROM "Users" AS u
INNER JOIN (
    SELECT o."Id", o."CreatedAt", o."DeletedAt", o."Description", o."IsActive", o."IsDeleted", o."LogoUrl", o."Name", o."Plan", o."Slug", o."UpdatedAt"
    FROM "Organizations" AS o
    WHERE NOT (o."IsDeleted")
) AS o0 ON u."OrganizationId" = o0."Id"
WHERE NOT (u."IsDeleted") AND u."Id" = @___currentUser_UserId_0
LIMIT 1
2026-07-28 14:25:40.244 +06:00 [INF] [0HNNCG5N22FUG:00000001] Executed DbCommand (2ms) [Parameters=[@__projectId_0='00000000-0000-0000-0003-000000000002'], CommandType='"Text"', CommandTimeout='30']
SELECT s."Id", s."CreatedAt", s."CreatedByUserId", s."DeletedAt", s."Description", s."DueDate", s."IsDeleted", s."Name", s."OrganizationId", s."ProjectLeadUserId", s."StartDate", s."Status", s."UpdatedAt", s."Id0", s."CreatedAt0", s."DeletedAt0", s."Email", s."EmailVerificationExpiry", s."EmailVerificationToken", s."FirstName", s."IsActive", s."IsDeleted0", s."IsEmailVerified", s."LastLoginAt", s."LastName", s."OrganizationId0", s."PasswordHash", s."PasswordResetExpiry", s."PasswordResetToken", s."ProfilePictureUrl", s."RefreshToken", s."RefreshTokenExpiry", s."Role", s."UpdatedAt0", s."Id1", s."CreatedAt1", s."DeletedAt1", s."Email0", s."EmailVerificationExpiry0", s."EmailVerificationToken0", s."FirstName0", s."IsActive0", s."IsDeleted1", s."IsEmailVerified0", s."LastLoginAt0", s."LastName0", s."OrganizationId1", s."PasswordHash0", s."PasswordResetExpiry0", s."PasswordResetToken0", s."ProfilePictureUrl0", s."RefreshToken0", s."RefreshTokenExpiry0", s."Role0", s."UpdatedAt1", t0."Id", t0."ActualMinutes", t0."AssignedToUserId", t0."CompletedAt", t0."CreatedAt", t0."CreatedByUserId", t0."DeletedAt", t0."Description", t0."DueDate", t0."EstimatedMinutes", t0."IsDeleted", t0."OrderIndex", t0."OrganizationId", t0."ParentTaskId", t0."Priority", t0."ProjectId", t0."StartDate", t0."Status", t0."Title", t0."UpdatedAt"
FROM (
    SELECT p."Id", p."CreatedAt", p."CreatedByUserId", p."DeletedAt", p."Description", p."DueDate", p."IsDeleted", p."Name", p."OrganizationId", p."ProjectLeadUserId", p."StartDate", p."Status", p."UpdatedAt", u0."Id" AS "Id0", u0."CreatedAt" AS "CreatedAt0", u0."DeletedAt" AS "DeletedAt0", u0."Email", u0."EmailVerificationExpiry", u0."EmailVerificationToken", u0."FirstName", u0."IsActive", u0."IsDeleted" AS "IsDeleted0", u0."IsEmailVerified", u0."LastLoginAt", u0."LastName", u0."OrganizationId" AS "OrganizationId0", u0."PasswordHash", u0."PasswordResetExpiry", u0."PasswordResetToken", u0."ProfilePictureUrl", u0."RefreshToken", u0."RefreshTokenExpiry", u0."Role", u0."UpdatedAt" AS "UpdatedAt0", u2."Id" AS "Id1", u2."CreatedAt" AS "CreatedAt1", u2."DeletedAt" AS "DeletedAt1", u2."Email" AS "Email0", u2."EmailVerificationExpiry" AS "EmailVerificationExpiry0", u2."EmailVerificationToken" AS "EmailVerificationToken0", u2."FirstName" AS "FirstName0", u2."IsActive" AS "IsActive0", u2."IsDeleted" AS "IsDeleted1", u2."IsEmailVerified" AS "IsEmailVerified0", u2."LastLoginAt" AS "LastLoginAt0", u2."LastName" AS "LastName0", u2."OrganizationId" AS "OrganizationId1", u2."PasswordHash" AS "PasswordHash0", u2."PasswordResetExpiry" AS "PasswordResetExpiry0", u2."PasswordResetToken" AS "PasswordResetToken0", u2."ProfilePictureUrl" AS "ProfilePictureUrl0", u2."RefreshToken" AS "RefreshToken0", u2."RefreshTokenExpiry" AS "RefreshTokenExpiry0", u2."Role" AS "Role0", u2."UpdatedAt" AS "UpdatedAt1"
    FROM "Projects" AS p
    INNER JOIN (
        SELECT u."Id", u."CreatedAt", u."DeletedAt", u."Email", u."EmailVerificationExpiry", u."EmailVerificationToken", u."FirstName", u."IsActive", u."IsDeleted", u."IsEmailVerified", u."LastLoginAt", u."LastName", u."OrganizationId", u."PasswordHash", u."PasswordResetExpiry", u."PasswordResetToken", u."ProfilePictureUrl", u."RefreshToken", u."RefreshTokenExpiry", u."Role", u."UpdatedAt"
        FROM "Users" AS u
        WHERE NOT (u."IsDeleted")
    ) AS u0 ON p."CreatedByUserId" = u0."Id"
    LEFT JOIN (
        SELECT u1."Id", u1."CreatedAt", u1."DeletedAt", u1."Email", u1."EmailVerificationExpiry", u1."EmailVerificationToken", u1."FirstName", u1."IsActive", u1."IsDeleted", u1."IsEmailVerified", u1."LastLoginAt", u1."LastName", u1."OrganizationId", u1."PasswordHash", u1."PasswordResetExpiry", u1."PasswordResetToken", u1."ProfilePictureUrl", u1."RefreshToken", u1."RefreshTokenExpiry", u1."Role", u1."UpdatedAt"
        FROM "Users" AS u1
        WHERE NOT (u1."IsDeleted")
    ) AS u2 ON p."ProjectLeadUserId" = u2."Id"
    WHERE NOT (p."IsDeleted") AND p."Id" = @__projectId_0
    LIMIT 1
) AS s
LEFT JOIN (
    SELECT t."Id", t."ActualMinutes", t."AssignedToUserId", t."CompletedAt", t."CreatedAt", t."CreatedByUserId", t."DeletedAt", t."Description", t."DueDate", t."EstimatedMinutes", t."IsDeleted", t."OrderIndex", t."OrganizationId", t."ParentTaskId", t."Priority", t."ProjectId", t."StartDate", t."Status", t."Title", t."UpdatedAt"
    FROM "Tasks" AS t
    WHERE NOT (t."IsDeleted")
) AS t0 ON s."Id" = t0."ProjectId"
ORDER BY s."Id", s."Id0", s."Id1"
2026-07-28 14:25:40.248 +06:00 [INF] [0HNNCG5N22FUG:00000001] [0HNNCG5N22FUG:00000001] GET /api/projects/00000000-0000-0000-0003-000000000002 → 200 (8.8ms)
2026-07-28 14:25:41.792 +06:00 [DBG] [0HNNCG5N22FUH:00000001] Permission granted: Owner → members.view
2026-07-28 14:25:41.794 +06:00 [INF] [0HNNCG5N22FUH:00000001] Executed DbCommand (1ms) [Parameters=[@___currentUser_UserId_0='00000000-0000-0000-0002-000000000001'], CommandType='"Text"', CommandTimeout='30']
SELECT u."Id", u."CreatedAt", u."DeletedAt", u."Email", u."EmailVerificationExpiry", u."EmailVerificationToken", u."FirstName", u."IsActive", u."IsDeleted", u."IsEmailVerified", u."LastLoginAt", u."LastName", u."OrganizationId", u."PasswordHash", u."PasswordResetExpiry", u."PasswordResetToken", u."ProfilePictureUrl", u."RefreshToken", u."RefreshTokenExpiry", u."Role", u."UpdatedAt", o0."Id", o0."CreatedAt", o0."DeletedAt", o0."Description", o0."IsActive", o0."IsDeleted", o0."LogoUrl", o0."Name", o0."Plan", o0."Slug", o0."UpdatedAt"
FROM "Users" AS u
INNER JOIN (
    SELECT o."Id", o."CreatedAt", o."DeletedAt", o."Description", o."IsActive", o."IsDeleted", o."LogoUrl", o."Name", o."Plan", o."Slug", o."UpdatedAt"
    FROM "Organizations" AS o
    WHERE NOT (o."IsDeleted")
) AS o0 ON u."OrganizationId" = o0."Id"
WHERE NOT (u."IsDeleted") AND u."Id" = @___currentUser_UserId_0
LIMIT 1
2026-07-28 14:25:41.798 +06:00 [INF] [0HNNCG5N22FUH:00000001] Executed DbCommand (1ms) [Parameters=[@___currentUser_OrganizationId_0='00000000-0000-0000-0001-000000000001'], CommandType='"Text"', CommandTimeout='30']
SELECT count(*)::int
FROM "Users" AS u
WHERE NOT (u."IsDeleted") AND u."OrganizationId" = @___currentUser_OrganizationId_0
2026-07-28 14:25:41.800 +06:00 [INF] [0HNNCG5N22FUH:00000001] Executed DbCommand (1ms) [Parameters=[@___currentUser_OrganizationId_0='00000000-0000-0000-0001-000000000001', @__p_2='100', @__p_1='0'], CommandType='"Text"', CommandTimeout='30']
SELECT u."Id", u."CreatedAt", u."DeletedAt", u."Email", u."EmailVerificationExpiry", u."EmailVerificationToken", u."FirstName", u."IsActive", u."IsDeleted", u."IsEmailVerified", u."LastLoginAt", u."LastName", u."OrganizationId", u."PasswordHash", u."PasswordResetExpiry", u."PasswordResetToken", u."ProfilePictureUrl", u."RefreshToken", u."RefreshTokenExpiry", u."Role", u."UpdatedAt"
FROM "Users" AS u
WHERE NOT (u."IsDeleted") AND u."OrganizationId" = @___currentUser_OrganizationId_0
ORDER BY u."FirstName", u."LastName"
LIMIT @__p_2 OFFSET @__p_1
2026-07-28 14:25:41.800 +06:00 [INF] [0HNNCG5N22FUH:00000001] Members listed for org "00000000-0000-0000-0001-000000000001" — page 1, 4 results
2026-07-28 14:25:41.801 +06:00 [INF] [0HNNCG5N22FUH:00000001] [0HNNCG5N22FUH:00000001] GET /api/organizations/me/members → 200 (9.1ms)
2026-07-28 14:25:55.324 +06:00 [DBG] [0HNNCG5N22FUI:00000001] Permission granted: Owner → tasks.create
2026-07-28 14:25:55.329 +06:00 [INF] [0HNNCG5N22FUI:00000001] Executed DbCommand (3ms) [Parameters=[@___currentUser_UserId_0='00000000-0000-0000-0002-000000000001'], CommandType='"Text"', CommandTimeout='30']
SELECT u."Id", u."CreatedAt", u."DeletedAt", u."Email", u."EmailVerificationExpiry", u."EmailVerificationToken", u."FirstName", u."IsActive", u."IsDeleted", u."IsEmailVerified", u."LastLoginAt", u."LastName", u."OrganizationId", u."PasswordHash", u."PasswordResetExpiry", u."PasswordResetToken", u."ProfilePictureUrl", u."RefreshToken", u."RefreshTokenExpiry", u."Role", u."UpdatedAt", o0."Id", o0."CreatedAt", o0."DeletedAt", o0."Description", o0."IsActive", o0."IsDeleted", o0."LogoUrl", o0."Name", o0."Plan", o0."Slug", o0."UpdatedAt"
FROM "Users" AS u
INNER JOIN (
    SELECT o."Id", o."CreatedAt", o."DeletedAt", o."Description", o."IsActive", o."IsDeleted", o."LogoUrl", o."Name", o."Plan", o."Slug", o."UpdatedAt"
    FROM "Organizations" AS o
    WHERE NOT (o."IsDeleted")
) AS o0 ON u."OrganizationId" = o0."Id"
WHERE NOT (u."IsDeleted") AND u."Id" = @___currentUser_UserId_0
LIMIT 1
2026-07-28 14:25:55.422 +06:00 [INF] [0HNNCG5N22FUI:00000001] Executed DbCommand (30ms) [Parameters=[@__projectId_0='00000000-0000-0000-0003-000000000002'], CommandType='"Text"', CommandTimeout='30']
SELECT p."Id", p."CreatedAt", p."CreatedByUserId", p."DeletedAt", p."Description", p."DueDate", p."IsDeleted", p."Name", p."OrganizationId", p."ProjectLeadUserId", p."StartDate", p."Status", p."UpdatedAt"
FROM "Projects" AS p
WHERE NOT (p."IsDeleted") AND p."Id" = @__projectId_0
LIMIT 1
2026-07-28 14:25:55.434 +06:00 [INF] [0HNNCG5N22FUI:00000001] Executed DbCommand (1ms) [Parameters=[@__dto_AssignedToUserId_Value_0='00000000-0000-0000-0002-000000000003', @___currentUser_OrganizationId_1='00000000-0000-0000-0001-000000000001'], CommandType='"Text"', CommandTimeout='30']
SELECT EXISTS (
    SELECT 1
    FROM "Users" AS u
    WHERE NOT (u."IsDeleted") AND u."Id" = @__dto_AssignedToUserId_Value_0 AND u."OrganizationId" = @___currentUser_OrganizationId_1 AND u."IsActive")
2026-07-28 14:25:55.449 +06:00 [INF] [0HNNCG5N22FUI:00000001] Executed DbCommand (3ms) [Parameters=[@p0='c130cdec-25c8-44ab-981c-3ff2b8d76f6b', @p1=NULL (DbType = Int32), @p2='00000000-0000-0000-0002-000000000003' (Nullable = true), @p3=NULL (DbType = DateTime), @p4='2026-07-28T08:25:55.4382701Z' (DbType = DateTime), @p5='00000000-0000-0000-0002-000000000001', @p6=NULL (DbType = DateTime), @p7=NULL, @p8='2026-07-30T00:00:00.0000000Z' (Nullable = true) (DbType = DateTime), @p9='240' (Nullable = true), @p10='False', @p11='00000000-0000-0000-0001-000000000001', @p12=NULL (DbType = Guid), @p13='Medium' (Nullable = false), @p14='00000000-0000-0000-0003-000000000002', @p15=NULL (DbType = DateTime), @p16='Todo' (Nullable = false), @p17='activity' (Nullable = false), @p18='2026-07-28T08:25:55.4383526Z' (DbType = DateTime)], CommandType='"Text"', CommandTimeout='30']
INSERT INTO "Tasks" ("Id", "ActualMinutes", "AssignedToUserId", "CompletedAt", "CreatedAt", "CreatedByUserId", "DeletedAt", "Description", "DueDate", "EstimatedMinutes", "IsDeleted", "OrganizationId", "ParentTaskId", "Priority", "ProjectId", "StartDate", "Status", "Title", "UpdatedAt")
VALUES (@p0, @p1, @p2, @p3, @p4, @p5, @p6, @p7, @p8, @p9, @p10, @p11, @p12, @p13, @p14, @p15, @p16, @p17, @p18)
RETURNING "OrderIndex";
2026-07-28 14:25:55.474 +06:00 [INF] [0HNNCG5N22FUI:00000001] Executed DbCommand (1ms) [Parameters=[@p0='93bb5a6c-8c00-4647-b24d-33c784a68c89', @p1='TaskCreated' (Nullable = false), @p2='2026-07-28T08:25:55.4704791Z' (DbType = DateTime), @p3='c130cdec-25c8-44ab-981c-3ff2b8d76f6b', @p4='activity', @p5='Task' (Nullable = false), @p6=NULL, @p7='00000000-0000-0000-0001-000000000001', @p8='00000000-0000-0000-0003-000000000002' (Nullable = true), @p9='00000000-0000-0000-0002-000000000001', @p10='Demo Owner' (Nullable = false)], CommandType='"Text"', CommandTimeout='30']
INSERT INTO "ActivityLogs" ("Id", "Action", "CreatedAt", "EntityId", "EntityName", "EntityType", "Metadata", "OrganizationId", "ProjectId", "UserId", "UserName")
VALUES (@p0, @p1, @p2, @p3, @p4, @p5, @p6, @p7, @p8, @p9, @p10);
2026-07-28 14:25:55.511 +06:00 [WRN] [0HNNCG5N22FUI:00000001] Compiling a query which loads related collections for more than one collection navigation, either via 'Include' or through projection, but no 'QuerySplittingBehavior' has been configured. By default, Entity Framework will use 'QuerySplittingBehavior.SingleQuery', which can potentially result in slow query performance. See https://go.microsoft.com/fwlink/?linkid=2134277 for more information. To identify the query that's triggering this warning call 'ConfigureWarnings(w => w.Throw(RelationalEventId.MultipleCollectionIncludeWarning))'.
2026-07-28 14:25:55.665 +06:00 [INF] [0HNNCG5N22FUI:00000001] Executed DbCommand (3ms) [Parameters=[@__task_Id_0='c130cdec-25c8-44ab-981c-3ff2b8d76f6b'], CommandType='"Text"', CommandTimeout='30']
SELECT s."Id", s."ActualMinutes", s."AssignedToUserId", s."CompletedAt", s."CreatedAt", s."CreatedByUserId", s."DeletedAt", s."Description", s."DueDate", s."EstimatedMinutes", s."IsDeleted", s."OrderIndex", s."OrganizationId", s."ParentTaskId", s."Priority", s."ProjectId", s."StartDate", s."Status", s."Title", s."UpdatedAt", s."Id0", s."CreatedAt0", s."DeletedAt0", s."Email", s."EmailVerificationExpiry", s."EmailVerificationToken", s."FirstName", s."IsActive", s."IsDeleted0", s."IsEmailVerified", s."LastLoginAt", s."LastName", s."OrganizationId0", s."PasswordHash", s."PasswordResetExpiry", s."PasswordResetToken", s."ProfilePictureUrl", s."RefreshToken", s."RefreshTokenExpiry", s."Role", s."UpdatedAt0", s."Id1", s."CreatedAt1", s."DeletedAt1", s."Email0", s."EmailVerificationExpiry0", s."EmailVerificationToken0", s."FirstName0", s."IsActive0", s."IsDeleted1", s."IsEmailVerified0", s."LastLoginAt0", s."LastName0", s."OrganizationId1", s."PasswordHash0", s."PasswordResetExpiry0", s."PasswordResetToken0", s."ProfilePictureUrl0", s."RefreshToken0", s."RefreshTokenExpiry0", s."Role0", s."UpdatedAt1", s."Id2", s."CreatedAt2", s."CreatedByUserId0", s."DeletedAt2", s."Description0", s."DueDate0", s."IsDeleted2", s."Name", s."OrganizationId2", s."ProjectLeadUserId", s."StartDate0", s."Status0", s."UpdatedAt2", s0."TaskId", s0."UserId", s0."AssignedAt", s0."AssignedByUserId", s0."Id", s0."CreatedAt", s0."DeletedAt", s0."Email", s0."EmailVerificationExpiry", s0."EmailVerificationToken", s0."FirstName", s0."IsActive", s0."IsDeleted", s0."IsEmailVerified", s0."LastLoginAt", s0."LastName", s0."OrganizationId", s0."PasswordHash", s0."PasswordResetExpiry", s0."PasswordResetToken", s0."ProfilePictureUrl", s0."RefreshToken", s0."RefreshTokenExpiry", s0."Role", s0."UpdatedAt", t2."Id", t2."ActualMinutes", t2."AssignedToUserId", t2."CompletedAt", t2."CreatedAt", t2."CreatedByUserId", t2."DeletedAt", t2."Description", t2."DueDate", t2."EstimatedMinutes", t2."IsDeleted", t2."OrderIndex", t2."OrganizationId", t2."ParentTaskId", t2."Priority", t2."ProjectId", t2."StartDate", t2."Status", t2."Title", t2."UpdatedAt"
FROM (
    SELECT t."Id", t."ActualMinutes", t."AssignedToUserId", t."CompletedAt", t."CreatedAt", t."CreatedByUserId", t."DeletedAt", t."Description", t."DueDate", t."EstimatedMinutes", t."IsDeleted", t."OrderIndex", t."OrganizationId", t."ParentTaskId", t."Priority", t."ProjectId", t."StartDate", t."Status", t."Title", t."UpdatedAt", u0."Id" AS "Id0", u0."CreatedAt" AS "CreatedAt0", u0."DeletedAt" AS "DeletedAt0", u0."Email", u0."EmailVerificationExpiry", u0."EmailVerificationToken", u0."FirstName", u0."IsActive", u0."IsDeleted" AS "IsDeleted0", u0."IsEmailVerified", u0."LastLoginAt", u0."LastName", u0."OrganizationId" AS "OrganizationId0", u0."PasswordHash", u0."PasswordResetExpiry", u0."PasswordResetToken", u0."ProfilePictureUrl", u0."RefreshToken", u0."RefreshTokenExpiry", u0."Role", u0."UpdatedAt" AS "UpdatedAt0", u2."Id" AS "Id1", u2."CreatedAt" AS "CreatedAt1", u2."DeletedAt" AS "DeletedAt1", u2."Email" AS "Email0", u2."EmailVerificationExpiry" AS "EmailVerificationExpiry0", u2."EmailVerificationToken" AS "EmailVerificationToken0", u2."FirstName" AS "FirstName0", u2."IsActive" AS "IsActive0", u2."IsDeleted" AS "IsDeleted1", u2."IsEmailVerified" AS "IsEmailVerified0", u2."LastLoginAt" AS "LastLoginAt0", u2."LastName" AS "LastName0", u2."OrganizationId" AS "OrganizationId1", u2."PasswordHash" AS "PasswordHash0", u2."PasswordResetExpiry" AS "PasswordResetExpiry0", u2."PasswordResetToken" AS "PasswordResetToken0", u2."ProfilePictureUrl" AS "ProfilePictureUrl0", u2."RefreshToken" AS "RefreshToken0", u2."RefreshTokenExpiry" AS "RefreshTokenExpiry0", u2."Role" AS "Role0", u2."UpdatedAt" AS "UpdatedAt1", p0."Id" AS "Id2", p0."CreatedAt" AS "CreatedAt2", p0."CreatedByUserId" AS "CreatedByUserId0", p0."DeletedAt" AS "DeletedAt2", p0."Description" AS "Description0", p0."DueDate" AS "DueDate0", p0."IsDeleted" AS "IsDeleted2", p0."Name", p0."OrganizationId" AS "OrganizationId2", p0."ProjectLeadUserId", p0."StartDate" AS "StartDate0", p0."Status" AS "Status0", p0."UpdatedAt" AS "UpdatedAt2"
    FROM "Tasks" AS t
    INNER JOIN (
        SELECT u."Id", u."CreatedAt", u."DeletedAt", u."Email", u."EmailVerificationExpiry", u."EmailVerificationToken", u."FirstName", u."IsActive", u."IsDeleted", u."IsEmailVerified", u."LastLoginAt", u."LastName", u."OrganizationId", u."PasswordHash", u."PasswordResetExpiry", u."PasswordResetToken", u."ProfilePictureUrl", u."RefreshToken", u."RefreshTokenExpiry", u."Role", u."UpdatedAt"
        FROM "Users" AS u
        WHERE NOT (u."IsDeleted")
    ) AS u0 ON t."CreatedByUserId" = u0."Id"
    LEFT JOIN (
        SELECT u1."Id", u1."CreatedAt", u1."DeletedAt", u1."Email", u1."EmailVerificationExpiry", u1."EmailVerificationToken", u1."FirstName", u1."IsActive", u1."IsDeleted", u1."IsEmailVerified", u1."LastLoginAt", u1."LastName", u1."OrganizationId", u1."PasswordHash", u1."PasswordResetExpiry", u1."PasswordResetToken", u1."ProfilePictureUrl", u1."RefreshToken", u1."RefreshTokenExpiry", u1."Role", u1."UpdatedAt"
        FROM "Users" AS u1
        WHERE NOT (u1."IsDeleted")
    ) AS u2 ON t."AssignedToUserId" = u2."Id"
    INNER JOIN (
        SELECT p."Id", p."CreatedAt", p."CreatedByUserId", p."DeletedAt", p."Description", p."DueDate", p."IsDeleted", p."Name", p."OrganizationId", p."ProjectLeadUserId", p."StartDate", p."Status", p."UpdatedAt"
        FROM "Projects" AS p
        WHERE NOT (p."IsDeleted")
    ) AS p0 ON t."ProjectId" = p0."Id"
    WHERE NOT (t."IsDeleted") AND t."Id" = @__task_Id_0
    LIMIT 1
) AS s
LEFT JOIN (
    SELECT t0."TaskId", t0."UserId", t0."AssignedAt", t0."AssignedByUserId", u4."Id", u4."CreatedAt", u4."DeletedAt", u4."Email", u4."EmailVerificationExpiry", u4."EmailVerificationToken", u4."FirstName", u4."IsActive", u4."IsDeleted", u4."IsEmailVerified", u4."LastLoginAt", u4."LastName", u4."OrganizationId", u4."PasswordHash", u4."PasswordResetExpiry", u4."PasswordResetToken", u4."ProfilePictureUrl", u4."RefreshToken", u4."RefreshTokenExpiry", u4."Role", u4."UpdatedAt"
    FROM "TaskAssignees" AS t0
    INNER JOIN (
        SELECT u3."Id", u3."CreatedAt", u3."DeletedAt", u3."Email", u3."EmailVerificationExpiry", u3."EmailVerificationToken", u3."FirstName", u3."IsActive", u3."IsDeleted", u3."IsEmailVerified", u3."LastLoginAt", u3."LastName", u3."OrganizationId", u3."PasswordHash", u3."PasswordResetExpiry", u3."PasswordResetToken", u3."ProfilePictureUrl", u3."RefreshToken", u3."RefreshTokenExpiry", u3."Role", u3."UpdatedAt"
        FROM "Users" AS u3
        WHERE NOT (u3."IsDeleted")
    ) AS u4 ON t0."UserId" = u4."Id"
) AS s0 ON s."Id" = s0."TaskId"
LEFT JOIN (
    SELECT t1."Id", t1."ActualMinutes", t1."AssignedToUserId", t1."CompletedAt", t1."CreatedAt", t1."CreatedByUserId", t1."DeletedAt", t1."Description", t1."DueDate", t1."EstimatedMinutes", t1."IsDeleted", t1."OrderIndex", t1."OrganizationId", t1."ParentTaskId", t1."Priority", t1."ProjectId", t1."StartDate", t1."Status", t1."Title", t1."UpdatedAt"
    FROM "Tasks" AS t1
    WHERE NOT (t1."IsDeleted")
) AS t2 ON s."Id" = t2."ParentTaskId"
ORDER BY s."Id", s."Id0", s."Id1", s."Id2", s0."TaskId", s0."UserId", s0."Id"
2026-07-28 14:25:55.682 +06:00 [INF] [0HNNCG5N22FUI:00000001] Task "c130cdec-25c8-44ab-981c-3ff2b8d76f6b" 'activity' created in project "00000000-0000-0000-0003-000000000002" by "00000000-0000-0000-0002-000000000001"
2026-07-28 14:25:55.684 +06:00 [INF] [0HNNCG5N22FUI:00000001] [0HNNCG5N22FUI:00000001] POST /api/projects/00000000-0000-0000-0003-000000000002/tasks → 201 (360.1ms)
2026-07-28 14:25:57.708 +06:00 [DBG] [0HNNCG5N22FUJ:00000001] Permission granted: Owner → projects.view
2026-07-28 14:25:57.710 +06:00 [INF] [0HNNCG5N22FUJ:00000001] Executed DbCommand (1ms) [Parameters=[@___currentUser_UserId_0='00000000-0000-0000-0002-000000000001'], CommandType='"Text"', CommandTimeout='30']
SELECT u."Id", u."CreatedAt", u."DeletedAt", u."Email", u."EmailVerificationExpiry", u."EmailVerificationToken", u."FirstName", u."IsActive", u."IsDeleted", u."IsEmailVerified", u."LastLoginAt", u."LastName", u."OrganizationId", u."PasswordHash", u."PasswordResetExpiry", u."PasswordResetToken", u."ProfilePictureUrl", u."RefreshToken", u."RefreshTokenExpiry", u."Role", u."UpdatedAt", o0."Id", o0."CreatedAt", o0."DeletedAt", o0."Description", o0."IsActive", o0."IsDeleted", o0."LogoUrl", o0."Name", o0."Plan", o0."Slug", o0."UpdatedAt"
FROM "Users" AS u
INNER JOIN (
    SELECT o."Id", o."CreatedAt", o."DeletedAt", o."Description", o."IsActive", o."IsDeleted", o."LogoUrl", o."Name", o."Plan", o."Slug", o."UpdatedAt"
    FROM "Organizations" AS o
    WHERE NOT (o."IsDeleted")
) AS o0 ON u."OrganizationId" = o0."Id"
WHERE NOT (u."IsDeleted") AND u."Id" = @___currentUser_UserId_0
LIMIT 1
2026-07-28 14:25:57.712 +06:00 [INF] [0HNNCG5N22FUJ:00000001] Executed DbCommand (1ms) [Parameters=[@___currentUser_OrganizationId_0='00000000-0000-0000-0001-000000000001', @__p_2='50', @__p_1='0'], CommandType='"Text"', CommandTimeout='30']
SELECT a."Id", a."Action", a."CreatedAt", a."EntityId", a."EntityName", a."EntityType", a."Metadata", a."OrganizationId", a."ProjectId", a."UserId", a."UserName"
FROM "ActivityLogs" AS a
WHERE a."OrganizationId" = @___currentUser_OrganizationId_0
ORDER BY a."CreatedAt" DESC
LIMIT @__p_2 OFFSET @__p_1
2026-07-28 14:25:57.712 +06:00 [INF] [0HNNCG5N22FUJ:00000001] [0HNNCG5N22FUJ:00000001] GET /api/activity → 200 (4.8ms)
2026-07-28 14:26:06.563 +06:00 [DBG] [0HNNCG5N22FUK:00000001] Permission granted: Owner → projects.view
2026-07-28 14:26:06.565 +06:00 [INF] [0HNNCG5N22FUK:00000001] Executed DbCommand (1ms) [Parameters=[@___currentUser_UserId_0='00000000-0000-0000-0002-000000000001'], CommandType='"Text"', CommandTimeout='30']
SELECT u."Id", u."CreatedAt", u."DeletedAt", u."Email", u."EmailVerificationExpiry", u."EmailVerificationToken", u."FirstName", u."IsActive", u."IsDeleted", u."IsEmailVerified", u."LastLoginAt", u."LastName", u."OrganizationId", u."PasswordHash", u."PasswordResetExpiry", u."PasswordResetToken", u."ProfilePictureUrl", u."RefreshToken", u."RefreshTokenExpiry", u."Role", u."UpdatedAt", o0."Id", o0."CreatedAt", o0."DeletedAt", o0."Description", o0."IsActive", o0."IsDeleted", o0."LogoUrl", o0."Name", o0."Plan", o0."Slug", o0."UpdatedAt"
FROM "Users" AS u
INNER JOIN (
    SELECT o."Id", o."CreatedAt", o."DeletedAt", o."Description", o."IsActive", o."IsDeleted", o."LogoUrl", o."Name", o."Plan", o."Slug", o."UpdatedAt"
    FROM "Organizations" AS o
    WHERE NOT (o."IsDeleted")
) AS o0 ON u."OrganizationId" = o0."Id"
WHERE NOT (u."IsDeleted") AND u."Id" = @___currentUser_UserId_0
LIMIT 1
2026-07-28 14:26:06.567 +06:00 [INF] [0HNNCG5N22FUK:00000001] Executed DbCommand (1ms) [Parameters=[@___currentUser_OrganizationId_0='00000000-0000-0000-0001-000000000001', @__p_2='50', @__p_1='0'], CommandType='"Text"', CommandTimeout='30']
SELECT a."Id", a."Action", a."CreatedAt", a."EntityId", a."EntityName", a."EntityType", a."Metadata", a."OrganizationId", a."ProjectId", a."UserId", a."UserName"
FROM "ActivityLogs" AS a
WHERE a."OrganizationId" = @___currentUser_OrganizationId_0
ORDER BY a."CreatedAt" DESC
LIMIT @__p_2 OFFSET @__p_1
2026-07-28 14:26:06.568 +06:00 [INF] [0HNNCG5N22FUK:00000001] [0HNNCG5N22FUK:00000001] GET /api/activity → 200 (5.5ms)
2026-07-28 14:26:07.187 +06:00 [DBG] [0HNNCG5N22FUL:00000001] Permission granted: Owner → projects.view
2026-07-28 14:26:07.189 +06:00 [INF] [0HNNCG5N22FUL:00000001] Executed DbCommand (1ms) [Parameters=[@___currentUser_UserId_0='00000000-0000-0000-0002-000000000001'], CommandType='"Text"', CommandTimeout='30']
SELECT u."Id", u."CreatedAt", u."DeletedAt", u."Email", u."EmailVerificationExpiry", u."EmailVerificationToken", u."FirstName", u."IsActive", u."IsDeleted", u."IsEmailVerified", u."LastLoginAt", u."LastName", u."OrganizationId", u."PasswordHash", u."PasswordResetExpiry", u."PasswordResetToken", u."ProfilePictureUrl", u."RefreshToken", u."RefreshTokenExpiry", u."Role", u."UpdatedAt", o0."Id", o0."CreatedAt", o0."DeletedAt", o0."Description", o0."IsActive", o0."IsDeleted", o0."LogoUrl", o0."Name", o0."Plan", o0."Slug", o0."UpdatedAt"
FROM "Users" AS u
INNER JOIN (
    SELECT o."Id", o."CreatedAt", o."DeletedAt", o."Description", o."IsActive", o."IsDeleted", o."LogoUrl", o."Name", o."Plan", o."Slug", o."UpdatedAt"
    FROM "Organizations" AS o
    WHERE NOT (o."IsDeleted")
) AS o0 ON u."OrganizationId" = o0."Id"
WHERE NOT (u."IsDeleted") AND u."Id" = @___currentUser_UserId_0
LIMIT 1
2026-07-28 14:26:07.190 +06:00 [INF] [0HNNCG5N22FUL:00000001] Executed DbCommand (1ms) [Parameters=[@___currentUser_OrganizationId_0='00000000-0000-0000-0001-000000000001', @__p_2='50', @__p_1='0'], CommandType='"Text"', CommandTimeout='30']
SELECT a."Id", a."Action", a."CreatedAt", a."EntityId", a."EntityName", a."EntityType", a."Metadata", a."OrganizationId", a."ProjectId", a."UserId", a."UserName"
FROM "ActivityLogs" AS a
WHERE a."OrganizationId" = @___currentUser_OrganizationId_0
ORDER BY a."CreatedAt" DESC
LIMIT @__p_2 OFFSET @__p_1
2026-07-28 14:26:07.191 +06:00 [INF] [0HNNCG5N22FUL:00000001] [0HNNCG5N22FUL:00000001] GET /api/activity → 200 (5.1ms)
2026-07-28 14:26:09.773 +06:00 [INF] [0HNNCG5N22FUM:00000001] Executed DbCommand (1ms) [Parameters=[@___currentUser_UserId_0='00000000-0000-0000-0002-000000000001'], CommandType='"Text"', CommandTimeout='30']
SELECT u."Id", u."CreatedAt", u."DeletedAt", u."Email", u."EmailVerificationExpiry", u."EmailVerificationToken", u."FirstName", u."IsActive", u."IsDeleted", u."IsEmailVerified", u."LastLoginAt", u."LastName", u."OrganizationId", u."PasswordHash", u."PasswordResetExpiry", u."PasswordResetToken", u."ProfilePictureUrl", u."RefreshToken", u."RefreshTokenExpiry", u."Role", u."UpdatedAt", o0."Id", o0."CreatedAt", o0."DeletedAt", o0."Description", o0."IsActive", o0."IsDeleted", o0."LogoUrl", o0."Name", o0."Plan", o0."Slug", o0."UpdatedAt"
FROM "Users" AS u
INNER JOIN (
    SELECT o."Id", o."CreatedAt", o."DeletedAt", o."Description", o."IsActive", o."IsDeleted", o."LogoUrl", o."Name", o."Plan", o."Slug", o."UpdatedAt"
    FROM "Organizations" AS o
    WHERE NOT (o."IsDeleted")
) AS o0 ON u."OrganizationId" = o0."Id"
WHERE NOT (u."IsDeleted") AND u."Id" = @___currentUser_UserId_0
LIMIT 1
2026-07-28 14:26:09.799 +06:00 [INF] [0HNNCG5N22FUM:00000001] Executed DbCommand (1ms) [Parameters=[@__refreshToken_0='kIswZUhoOSQXlAjzvUm7B5t2aZpzCpfekMZuRDRzcIcMcO6JGoBpdhhtahrxDhn9M6zd4VBNpIfc0OezqCbNTQ=='], CommandType='"Text"', CommandTimeout='30']
SELECT u."Id", u."CreatedAt", u."DeletedAt", u."Email", u."EmailVerificationExpiry", u."EmailVerificationToken", u."FirstName", u."IsActive", u."IsDeleted", u."IsEmailVerified", u."LastLoginAt", u."LastName", u."OrganizationId", u."PasswordHash", u."PasswordResetExpiry", u."PasswordResetToken", u."ProfilePictureUrl", u."RefreshToken", u."RefreshTokenExpiry", u."Role", u."UpdatedAt"
FROM "Users" AS u
WHERE NOT (u."IsDeleted") AND u."RefreshToken" = @__refreshToken_0
LIMIT 1
2026-07-28 14:26:09.802 +06:00 [INF] [0HNNCG5N22FUM:00000001] Executed DbCommand (1ms) [Parameters=[@p3='00000000-0000-0000-0002-000000000001', @p0=NULL, @p1=NULL (DbType = DateTime), @p2='2026-07-28T08:26:09.8003088Z' (DbType = DateTime)], CommandType='"Text"', CommandTimeout='30']
UPDATE "Users" SET "RefreshToken" = @p0, "RefreshTokenExpiry" = @p1, "UpdatedAt" = @p2
WHERE "Id" = @p3;
2026-07-28 14:26:09.803 +06:00 [INF] [0HNNCG5N22FUM:00000001] Refresh token revoked for user "00000000-0000-0000-0002-000000000001" — logout complete
2026-07-28 14:26:09.805 +06:00 [INF] [0HNNCG5N22FUM:00000001] [0HNNCG5N22FUM:00000001] POST /api/auth/revoke → 200 (34.3ms)
2026-07-28 14:26:13.006 +06:00 [INF] [0HNNCG5N22FUN:00000001] Executed DbCommand (1ms) [Parameters=[@__email_0='demo.member1@worksphere.io'], CommandType='"Text"', CommandTimeout='30']
SELECT u."Id", u."CreatedAt", u."DeletedAt", u."Email", u."EmailVerificationExpiry", u."EmailVerificationToken", u."FirstName", u."IsActive", u."IsDeleted", u."IsEmailVerified", u."LastLoginAt", u."LastName", u."OrganizationId", u."PasswordHash", u."PasswordResetExpiry", u."PasswordResetToken", u."ProfilePictureUrl", u."RefreshToken", u."RefreshTokenExpiry", u."Role", u."UpdatedAt", o0."Id", o0."CreatedAt", o0."DeletedAt", o0."Description", o0."IsActive", o0."IsDeleted", o0."LogoUrl", o0."Name", o0."Plan", o0."Slug", o0."UpdatedAt"
FROM "Users" AS u
INNER JOIN (
    SELECT o."Id", o."CreatedAt", o."DeletedAt", o."Description", o."IsActive", o."IsDeleted", o."LogoUrl", o."Name", o."Plan", o."Slug", o."UpdatedAt"
    FROM "Organizations" AS o
    WHERE NOT (o."IsDeleted")
) AS o0 ON u."OrganizationId" = o0."Id"
WHERE NOT (u."IsDeleted") AND u."Email" = @__email_0
LIMIT 1
2026-07-28 14:26:13.432 +06:00 [DBG] [0HNNCG5N22FUN:00000001] JWT access token generated for user "00000000-0000-0000-0002-000000000003" — expires "2026-07-28T08:41:13.4262708Z"
2026-07-28 14:26:13.435 +06:00 [DBG] [0HNNCG5N22FUN:00000001] Refresh token generated — expires "2026-08-04T08:26:13.4348954Z"
2026-07-28 14:26:13.484 +06:00 [INF] [0HNNCG5N22FUN:00000001] Executed DbCommand (49ms) [Parameters=[@p4='00000000-0000-0000-0002-000000000003', @p0='2026-07-28T08:26:13.4354960Z' (Nullable = true) (DbType = DateTime), @p1='J3mmigO7PN1gOq9lGIYAlw6SUkAxB4asOkhx1dqhLNQyHvBWIX1VrT3OK72FKf+YBYWrPV5jPpL/Jg/j6T8Q4Q==', @p2='2026-08-04T08:26:13.4354948Z' (Nullable = true) (DbType = DateTime), @p3='2026-07-28T08:26:13.4356741Z' (DbType = DateTime)], CommandType='"Text"', CommandTimeout='30']
UPDATE "Users" SET "LastLoginAt" = @p0, "RefreshToken" = @p1, "RefreshTokenExpiry" = @p2, "UpdatedAt" = @p3
WHERE "Id" = @p4;
2026-07-28 14:26:13.485 +06:00 [INF] [0HNNCG5N22FUN:00000001] User "00000000-0000-0000-0002-000000000003" logged in from org "00000000-0000-0000-0001-000000000001"
2026-07-28 14:26:13.491 +06:00 [INF] [0HNNCG5N22FUN:00000001] [0HNNCG5N22FUN:00000001] POST /api/auth/login → 200 (515.1ms)
2026-07-28 14:26:13.521 +06:00 [INF] [0HNNCG5N22FUO:00000001] Executed DbCommand (1ms) [Parameters=[@___currentUser_UserId_0='00000000-0000-0000-0002-000000000003'], CommandType='"Text"', CommandTimeout='30']
SELECT u."Id", u."CreatedAt", u."DeletedAt", u."Email", u."EmailVerificationExpiry", u."EmailVerificationToken", u."FirstName", u."IsActive", u."IsDeleted", u."IsEmailVerified", u."LastLoginAt", u."LastName", u."OrganizationId", u."PasswordHash", u."PasswordResetExpiry", u."PasswordResetToken", u."ProfilePictureUrl", u."RefreshToken", u."RefreshTokenExpiry", u."Role", u."UpdatedAt", o0."Id", o0."CreatedAt", o0."DeletedAt", o0."Description", o0."IsActive", o0."IsDeleted", o0."LogoUrl", o0."Name", o0."Plan", o0."Slug", o0."UpdatedAt"
FROM "Users" AS u
INNER JOIN (
    SELECT o."Id", o."CreatedAt", o."DeletedAt", o."Description", o."IsActive", o."IsDeleted", o."LogoUrl", o."Name", o."Plan", o."Slug", o."UpdatedAt"
    FROM "Organizations" AS o
    WHERE NOT (o."IsDeleted")
) AS o0 ON u."OrganizationId" = o0."Id"
WHERE NOT (u."IsDeleted") AND u."Id" = @___currentUser_UserId_0
LIMIT 1
2026-07-28 14:26:13.539 +06:00 [INF] [0HNNCG5N22FUO:00000001] Executed DbCommand (1ms) [Parameters=[@___currentUser_OrganizationId_0='00000000-0000-0000-0001-000000000001'], CommandType='"Text"', CommandTimeout='30']
SELECT o."Id", o."CreatedAt", o."DeletedAt", o."Description", o."IsActive", o."IsDeleted", o."LogoUrl", o."Name", o."Plan", o."Slug", o."UpdatedAt"
FROM "Organizations" AS o
WHERE NOT (o."IsDeleted") AND o."Id" = @___currentUser_OrganizationId_0
LIMIT 1
2026-07-28 14:26:13.548 +06:00 [INF] [0HNNCG5N22FUO:00000001] [0HNNCG5N22FUO:00000001] GET /api/auth/context → 200 (29.8ms)
2026-07-28 14:26:14.561 +06:00 [DBG] [0HNNCG5N22FUP:00000001] Permission granted: Member → projects.view
2026-07-28 14:26:14.563 +06:00 [INF] [0HNNCG5N22FUP:00000001] Executed DbCommand (1ms) [Parameters=[@___currentUser_UserId_0='00000000-0000-0000-0002-000000000003'], CommandType='"Text"', CommandTimeout='30']
SELECT u."Id", u."CreatedAt", u."DeletedAt", u."Email", u."EmailVerificationExpiry", u."EmailVerificationToken", u."FirstName", u."IsActive", u."IsDeleted", u."IsEmailVerified", u."LastLoginAt", u."LastName", u."OrganizationId", u."PasswordHash", u."PasswordResetExpiry", u."PasswordResetToken", u."ProfilePictureUrl", u."RefreshToken", u."RefreshTokenExpiry", u."Role", u."UpdatedAt", o0."Id", o0."CreatedAt", o0."DeletedAt", o0."Description", o0."IsActive", o0."IsDeleted", o0."LogoUrl", o0."Name", o0."Plan", o0."Slug", o0."UpdatedAt"
FROM "Users" AS u
INNER JOIN (
    SELECT o."Id", o."CreatedAt", o."DeletedAt", o."Description", o."IsActive", o."IsDeleted", o."LogoUrl", o."Name", o."Plan", o."Slug", o."UpdatedAt"
    FROM "Organizations" AS o
    WHERE NOT (o."IsDeleted")
) AS o0 ON u."OrganizationId" = o0."Id"
WHERE NOT (u."IsDeleted") AND u."Id" = @___currentUser_UserId_0
LIMIT 1
2026-07-28 14:26:14.566 +06:00 [INF] [0HNNCG5N22FUP:00000001] Executed DbCommand (1ms) [Parameters=[@___currentUser_OrganizationId_0='00000000-0000-0000-0001-000000000001', @__p_2='50', @__p_1='0'], CommandType='"Text"', CommandTimeout='30']
SELECT a."Id", a."Action", a."CreatedAt", a."EntityId", a."EntityName", a."EntityType", a."Metadata", a."OrganizationId", a."ProjectId", a."UserId", a."UserName"
FROM "ActivityLogs" AS a
WHERE a."OrganizationId" = @___currentUser_OrganizationId_0
ORDER BY a."CreatedAt" DESC
LIMIT @__p_2 OFFSET @__p_1
2026-07-28 14:26:14.567 +06:00 [INF] [0HNNCG5N22FUP:00000001] [0HNNCG5N22FUP:00000001] GET /api/activity → 200 (6.0ms)
2026-07-28 14:26:18.957 +06:00 [INF] [0HNNCG5N22FUQ:00000001] Executed DbCommand (1ms) [Parameters=[@___currentUser_UserId_0='00000000-0000-0000-0002-000000000003'], CommandType='"Text"', CommandTimeout='30']
SELECT u."Id", u."CreatedAt", u."DeletedAt", u."Email", u."EmailVerificationExpiry", u."EmailVerificationToken", u."FirstName", u."IsActive", u."IsDeleted", u."IsEmailVerified", u."LastLoginAt", u."LastName", u."OrganizationId", u."PasswordHash", u."PasswordResetExpiry", u."PasswordResetToken", u."ProfilePictureUrl", u."RefreshToken", u."RefreshTokenExpiry", u."Role", u."UpdatedAt", o0."Id", o0."CreatedAt", o0."DeletedAt", o0."Description", o0."IsActive", o0."IsDeleted", o0."LogoUrl", o0."Name", o0."Plan", o0."Slug", o0."UpdatedAt"
FROM "Users" AS u
INNER JOIN (
    SELECT o."Id", o."CreatedAt", o."DeletedAt", o."Description", o."IsActive", o."IsDeleted", o."LogoUrl", o."Name", o."Plan", o."Slug", o."UpdatedAt"
    FROM "Organizations" AS o
    WHERE NOT (o."IsDeleted")
) AS o0 ON u."OrganizationId" = o0."Id"
WHERE NOT (u."IsDeleted") AND u."Id" = @___currentUser_UserId_0
LIMIT 1
2026-07-28 14:26:18.959 +06:00 [INF] [0HNNCG5N22FUQ:00000001] Executed DbCommand (1ms) [Parameters=[@__refreshToken_0='J3mmigO7PN1gOq9lGIYAlw6SUkAxB4asOkhx1dqhLNQyHvBWIX1VrT3OK72FKf+YBYWrPV5jPpL/Jg/j6T8Q4Q=='], CommandType='"Text"', CommandTimeout='30']
SELECT u."Id", u."CreatedAt", u."DeletedAt", u."Email", u."EmailVerificationExpiry", u."EmailVerificationToken", u."FirstName", u."IsActive", u."IsDeleted", u."IsEmailVerified", u."LastLoginAt", u."LastName", u."OrganizationId", u."PasswordHash", u."PasswordResetExpiry", u."PasswordResetToken", u."ProfilePictureUrl", u."RefreshToken", u."RefreshTokenExpiry", u."Role", u."UpdatedAt"
FROM "Users" AS u
WHERE NOT (u."IsDeleted") AND u."RefreshToken" = @__refreshToken_0
LIMIT 1
2026-07-28 14:26:19.014 +06:00 [INF] [0HNNCG5N22FUQ:00000001] Executed DbCommand (54ms) [Parameters=[@p3='00000000-0000-0000-0002-000000000003', @p0=NULL, @p1=NULL (DbType = DateTime), @p2='2026-07-28T08:26:18.9603793Z' (DbType = DateTime)], CommandType='"Text"', CommandTimeout='30']
UPDATE "Users" SET "RefreshToken" = @p0, "RefreshTokenExpiry" = @p1, "UpdatedAt" = @p2
WHERE "Id" = @p3;
2026-07-28 14:26:19.015 +06:00 [INF] [0HNNCG5N22FUQ:00000001] Refresh token revoked for user "00000000-0000-0000-0002-000000000003" — logout complete
2026-07-28 14:26:19.015 +06:00 [INF] [0HNNCG5N22FUQ:00000001] [0HNNCG5N22FUQ:00000001] POST /api/auth/revoke → 200 (60.0ms)
2026-07-28 14:26:21.971 +06:00 [INF] [0HNNCG5N22FUR:00000001] Executed DbCommand (1ms) [Parameters=[@__email_0='demo.owner@worksphere.io'], CommandType='"Text"', CommandTimeout='30']
SELECT u."Id", u."CreatedAt", u."DeletedAt", u."Email", u."EmailVerificationExpiry", u."EmailVerificationToken", u."FirstName", u."IsActive", u."IsDeleted", u."IsEmailVerified", u."LastLoginAt", u."LastName", u."OrganizationId", u."PasswordHash", u."PasswordResetExpiry", u."PasswordResetToken", u."ProfilePictureUrl", u."RefreshToken", u."RefreshTokenExpiry", u."Role", u."UpdatedAt", o0."Id", o0."CreatedAt", o0."DeletedAt", o0."Description", o0."IsActive", o0."IsDeleted", o0."LogoUrl", o0."Name", o0."Plan", o0."Slug", o0."UpdatedAt"
FROM "Users" AS u
INNER JOIN (
    SELECT o."Id", o."CreatedAt", o."DeletedAt", o."Description", o."IsActive", o."IsDeleted", o."LogoUrl", o."Name", o."Plan", o."Slug", o."UpdatedAt"
    FROM "Organizations" AS o
    WHERE NOT (o."IsDeleted")
) AS o0 ON u."OrganizationId" = o0."Id"
WHERE NOT (u."IsDeleted") AND u."Email" = @__email_0
LIMIT 1
2026-07-28 14:26:22.362 +06:00 [DBG] [0HNNCG5N22FUR:00000001] JWT access token generated for user "00000000-0000-0000-0002-000000000001" — expires "2026-07-28T08:41:22.3623643Z"
2026-07-28 14:26:22.363 +06:00 [DBG] [0HNNCG5N22FUR:00000001] Refresh token generated — expires "2026-08-04T08:26:22.3632234Z"
2026-07-28 14:26:22.365 +06:00 [INF] [0HNNCG5N22FUR:00000001] Executed DbCommand (1ms) [Parameters=[@p4='00000000-0000-0000-0002-000000000001', @p0='2026-07-28T08:26:22.3634029Z' (Nullable = true) (DbType = DateTime), @p1='FtIafFogBXxMPMN6xZnKqa7mx3dvfdNY9/Cf58fpkIHXL4LZ+05pVDz6Y/sCSVx5v5gvhKleEiBoZFvR440V3w==', @p2='2026-08-04T08:26:22.3634019Z' (Nullable = true) (DbType = DateTime), @p3='2026-07-28T08:26:22.3634926Z' (DbType = DateTime)], CommandType='"Text"', CommandTimeout='30']
UPDATE "Users" SET "LastLoginAt" = @p0, "RefreshToken" = @p1, "RefreshTokenExpiry" = @p2, "UpdatedAt" = @p3
WHERE "Id" = @p4;
2026-07-28 14:26:22.365 +06:00 [INF] [0HNNCG5N22FUR:00000001] User "00000000-0000-0000-0002-000000000001" logged in from org "00000000-0000-0000-0001-000000000001"
2026-07-28 14:26:22.366 +06:00 [INF] [0HNNCG5N22FUR:00000001] [0HNNCG5N22FUR:00000001] POST /api/auth/login → 200 (397.5ms)
2026-07-28 14:26:26.700 +06:00 [DBG] [0HNNCG5N22FUT:00000001] Permission granted: Owner → projects.view
2026-07-28 14:26:26.700 +06:00 [DBG] [0HNNCG5N22FUS:00000001] Permission granted: Owner → projects.view
2026-07-28 14:26:26.700 +06:00 [DBG] [0HNNCG5N22FUU:00000001] Permission granted: Owner → members.view
2026-07-28 14:26:26.702 +06:00 [INF] [0HNNCG5N22FUT:00000001] Executed DbCommand (1ms) [Parameters=[@___currentUser_UserId_0='00000000-0000-0000-0002-000000000001'], CommandType='"Text"', CommandTimeout='30']
SELECT u."Id", u."CreatedAt", u."DeletedAt", u."Email", u."EmailVerificationExpiry", u."EmailVerificationToken", u."FirstName", u."IsActive", u."IsDeleted", u."IsEmailVerified", u."LastLoginAt", u."LastName", u."OrganizationId", u."PasswordHash", u."PasswordResetExpiry", u."PasswordResetToken", u."ProfilePictureUrl", u."RefreshToken", u."RefreshTokenExpiry", u."Role", u."UpdatedAt", o0."Id", o0."CreatedAt", o0."DeletedAt", o0."Description", o0."IsActive", o0."IsDeleted", o0."LogoUrl", o0."Name", o0."Plan", o0."Slug", o0."UpdatedAt"
FROM "Users" AS u
INNER JOIN (
    SELECT o."Id", o."CreatedAt", o."DeletedAt", o."Description", o."IsActive", o."IsDeleted", o."LogoUrl", o."Name", o."Plan", o."Slug", o."UpdatedAt"
    FROM "Organizations" AS o
    WHERE NOT (o."IsDeleted")
) AS o0 ON u."OrganizationId" = o0."Id"
WHERE NOT (u."IsDeleted") AND u."Id" = @___currentUser_UserId_0
LIMIT 1
2026-07-28 14:26:26.702 +06:00 [INF] [0HNNCG5N22FUU:00000001] Executed DbCommand (1ms) [Parameters=[@___currentUser_UserId_0='00000000-0000-0000-0002-000000000001'], CommandType='"Text"', CommandTimeout='30']
SELECT u."Id", u."CreatedAt", u."DeletedAt", u."Email", u."EmailVerificationExpiry", u."EmailVerificationToken", u."FirstName", u."IsActive", u."IsDeleted", u."IsEmailVerified", u."LastLoginAt", u."LastName", u."OrganizationId", u."PasswordHash", u."PasswordResetExpiry", u."PasswordResetToken", u."ProfilePictureUrl", u."RefreshToken", u."RefreshTokenExpiry", u."Role", u."UpdatedAt", o0."Id", o0."CreatedAt", o0."DeletedAt", o0."Description", o0."IsActive", o0."IsDeleted", o0."LogoUrl", o0."Name", o0."Plan", o0."Slug", o0."UpdatedAt"
FROM "Users" AS u
INNER JOIN (
    SELECT o."Id", o."CreatedAt", o."DeletedAt", o."Description", o."IsActive", o."IsDeleted", o."LogoUrl", o."Name", o."Plan", o."Slug", o."UpdatedAt"
    FROM "Organizations" AS o
    WHERE NOT (o."IsDeleted")
) AS o0 ON u."OrganizationId" = o0."Id"
WHERE NOT (u."IsDeleted") AND u."Id" = @___currentUser_UserId_0
LIMIT 1
2026-07-28 14:26:26.702 +06:00 [INF] [0HNNCG5N22FUS:00000001] Executed DbCommand (1ms) [Parameters=[@___currentUser_UserId_0='00000000-0000-0000-0002-000000000001'], CommandType='"Text"', CommandTimeout='30']
SELECT u."Id", u."CreatedAt", u."DeletedAt", u."Email", u."EmailVerificationExpiry", u."EmailVerificationToken", u."FirstName", u."IsActive", u."IsDeleted", u."IsEmailVerified", u."LastLoginAt", u."LastName", u."OrganizationId", u."PasswordHash", u."PasswordResetExpiry", u."PasswordResetToken", u."ProfilePictureUrl", u."RefreshToken", u."RefreshTokenExpiry", u."Role", u."UpdatedAt", o0."Id", o0."CreatedAt", o0."DeletedAt", o0."Description", o0."IsActive", o0."IsDeleted", o0."LogoUrl", o0."Name", o0."Plan", o0."Slug", o0."UpdatedAt"
FROM "Users" AS u
INNER JOIN (
    SELECT o."Id", o."CreatedAt", o."DeletedAt", o."Description", o."IsActive", o."IsDeleted", o."LogoUrl", o."Name", o."Plan", o."Slug", o."UpdatedAt"
    FROM "Organizations" AS o
    WHERE NOT (o."IsDeleted")
) AS o0 ON u."OrganizationId" = o0."Id"
WHERE NOT (u."IsDeleted") AND u."Id" = @___currentUser_UserId_0
LIMIT 1
2026-07-28 14:26:26.704 +06:00 [INF] [0HNNCG5N22FUU:00000001] Executed DbCommand (1ms) [Parameters=[@___currentUser_OrganizationId_0='00000000-0000-0000-0001-000000000001'], CommandType='"Text"', CommandTimeout='30']
SELECT count(*)::int
FROM "Users" AS u
WHERE NOT (u."IsDeleted") AND u."OrganizationId" = @___currentUser_OrganizationId_0
2026-07-28 14:26:26.704 +06:00 [INF] [0HNNCG5N22FUT:00000001] Executed DbCommand (1ms) [Parameters=[@___currentUser_OrganizationId_0='00000000-0000-0000-0001-000000000001'], CommandType='"Text"', CommandTimeout='30']
SELECT count(*)::int
FROM "Projects" AS p
WHERE NOT (p."IsDeleted") AND p."OrganizationId" = @___currentUser_OrganizationId_0
2026-07-28 14:26:26.704 +06:00 [INF] [0HNNCG5N22FUS:00000001] Executed DbCommand (1ms) [Parameters=[@___currentUser_OrganizationId_0='00000000-0000-0000-0001-000000000001', @__p_2='50', @__p_1='0'], CommandType='"Text"', CommandTimeout='30']
SELECT a."Id", a."Action", a."CreatedAt", a."EntityId", a."EntityName", a."EntityType", a."Metadata", a."OrganizationId", a."ProjectId", a."UserId", a."UserName"
FROM "ActivityLogs" AS a
WHERE a."OrganizationId" = @___currentUser_OrganizationId_0
ORDER BY a."CreatedAt" DESC
LIMIT @__p_2 OFFSET @__p_1
2026-07-28 14:26:26.705 +06:00 [INF] [0HNNCG5N22FUS:00000001] [0HNNCG5N22FUS:00000001] GET /api/activity → 200 (5.1ms)
2026-07-28 14:26:26.705 +06:00 [INF] [0HNNCG5N22FUU:00000001] Executed DbCommand (1ms) [Parameters=[@___currentUser_OrganizationId_0='00000000-0000-0000-0001-000000000001', @__p_2='100', @__p_1='0'], CommandType='"Text"', CommandTimeout='30']
SELECT u."Id", u."CreatedAt", u."DeletedAt", u."Email", u."EmailVerificationExpiry", u."EmailVerificationToken", u."FirstName", u."IsActive", u."IsDeleted", u."IsEmailVerified", u."LastLoginAt", u."LastName", u."OrganizationId", u."PasswordHash", u."PasswordResetExpiry", u."PasswordResetToken", u."ProfilePictureUrl", u."RefreshToken", u."RefreshTokenExpiry", u."Role", u."UpdatedAt"
FROM "Users" AS u
WHERE NOT (u."IsDeleted") AND u."OrganizationId" = @___currentUser_OrganizationId_0
ORDER BY u."FirstName", u."LastName"
LIMIT @__p_2 OFFSET @__p_1
2026-07-28 14:26:26.705 +06:00 [INF] [0HNNCG5N22FUU:00000001] Members listed for org "00000000-0000-0000-0001-000000000001" — page 1, 4 results
2026-07-28 14:26:26.706 +06:00 [INF] [0HNNCG5N22FUU:00000001] [0HNNCG5N22FUU:00000001] GET /api/organizations/me/members → 200 (5.9ms)
2026-07-28 14:26:26.706 +06:00 [INF] [0HNNCG5N22FUT:00000001] Executed DbCommand (2ms) [Parameters=[@___currentUser_OrganizationId_0='00000000-0000-0000-0001-000000000001', @__p_2='100', @__p_1='0'], CommandType='"Text"', CommandTimeout='30']
SELECT p0."Id", p0."CreatedAt", p0."CreatedByUserId", p0."DeletedAt", p0."Description", p0."DueDate", p0."IsDeleted", p0."Name", p0."OrganizationId", p0."ProjectLeadUserId", p0."StartDate", p0."Status", p0."UpdatedAt", u0."Id", u0."CreatedAt", u0."DeletedAt", u0."Email", u0."EmailVerificationExpiry", u0."EmailVerificationToken", u0."FirstName", u0."IsActive", u0."IsDeleted", u0."IsEmailVerified", u0."LastLoginAt", u0."LastName", u0."OrganizationId", u0."PasswordHash", u0."PasswordResetExpiry", u0."PasswordResetToken", u0."ProfilePictureUrl", u0."RefreshToken", u0."RefreshTokenExpiry", u0."Role", u0."UpdatedAt", u2."Id", u2."CreatedAt", u2."DeletedAt", u2."Email", u2."EmailVerificationExpiry", u2."EmailVerificationToken", u2."FirstName", u2."IsActive", u2."IsDeleted", u2."IsEmailVerified", u2."LastLoginAt", u2."LastName", u2."OrganizationId", u2."PasswordHash", u2."PasswordResetExpiry", u2."PasswordResetToken", u2."ProfilePictureUrl", u2."RefreshToken", u2."RefreshTokenExpiry", u2."Role", u2."UpdatedAt", t0."Id", t0."ActualMinutes", t0."AssignedToUserId", t0."CompletedAt", t0."CreatedAt", t0."CreatedByUserId", t0."DeletedAt", t0."Description", t0."DueDate", t0."EstimatedMinutes", t0."IsDeleted", t0."OrderIndex", t0."OrganizationId", t0."ParentTaskId", t0."Priority", t0."ProjectId", t0."StartDate", t0."Status", t0."Title", t0."UpdatedAt"
FROM (
    SELECT p."Id", p."CreatedAt", p."CreatedByUserId", p."DeletedAt", p."Description", p."DueDate", p."IsDeleted", p."Name", p."OrganizationId", p."ProjectLeadUserId", p."StartDate", p."Status", p."UpdatedAt"
    FROM "Projects" AS p
    WHERE NOT (p."IsDeleted") AND p."OrganizationId" = @___currentUser_OrganizationId_0
    ORDER BY p."CreatedAt" DESC
    LIMIT @__p_2 OFFSET @__p_1
) AS p0
INNER JOIN (
    SELECT u."Id", u."CreatedAt", u."DeletedAt", u."Email", u."EmailVerificationExpiry", u."EmailVerificationToken", u."FirstName", u."IsActive", u."IsDeleted", u."IsEmailVerified", u."LastLoginAt", u."LastName", u."OrganizationId", u."PasswordHash", u."PasswordResetExpiry", u."PasswordResetToken", u."ProfilePictureUrl", u."RefreshToken", u."RefreshTokenExpiry", u."Role", u."UpdatedAt"
    FROM "Users" AS u
    WHERE NOT (u."IsDeleted")
) AS u0 ON p0."CreatedByUserId" = u0."Id"
LEFT JOIN (
    SELECT u1."Id", u1."CreatedAt", u1."DeletedAt", u1."Email", u1."EmailVerificationExpiry", u1."EmailVerificationToken", u1."FirstName", u1."IsActive", u1."IsDeleted", u1."IsEmailVerified", u1."LastLoginAt", u1."LastName", u1."OrganizationId", u1."PasswordHash", u1."PasswordResetExpiry", u1."PasswordResetToken", u1."ProfilePictureUrl", u1."RefreshToken", u1."RefreshTokenExpiry", u1."Role", u1."UpdatedAt"
    FROM "Users" AS u1
    WHERE NOT (u1."IsDeleted")
) AS u2 ON p0."ProjectLeadUserId" = u2."Id"
LEFT JOIN (
    SELECT t."Id", t."ActualMinutes", t."AssignedToUserId", t."CompletedAt", t."CreatedAt", t."CreatedByUserId", t."DeletedAt", t."Description", t."DueDate", t."EstimatedMinutes", t."IsDeleted", t."OrderIndex", t."OrganizationId", t."ParentTaskId", t."Priority", t."ProjectId", t."StartDate", t."Status", t."Title", t."UpdatedAt"
    FROM "Tasks" AS t
    WHERE NOT (t."IsDeleted")
) AS t0 ON p0."Id" = t0."ProjectId"
ORDER BY p0."CreatedAt" DESC, p0."Id", u0."Id", u2."Id"
2026-07-28 14:26:26.710 +06:00 [INF] [0HNNCG5N22FUT:00000001] Projects listed for org "00000000-0000-0000-0001-000000000001" — 5 results
2026-07-28 14:26:26.711 +06:00 [INF] [0HNNCG5N22FUT:00000001] [0HNNCG5N22FUT:00000001] GET /api/projects → 200 (11.7ms)
2026-07-28 14:26:31.324 +06:00 [DBG] [0HNNCG5N22FUV:00000001] Permission granted: Owner → projects.view
2026-07-28 14:26:31.327 +06:00 [INF] [0HNNCG5N22FUV:00000001] Executed DbCommand (1ms) [Parameters=[@___currentUser_UserId_0='00000000-0000-0000-0002-000000000001'], CommandType='"Text"', CommandTimeout='30']
SELECT u."Id", u."CreatedAt", u."DeletedAt", u."Email", u."EmailVerificationExpiry", u."EmailVerificationToken", u."FirstName", u."IsActive", u."IsDeleted", u."IsEmailVerified", u."LastLoginAt", u."LastName", u."OrganizationId", u."PasswordHash", u."PasswordResetExpiry", u."PasswordResetToken", u."ProfilePictureUrl", u."RefreshToken", u."RefreshTokenExpiry", u."Role", u."UpdatedAt", o0."Id", o0."CreatedAt", o0."DeletedAt", o0."Description", o0."IsActive", o0."IsDeleted", o0."LogoUrl", o0."Name", o0."Plan", o0."Slug", o0."UpdatedAt"
FROM "Users" AS u
INNER JOIN (
    SELECT o."Id", o."CreatedAt", o."DeletedAt", o."Description", o."IsActive", o."IsDeleted", o."LogoUrl", o."Name", o."Plan", o."Slug", o."UpdatedAt"
    FROM "Organizations" AS o
    WHERE NOT (o."IsDeleted")
) AS o0 ON u."OrganizationId" = o0."Id"
WHERE NOT (u."IsDeleted") AND u."Id" = @___currentUser_UserId_0
LIMIT 1
2026-07-28 14:26:31.328 +06:00 [INF] [0HNNCG5N22FUV:00000001] Executed DbCommand (1ms) [Parameters=[@___currentUser_OrganizationId_0='00000000-0000-0000-0001-000000000001', @__p_2='50', @__p_1='0'], CommandType='"Text"', CommandTimeout='30']
SELECT a."Id", a."Action", a."CreatedAt", a."EntityId", a."EntityName", a."EntityType", a."Metadata", a."OrganizationId", a."ProjectId", a."UserId", a."UserName"
FROM "ActivityLogs" AS a
WHERE a."OrganizationId" = @___currentUser_OrganizationId_0
ORDER BY a."CreatedAt" DESC
LIMIT @__p_2 OFFSET @__p_1
2026-07-28 14:26:31.329 +06:00 [INF] [0HNNCG5N22FUV:00000001] [0HNNCG5N22FUV:00000001] GET /api/activity → 200 (5.5ms)
2026-07-28 14:29:57.639 +06:00 [DBG] [0HNNCG5N22FV1:00000001] Permission granted: Owner → projects.view
2026-07-28 14:29:57.639 +06:00 [DBG] [0HNNCG5N22FV0:00000001] Permission granted: Owner → projects.view
2026-07-28 14:29:57.639 +06:00 [DBG] [0HNNCG5N22FV2:00000001] Permission granted: Owner → members.view
2026-07-28 14:29:57.685 +06:00 [INF] [0HNNCG5N22FV0:00000001] Executed DbCommand (5ms) [Parameters=[@___currentUser_UserId_0='00000000-0000-0000-0002-000000000001'], CommandType='"Text"', CommandTimeout='30']
SELECT u."Id", u."CreatedAt", u."DeletedAt", u."Email", u."EmailVerificationExpiry", u."EmailVerificationToken", u."FirstName", u."IsActive", u."IsDeleted", u."IsEmailVerified", u."LastLoginAt", u."LastName", u."OrganizationId", u."PasswordHash", u."PasswordResetExpiry", u."PasswordResetToken", u."ProfilePictureUrl", u."RefreshToken", u."RefreshTokenExpiry", u."Role", u."UpdatedAt", o0."Id", o0."CreatedAt", o0."DeletedAt", o0."Description", o0."IsActive", o0."IsDeleted", o0."LogoUrl", o0."Name", o0."Plan", o0."Slug", o0."UpdatedAt"
FROM "Users" AS u
INNER JOIN (
    SELECT o."Id", o."CreatedAt", o."DeletedAt", o."Description", o."IsActive", o."IsDeleted", o."LogoUrl", o."Name", o."Plan", o."Slug", o."UpdatedAt"
    FROM "Organizations" AS o
    WHERE NOT (o."IsDeleted")
) AS o0 ON u."OrganizationId" = o0."Id"
WHERE NOT (u."IsDeleted") AND u."Id" = @___currentUser_UserId_0
LIMIT 1
2026-07-28 14:29:57.691 +06:00 [INF] [0HNNCG5N22FV0:00000001] Executed DbCommand (6ms) [Parameters=[@___currentUser_OrganizationId_0='00000000-0000-0000-0001-000000000001', @__p_2='50', @__p_1='0'], CommandType='"Text"', CommandTimeout='30']
SELECT a."Id", a."Action", a."CreatedAt", a."EntityId", a."EntityName", a."EntityType", a."Metadata", a."OrganizationId", a."ProjectId", a."UserId", a."UserName"
FROM "ActivityLogs" AS a
WHERE a."OrganizationId" = @___currentUser_OrganizationId_0
ORDER BY a."CreatedAt" DESC
LIMIT @__p_2 OFFSET @__p_1
2026-07-28 14:29:57.714 +06:00 [INF] [0HNNCG5N22FV2:00000001] Executed DbCommand (29ms) [Parameters=[@___currentUser_UserId_0='00000000-0000-0000-0002-000000000001'], CommandType='"Text"', CommandTimeout='30']
SELECT u."Id", u."CreatedAt", u."DeletedAt", u."Email", u."EmailVerificationExpiry", u."EmailVerificationToken", u."FirstName", u."IsActive", u."IsDeleted", u."IsEmailVerified", u."LastLoginAt", u."LastName", u."OrganizationId", u."PasswordHash", u."PasswordResetExpiry", u."PasswordResetToken", u."ProfilePictureUrl", u."RefreshToken", u."RefreshTokenExpiry", u."Role", u."UpdatedAt", o0."Id", o0."CreatedAt", o0."DeletedAt", o0."Description", o0."IsActive", o0."IsDeleted", o0."LogoUrl", o0."Name", o0."Plan", o0."Slug", o0."UpdatedAt"
FROM "Users" AS u
INNER JOIN (
    SELECT o."Id", o."CreatedAt", o."DeletedAt", o."Description", o."IsActive", o."IsDeleted", o."LogoUrl", o."Name", o."Plan", o."Slug", o."UpdatedAt"
    FROM "Organizations" AS o
    WHERE NOT (o."IsDeleted")
) AS o0 ON u."OrganizationId" = o0."Id"
WHERE NOT (u."IsDeleted") AND u."Id" = @___currentUser_UserId_0
LIMIT 1
2026-07-28 14:29:57.730 +06:00 [INF] [0HNNCG5N22FV1:00000001] Executed DbCommand (7ms) [Parameters=[@___currentUser_UserId_0='00000000-0000-0000-0002-000000000001'], CommandType='"Text"', CommandTimeout='30']
SELECT u."Id", u."CreatedAt", u."DeletedAt", u."Email", u."EmailVerificationExpiry", u."EmailVerificationToken", u."FirstName", u."IsActive", u."IsDeleted", u."IsEmailVerified", u."LastLoginAt", u."LastName", u."OrganizationId", u."PasswordHash", u."PasswordResetExpiry", u."PasswordResetToken", u."ProfilePictureUrl", u."RefreshToken", u."RefreshTokenExpiry", u."Role", u."UpdatedAt", o0."Id", o0."CreatedAt", o0."DeletedAt", o0."Description", o0."IsActive", o0."IsDeleted", o0."LogoUrl", o0."Name", o0."Plan", o0."Slug", o0."UpdatedAt"
FROM "Users" AS u
INNER JOIN (
    SELECT o."Id", o."CreatedAt", o."DeletedAt", o."Description", o."IsActive", o."IsDeleted", o."LogoUrl", o."Name", o."Plan", o."Slug", o."UpdatedAt"
    FROM "Organizations" AS o
    WHERE NOT (o."IsDeleted")
) AS o0 ON u."OrganizationId" = o0."Id"
WHERE NOT (u."IsDeleted") AND u."Id" = @___currentUser_UserId_0
LIMIT 1
2026-07-28 14:29:57.743 +06:00 [INF] [0HNNCG5N22FV0:00000001] [0HNNCG5N22FV0:00000001] GET /api/activity → 200 (104.1ms)
2026-07-28 14:29:57.744 +06:00 [INF] [0HNNCG5N22FV2:00000001] Executed DbCommand (1ms) [Parameters=[@___currentUser_OrganizationId_0='00000000-0000-0000-0001-000000000001'], CommandType='"Text"', CommandTimeout='30']
SELECT count(*)::int
FROM "Users" AS u
WHERE NOT (u."IsDeleted") AND u."OrganizationId" = @___currentUser_OrganizationId_0
2026-07-28 14:29:57.746 +06:00 [INF] [0HNNCG5N22FV2:00000001] Executed DbCommand (1ms) [Parameters=[@___currentUser_OrganizationId_0='00000000-0000-0000-0001-000000000001', @__p_2='100', @__p_1='0'], CommandType='"Text"', CommandTimeout='30']
SELECT u."Id", u."CreatedAt", u."DeletedAt", u."Email", u."EmailVerificationExpiry", u."EmailVerificationToken", u."FirstName", u."IsActive", u."IsDeleted", u."IsEmailVerified", u."LastLoginAt", u."LastName", u."OrganizationId", u."PasswordHash", u."PasswordResetExpiry", u."PasswordResetToken", u."ProfilePictureUrl", u."RefreshToken", u."RefreshTokenExpiry", u."Role", u."UpdatedAt"
FROM "Users" AS u
WHERE NOT (u."IsDeleted") AND u."OrganizationId" = @___currentUser_OrganizationId_0
ORDER BY u."FirstName", u."LastName"
LIMIT @__p_2 OFFSET @__p_1
2026-07-28 14:29:57.746 +06:00 [INF] [0HNNCG5N22FV2:00000001] Members listed for org "00000000-0000-0000-0001-000000000001" — page 1, 4 results
2026-07-28 14:29:57.747 +06:00 [INF] [0HNNCG5N22FV2:00000001] [0HNNCG5N22FV2:00000001] GET /api/organizations/me/members → 200 (108.5ms)
2026-07-28 14:29:57.750 +06:00 [INF] [0HNNCG5N22FV1:00000001] Executed DbCommand (5ms) [Parameters=[@___currentUser_OrganizationId_0='00000000-0000-0000-0001-000000000001'], CommandType='"Text"', CommandTimeout='30']
SELECT count(*)::int
FROM "Projects" AS p
WHERE NOT (p."IsDeleted") AND p."OrganizationId" = @___currentUser_OrganizationId_0
2026-07-28 14:29:57.765 +06:00 [INF] [0HNNCG5N22FV1:00000001] Executed DbCommand (15ms) [Parameters=[@___currentUser_OrganizationId_0='00000000-0000-0000-0001-000000000001', @__p_2='100', @__p_1='0'], CommandType='"Text"', CommandTimeout='30']
SELECT p0."Id", p0."CreatedAt", p0."CreatedByUserId", p0."DeletedAt", p0."Description", p0."DueDate", p0."IsDeleted", p0."Name", p0."OrganizationId", p0."ProjectLeadUserId", p0."StartDate", p0."Status", p0."UpdatedAt", u0."Id", u0."CreatedAt", u0."DeletedAt", u0."Email", u0."EmailVerificationExpiry", u0."EmailVerificationToken", u0."FirstName", u0."IsActive", u0."IsDeleted", u0."IsEmailVerified", u0."LastLoginAt", u0."LastName", u0."OrganizationId", u0."PasswordHash", u0."PasswordResetExpiry", u0."PasswordResetToken", u0."ProfilePictureUrl", u0."RefreshToken", u0."RefreshTokenExpiry", u0."Role", u0."UpdatedAt", u2."Id", u2."CreatedAt", u2."DeletedAt", u2."Email", u2."EmailVerificationExpiry", u2."EmailVerificationToken", u2."FirstName", u2."IsActive", u2."IsDeleted", u2."IsEmailVerified", u2."LastLoginAt", u2."LastName", u2."OrganizationId", u2."PasswordHash", u2."PasswordResetExpiry", u2."PasswordResetToken", u2."ProfilePictureUrl", u2."RefreshToken", u2."RefreshTokenExpiry", u2."Role", u2."UpdatedAt", t0."Id", t0."ActualMinutes", t0."AssignedToUserId", t0."CompletedAt", t0."CreatedAt", t0."CreatedByUserId", t0."DeletedAt", t0."Description", t0."DueDate", t0."EstimatedMinutes", t0."IsDeleted", t0."OrderIndex", t0."OrganizationId", t0."ParentTaskId", t0."Priority", t0."ProjectId", t0."StartDate", t0."Status", t0."Title", t0."UpdatedAt"
FROM (
    SELECT p."Id", p."CreatedAt", p."CreatedByUserId", p."DeletedAt", p."Description", p."DueDate", p."IsDeleted", p."Name", p."OrganizationId", p."ProjectLeadUserId", p."StartDate", p."Status", p."UpdatedAt"
    FROM "Projects" AS p
    WHERE NOT (p."IsDeleted") AND p."OrganizationId" = @___currentUser_OrganizationId_0
    ORDER BY p."CreatedAt" DESC
    LIMIT @__p_2 OFFSET @__p_1
) AS p0
INNER JOIN (
    SELECT u."Id", u."CreatedAt", u."DeletedAt", u."Email", u."EmailVerificationExpiry", u."EmailVerificationToken", u."FirstName", u."IsActive", u."IsDeleted", u."IsEmailVerified", u."LastLoginAt", u."LastName", u."OrganizationId", u."PasswordHash", u."PasswordResetExpiry", u."PasswordResetToken", u."ProfilePictureUrl", u."RefreshToken", u."RefreshTokenExpiry", u."Role", u."UpdatedAt"
    FROM "Users" AS u
    WHERE NOT (u."IsDeleted")
) AS u0 ON p0."CreatedByUserId" = u0."Id"
LEFT JOIN (
    SELECT u1."Id", u1."CreatedAt", u1."DeletedAt", u1."Email", u1."EmailVerificationExpiry", u1."EmailVerificationToken", u1."FirstName", u1."IsActive", u1."IsDeleted", u1."IsEmailVerified", u1."LastLoginAt", u1."LastName", u1."OrganizationId", u1."PasswordHash", u1."PasswordResetExpiry", u1."PasswordResetToken", u1."ProfilePictureUrl", u1."RefreshToken", u1."RefreshTokenExpiry", u1."Role", u1."UpdatedAt"
    FROM "Users" AS u1
    WHERE NOT (u1."IsDeleted")
) AS u2 ON p0."ProjectLeadUserId" = u2."Id"
LEFT JOIN (
    SELECT t."Id", t."ActualMinutes", t."AssignedToUserId", t."CompletedAt", t."CreatedAt", t."CreatedByUserId", t."DeletedAt", t."Description", t."DueDate", t."EstimatedMinutes", t."IsDeleted", t."OrderIndex", t."OrganizationId", t."ParentTaskId", t."Priority", t."ProjectId", t."StartDate", t."Status", t."Title", t."UpdatedAt"
    FROM "Tasks" AS t
    WHERE NOT (t."IsDeleted")
) AS t0 ON p0."Id" = t0."ProjectId"
ORDER BY p0."CreatedAt" DESC, p0."Id", u0."Id", u2."Id"
2026-07-28 14:29:57.768 +06:00 [INF] [0HNNCG5N22FV1:00000001] Projects listed for org "00000000-0000-0000-0001-000000000001" — 5 results
2026-07-28 14:29:57.768 +06:00 [INF] [0HNNCG5N22FV1:00000001] [0HNNCG5N22FV1:00000001] GET /api/projects → 200 (129.2ms)
2026-07-28 14:30:16.397 +06:00 [INF] [] Application is shutting down...
2026-07-28 14:30:20.795 +06:00 [WRN] [] Entity 'Organization' has a global query filter defined and is the required end of a relationship with the entity 'ActivityLog'. This may lead to unexpected results when the required entity is filtered out. Either configure the navigation as optional, or define matching query filters for both entities in the navigation. See https://go.microsoft.com/fwlink/?linkid=2131316 for more information.
2026-07-28 14:30:20.813 +06:00 [WRN] [] Entity 'User' has a global query filter defined and is the required end of a relationship with the entity 'TaskAssignee'. This may lead to unexpected results when the required entity is filtered out. Either configure the navigation as optional, or define matching query filters for both entities in the navigation. See https://go.microsoft.com/fwlink/?linkid=2131316 for more information.
2026-07-28 14:30:20.817 +06:00 [WRN] [] Sensitive data logging is enabled. Log entries and exception messages may include sensitive application data; this mode should only be enabled during development.
2026-07-28 14:30:21.193 +06:00 [INF] [] Executed DbCommand (13ms) [Parameters=[], CommandType='"Text"', CommandTimeout='30']
SELECT "MigrationId", "ProductVersion"
FROM "__EFMigrationsHistory"
ORDER BY "MigrationId";
2026-07-28 14:30:21.420 +06:00 [INF] [] Executed DbCommand (6ms) [Parameters=[], CommandType='"Text"', CommandTimeout='30']
CREATE TABLE IF NOT EXISTS "__EFMigrationsHistory" (
    "MigrationId" character varying(150) NOT NULL,
    "ProductVersion" character varying(32) NOT NULL,
    CONSTRAINT "PK___EFMigrationsHistory" PRIMARY KEY ("MigrationId")
);
2026-07-28 14:30:21.432 +06:00 [INF] [] Executed DbCommand (1ms) [Parameters=[], CommandType='"Text"', CommandTimeout='30']
LOCK TABLE "__EFMigrationsHistory" IN ACCESS EXCLUSIVE MODE
2026-07-28 14:30:21.434 +06:00 [INF] [] Executed DbCommand (1ms) [Parameters=[], CommandType='"Text"', CommandTimeout='30']
SELECT "MigrationId", "ProductVersion"
FROM "__EFMigrationsHistory"
ORDER BY "MigrationId";
2026-07-28 14:30:21.499 +06:00 [INF] [] Starting database seeding...
2026-07-28 14:30:21.650 +06:00 [INF] [] Executed DbCommand (2ms) [Parameters=[], CommandType='"Text"', CommandTimeout='30']
SELECT EXISTS (
    SELECT 1
    FROM "Organizations" AS o
    WHERE NOT (o."IsDeleted"))
2026-07-28 14:30:21.660 +06:00 [INF] [] Database already seeded — skipping.
2026-07-28 14:30:21.763 +06:00 [INF] [] Now listening on: http://localhost:5210
2026-07-28 14:30:21.763 +06:00 [INF] [] Application started. Press Ctrl+C to shut down.
2026-07-28 14:30:21.764 +06:00 [INF] [] Hosting environment: Development
2026-07-28 14:30:21.764 +06:00 [INF] [] Content root path: C:\Users\Abdul\Documents\GitHub\WorkSphere\WorkHub.API
2026-07-28 14:30:33.898 +06:00 [WRN] [0HNNCG9V1D71D:00000001] Failed to determine the https port for redirect.
2026-07-28 14:30:33.956 +06:00 [DBG] [0HNNCG9V1D71E:00000001] Permission granted: Owner → projects.view
2026-07-28 14:30:33.956 +06:00 [DBG] [0HNNCG9V1D71D:00000001] Permission granted: Owner → projects.view
2026-07-28 14:30:33.956 +06:00 [DBG] [0HNNCG9V1D71F:00000001] Permission granted: Owner → members.view
2026-07-28 14:30:34.082 +06:00 [INF] [0HNNCG9V1D71E:00000001] Executed DbCommand (9ms) [Parameters=[@___currentUser_UserId_0='00000000-0000-0000-0002-000000000001'], CommandType='"Text"', CommandTimeout='30']
SELECT u."Id", u."CreatedAt", u."DeletedAt", u."Email", u."EmailVerificationExpiry", u."EmailVerificationToken", u."FirstName", u."IsActive", u."IsDeleted", u."IsEmailVerified", u."LastLoginAt", u."LastName", u."OrganizationId", u."PasswordHash", u."PasswordResetExpiry", u."PasswordResetToken", u."ProfilePictureUrl", u."RefreshToken", u."RefreshTokenExpiry", u."Role", u."UpdatedAt", o0."Id", o0."CreatedAt", o0."DeletedAt", o0."Description", o0."IsActive", o0."IsDeleted", o0."LogoUrl", o0."Name", o0."Plan", o0."Slug", o0."UpdatedAt"
FROM "Users" AS u
INNER JOIN (
    SELECT o."Id", o."CreatedAt", o."DeletedAt", o."Description", o."IsActive", o."IsDeleted", o."LogoUrl", o."Name", o."Plan", o."Slug", o."UpdatedAt"
    FROM "Organizations" AS o
    WHERE NOT (o."IsDeleted")
) AS o0 ON u."OrganizationId" = o0."Id"
WHERE NOT (u."IsDeleted") AND u."Id" = @___currentUser_UserId_0
LIMIT 1
2026-07-28 14:30:34.111 +06:00 [INF] [0HNNCG9V1D71D:00000001] Executed DbCommand (5ms) [Parameters=[@___currentUser_UserId_0='00000000-0000-0000-0002-000000000001'], CommandType='"Text"', CommandTimeout='30']
SELECT u."Id", u."CreatedAt", u."DeletedAt", u."Email", u."EmailVerificationExpiry", u."EmailVerificationToken", u."FirstName", u."IsActive", u."IsDeleted", u."IsEmailVerified", u."LastLoginAt", u."LastName", u."OrganizationId", u."PasswordHash", u."PasswordResetExpiry", u."PasswordResetToken", u."ProfilePictureUrl", u."RefreshToken", u."RefreshTokenExpiry", u."Role", u."UpdatedAt", o0."Id", o0."CreatedAt", o0."DeletedAt", o0."Description", o0."IsActive", o0."IsDeleted", o0."LogoUrl", o0."Name", o0."Plan", o0."Slug", o0."UpdatedAt"
FROM "Users" AS u
INNER JOIN (
    SELECT o."Id", o."CreatedAt", o."DeletedAt", o."Description", o."IsActive", o."IsDeleted", o."LogoUrl", o."Name", o."Plan", o."Slug", o."UpdatedAt"
    FROM "Organizations" AS o
    WHERE NOT (o."IsDeleted")
) AS o0 ON u."OrganizationId" = o0."Id"
WHERE NOT (u."IsDeleted") AND u."Id" = @___currentUser_UserId_0
LIMIT 1
2026-07-28 14:30:34.111 +06:00 [INF] [0HNNCG9V1D71F:00000001] Executed DbCommand (4ms) [Parameters=[@___currentUser_UserId_0='00000000-0000-0000-0002-000000000001'], CommandType='"Text"', CommandTimeout='30']
SELECT u."Id", u."CreatedAt", u."DeletedAt", u."Email", u."EmailVerificationExpiry", u."EmailVerificationToken", u."FirstName", u."IsActive", u."IsDeleted", u."IsEmailVerified", u."LastLoginAt", u."LastName", u."OrganizationId", u."PasswordHash", u."PasswordResetExpiry", u."PasswordResetToken", u."ProfilePictureUrl", u."RefreshToken", u."RefreshTokenExpiry", u."Role", u."UpdatedAt", o0."Id", o0."CreatedAt", o0."DeletedAt", o0."Description", o0."IsActive", o0."IsDeleted", o0."LogoUrl", o0."Name", o0."Plan", o0."Slug", o0."UpdatedAt"
FROM "Users" AS u
INNER JOIN (
    SELECT o."Id", o."CreatedAt", o."DeletedAt", o."Description", o."IsActive", o."IsDeleted", o."LogoUrl", o."Name", o."Plan", o."Slug", o."UpdatedAt"
    FROM "Organizations" AS o
    WHERE NOT (o."IsDeleted")
) AS o0 ON u."OrganizationId" = o0."Id"
WHERE NOT (u."IsDeleted") AND u."Id" = @___currentUser_UserId_0
LIMIT 1
2026-07-28 14:30:34.252 +06:00 [INF] [0HNNCG9V1D71D:00000001] Executed DbCommand (3ms) [Parameters=[@___currentUser_OrganizationId_0='00000000-0000-0000-0001-000000000001', @__p_2='50', @__p_1='0'], CommandType='"Text"', CommandTimeout='30']
SELECT a."Id", a."Action", a."CreatedAt", a."EntityId", a."EntityName", a."EntityType", a."Metadata", a."OrganizationId", a."ProjectId", a."UserId", a."UserName"
FROM "ActivityLogs" AS a
WHERE a."OrganizationId" = @___currentUser_OrganizationId_0
ORDER BY a."CreatedAt" DESC
LIMIT @__p_2 OFFSET @__p_1
2026-07-28 14:30:34.252 +06:00 [INF] [0HNNCG9V1D71F:00000001] Executed DbCommand (1ms) [Parameters=[@___currentUser_OrganizationId_0='00000000-0000-0000-0001-000000000001'], CommandType='"Text"', CommandTimeout='30']
SELECT count(*)::int
FROM "Users" AS u
WHERE NOT (u."IsDeleted") AND u."OrganizationId" = @___currentUser_OrganizationId_0
2026-07-28 14:30:34.256 +06:00 [INF] [0HNNCG9V1D71E:00000001] Executed DbCommand (4ms) [Parameters=[@___currentUser_OrganizationId_0='00000000-0000-0000-0001-000000000001'], CommandType='"Text"', CommandTimeout='30']
SELECT count(*)::int
FROM "Projects" AS p
WHERE NOT (p."IsDeleted") AND p."OrganizationId" = @___currentUser_OrganizationId_0
2026-07-28 14:30:34.267 +06:00 [INF] [0HNNCG9V1D71F:00000001] Executed DbCommand (1ms) [Parameters=[@___currentUser_OrganizationId_0='00000000-0000-0000-0001-000000000001', @__p_2='100', @__p_1='0'], CommandType='"Text"', CommandTimeout='30']
SELECT u."Id", u."CreatedAt", u."DeletedAt", u."Email", u."EmailVerificationExpiry", u."EmailVerificationToken", u."FirstName", u."IsActive", u."IsDeleted", u."IsEmailVerified", u."LastLoginAt", u."LastName", u."OrganizationId", u."PasswordHash", u."PasswordResetExpiry", u."PasswordResetToken", u."ProfilePictureUrl", u."RefreshToken", u."RefreshTokenExpiry", u."Role", u."UpdatedAt"
FROM "Users" AS u
WHERE NOT (u."IsDeleted") AND u."OrganizationId" = @___currentUser_OrganizationId_0
ORDER BY u."FirstName", u."LastName"
LIMIT @__p_2 OFFSET @__p_1
2026-07-28 14:30:34.270 +06:00 [INF] [0HNNCG9V1D71F:00000001] Members listed for org "00000000-0000-0000-0001-000000000001" — page 1, 4 results
2026-07-28 14:30:34.305 +06:00 [INF] [0HNNCG9V1D71F:00000001] [0HNNCG9V1D71F:00000001] GET /api/organizations/me/members → 200 (417.6ms)
2026-07-28 14:30:34.305 +06:00 [INF] [0HNNCG9V1D71D:00000001] [0HNNCG9V1D71D:00000001] GET /api/activity → 200 (417.6ms)
2026-07-28 14:30:34.330 +06:00 [INF] [0HNNCG9V1D71E:00000001] Executed DbCommand (6ms) [Parameters=[@___currentUser_OrganizationId_0='00000000-0000-0000-0001-000000000001', @__p_2='100', @__p_1='0'], CommandType='"Text"', CommandTimeout='30']
SELECT p0."Id", p0."CreatedAt", p0."CreatedByUserId", p0."DeletedAt", p0."Description", p0."DueDate", p0."IsDeleted", p0."Name", p0."OrganizationId", p0."ProjectLeadUserId", p0."StartDate", p0."Status", p0."UpdatedAt", u0."Id", u0."CreatedAt", u0."DeletedAt", u0."Email", u0."EmailVerificationExpiry", u0."EmailVerificationToken", u0."FirstName", u0."IsActive", u0."IsDeleted", u0."IsEmailVerified", u0."LastLoginAt", u0."LastName", u0."OrganizationId", u0."PasswordHash", u0."PasswordResetExpiry", u0."PasswordResetToken", u0."ProfilePictureUrl", u0."RefreshToken", u0."RefreshTokenExpiry", u0."Role", u0."UpdatedAt", u2."Id", u2."CreatedAt", u2."DeletedAt", u2."Email", u2."EmailVerificationExpiry", u2."EmailVerificationToken", u2."FirstName", u2."IsActive", u2."IsDeleted", u2."IsEmailVerified", u2."LastLoginAt", u2."LastName", u2."OrganizationId", u2."PasswordHash", u2."PasswordResetExpiry", u2."PasswordResetToken", u2."ProfilePictureUrl", u2."RefreshToken", u2."RefreshTokenExpiry", u2."Role", u2."UpdatedAt", t0."Id", t0."ActualMinutes", t0."AssignedToUserId", t0."CompletedAt", t0."CreatedAt", t0."CreatedByUserId", t0."DeletedAt", t0."Description", t0."DueDate", t0."EstimatedMinutes", t0."IsDeleted", t0."OrderIndex", t0."OrganizationId", t0."ParentTaskId", t0."Priority", t0."ProjectId", t0."StartDate", t0."Status", t0."Title", t0."UpdatedAt"
FROM (
    SELECT p."Id", p."CreatedAt", p."CreatedByUserId", p."DeletedAt", p."Description", p."DueDate", p."IsDeleted", p."Name", p."OrganizationId", p."ProjectLeadUserId", p."StartDate", p."Status", p."UpdatedAt"
    FROM "Projects" AS p
    WHERE NOT (p."IsDeleted") AND p."OrganizationId" = @___currentUser_OrganizationId_0
    ORDER BY p."CreatedAt" DESC
    LIMIT @__p_2 OFFSET @__p_1
) AS p0
INNER JOIN (
    SELECT u."Id", u."CreatedAt", u."DeletedAt", u."Email", u."EmailVerificationExpiry", u."EmailVerificationToken", u."FirstName", u."IsActive", u."IsDeleted", u."IsEmailVerified", u."LastLoginAt", u."LastName", u."OrganizationId", u."PasswordHash", u."PasswordResetExpiry", u."PasswordResetToken", u."ProfilePictureUrl", u."RefreshToken", u."RefreshTokenExpiry", u."Role", u."UpdatedAt"
    FROM "Users" AS u
    WHERE NOT (u."IsDeleted")
) AS u0 ON p0."CreatedByUserId" = u0."Id"
LEFT JOIN (
    SELECT u1."Id", u1."CreatedAt", u1."DeletedAt", u1."Email", u1."EmailVerificationExpiry", u1."EmailVerificationToken", u1."FirstName", u1."IsActive", u1."IsDeleted", u1."IsEmailVerified", u1."LastLoginAt", u1."LastName", u1."OrganizationId", u1."PasswordHash", u1."PasswordResetExpiry", u1."PasswordResetToken", u1."ProfilePictureUrl", u1."RefreshToken", u1."RefreshTokenExpiry", u1."Role", u1."UpdatedAt"
    FROM "Users" AS u1
    WHERE NOT (u1."IsDeleted")
) AS u2 ON p0."ProjectLeadUserId" = u2."Id"
LEFT JOIN (
    SELECT t."Id", t."ActualMinutes", t."AssignedToUserId", t."CompletedAt", t."CreatedAt", t."CreatedByUserId", t."DeletedAt", t."Description", t."DueDate", t."EstimatedMinutes", t."IsDeleted", t."OrderIndex", t."OrganizationId", t."ParentTaskId", t."Priority", t."ProjectId", t."StartDate", t."Status", t."Title", t."UpdatedAt"
    FROM "Tasks" AS t
    WHERE NOT (t."IsDeleted")
) AS t0 ON p0."Id" = t0."ProjectId"
ORDER BY p0."CreatedAt" DESC, p0."Id", u0."Id", u2."Id"
2026-07-28 14:30:34.388 +06:00 [INF] [0HNNCG9V1D71E:00000001] Projects listed for org "00000000-0000-0000-0001-000000000001" — 5 results
2026-07-28 14:30:34.393 +06:00 [INF] [0HNNCG9V1D71E:00000001] [0HNNCG9V1D71E:00000001] GET /api/projects → 200 (508.1ms)
2026-07-28 14:31:09.060 +06:00 [DBG] [0HNNCG9V1D71G:00000001] Permission granted: Owner → projects.view
2026-07-28 14:31:09.060 +06:00 [DBG] [0HNNCG9V1D71H:00000001] Permission granted: Owner → projects.view
2026-07-28 14:31:09.060 +06:00 [DBG] [0HNNCG9V1D71I:00000001] Permission granted: Owner → members.view
2026-07-28 14:31:09.167 +06:00 [INF] [0HNNCG9V1D71I:00000001] Executed DbCommand (1ms) [Parameters=[@___currentUser_UserId_0='00000000-0000-0000-0002-000000000001'], CommandType='"Text"', CommandTimeout='30']
SELECT u."Id", u."CreatedAt", u."DeletedAt", u."Email", u."EmailVerificationExpiry", u."EmailVerificationToken", u."FirstName", u."IsActive", u."IsDeleted", u."IsEmailVerified", u."LastLoginAt", u."LastName", u."OrganizationId", u."PasswordHash", u."PasswordResetExpiry", u."PasswordResetToken", u."ProfilePictureUrl", u."RefreshToken", u."RefreshTokenExpiry", u."Role", u."UpdatedAt", o0."Id", o0."CreatedAt", o0."DeletedAt", o0."Description", o0."IsActive", o0."IsDeleted", o0."LogoUrl", o0."Name", o0."Plan", o0."Slug", o0."UpdatedAt"
FROM "Users" AS u
INNER JOIN (
    SELECT o."Id", o."CreatedAt", o."DeletedAt", o."Description", o."IsActive", o."IsDeleted", o."LogoUrl", o."Name", o."Plan", o."Slug", o."UpdatedAt"
    FROM "Organizations" AS o
    WHERE NOT (o."IsDeleted")
) AS o0 ON u."OrganizationId" = o0."Id"
WHERE NOT (u."IsDeleted") AND u."Id" = @___currentUser_UserId_0
LIMIT 1
2026-07-28 14:31:09.167 +06:00 [INF] [0HNNCG9V1D71H:00000001] Executed DbCommand (1ms) [Parameters=[@___currentUser_UserId_0='00000000-0000-0000-0002-000000000001'], CommandType='"Text"', CommandTimeout='30']
SELECT u."Id", u."CreatedAt", u."DeletedAt", u."Email", u."EmailVerificationExpiry", u."EmailVerificationToken", u."FirstName", u."IsActive", u."IsDeleted", u."IsEmailVerified", u."LastLoginAt", u."LastName", u."OrganizationId", u."PasswordHash", u."PasswordResetExpiry", u."PasswordResetToken", u."ProfilePictureUrl", u."RefreshToken", u."RefreshTokenExpiry", u."Role", u."UpdatedAt", o0."Id", o0."CreatedAt", o0."DeletedAt", o0."Description", o0."IsActive", o0."IsDeleted", o0."LogoUrl", o0."Name", o0."Plan", o0."Slug", o0."UpdatedAt"
FROM "Users" AS u
INNER JOIN (
    SELECT o."Id", o."CreatedAt", o."DeletedAt", o."Description", o."IsActive", o."IsDeleted", o."LogoUrl", o."Name", o."Plan", o."Slug", o."UpdatedAt"
    FROM "Organizations" AS o
    WHERE NOT (o."IsDeleted")
) AS o0 ON u."OrganizationId" = o0."Id"
WHERE NOT (u."IsDeleted") AND u."Id" = @___currentUser_UserId_0
LIMIT 1
2026-07-28 14:31:09.167 +06:00 [INF] [0HNNCG9V1D71G:00000001] Executed DbCommand (1ms) [Parameters=[@___currentUser_UserId_0='00000000-0000-0000-0002-000000000001'], CommandType='"Text"', CommandTimeout='30']
SELECT u."Id", u."CreatedAt", u."DeletedAt", u."Email", u."EmailVerificationExpiry", u."EmailVerificationToken", u."FirstName", u."IsActive", u."IsDeleted", u."IsEmailVerified", u."LastLoginAt", u."LastName", u."OrganizationId", u."PasswordHash", u."PasswordResetExpiry", u."PasswordResetToken", u."ProfilePictureUrl", u."RefreshToken", u."RefreshTokenExpiry", u."Role", u."UpdatedAt", o0."Id", o0."CreatedAt", o0."DeletedAt", o0."Description", o0."IsActive", o0."IsDeleted", o0."LogoUrl", o0."Name", o0."Plan", o0."Slug", o0."UpdatedAt"
FROM "Users" AS u
INNER JOIN (
    SELECT o."Id", o."CreatedAt", o."DeletedAt", o."Description", o."IsActive", o."IsDeleted", o."LogoUrl", o."Name", o."Plan", o."Slug", o."UpdatedAt"
    FROM "Organizations" AS o
    WHERE NOT (o."IsDeleted")
) AS o0 ON u."OrganizationId" = o0."Id"
WHERE NOT (u."IsDeleted") AND u."Id" = @___currentUser_UserId_0
LIMIT 1
2026-07-28 14:31:09.172 +06:00 [INF] [0HNNCG9V1D71H:00000001] Executed DbCommand (1ms) [Parameters=[@___currentUser_OrganizationId_0='00000000-0000-0000-0001-000000000001'], CommandType='"Text"', CommandTimeout='30']
SELECT count(*)::int
FROM "Projects" AS p
WHERE NOT (p."IsDeleted") AND p."OrganizationId" = @___currentUser_OrganizationId_0
2026-07-28 14:31:09.173 +06:00 [INF] [0HNNCG9V1D71I:00000001] Executed DbCommand (1ms) [Parameters=[@___currentUser_OrganizationId_0='00000000-0000-0000-0001-000000000001'], CommandType='"Text"', CommandTimeout='30']
SELECT count(*)::int
FROM "Users" AS u
WHERE NOT (u."IsDeleted") AND u."OrganizationId" = @___currentUser_OrganizationId_0
2026-07-28 14:31:09.176 +06:00 [INF] [0HNNCG9V1D71H:00000001] Executed DbCommand (2ms) [Parameters=[@___currentUser_OrganizationId_0='00000000-0000-0000-0001-000000000001', @__p_2='100', @__p_1='0'], CommandType='"Text"', CommandTimeout='30']
SELECT p0."Id", p0."CreatedAt", p0."CreatedByUserId", p0."DeletedAt", p0."Description", p0."DueDate", p0."IsDeleted", p0."Name", p0."OrganizationId", p0."ProjectLeadUserId", p0."StartDate", p0."Status", p0."UpdatedAt", u0."Id", u0."CreatedAt", u0."DeletedAt", u0."Email", u0."EmailVerificationExpiry", u0."EmailVerificationToken", u0."FirstName", u0."IsActive", u0."IsDeleted", u0."IsEmailVerified", u0."LastLoginAt", u0."LastName", u0."OrganizationId", u0."PasswordHash", u0."PasswordResetExpiry", u0."PasswordResetToken", u0."ProfilePictureUrl", u0."RefreshToken", u0."RefreshTokenExpiry", u0."Role", u0."UpdatedAt", u2."Id", u2."CreatedAt", u2."DeletedAt", u2."Email", u2."EmailVerificationExpiry", u2."EmailVerificationToken", u2."FirstName", u2."IsActive", u2."IsDeleted", u2."IsEmailVerified", u2."LastLoginAt", u2."LastName", u2."OrganizationId", u2."PasswordHash", u2."PasswordResetExpiry", u2."PasswordResetToken", u2."ProfilePictureUrl", u2."RefreshToken", u2."RefreshTokenExpiry", u2."Role", u2."UpdatedAt", t0."Id", t0."ActualMinutes", t0."AssignedToUserId", t0."CompletedAt", t0."CreatedAt", t0."CreatedByUserId", t0."DeletedAt", t0."Description", t0."DueDate", t0."EstimatedMinutes", t0."IsDeleted", t0."OrderIndex", t0."OrganizationId", t0."ParentTaskId", t0."Priority", t0."ProjectId", t0."StartDate", t0."Status", t0."Title", t0."UpdatedAt"
FROM (
    SELECT p."Id", p."CreatedAt", p."CreatedByUserId", p."DeletedAt", p."Description", p."DueDate", p."IsDeleted", p."Name", p."OrganizationId", p."ProjectLeadUserId", p."StartDate", p."Status", p."UpdatedAt"
    FROM "Projects" AS p
    WHERE NOT (p."IsDeleted") AND p."OrganizationId" = @___currentUser_OrganizationId_0
    ORDER BY p."CreatedAt" DESC
    LIMIT @__p_2 OFFSET @__p_1
) AS p0
INNER JOIN (
    SELECT u."Id", u."CreatedAt", u."DeletedAt", u."Email", u."EmailVerificationExpiry", u."EmailVerificationToken", u."FirstName", u."IsActive", u."IsDeleted", u."IsEmailVerified", u."LastLoginAt", u."LastName", u."OrganizationId", u."PasswordHash", u."PasswordResetExpiry", u."PasswordResetToken", u."ProfilePictureUrl", u."RefreshToken", u."RefreshTokenExpiry", u."Role", u."UpdatedAt"
    FROM "Users" AS u
    WHERE NOT (u."IsDeleted")
) AS u0 ON p0."CreatedByUserId" = u0."Id"
LEFT JOIN (
    SELECT u1."Id", u1."CreatedAt", u1."DeletedAt", u1."Email", u1."EmailVerificationExpiry", u1."EmailVerificationToken", u1."FirstName", u1."IsActive", u1."IsDeleted", u1."IsEmailVerified", u1."LastLoginAt", u1."LastName", u1."OrganizationId", u1."PasswordHash", u1."PasswordResetExpiry", u1."PasswordResetToken", u1."ProfilePictureUrl", u1."RefreshToken", u1."RefreshTokenExpiry", u1."Role", u1."UpdatedAt"
    FROM "Users" AS u1
    WHERE NOT (u1."IsDeleted")
) AS u2 ON p0."ProjectLeadUserId" = u2."Id"
LEFT JOIN (
    SELECT t."Id", t."ActualMinutes", t."AssignedToUserId", t."CompletedAt", t."CreatedAt", t."CreatedByUserId", t."DeletedAt", t."Description", t."DueDate", t."EstimatedMinutes", t."IsDeleted", t."OrderIndex", t."OrganizationId", t."ParentTaskId", t."Priority", t."ProjectId", t."StartDate", t."Status", t."Title", t."UpdatedAt"
    FROM "Tasks" AS t
    WHERE NOT (t."IsDeleted")
) AS t0 ON p0."Id" = t0."ProjectId"
ORDER BY p0."CreatedAt" DESC, p0."Id", u0."Id", u2."Id"
2026-07-28 14:31:09.176 +06:00 [INF] [0HNNCG9V1D71I:00000001] Executed DbCommand (1ms) [Parameters=[@___currentUser_OrganizationId_0='00000000-0000-0000-0001-000000000001', @__p_2='100', @__p_1='0'], CommandType='"Text"', CommandTimeout='30']
SELECT u."Id", u."CreatedAt", u."DeletedAt", u."Email", u."EmailVerificationExpiry", u."EmailVerificationToken", u."FirstName", u."IsActive", u."IsDeleted", u."IsEmailVerified", u."LastLoginAt", u."LastName", u."OrganizationId", u."PasswordHash", u."PasswordResetExpiry", u."PasswordResetToken", u."ProfilePictureUrl", u."RefreshToken", u."RefreshTokenExpiry", u."Role", u."UpdatedAt"
FROM "Users" AS u
WHERE NOT (u."IsDeleted") AND u."OrganizationId" = @___currentUser_OrganizationId_0
ORDER BY u."FirstName", u."LastName"
LIMIT @__p_2 OFFSET @__p_1
2026-07-28 14:31:09.177 +06:00 [INF] [0HNNCG9V1D71G:00000001] Executed DbCommand (5ms) [Parameters=[@___currentUser_OrganizationId_0='00000000-0000-0000-0001-000000000001', @__p_2='50', @__p_1='0'], CommandType='"Text"', CommandTimeout='30']
SELECT a."Id", a."Action", a."CreatedAt", a."EntityId", a."EntityName", a."EntityType", a."Metadata", a."OrganizationId", a."ProjectId", a."UserId", a."UserName"
FROM "ActivityLogs" AS a
WHERE a."OrganizationId" = @___currentUser_OrganizationId_0
ORDER BY a."CreatedAt" DESC
LIMIT @__p_2 OFFSET @__p_1
2026-07-28 14:31:09.178 +06:00 [INF] [0HNNCG9V1D71I:00000001] Members listed for org "00000000-0000-0000-0001-000000000001" — page 1, 4 results
2026-07-28 14:31:09.179 +06:00 [INF] [0HNNCG9V1D71I:00000001] [0HNNCG9V1D71I:00000001] GET /api/organizations/me/members → 200 (122.5ms)
2026-07-28 14:31:09.179 +06:00 [INF] [0HNNCG9V1D71G:00000001] [0HNNCG9V1D71G:00000001] GET /api/activity → 200 (123.6ms)
2026-07-28 14:31:09.185 +06:00 [INF] [0HNNCG9V1D71H:00000001] Projects listed for org "00000000-0000-0000-0001-000000000001" — 5 results
2026-07-28 14:31:09.187 +06:00 [INF] [0HNNCG9V1D71H:00000001] [0HNNCG9V1D71H:00000001] GET /api/projects → 200 (131.3ms)
2026-07-28 14:31:15.630 +06:00 [DBG] [0HNNCG9V1D71J:00000001] Permission granted: Owner → projects.view
2026-07-28 14:31:15.634 +06:00 [INF] [0HNNCG9V1D71J:00000001] Executed DbCommand (1ms) [Parameters=[@___currentUser_UserId_0='00000000-0000-0000-0002-000000000001'], CommandType='"Text"', CommandTimeout='30']
SELECT u."Id", u."CreatedAt", u."DeletedAt", u."Email", u."EmailVerificationExpiry", u."EmailVerificationToken", u."FirstName", u."IsActive", u."IsDeleted", u."IsEmailVerified", u."LastLoginAt", u."LastName", u."OrganizationId", u."PasswordHash", u."PasswordResetExpiry", u."PasswordResetToken", u."ProfilePictureUrl", u."RefreshToken", u."RefreshTokenExpiry", u."Role", u."UpdatedAt", o0."Id", o0."CreatedAt", o0."DeletedAt", o0."Description", o0."IsActive", o0."IsDeleted", o0."LogoUrl", o0."Name", o0."Plan", o0."Slug", o0."UpdatedAt"
FROM "Users" AS u
INNER JOIN (
    SELECT o."Id", o."CreatedAt", o."DeletedAt", o."Description", o."IsActive", o."IsDeleted", o."LogoUrl", o."Name", o."Plan", o."Slug", o."UpdatedAt"
    FROM "Organizations" AS o
    WHERE NOT (o."IsDeleted")
) AS o0 ON u."OrganizationId" = o0."Id"
WHERE NOT (u."IsDeleted") AND u."Id" = @___currentUser_UserId_0
LIMIT 1
2026-07-28 14:31:15.646 +06:00 [INF] [0HNNCG9V1D71J:00000001] Executed DbCommand (5ms) [Parameters=[@___currentUser_OrganizationId_0='00000000-0000-0000-0001-000000000001'], CommandType='"Text"', CommandTimeout='30']
SELECT count(*)::int
FROM "Projects" AS p
WHERE NOT (p."IsDeleted") AND p."OrganizationId" = @___currentUser_OrganizationId_0
2026-07-28 14:31:15.650 +06:00 [INF] [0HNNCG9V1D71J:00000001] Executed DbCommand (3ms) [Parameters=[@___currentUser_OrganizationId_0='00000000-0000-0000-0001-000000000001', @__p_2='100', @__p_1='0'], CommandType='"Text"', CommandTimeout='30']
SELECT p0."Id", p0."CreatedAt", p0."CreatedByUserId", p0."DeletedAt", p0."Description", p0."DueDate", p0."IsDeleted", p0."Name", p0."OrganizationId", p0."ProjectLeadUserId", p0."StartDate", p0."Status", p0."UpdatedAt", u0."Id", u0."CreatedAt", u0."DeletedAt", u0."Email", u0."EmailVerificationExpiry", u0."EmailVerificationToken", u0."FirstName", u0."IsActive", u0."IsDeleted", u0."IsEmailVerified", u0."LastLoginAt", u0."LastName", u0."OrganizationId", u0."PasswordHash", u0."PasswordResetExpiry", u0."PasswordResetToken", u0."ProfilePictureUrl", u0."RefreshToken", u0."RefreshTokenExpiry", u0."Role", u0."UpdatedAt", u2."Id", u2."CreatedAt", u2."DeletedAt", u2."Email", u2."EmailVerificationExpiry", u2."EmailVerificationToken", u2."FirstName", u2."IsActive", u2."IsDeleted", u2."IsEmailVerified", u2."LastLoginAt", u2."LastName", u2."OrganizationId", u2."PasswordHash", u2."PasswordResetExpiry", u2."PasswordResetToken", u2."ProfilePictureUrl", u2."RefreshToken", u2."RefreshTokenExpiry", u2."Role", u2."UpdatedAt", t0."Id", t0."ActualMinutes", t0."AssignedToUserId", t0."CompletedAt", t0."CreatedAt", t0."CreatedByUserId", t0."DeletedAt", t0."Description", t0."DueDate", t0."EstimatedMinutes", t0."IsDeleted", t0."OrderIndex", t0."OrganizationId", t0."ParentTaskId", t0."Priority", t0."ProjectId", t0."StartDate", t0."Status", t0."Title", t0."UpdatedAt"
FROM (
    SELECT p."Id", p."CreatedAt", p."CreatedByUserId", p."DeletedAt", p."Description", p."DueDate", p."IsDeleted", p."Name", p."OrganizationId", p."ProjectLeadUserId", p."StartDate", p."Status", p."UpdatedAt"
    FROM "Projects" AS p
    WHERE NOT (p."IsDeleted") AND p."OrganizationId" = @___currentUser_OrganizationId_0
    ORDER BY p."CreatedAt" DESC
    LIMIT @__p_2 OFFSET @__p_1
) AS p0
INNER JOIN (
    SELECT u."Id", u."CreatedAt", u."DeletedAt", u."Email", u."EmailVerificationExpiry", u."EmailVerificationToken", u."FirstName", u."IsActive", u."IsDeleted", u."IsEmailVerified", u."LastLoginAt", u."LastName", u."OrganizationId", u."PasswordHash", u."PasswordResetExpiry", u."PasswordResetToken", u."ProfilePictureUrl", u."RefreshToken", u."RefreshTokenExpiry", u."Role", u."UpdatedAt"
    FROM "Users" AS u
    WHERE NOT (u."IsDeleted")
) AS u0 ON p0."CreatedByUserId" = u0."Id"
LEFT JOIN (
    SELECT u1."Id", u1."CreatedAt", u1."DeletedAt", u1."Email", u1."EmailVerificationExpiry", u1."EmailVerificationToken", u1."FirstName", u1."IsActive", u1."IsDeleted", u1."IsEmailVerified", u1."LastLoginAt", u1."LastName", u1."OrganizationId", u1."PasswordHash", u1."PasswordResetExpiry", u1."PasswordResetToken", u1."ProfilePictureUrl", u1."RefreshToken", u1."RefreshTokenExpiry", u1."Role", u1."UpdatedAt"
    FROM "Users" AS u1
    WHERE NOT (u1."IsDeleted")
) AS u2 ON p0."ProjectLeadUserId" = u2."Id"
LEFT JOIN (
    SELECT t."Id", t."ActualMinutes", t."AssignedToUserId", t."CompletedAt", t."CreatedAt", t."CreatedByUserId", t."DeletedAt", t."Description", t."DueDate", t."EstimatedMinutes", t."IsDeleted", t."OrderIndex", t."OrganizationId", t."ParentTaskId", t."Priority", t."ProjectId", t."StartDate", t."Status", t."Title", t."UpdatedAt"
    FROM "Tasks" AS t
    WHERE NOT (t."IsDeleted")
) AS t0 ON p0."Id" = t0."ProjectId"
ORDER BY p0."CreatedAt" DESC, p0."Id", u0."Id", u2."Id"
2026-07-28 14:31:15.651 +06:00 [INF] [0HNNCG9V1D71J:00000001] Projects listed for org "00000000-0000-0000-0001-000000000001" — 5 results
2026-07-28 14:31:15.652 +06:00 [INF] [0HNNCG9V1D71J:00000001] [0HNNCG9V1D71J:00000001] GET /api/projects → 200 (23.7ms)
2026-07-28 14:31:16.386 +06:00 [DBG] [0HNNCG9V1D71K:00000001] Permission granted: Owner → tasks.view
2026-07-28 14:31:16.389 +06:00 [INF] [0HNNCG9V1D71K:00000001] Executed DbCommand (1ms) [Parameters=[@___currentUser_UserId_0='00000000-0000-0000-0002-000000000001'], CommandType='"Text"', CommandTimeout='30']
SELECT u."Id", u."CreatedAt", u."DeletedAt", u."Email", u."EmailVerificationExpiry", u."EmailVerificationToken", u."FirstName", u."IsActive", u."IsDeleted", u."IsEmailVerified", u."LastLoginAt", u."LastName", u."OrganizationId", u."PasswordHash", u."PasswordResetExpiry", u."PasswordResetToken", u."ProfilePictureUrl", u."RefreshToken", u."RefreshTokenExpiry", u."Role", u."UpdatedAt", o0."Id", o0."CreatedAt", o0."DeletedAt", o0."Description", o0."IsActive", o0."IsDeleted", o0."LogoUrl", o0."Name", o0."Plan", o0."Slug", o0."UpdatedAt"
FROM "Users" AS u
INNER JOIN (
    SELECT o."Id", o."CreatedAt", o."DeletedAt", o."Description", o."IsActive", o."IsDeleted", o."LogoUrl", o."Name", o."Plan", o."Slug", o."UpdatedAt"
    FROM "Organizations" AS o
    WHERE NOT (o."IsDeleted")
) AS o0 ON u."OrganizationId" = o0."Id"
WHERE NOT (u."IsDeleted") AND u."Id" = @___currentUser_UserId_0
LIMIT 1
2026-07-28 14:31:16.422 +06:00 [INF] [0HNNCG9V1D71K:00000001] Executed DbCommand (1ms) [Parameters=[@__projectId_0='ddbb73fc-fbf4-4ac9-ae76-bcf743f16cd4'], CommandType='"Text"', CommandTimeout='30']
SELECT p."Id", p."CreatedAt", p."CreatedByUserId", p."DeletedAt", p."Description", p."DueDate", p."IsDeleted", p."Name", p."OrganizationId", p."ProjectLeadUserId", p."StartDate", p."Status", p."UpdatedAt"
FROM "Projects" AS p
WHERE NOT (p."IsDeleted") AND p."Id" = @__projectId_0
LIMIT 1
2026-07-28 14:31:16.431 +06:00 [INF] [0HNNCG9V1D71K:00000001] Executed DbCommand (1ms) [Parameters=[@__projectId_0='ddbb73fc-fbf4-4ac9-ae76-bcf743f16cd4'], CommandType='"Text"', CommandTimeout='30']
SELECT count(*)::int
FROM "Tasks" AS t
WHERE NOT (t."IsDeleted") AND t."ProjectId" = @__projectId_0
2026-07-28 14:31:16.470 +06:00 [WRN] [0HNNCG9V1D71K:00000001] Compiling a query which loads related collections for more than one collection navigation, either via 'Include' or through projection, but no 'QuerySplittingBehavior' has been configured. By default, Entity Framework will use 'QuerySplittingBehavior.SingleQuery', which can potentially result in slow query performance. See https://go.microsoft.com/fwlink/?linkid=2134277 for more information. To identify the query that's triggering this warning call 'ConfigureWarnings(w => w.Throw(RelationalEventId.MultipleCollectionIncludeWarning))'.
2026-07-28 14:31:16.514 +06:00 [DBG] [0HNNCG9V1D71L:00000001] Permission granted: Owner → tasks.view
2026-07-28 14:31:16.516 +06:00 [INF] [0HNNCG9V1D71L:00000001] Executed DbCommand (1ms) [Parameters=[@___currentUser_UserId_0='00000000-0000-0000-0002-000000000001'], CommandType='"Text"', CommandTimeout='30']
SELECT u."Id", u."CreatedAt", u."DeletedAt", u."Email", u."EmailVerificationExpiry", u."EmailVerificationToken", u."FirstName", u."IsActive", u."IsDeleted", u."IsEmailVerified", u."LastLoginAt", u."LastName", u."OrganizationId", u."PasswordHash", u."PasswordResetExpiry", u."PasswordResetToken", u."ProfilePictureUrl", u."RefreshToken", u."RefreshTokenExpiry", u."Role", u."UpdatedAt", o0."Id", o0."CreatedAt", o0."DeletedAt", o0."Description", o0."IsActive", o0."IsDeleted", o0."LogoUrl", o0."Name", o0."Plan", o0."Slug", o0."UpdatedAt"
FROM "Users" AS u
INNER JOIN (
    SELECT o."Id", o."CreatedAt", o."DeletedAt", o."Description", o."IsActive", o."IsDeleted", o."LogoUrl", o."Name", o."Plan", o."Slug", o."UpdatedAt"
    FROM "Organizations" AS o
    WHERE NOT (o."IsDeleted")
) AS o0 ON u."OrganizationId" = o0."Id"
WHERE NOT (u."IsDeleted") AND u."Id" = @___currentUser_UserId_0
LIMIT 1
2026-07-28 14:31:16.518 +06:00 [INF] [0HNNCG9V1D71L:00000001] Executed DbCommand (1ms) [Parameters=[@__projectId_0='00000000-0000-0000-0003-000000000001'], CommandType='"Text"', CommandTimeout='30']
SELECT p."Id", p."CreatedAt", p."CreatedByUserId", p."DeletedAt", p."Description", p."DueDate", p."IsDeleted", p."Name", p."OrganizationId", p."ProjectLeadUserId", p."StartDate", p."Status", p."UpdatedAt"
FROM "Projects" AS p
WHERE NOT (p."IsDeleted") AND p."Id" = @__projectId_0
LIMIT 1
2026-07-28 14:31:16.520 +06:00 [INF] [0HNNCG9V1D71L:00000001] Executed DbCommand (1ms) [Parameters=[@__projectId_0='00000000-0000-0000-0003-000000000001'], CommandType='"Text"', CommandTimeout='30']
SELECT count(*)::int
FROM "Tasks" AS t
WHERE NOT (t."IsDeleted") AND t."ProjectId" = @__projectId_0
2026-07-28 14:31:16.570 +06:00 [INF] [0HNNCG9V1D71L:00000001] Executed DbCommand (8ms) [Parameters=[@__projectId_0='00000000-0000-0000-0003-000000000001', @__p_2='100', @__p_1='0'], CommandType='"Text"', CommandTimeout='30']
SELECT t0."Id", t0."ActualMinutes", t0."AssignedToUserId", t0."CompletedAt", t0."CreatedAt", t0."CreatedByUserId", t0."DeletedAt", t0."Description", t0."DueDate", t0."EstimatedMinutes", t0."IsDeleted", t0."OrderIndex", t0."OrganizationId", t0."ParentTaskId", t0."Priority", t0."ProjectId", t0."StartDate", t0."Status", t0."Title", t0."UpdatedAt", u0."Id", u0."CreatedAt", u0."DeletedAt", u0."Email", u0."EmailVerificationExpiry", u0."EmailVerificationToken", u0."FirstName", u0."IsActive", u0."IsDeleted", u0."IsEmailVerified", u0."LastLoginAt", u0."LastName", u0."OrganizationId", u0."PasswordHash", u0."PasswordResetExpiry", u0."PasswordResetToken", u0."ProfilePictureUrl", u0."RefreshToken", u0."RefreshTokenExpiry", u0."Role", u0."UpdatedAt", u2."Id", u2."CreatedAt", u2."DeletedAt", u2."Email", u2."EmailVerificationExpiry", u2."EmailVerificationToken", u2."FirstName", u2."IsActive", u2."IsDeleted", u2."IsEmailVerified", u2."LastLoginAt", u2."LastName", u2."OrganizationId", u2."PasswordHash", u2."PasswordResetExpiry", u2."PasswordResetToken", u2."ProfilePictureUrl", u2."RefreshToken", u2."RefreshTokenExpiry", u2."Role", u2."UpdatedAt", p0."Id", p0."CreatedAt", p0."CreatedByUserId", p0."DeletedAt", p0."Description", p0."DueDate", p0."IsDeleted", p0."Name", p0."OrganizationId", p0."ProjectLeadUserId", p0."StartDate", p0."Status", p0."UpdatedAt", s."TaskId", s."UserId", s."AssignedAt", s."AssignedByUserId", s."Id", s."CreatedAt", s."DeletedAt", s."Email", s."EmailVerificationExpiry", s."EmailVerificationToken", s."FirstName", s."IsActive", s."IsDeleted", s."IsEmailVerified", s."LastLoginAt", s."LastName", s."OrganizationId", s."PasswordHash", s."PasswordResetExpiry", s."PasswordResetToken", s."ProfilePictureUrl", s."RefreshToken", s."RefreshTokenExpiry", s."Role", s."UpdatedAt", t3."Id", t3."ActualMinutes", t3."AssignedToUserId", t3."CompletedAt", t3."CreatedAt", t3."CreatedByUserId", t3."DeletedAt", t3."Description", t3."DueDate", t3."EstimatedMinutes", t3."IsDeleted", t3."OrderIndex", t3."OrganizationId", t3."ParentTaskId", t3."Priority", t3."ProjectId", t3."StartDate", t3."Status", t3."Title", t3."UpdatedAt"
FROM (
    SELECT t."Id", t."ActualMinutes", t."AssignedToUserId", t."CompletedAt", t."CreatedAt", t."CreatedByUserId", t."DeletedAt", t."Description", t."DueDate", t."EstimatedMinutes", t."IsDeleted", t."OrderIndex", t."OrganizationId", t."ParentTaskId", t."Priority", t."ProjectId", t."StartDate", t."Status", t."Title", t."UpdatedAt"
    FROM "Tasks" AS t
    WHERE NOT (t."IsDeleted") AND t."ProjectId" = @__projectId_0
    ORDER BY t."OrderIndex"
    LIMIT @__p_2 OFFSET @__p_1
) AS t0
INNER JOIN (
    SELECT u."Id", u."CreatedAt", u."DeletedAt", u."Email", u."EmailVerificationExpiry", u."EmailVerificationToken", u."FirstName", u."IsActive", u."IsDeleted", u."IsEmailVerified", u."LastLoginAt", u."LastName", u."OrganizationId", u."PasswordHash", u."PasswordResetExpiry", u."PasswordResetToken", u."ProfilePictureUrl", u."RefreshToken", u."RefreshTokenExpiry", u."Role", u."UpdatedAt"
    FROM "Users" AS u
    WHERE NOT (u."IsDeleted")
) AS u0 ON t0."CreatedByUserId" = u0."Id"
LEFT JOIN (
    SELECT u1."Id", u1."CreatedAt", u1."DeletedAt", u1."Email", u1."EmailVerificationExpiry", u1."EmailVerificationToken", u1."FirstName", u1."IsActive", u1."IsDeleted", u1."IsEmailVerified", u1."LastLoginAt", u1."LastName", u1."OrganizationId", u1."PasswordHash", u1."PasswordResetExpiry", u1."PasswordResetToken", u1."ProfilePictureUrl", u1."RefreshToken", u1."RefreshTokenExpiry", u1."Role", u1."UpdatedAt"
    FROM "Users" AS u1
    WHERE NOT (u1."IsDeleted")
) AS u2 ON t0."AssignedToUserId" = u2."Id"
INNER JOIN (
    SELECT p."Id", p."CreatedAt", p."CreatedByUserId", p."DeletedAt", p."Description", p."DueDate", p."IsDeleted", p."Name", p."OrganizationId", p."ProjectLeadUserId", p."StartDate", p."Status", p."UpdatedAt"
    FROM "Projects" AS p
    WHERE NOT (p."IsDeleted")
) AS p0 ON t0."ProjectId" = p0."Id"
LEFT JOIN (
    SELECT t1."TaskId", t1."UserId", t1."AssignedAt", t1."AssignedByUserId", u4."Id", u4."CreatedAt", u4."DeletedAt", u4."Email", u4."EmailVerificationExpiry", u4."EmailVerificationToken", u4."FirstName", u4."IsActive", u4."IsDeleted", u4."IsEmailVerified", u4."LastLoginAt", u4."LastName", u4."OrganizationId", u4."PasswordHash", u4."PasswordResetExpiry", u4."PasswordResetToken", u4."ProfilePictureUrl", u4."RefreshToken", u4."RefreshTokenExpiry", u4."Role", u4."UpdatedAt"
    FROM "TaskAssignees" AS t1
    INNER JOIN (
        SELECT u3."Id", u3."CreatedAt", u3."DeletedAt", u3."Email", u3."EmailVerificationExpiry", u3."EmailVerificationToken", u3."FirstName", u3."IsActive", u3."IsDeleted", u3."IsEmailVerified", u3."LastLoginAt", u3."LastName", u3."OrganizationId", u3."PasswordHash", u3."PasswordResetExpiry", u3."PasswordResetToken", u3."ProfilePictureUrl", u3."RefreshToken", u3."RefreshTokenExpiry", u3."Role", u3."UpdatedAt"
        FROM "Users" AS u3
        WHERE NOT (u3."IsDeleted")
    ) AS u4 ON t1."UserId" = u4."Id"
) AS s ON t0."Id" = s."TaskId"
LEFT JOIN (
    SELECT t2."Id", t2."ActualMinutes", t2."AssignedToUserId", t2."CompletedAt", t2."CreatedAt", t2."CreatedByUserId", t2."DeletedAt", t2."Description", t2."DueDate", t2."EstimatedMinutes", t2."IsDeleted", t2."OrderIndex", t2."OrganizationId", t2."ParentTaskId", t2."Priority", t2."ProjectId", t2."StartDate", t2."Status", t2."Title", t2."UpdatedAt"
    FROM "Tasks" AS t2
    WHERE NOT (t2."IsDeleted")
) AS t3 ON t0."Id" = t3."ParentTaskId"
ORDER BY t0."OrderIndex", t0."Id", u0."Id", u2."Id", p0."Id", s."TaskId", s."UserId", s."Id"
2026-07-28 14:31:16.581 +06:00 [INF] [0HNNCG9V1D71K:00000001] Executed DbCommand (19ms) [Parameters=[@__projectId_0='ddbb73fc-fbf4-4ac9-ae76-bcf743f16cd4', @__p_2='100', @__p_1='0'], CommandType='"Text"', CommandTimeout='30']
SELECT t0."Id", t0."ActualMinutes", t0."AssignedToUserId", t0."CompletedAt", t0."CreatedAt", t0."CreatedByUserId", t0."DeletedAt", t0."Description", t0."DueDate", t0."EstimatedMinutes", t0."IsDeleted", t0."OrderIndex", t0."OrganizationId", t0."ParentTaskId", t0."Priority", t0."ProjectId", t0."StartDate", t0."Status", t0."Title", t0."UpdatedAt", u0."Id", u0."CreatedAt", u0."DeletedAt", u0."Email", u0."EmailVerificationExpiry", u0."EmailVerificationToken", u0."FirstName", u0."IsActive", u0."IsDeleted", u0."IsEmailVerified", u0."LastLoginAt", u0."LastName", u0."OrganizationId", u0."PasswordHash", u0."PasswordResetExpiry", u0."PasswordResetToken", u0."ProfilePictureUrl", u0."RefreshToken", u0."RefreshTokenExpiry", u0."Role", u0."UpdatedAt", u2."Id", u2."CreatedAt", u2."DeletedAt", u2."Email", u2."EmailVerificationExpiry", u2."EmailVerificationToken", u2."FirstName", u2."IsActive", u2."IsDeleted", u2."IsEmailVerified", u2."LastLoginAt", u2."LastName", u2."OrganizationId", u2."PasswordHash", u2."PasswordResetExpiry", u2."PasswordResetToken", u2."ProfilePictureUrl", u2."RefreshToken", u2."RefreshTokenExpiry", u2."Role", u2."UpdatedAt", p0."Id", p0."CreatedAt", p0."CreatedByUserId", p0."DeletedAt", p0."Description", p0."DueDate", p0."IsDeleted", p0."Name", p0."OrganizationId", p0."ProjectLeadUserId", p0."StartDate", p0."Status", p0."UpdatedAt", s."TaskId", s."UserId", s."AssignedAt", s."AssignedByUserId", s."Id", s."CreatedAt", s."DeletedAt", s."Email", s."EmailVerificationExpiry", s."EmailVerificationToken", s."FirstName", s."IsActive", s."IsDeleted", s."IsEmailVerified", s."LastLoginAt", s."LastName", s."OrganizationId", s."PasswordHash", s."PasswordResetExpiry", s."PasswordResetToken", s."ProfilePictureUrl", s."RefreshToken", s."RefreshTokenExpiry", s."Role", s."UpdatedAt", t3."Id", t3."ActualMinutes", t3."AssignedToUserId", t3."CompletedAt", t3."CreatedAt", t3."CreatedByUserId", t3."DeletedAt", t3."Description", t3."DueDate", t3."EstimatedMinutes", t3."IsDeleted", t3."OrderIndex", t3."OrganizationId", t3."ParentTaskId", t3."Priority", t3."ProjectId", t3."StartDate", t3."Status", t3."Title", t3."UpdatedAt"
FROM (
    SELECT t."Id", t."ActualMinutes", t."AssignedToUserId", t."CompletedAt", t."CreatedAt", t."CreatedByUserId", t."DeletedAt", t."Description", t."DueDate", t."EstimatedMinutes", t."IsDeleted", t."OrderIndex", t."OrganizationId", t."ParentTaskId", t."Priority", t."ProjectId", t."StartDate", t."Status", t."Title", t."UpdatedAt"
    FROM "Tasks" AS t
    WHERE NOT (t."IsDeleted") AND t."ProjectId" = @__projectId_0
    ORDER BY t."OrderIndex"
    LIMIT @__p_2 OFFSET @__p_1
) AS t0
INNER JOIN (
    SELECT u."Id", u."CreatedAt", u."DeletedAt", u."Email", u."EmailVerificationExpiry", u."EmailVerificationToken", u."FirstName", u."IsActive", u."IsDeleted", u."IsEmailVerified", u."LastLoginAt", u."LastName", u."OrganizationId", u."PasswordHash", u."PasswordResetExpiry", u."PasswordResetToken", u."ProfilePictureUrl", u."RefreshToken", u."RefreshTokenExpiry", u."Role", u."UpdatedAt"
    FROM "Users" AS u
    WHERE NOT (u."IsDeleted")
) AS u0 ON t0."CreatedByUserId" = u0."Id"
LEFT JOIN (
    SELECT u1."Id", u1."CreatedAt", u1."DeletedAt", u1."Email", u1."EmailVerificationExpiry", u1."EmailVerificationToken", u1."FirstName", u1."IsActive", u1."IsDeleted", u1."IsEmailVerified", u1."LastLoginAt", u1."LastName", u1."OrganizationId", u1."PasswordHash", u1."PasswordResetExpiry", u1."PasswordResetToken", u1."ProfilePictureUrl", u1."RefreshToken", u1."RefreshTokenExpiry", u1."Role", u1."UpdatedAt"
    FROM "Users" AS u1
    WHERE NOT (u1."IsDeleted")
) AS u2 ON t0."AssignedToUserId" = u2."Id"
INNER JOIN (
    SELECT p."Id", p."CreatedAt", p."CreatedByUserId", p."DeletedAt", p."Description", p."DueDate", p."IsDeleted", p."Name", p."OrganizationId", p."ProjectLeadUserId", p."StartDate", p."Status", p."UpdatedAt"
    FROM "Projects" AS p
    WHERE NOT (p."IsDeleted")
) AS p0 ON t0."ProjectId" = p0."Id"
LEFT JOIN (
    SELECT t1."TaskId", t1."UserId", t1."AssignedAt", t1."AssignedByUserId", u4."Id", u4."CreatedAt", u4."DeletedAt", u4."Email", u4."EmailVerificationExpiry", u4."EmailVerificationToken", u4."FirstName", u4."IsActive", u4."IsDeleted", u4."IsEmailVerified", u4."LastLoginAt", u4."LastName", u4."OrganizationId", u4."PasswordHash", u4."PasswordResetExpiry", u4."PasswordResetToken", u4."ProfilePictureUrl", u4."RefreshToken", u4."RefreshTokenExpiry", u4."Role", u4."UpdatedAt"
    FROM "TaskAssignees" AS t1
    INNER JOIN (
        SELECT u3."Id", u3."CreatedAt", u3."DeletedAt", u3."Email", u3."EmailVerificationExpiry", u3."EmailVerificationToken", u3."FirstName", u3."IsActive", u3."IsDeleted", u3."IsEmailVerified", u3."LastLoginAt", u3."LastName", u3."OrganizationId", u3."PasswordHash", u3."PasswordResetExpiry", u3."PasswordResetToken", u3."ProfilePictureUrl", u3."RefreshToken", u3."RefreshTokenExpiry", u3."Role", u3."UpdatedAt"
        FROM "Users" AS u3
        WHERE NOT (u3."IsDeleted")
    ) AS u4 ON t1."UserId" = u4."Id"
) AS s ON t0."Id" = s."TaskId"
LEFT JOIN (
    SELECT t2."Id", t2."ActualMinutes", t2."AssignedToUserId", t2."CompletedAt", t2."CreatedAt", t2."CreatedByUserId", t2."DeletedAt", t2."Description", t2."DueDate", t2."EstimatedMinutes", t2."IsDeleted", t2."OrderIndex", t2."OrganizationId", t2."ParentTaskId", t2."Priority", t2."ProjectId", t2."StartDate", t2."Status", t2."Title", t2."UpdatedAt"
    FROM "Tasks" AS t2
    WHERE NOT (t2."IsDeleted")
) AS t3 ON t0."Id" = t3."ParentTaskId"
ORDER BY t0."OrderIndex", t0."Id", u0."Id", u2."Id", p0."Id", s."TaskId", s."UserId", s."Id"
2026-07-28 14:31:16.593 +06:00 [INF] [0HNNCG9V1D71K:00000001] [0HNNCG9V1D71K:00000001] GET /api/projects/ddbb73fc-fbf4-4ac9-ae76-bcf743f16cd4/tasks → 200 (207.5ms)
2026-07-28 14:31:16.603 +06:00 [INF] [0HNNCG9V1D71L:00000001] [0HNNCG9V1D71L:00000001] GET /api/projects/00000000-0000-0000-0003-000000000001/tasks → 200 (89.5ms)
2026-07-28 14:31:16.825 +06:00 [DBG] [0HNNCG9V1D71M:00000001] Permission granted: Owner → projects.view
2026-07-28 14:31:16.827 +06:00 [INF] [0HNNCG9V1D71M:00000001] Executed DbCommand (1ms) [Parameters=[@___currentUser_UserId_0='00000000-0000-0000-0002-000000000001'], CommandType='"Text"', CommandTimeout='30']
SELECT u."Id", u."CreatedAt", u."DeletedAt", u."Email", u."EmailVerificationExpiry", u."EmailVerificationToken", u."FirstName", u."IsActive", u."IsDeleted", u."IsEmailVerified", u."LastLoginAt", u."LastName", u."OrganizationId", u."PasswordHash", u."PasswordResetExpiry", u."PasswordResetToken", u."ProfilePictureUrl", u."RefreshToken", u."RefreshTokenExpiry", u."Role", u."UpdatedAt", o0."Id", o0."CreatedAt", o0."DeletedAt", o0."Description", o0."IsActive", o0."IsDeleted", o0."LogoUrl", o0."Name", o0."Plan", o0."Slug", o0."UpdatedAt"
FROM "Users" AS u
INNER JOIN (
    SELECT o."Id", o."CreatedAt", o."DeletedAt", o."Description", o."IsActive", o."IsDeleted", o."LogoUrl", o."Name", o."Plan", o."Slug", o."UpdatedAt"
    FROM "Organizations" AS o
    WHERE NOT (o."IsDeleted")
) AS o0 ON u."OrganizationId" = o0."Id"
WHERE NOT (u."IsDeleted") AND u."Id" = @___currentUser_UserId_0
LIMIT 1
2026-07-28 14:31:16.901 +06:00 [INF] [0HNNCG9V1D71M:00000001] Executed DbCommand (2ms) [Parameters=[@__projectId_0='00000000-0000-0000-0003-000000000001'], CommandType='"Text"', CommandTimeout='30']
SELECT s."Id", s."CreatedAt", s."CreatedByUserId", s."DeletedAt", s."Description", s."DueDate", s."IsDeleted", s."Name", s."OrganizationId", s."ProjectLeadUserId", s."StartDate", s."Status", s."UpdatedAt", s."Id0", s."CreatedAt0", s."DeletedAt0", s."Email", s."EmailVerificationExpiry", s."EmailVerificationToken", s."FirstName", s."IsActive", s."IsDeleted0", s."IsEmailVerified", s."LastLoginAt", s."LastName", s."OrganizationId0", s."PasswordHash", s."PasswordResetExpiry", s."PasswordResetToken", s."ProfilePictureUrl", s."RefreshToken", s."RefreshTokenExpiry", s."Role", s."UpdatedAt0", s."Id1", s."CreatedAt1", s."DeletedAt1", s."Email0", s."EmailVerificationExpiry0", s."EmailVerificationToken0", s."FirstName0", s."IsActive0", s."IsDeleted1", s."IsEmailVerified0", s."LastLoginAt0", s."LastName0", s."OrganizationId1", s."PasswordHash0", s."PasswordResetExpiry0", s."PasswordResetToken0", s."ProfilePictureUrl0", s."RefreshToken0", s."RefreshTokenExpiry0", s."Role0", s."UpdatedAt1", t0."Id", t0."ActualMinutes", t0."AssignedToUserId", t0."CompletedAt", t0."CreatedAt", t0."CreatedByUserId", t0."DeletedAt", t0."Description", t0."DueDate", t0."EstimatedMinutes", t0."IsDeleted", t0."OrderIndex", t0."OrganizationId", t0."ParentTaskId", t0."Priority", t0."ProjectId", t0."StartDate", t0."Status", t0."Title", t0."UpdatedAt"
FROM (
    SELECT p."Id", p."CreatedAt", p."CreatedByUserId", p."DeletedAt", p."Description", p."DueDate", p."IsDeleted", p."Name", p."OrganizationId", p."ProjectLeadUserId", p."StartDate", p."Status", p."UpdatedAt", u0."Id" AS "Id0", u0."CreatedAt" AS "CreatedAt0", u0."DeletedAt" AS "DeletedAt0", u0."Email", u0."EmailVerificationExpiry", u0."EmailVerificationToken", u0."FirstName", u0."IsActive", u0."IsDeleted" AS "IsDeleted0", u0."IsEmailVerified", u0."LastLoginAt", u0."LastName", u0."OrganizationId" AS "OrganizationId0", u0."PasswordHash", u0."PasswordResetExpiry", u0."PasswordResetToken", u0."ProfilePictureUrl", u0."RefreshToken", u0."RefreshTokenExpiry", u0."Role", u0."UpdatedAt" AS "UpdatedAt0", u2."Id" AS "Id1", u2."CreatedAt" AS "CreatedAt1", u2."DeletedAt" AS "DeletedAt1", u2."Email" AS "Email0", u2."EmailVerificationExpiry" AS "EmailVerificationExpiry0", u2."EmailVerificationToken" AS "EmailVerificationToken0", u2."FirstName" AS "FirstName0", u2."IsActive" AS "IsActive0", u2."IsDeleted" AS "IsDeleted1", u2."IsEmailVerified" AS "IsEmailVerified0", u2."LastLoginAt" AS "LastLoginAt0", u2."LastName" AS "LastName0", u2."OrganizationId" AS "OrganizationId1", u2."PasswordHash" AS "PasswordHash0", u2."PasswordResetExpiry" AS "PasswordResetExpiry0", u2."PasswordResetToken" AS "PasswordResetToken0", u2."ProfilePictureUrl" AS "ProfilePictureUrl0", u2."RefreshToken" AS "RefreshToken0", u2."RefreshTokenExpiry" AS "RefreshTokenExpiry0", u2."Role" AS "Role0", u2."UpdatedAt" AS "UpdatedAt1"
    FROM "Projects" AS p
    INNER JOIN (
        SELECT u."Id", u."CreatedAt", u."DeletedAt", u."Email", u."EmailVerificationExpiry", u."EmailVerificationToken", u."FirstName", u."IsActive", u."IsDeleted", u."IsEmailVerified", u."LastLoginAt", u."LastName", u."OrganizationId", u."PasswordHash", u."PasswordResetExpiry", u."PasswordResetToken", u."ProfilePictureUrl", u."RefreshToken", u."RefreshTokenExpiry", u."Role", u."UpdatedAt"
        FROM "Users" AS u
        WHERE NOT (u."IsDeleted")
    ) AS u0 ON p."CreatedByUserId" = u0."Id"
    LEFT JOIN (
        SELECT u1."Id", u1."CreatedAt", u1."DeletedAt", u1."Email", u1."EmailVerificationExpiry", u1."EmailVerificationToken", u1."FirstName", u1."IsActive", u1."IsDeleted", u1."IsEmailVerified", u1."LastLoginAt", u1."LastName", u1."OrganizationId", u1."PasswordHash", u1."PasswordResetExpiry", u1."PasswordResetToken", u1."ProfilePictureUrl", u1."RefreshToken", u1."RefreshTokenExpiry", u1."Role", u1."UpdatedAt"
        FROM "Users" AS u1
        WHERE NOT (u1."IsDeleted")
    ) AS u2 ON p."ProjectLeadUserId" = u2."Id"
    WHERE NOT (p."IsDeleted") AND p."Id" = @__projectId_0
    LIMIT 1
) AS s
LEFT JOIN (
    SELECT t."Id", t."ActualMinutes", t."AssignedToUserId", t."CompletedAt", t."CreatedAt", t."CreatedByUserId", t."DeletedAt", t."Description", t."DueDate", t."EstimatedMinutes", t."IsDeleted", t."OrderIndex", t."OrganizationId", t."ParentTaskId", t."Priority", t."ProjectId", t."StartDate", t."Status", t."Title", t."UpdatedAt"
    FROM "Tasks" AS t
    WHERE NOT (t."IsDeleted")
) AS t0 ON s."Id" = t0."ProjectId"
ORDER BY s."Id", s."Id0", s."Id1"
2026-07-28 14:31:16.909 +06:00 [INF] [0HNNCG9V1D71M:00000001] [0HNNCG9V1D71M:00000001] GET /api/projects/00000000-0000-0000-0003-000000000001 → 200 (84.2ms)
2026-07-28 14:31:21.869 +06:00 [DBG] [0HNNCG9V1D71N:00000001] Permission granted: Owner → tasks.update.own
2026-07-28 14:31:21.872 +06:00 [INF] [0HNNCG9V1D71N:00000001] Executed DbCommand (1ms) [Parameters=[@___currentUser_UserId_0='00000000-0000-0000-0002-000000000001'], CommandType='"Text"', CommandTimeout='30']
SELECT u."Id", u."CreatedAt", u."DeletedAt", u."Email", u."EmailVerificationExpiry", u."EmailVerificationToken", u."FirstName", u."IsActive", u."IsDeleted", u."IsEmailVerified", u."LastLoginAt", u."LastName", u."OrganizationId", u."PasswordHash", u."PasswordResetExpiry", u."PasswordResetToken", u."ProfilePictureUrl", u."RefreshToken", u."RefreshTokenExpiry", u."Role", u."UpdatedAt", o0."Id", o0."CreatedAt", o0."DeletedAt", o0."Description", o0."IsActive", o0."IsDeleted", o0."LogoUrl", o0."Name", o0."Plan", o0."Slug", o0."UpdatedAt"
FROM "Users" AS u
INNER JOIN (
    SELECT o."Id", o."CreatedAt", o."DeletedAt", o."Description", o."IsActive", o."IsDeleted", o."LogoUrl", o."Name", o."Plan", o."Slug", o."UpdatedAt"
    FROM "Organizations" AS o
    WHERE NOT (o."IsDeleted")
) AS o0 ON u."OrganizationId" = o0."Id"
WHERE NOT (u."IsDeleted") AND u."Id" = @___currentUser_UserId_0
LIMIT 1
2026-07-28 14:31:21.969 +06:00 [WRN] [0HNNCG9V1D71N:00000001] Compiling a query which loads related collections for more than one collection navigation, either via 'Include' or through projection, but no 'QuerySplittingBehavior' has been configured. By default, Entity Framework will use 'QuerySplittingBehavior.SingleQuery', which can potentially result in slow query performance. See https://go.microsoft.com/fwlink/?linkid=2134277 for more information. To identify the query that's triggering this warning call 'ConfigureWarnings(w => w.Throw(RelationalEventId.MultipleCollectionIncludeWarning))'.
2026-07-28 14:31:22.088 +06:00 [INF] [0HNNCG9V1D71N:00000001] Executed DbCommand (7ms) [Parameters=[@__taskId_0='00000000-0000-0000-0004-000000000002'], CommandType='"Text"', CommandTimeout='30']
SELECT s."Id", s."ActualMinutes", s."AssignedToUserId", s."CompletedAt", s."CreatedAt", s."CreatedByUserId", s."DeletedAt", s."Description", s."DueDate", s."EstimatedMinutes", s."IsDeleted", s."OrderIndex", s."OrganizationId", s."ParentTaskId", s."Priority", s."ProjectId", s."StartDate", s."Status", s."Title", s."UpdatedAt", s."Id0", s."CreatedAt0", s."DeletedAt0", s."Email", s."EmailVerificationExpiry", s."EmailVerificationToken", s."FirstName", s."IsActive", s."IsDeleted0", s."IsEmailVerified", s."LastLoginAt", s."LastName", s."OrganizationId0", s."PasswordHash", s."PasswordResetExpiry", s."PasswordResetToken", s."ProfilePictureUrl", s."RefreshToken", s."RefreshTokenExpiry", s."Role", s."UpdatedAt0", s."Id1", s."CreatedAt1", s."DeletedAt1", s."Email0", s."EmailVerificationExpiry0", s."EmailVerificationToken0", s."FirstName0", s."IsActive0", s."IsDeleted1", s."IsEmailVerified0", s."LastLoginAt0", s."LastName0", s."OrganizationId1", s."PasswordHash0", s."PasswordResetExpiry0", s."PasswordResetToken0", s."ProfilePictureUrl0", s."RefreshToken0", s."RefreshTokenExpiry0", s."Role0", s."UpdatedAt1", s."Id2", s."CreatedAt2", s."CreatedByUserId0", s."DeletedAt2", s."Description0", s."DueDate0", s."IsDeleted2", s."Name", s."OrganizationId2", s."ProjectLeadUserId", s."StartDate0", s."Status0", s."UpdatedAt2", s0."TaskId", s0."UserId", s0."AssignedAt", s0."AssignedByUserId", s0."Id", s0."CreatedAt", s0."DeletedAt", s0."Email", s0."EmailVerificationExpiry", s0."EmailVerificationToken", s0."FirstName", s0."IsActive", s0."IsDeleted", s0."IsEmailVerified", s0."LastLoginAt", s0."LastName", s0."OrganizationId", s0."PasswordHash", s0."PasswordResetExpiry", s0."PasswordResetToken", s0."ProfilePictureUrl", s0."RefreshToken", s0."RefreshTokenExpiry", s0."Role", s0."UpdatedAt", t2."Id", t2."ActualMinutes", t2."AssignedToUserId", t2."CompletedAt", t2."CreatedAt", t2."CreatedByUserId", t2."DeletedAt", t2."Description", t2."DueDate", t2."EstimatedMinutes", t2."IsDeleted", t2."OrderIndex", t2."OrganizationId", t2."ParentTaskId", t2."Priority", t2."ProjectId", t2."StartDate", t2."Status", t2."Title", t2."UpdatedAt"
FROM (
    SELECT t."Id", t."ActualMinutes", t."AssignedToUserId", t."CompletedAt", t."CreatedAt", t."CreatedByUserId", t."DeletedAt", t."Description", t."DueDate", t."EstimatedMinutes", t."IsDeleted", t."OrderIndex", t."OrganizationId", t."ParentTaskId", t."Priority", t."ProjectId", t."StartDate", t."Status", t."Title", t."UpdatedAt", u0."Id" AS "Id0", u0."CreatedAt" AS "CreatedAt0", u0."DeletedAt" AS "DeletedAt0", u0."Email", u0."EmailVerificationExpiry", u0."EmailVerificationToken", u0."FirstName", u0."IsActive", u0."IsDeleted" AS "IsDeleted0", u0."IsEmailVerified", u0."LastLoginAt", u0."LastName", u0."OrganizationId" AS "OrganizationId0", u0."PasswordHash", u0."PasswordResetExpiry", u0."PasswordResetToken", u0."ProfilePictureUrl", u0."RefreshToken", u0."RefreshTokenExpiry", u0."Role", u0."UpdatedAt" AS "UpdatedAt0", u2."Id" AS "Id1", u2."CreatedAt" AS "CreatedAt1", u2."DeletedAt" AS "DeletedAt1", u2."Email" AS "Email0", u2."EmailVerificationExpiry" AS "EmailVerificationExpiry0", u2."EmailVerificationToken" AS "EmailVerificationToken0", u2."FirstName" AS "FirstName0", u2."IsActive" AS "IsActive0", u2."IsDeleted" AS "IsDeleted1", u2."IsEmailVerified" AS "IsEmailVerified0", u2."LastLoginAt" AS "LastLoginAt0", u2."LastName" AS "LastName0", u2."OrganizationId" AS "OrganizationId1", u2."PasswordHash" AS "PasswordHash0", u2."PasswordResetExpiry" AS "PasswordResetExpiry0", u2."PasswordResetToken" AS "PasswordResetToken0", u2."ProfilePictureUrl" AS "ProfilePictureUrl0", u2."RefreshToken" AS "RefreshToken0", u2."RefreshTokenExpiry" AS "RefreshTokenExpiry0", u2."Role" AS "Role0", u2."UpdatedAt" AS "UpdatedAt1", p0."Id" AS "Id2", p0."CreatedAt" AS "CreatedAt2", p0."CreatedByUserId" AS "CreatedByUserId0", p0."DeletedAt" AS "DeletedAt2", p0."Description" AS "Description0", p0."DueDate" AS "DueDate0", p0."IsDeleted" AS "IsDeleted2", p0."Name", p0."OrganizationId" AS "OrganizationId2", p0."ProjectLeadUserId", p0."StartDate" AS "StartDate0", p0."Status" AS "Status0", p0."UpdatedAt" AS "UpdatedAt2"
    FROM "Tasks" AS t
    INNER JOIN (
        SELECT u."Id", u."CreatedAt", u."DeletedAt", u."Email", u."EmailVerificationExpiry", u."EmailVerificationToken", u."FirstName", u."IsActive", u."IsDeleted", u."IsEmailVerified", u."LastLoginAt", u."LastName", u."OrganizationId", u."PasswordHash", u."PasswordResetExpiry", u."PasswordResetToken", u."ProfilePictureUrl", u."RefreshToken", u."RefreshTokenExpiry", u."Role", u."UpdatedAt"
        FROM "Users" AS u
        WHERE NOT (u."IsDeleted")
    ) AS u0 ON t."CreatedByUserId" = u0."Id"
    LEFT JOIN (
        SELECT u1."Id", u1."CreatedAt", u1."DeletedAt", u1."Email", u1."EmailVerificationExpiry", u1."EmailVerificationToken", u1."FirstName", u1."IsActive", u1."IsDeleted", u1."IsEmailVerified", u1."LastLoginAt", u1."LastName", u1."OrganizationId", u1."PasswordHash", u1."PasswordResetExpiry", u1."PasswordResetToken", u1."ProfilePictureUrl", u1."RefreshToken", u1."RefreshTokenExpiry", u1."Role", u1."UpdatedAt"
        FROM "Users" AS u1
        WHERE NOT (u1."IsDeleted")
    ) AS u2 ON t."AssignedToUserId" = u2."Id"
    INNER JOIN (
        SELECT p."Id", p."CreatedAt", p."CreatedByUserId", p."DeletedAt", p."Description", p."DueDate", p."IsDeleted", p."Name", p."OrganizationId", p."ProjectLeadUserId", p."StartDate", p."Status", p."UpdatedAt"
        FROM "Projects" AS p
        WHERE NOT (p."IsDeleted")
    ) AS p0 ON t."ProjectId" = p0."Id"
    WHERE NOT (t."IsDeleted") AND t."Id" = @__taskId_0
    LIMIT 1
) AS s
LEFT JOIN (
    SELECT t0."TaskId", t0."UserId", t0."AssignedAt", t0."AssignedByUserId", u4."Id", u4."CreatedAt", u4."DeletedAt", u4."Email", u4."EmailVerificationExpiry", u4."EmailVerificationToken", u4."FirstName", u4."IsActive", u4."IsDeleted", u4."IsEmailVerified", u4."LastLoginAt", u4."LastName", u4."OrganizationId", u4."PasswordHash", u4."PasswordResetExpiry", u4."PasswordResetToken", u4."ProfilePictureUrl", u4."RefreshToken", u4."RefreshTokenExpiry", u4."Role", u4."UpdatedAt"
    FROM "TaskAssignees" AS t0
    INNER JOIN (
        SELECT u3."Id", u3."CreatedAt", u3."DeletedAt", u3."Email", u3."EmailVerificationExpiry", u3."EmailVerificationToken", u3."FirstName", u3."IsActive", u3."IsDeleted", u3."IsEmailVerified", u3."LastLoginAt", u3."LastName", u3."OrganizationId", u3."PasswordHash", u3."PasswordResetExpiry", u3."PasswordResetToken", u3."ProfilePictureUrl", u3."RefreshToken", u3."RefreshTokenExpiry", u3."Role", u3."UpdatedAt"
        FROM "Users" AS u3
        WHERE NOT (u3."IsDeleted")
    ) AS u4 ON t0."UserId" = u4."Id"
) AS s0 ON s."Id" = s0."TaskId"
LEFT JOIN (
    SELECT t1."Id", t1."ActualMinutes", t1."AssignedToUserId", t1."CompletedAt", t1."CreatedAt", t1."CreatedByUserId", t1."DeletedAt", t1."Description", t1."DueDate", t1."EstimatedMinutes", t1."IsDeleted", t1."OrderIndex", t1."OrganizationId", t1."ParentTaskId", t1."Priority", t1."ProjectId", t1."StartDate", t1."Status", t1."Title", t1."UpdatedAt"
    FROM "Tasks" AS t1
    WHERE NOT (t1."IsDeleted")
) AS t2 ON s."Id" = t2."ParentTaskId"
ORDER BY s."Id", s."Id0", s."Id1", s."Id2", s0."TaskId", s0."UserId", s0."Id"
2026-07-28 14:31:22.099 +06:00 [DBG] [0HNNCG9V1D71N:00000001] Permission check: "00000000-0000-0000-0002-000000000001" (Owner) → tasks.update = true
2026-07-28 14:31:22.195 +06:00 [INF] [0HNNCG9V1D71N:00000001] Executed DbCommand (4ms) [Parameters=[@p2='00000000-0000-0000-0004-000000000002', @p0='InReview' (Nullable = false), @p1='2026-07-28T08:31:22.1498723Z' (DbType = DateTime)], CommandType='"Text"', CommandTimeout='30']
UPDATE "Tasks" SET "Status" = @p0, "UpdatedAt" = @p1
WHERE "Id" = @p2;
2026-07-28 14:31:22.270 +06:00 [INF] [0HNNCG9V1D71N:00000001] Executed DbCommand (4ms) [Parameters=[@p0='b795b069-9996-4b9a-ba5f-ca76462d3719', @p1='TaskStatusChanged' (Nullable = false), @p2='2026-07-28T08:31:22.2151275Z' (DbType = DateTime), @p3='00000000-0000-0000-0004-000000000002', @p4='Set up CMS platform', @p5='Task' (Nullable = false), @p6='{"from":"InProgress","to":"InReview"}', @p7='00000000-0000-0000-0001-000000000001', @p8='00000000-0000-0000-0003-000000000001' (Nullable = true), @p9='00000000-0000-0000-0002-000000000001', @p10='Demo Owner' (Nullable = false)], CommandType='"Text"', CommandTimeout='30']
INSERT INTO "ActivityLogs" ("Id", "Action", "CreatedAt", "EntityId", "EntityName", "EntityType", "Metadata", "OrganizationId", "ProjectId", "UserId", "UserName")
VALUES (@p0, @p1, @p2, @p3, @p4, @p5, @p6, @p7, @p8, @p9, @p10);
2026-07-28 14:31:22.272 +06:00 [INF] [0HNNCG9V1D71N:00000001] Task "00000000-0000-0000-0004-000000000002" status InProgress → InReview by "00000000-0000-0000-0002-000000000001"
2026-07-28 14:31:22.274 +06:00 [INF] [0HNNCG9V1D71N:00000001] [0HNNCG9V1D71N:00000001] PATCH /api/tasks/00000000-0000-0000-0004-000000000002/status → 200 (405.8ms)
2026-07-28 14:31:22.282 +06:00 [DBG] [0HNNCG9V1D71O:00000001] Permission granted: Owner → tasks.view
2026-07-28 14:31:22.282 +06:00 [DBG] [0HNNCG9V1D71P:00000001] Permission granted: Owner → projects.view
2026-07-28 14:31:22.285 +06:00 [INF] [0HNNCG9V1D71P:00000001] Executed DbCommand (1ms) [Parameters=[@___currentUser_UserId_0='00000000-0000-0000-0002-000000000001'], CommandType='"Text"', CommandTimeout='30']
SELECT u."Id", u."CreatedAt", u."DeletedAt", u."Email", u."EmailVerificationExpiry", u."EmailVerificationToken", u."FirstName", u."IsActive", u."IsDeleted", u."IsEmailVerified", u."LastLoginAt", u."LastName", u."OrganizationId", u."PasswordHash", u."PasswordResetExpiry", u."PasswordResetToken", u."ProfilePictureUrl", u."RefreshToken", u."RefreshTokenExpiry", u."Role", u."UpdatedAt", o0."Id", o0."CreatedAt", o0."DeletedAt", o0."Description", o0."IsActive", o0."IsDeleted", o0."LogoUrl", o0."Name", o0."Plan", o0."Slug", o0."UpdatedAt"
FROM "Users" AS u
INNER JOIN (
    SELECT o."Id", o."CreatedAt", o."DeletedAt", o."Description", o."IsActive", o."IsDeleted", o."LogoUrl", o."Name", o."Plan", o."Slug", o."UpdatedAt"
    FROM "Organizations" AS o
    WHERE NOT (o."IsDeleted")
) AS o0 ON u."OrganizationId" = o0."Id"
WHERE NOT (u."IsDeleted") AND u."Id" = @___currentUser_UserId_0
LIMIT 1
2026-07-28 14:31:22.285 +06:00 [INF] [0HNNCG9V1D71O:00000001] Executed DbCommand (1ms) [Parameters=[@___currentUser_UserId_0='00000000-0000-0000-0002-000000000001'], CommandType='"Text"', CommandTimeout='30']
SELECT u."Id", u."CreatedAt", u."DeletedAt", u."Email", u."EmailVerificationExpiry", u."EmailVerificationToken", u."FirstName", u."IsActive", u."IsDeleted", u."IsEmailVerified", u."LastLoginAt", u."LastName", u."OrganizationId", u."PasswordHash", u."PasswordResetExpiry", u."PasswordResetToken", u."ProfilePictureUrl", u."RefreshToken", u."RefreshTokenExpiry", u."Role", u."UpdatedAt", o0."Id", o0."CreatedAt", o0."DeletedAt", o0."Description", o0."IsActive", o0."IsDeleted", o0."LogoUrl", o0."Name", o0."Plan", o0."Slug", o0."UpdatedAt"
FROM "Users" AS u
INNER JOIN (
    SELECT o."Id", o."CreatedAt", o."DeletedAt", o."Description", o."IsActive", o."IsDeleted", o."LogoUrl", o."Name", o."Plan", o."Slug", o."UpdatedAt"
    FROM "Organizations" AS o
    WHERE NOT (o."IsDeleted")
) AS o0 ON u."OrganizationId" = o0."Id"
WHERE NOT (u."IsDeleted") AND u."Id" = @___currentUser_UserId_0
LIMIT 1
2026-07-28 14:31:22.287 +06:00 [INF] [0HNNCG9V1D71O:00000001] Executed DbCommand (1ms) [Parameters=[@__projectId_0='00000000-0000-0000-0003-000000000001'], CommandType='"Text"', CommandTimeout='30']
SELECT p."Id", p."CreatedAt", p."CreatedByUserId", p."DeletedAt", p."Description", p."DueDate", p."IsDeleted", p."Name", p."OrganizationId", p."ProjectLeadUserId", p."StartDate", p."Status", p."UpdatedAt"
FROM "Projects" AS p
WHERE NOT (p."IsDeleted") AND p."Id" = @__projectId_0
LIMIT 1
2026-07-28 14:31:22.288 +06:00 [INF] [0HNNCG9V1D71P:00000001] Executed DbCommand (2ms) [Parameters=[@__projectId_0='00000000-0000-0000-0003-000000000001'], CommandType='"Text"', CommandTimeout='30']
SELECT s."Id", s."CreatedAt", s."CreatedByUserId", s."DeletedAt", s."Description", s."DueDate", s."IsDeleted", s."Name", s."OrganizationId", s."ProjectLeadUserId", s."StartDate", s."Status", s."UpdatedAt", s."Id0", s."CreatedAt0", s."DeletedAt0", s."Email", s."EmailVerificationExpiry", s."EmailVerificationToken", s."FirstName", s."IsActive", s."IsDeleted0", s."IsEmailVerified", s."LastLoginAt", s."LastName", s."OrganizationId0", s."PasswordHash", s."PasswordResetExpiry", s."PasswordResetToken", s."ProfilePictureUrl", s."RefreshToken", s."RefreshTokenExpiry", s."Role", s."UpdatedAt0", s."Id1", s."CreatedAt1", s."DeletedAt1", s."Email0", s."EmailVerificationExpiry0", s."EmailVerificationToken0", s."FirstName0", s."IsActive0", s."IsDeleted1", s."IsEmailVerified0", s."LastLoginAt0", s."LastName0", s."OrganizationId1", s."PasswordHash0", s."PasswordResetExpiry0", s."PasswordResetToken0", s."ProfilePictureUrl0", s."RefreshToken0", s."RefreshTokenExpiry0", s."Role0", s."UpdatedAt1", t0."Id", t0."ActualMinutes", t0."AssignedToUserId", t0."CompletedAt", t0."CreatedAt", t0."CreatedByUserId", t0."DeletedAt", t0."Description", t0."DueDate", t0."EstimatedMinutes", t0."IsDeleted", t0."OrderIndex", t0."OrganizationId", t0."ParentTaskId", t0."Priority", t0."ProjectId", t0."StartDate", t0."Status", t0."Title", t0."UpdatedAt"
FROM (
    SELECT p."Id", p."CreatedAt", p."CreatedByUserId", p."DeletedAt", p."Description", p."DueDate", p."IsDeleted", p."Name", p."OrganizationId", p."ProjectLeadUserId", p."StartDate", p."Status", p."UpdatedAt", u0."Id" AS "Id0", u0."CreatedAt" AS "CreatedAt0", u0."DeletedAt" AS "DeletedAt0", u0."Email", u0."EmailVerificationExpiry", u0."EmailVerificationToken", u0."FirstName", u0."IsActive", u0."IsDeleted" AS "IsDeleted0", u0."IsEmailVerified", u0."LastLoginAt", u0."LastName", u0."OrganizationId" AS "OrganizationId0", u0."PasswordHash", u0."PasswordResetExpiry", u0."PasswordResetToken", u0."ProfilePictureUrl", u0."RefreshToken", u0."RefreshTokenExpiry", u0."Role", u0."UpdatedAt" AS "UpdatedAt0", u2."Id" AS "Id1", u2."CreatedAt" AS "CreatedAt1", u2."DeletedAt" AS "DeletedAt1", u2."Email" AS "Email0", u2."EmailVerificationExpiry" AS "EmailVerificationExpiry0", u2."EmailVerificationToken" AS "EmailVerificationToken0", u2."FirstName" AS "FirstName0", u2."IsActive" AS "IsActive0", u2."IsDeleted" AS "IsDeleted1", u2."IsEmailVerified" AS "IsEmailVerified0", u2."LastLoginAt" AS "LastLoginAt0", u2."LastName" AS "LastName0", u2."OrganizationId" AS "OrganizationId1", u2."PasswordHash" AS "PasswordHash0", u2."PasswordResetExpiry" AS "PasswordResetExpiry0", u2."PasswordResetToken" AS "PasswordResetToken0", u2."ProfilePictureUrl" AS "ProfilePictureUrl0", u2."RefreshToken" AS "RefreshToken0", u2."RefreshTokenExpiry" AS "RefreshTokenExpiry0", u2."Role" AS "Role0", u2."UpdatedAt" AS "UpdatedAt1"
    FROM "Projects" AS p
    INNER JOIN (
        SELECT u."Id", u."CreatedAt", u."DeletedAt", u."Email", u."EmailVerificationExpiry", u."EmailVerificationToken", u."FirstName", u."IsActive", u."IsDeleted", u."IsEmailVerified", u."LastLoginAt", u."LastName", u."OrganizationId", u."PasswordHash", u."PasswordResetExpiry", u."PasswordResetToken", u."ProfilePictureUrl", u."RefreshToken", u."RefreshTokenExpiry", u."Role", u."UpdatedAt"
        FROM "Users" AS u
        WHERE NOT (u."IsDeleted")
    ) AS u0 ON p."CreatedByUserId" = u0."Id"
    LEFT JOIN (
        SELECT u1."Id", u1."CreatedAt", u1."DeletedAt", u1."Email", u1."EmailVerificationExpiry", u1."EmailVerificationToken", u1."FirstName", u1."IsActive", u1."IsDeleted", u1."IsEmailVerified", u1."LastLoginAt", u1."LastName", u1."OrganizationId", u1."PasswordHash", u1."PasswordResetExpiry", u1."PasswordResetToken", u1."ProfilePictureUrl", u1."RefreshToken", u1."RefreshTokenExpiry", u1."Role", u1."UpdatedAt"
        FROM "Users" AS u1
        WHERE NOT (u1."IsDeleted")
    ) AS u2 ON p."ProjectLeadUserId" = u2."Id"
    WHERE NOT (p."IsDeleted") AND p."Id" = @__projectId_0
    LIMIT 1
) AS s
LEFT JOIN (
    SELECT t."Id", t."ActualMinutes", t."AssignedToUserId", t."CompletedAt", t."CreatedAt", t."CreatedByUserId", t."DeletedAt", t."Description", t."DueDate", t."EstimatedMinutes", t."IsDeleted", t."OrderIndex", t."OrganizationId", t."ParentTaskId", t."Priority", t."ProjectId", t."StartDate", t."Status", t."Title", t."UpdatedAt"
    FROM "Tasks" AS t
    WHERE NOT (t."IsDeleted")
) AS t0 ON s."Id" = t0."ProjectId"
ORDER BY s."Id", s."Id0", s."Id1"
2026-07-28 14:31:22.288 +06:00 [INF] [0HNNCG9V1D71O:00000001] Executed DbCommand (1ms) [Parameters=[@__projectId_0='00000000-0000-0000-0003-000000000001'], CommandType='"Text"', CommandTimeout='30']
SELECT count(*)::int
FROM "Tasks" AS t
WHERE NOT (t."IsDeleted") AND t."ProjectId" = @__projectId_0
2026-07-28 14:31:22.290 +06:00 [INF] [0HNNCG9V1D71P:00000001] [0HNNCG9V1D71P:00000001] GET /api/projects/00000000-0000-0000-0003-000000000001 → 200 (7.6ms)
2026-07-28 14:31:22.293 +06:00 [INF] [0HNNCG9V1D71O:00000001] Executed DbCommand (4ms) [Parameters=[@__projectId_0='00000000-0000-0000-0003-000000000001', @__p_2='100', @__p_1='0'], CommandType='"Text"', CommandTimeout='30']
SELECT t0."Id", t0."ActualMinutes", t0."AssignedToUserId", t0."CompletedAt", t0."CreatedAt", t0."CreatedByUserId", t0."DeletedAt", t0."Description", t0."DueDate", t0."EstimatedMinutes", t0."IsDeleted", t0."OrderIndex", t0."OrganizationId", t0."ParentTaskId", t0."Priority", t0."ProjectId", t0."StartDate", t0."Status", t0."Title", t0."UpdatedAt", u0."Id", u0."CreatedAt", u0."DeletedAt", u0."Email", u0."EmailVerificationExpiry", u0."EmailVerificationToken", u0."FirstName", u0."IsActive", u0."IsDeleted", u0."IsEmailVerified", u0."LastLoginAt", u0."LastName", u0."OrganizationId", u0."PasswordHash", u0."PasswordResetExpiry", u0."PasswordResetToken", u0."ProfilePictureUrl", u0."RefreshToken", u0."RefreshTokenExpiry", u0."Role", u0."UpdatedAt", u2."Id", u2."CreatedAt", u2."DeletedAt", u2."Email", u2."EmailVerificationExpiry", u2."EmailVerificationToken", u2."FirstName", u2."IsActive", u2."IsDeleted", u2."IsEmailVerified", u2."LastLoginAt", u2."LastName", u2."OrganizationId", u2."PasswordHash", u2."PasswordResetExpiry", u2."PasswordResetToken", u2."ProfilePictureUrl", u2."RefreshToken", u2."RefreshTokenExpiry", u2."Role", u2."UpdatedAt", p0."Id", p0."CreatedAt", p0."CreatedByUserId", p0."DeletedAt", p0."Description", p0."DueDate", p0."IsDeleted", p0."Name", p0."OrganizationId", p0."ProjectLeadUserId", p0."StartDate", p0."Status", p0."UpdatedAt", s."TaskId", s."UserId", s."AssignedAt", s."AssignedByUserId", s."Id", s."CreatedAt", s."DeletedAt", s."Email", s."EmailVerificationExpiry", s."EmailVerificationToken", s."FirstName", s."IsActive", s."IsDeleted", s."IsEmailVerified", s."LastLoginAt", s."LastName", s."OrganizationId", s."PasswordHash", s."PasswordResetExpiry", s."PasswordResetToken", s."ProfilePictureUrl", s."RefreshToken", s."RefreshTokenExpiry", s."Role", s."UpdatedAt", t3."Id", t3."ActualMinutes", t3."AssignedToUserId", t3."CompletedAt", t3."CreatedAt", t3."CreatedByUserId", t3."DeletedAt", t3."Description", t3."DueDate", t3."EstimatedMinutes", t3."IsDeleted", t3."OrderIndex", t3."OrganizationId", t3."ParentTaskId", t3."Priority", t3."ProjectId", t3."StartDate", t3."Status", t3."Title", t3."UpdatedAt"
FROM (
    SELECT t."Id", t."ActualMinutes", t."AssignedToUserId", t."CompletedAt", t."CreatedAt", t."CreatedByUserId", t."DeletedAt", t."Description", t."DueDate", t."EstimatedMinutes", t."IsDeleted", t."OrderIndex", t."OrganizationId", t."ParentTaskId", t."Priority", t."ProjectId", t."StartDate", t."Status", t."Title", t."UpdatedAt"
    FROM "Tasks" AS t
    WHERE NOT (t."IsDeleted") AND t."ProjectId" = @__projectId_0
    ORDER BY t."OrderIndex"
    LIMIT @__p_2 OFFSET @__p_1
) AS t0
INNER JOIN (
    SELECT u."Id", u."CreatedAt", u."DeletedAt", u."Email", u."EmailVerificationExpiry", u."EmailVerificationToken", u."FirstName", u."IsActive", u."IsDeleted", u."IsEmailVerified", u."LastLoginAt", u."LastName", u."OrganizationId", u."PasswordHash", u."PasswordResetExpiry", u."PasswordResetToken", u."ProfilePictureUrl", u."RefreshToken", u."RefreshTokenExpiry", u."Role", u."UpdatedAt"
    FROM "Users" AS u
    WHERE NOT (u."IsDeleted")
) AS u0 ON t0."CreatedByUserId" = u0."Id"
LEFT JOIN (
    SELECT u1."Id", u1."CreatedAt", u1."DeletedAt", u1."Email", u1."EmailVerificationExpiry", u1."EmailVerificationToken", u1."FirstName", u1."IsActive", u1."IsDeleted", u1."IsEmailVerified", u1."LastLoginAt", u1."LastName", u1."OrganizationId", u1."PasswordHash", u1."PasswordResetExpiry", u1."PasswordResetToken", u1."ProfilePictureUrl", u1."RefreshToken", u1."RefreshTokenExpiry", u1."Role", u1."UpdatedAt"
    FROM "Users" AS u1
    WHERE NOT (u1."IsDeleted")
) AS u2 ON t0."AssignedToUserId" = u2."Id"
INNER JOIN (
    SELECT p."Id", p."CreatedAt", p."CreatedByUserId", p."DeletedAt", p."Description", p."DueDate", p."IsDeleted", p."Name", p."OrganizationId", p."ProjectLeadUserId", p."StartDate", p."Status", p."UpdatedAt"
    FROM "Projects" AS p
    WHERE NOT (p."IsDeleted")
) AS p0 ON t0."ProjectId" = p0."Id"
LEFT JOIN (
    SELECT t1."TaskId", t1."UserId", t1."AssignedAt", t1."AssignedByUserId", u4."Id", u4."CreatedAt", u4."DeletedAt", u4."Email", u4."EmailVerificationExpiry", u4."EmailVerificationToken", u4."FirstName", u4."IsActive", u4."IsDeleted", u4."IsEmailVerified", u4."LastLoginAt", u4."LastName", u4."OrganizationId", u4."PasswordHash", u4."PasswordResetExpiry", u4."PasswordResetToken", u4."ProfilePictureUrl", u4."RefreshToken", u4."RefreshTokenExpiry", u4."Role", u4."UpdatedAt"
    FROM "TaskAssignees" AS t1
    INNER JOIN (
        SELECT u3."Id", u3."CreatedAt", u3."DeletedAt", u3."Email", u3."EmailVerificationExpiry", u3."EmailVerificationToken", u3."FirstName", u3."IsActive", u3."IsDeleted", u3."IsEmailVerified", u3."LastLoginAt", u3."LastName", u3."OrganizationId", u3."PasswordHash", u3."PasswordResetExpiry", u3."PasswordResetToken", u3."ProfilePictureUrl", u3."RefreshToken", u3."RefreshTokenExpiry", u3."Role", u3."UpdatedAt"
        FROM "Users" AS u3
        WHERE NOT (u3."IsDeleted")
    ) AS u4 ON t1."UserId" = u4."Id"
) AS s ON t0."Id" = s."TaskId"
LEFT JOIN (
    SELECT t2."Id", t2."ActualMinutes", t2."AssignedToUserId", t2."CompletedAt", t2."CreatedAt", t2."CreatedByUserId", t2."DeletedAt", t2."Description", t2."DueDate", t2."EstimatedMinutes", t2."IsDeleted", t2."OrderIndex", t2."OrganizationId", t2."ParentTaskId", t2."Priority", t2."ProjectId", t2."StartDate", t2."Status", t2."Title", t2."UpdatedAt"
    FROM "Tasks" AS t2
    WHERE NOT (t2."IsDeleted")
) AS t3 ON t0."Id" = t3."ParentTaskId"
ORDER BY t0."OrderIndex", t0."Id", u0."Id", u2."Id", p0."Id", s."TaskId", s."UserId", s."Id"
2026-07-28 14:31:22.295 +06:00 [INF] [0HNNCG9V1D71O:00000001] [0HNNCG9V1D71O:00000001] GET /api/projects/00000000-0000-0000-0003-000000000001/tasks → 200 (13.3ms)
2026-07-28 14:31:24.076 +06:00 [DBG] [0HNNCG9V1D71Q:00000001] Permission granted: Owner → projects.view
2026-07-28 14:31:24.113 +06:00 [INF] [0HNNCG9V1D71Q:00000001] Executed DbCommand (1ms) [Parameters=[@___currentUser_UserId_0='00000000-0000-0000-0002-000000000001'], CommandType='"Text"', CommandTimeout='30']
SELECT u."Id", u."CreatedAt", u."DeletedAt", u."Email", u."EmailVerificationExpiry", u."EmailVerificationToken", u."FirstName", u."IsActive", u."IsDeleted", u."IsEmailVerified", u."LastLoginAt", u."LastName", u."OrganizationId", u."PasswordHash", u."PasswordResetExpiry", u."PasswordResetToken", u."ProfilePictureUrl", u."RefreshToken", u."RefreshTokenExpiry", u."Role", u."UpdatedAt", o0."Id", o0."CreatedAt", o0."DeletedAt", o0."Description", o0."IsActive", o0."IsDeleted", o0."LogoUrl", o0."Name", o0."Plan", o0."Slug", o0."UpdatedAt"
FROM "Users" AS u
INNER JOIN (
    SELECT o."Id", o."CreatedAt", o."DeletedAt", o."Description", o."IsActive", o."IsDeleted", o."LogoUrl", o."Name", o."Plan", o."Slug", o."UpdatedAt"
    FROM "Organizations" AS o
    WHERE NOT (o."IsDeleted")
) AS o0 ON u."OrganizationId" = o0."Id"
WHERE NOT (u."IsDeleted") AND u."Id" = @___currentUser_UserId_0
LIMIT 1
2026-07-28 14:31:24.116 +06:00 [INF] [0HNNCG9V1D71Q:00000001] Executed DbCommand (1ms) [Parameters=[@___currentUser_OrganizationId_0='00000000-0000-0000-0001-000000000001', @__p_2='50', @__p_1='0'], CommandType='"Text"', CommandTimeout='30']
SELECT a."Id", a."Action", a."CreatedAt", a."EntityId", a."EntityName", a."EntityType", a."Metadata", a."OrganizationId", a."ProjectId", a."UserId", a."UserName"
FROM "ActivityLogs" AS a
WHERE a."OrganizationId" = @___currentUser_OrganizationId_0
ORDER BY a."CreatedAt" DESC
LIMIT @__p_2 OFFSET @__p_1
2026-07-28 14:31:24.120 +06:00 [INF] [0HNNCG9V1D71Q:00000001] [0HNNCG9V1D71Q:00000001] GET /api/activity → 200 (43.8ms)
2026-07-28 14:31:29.237 +06:00 [DBG] [0HNNCG9V1D71R:00000001] Permission granted: Owner → projects.view
2026-07-28 14:31:29.238 +06:00 [INF] [0HNNCG9V1D71R:00000001] Executed DbCommand (1ms) [Parameters=[@___currentUser_UserId_0='00000000-0000-0000-0002-000000000001'], CommandType='"Text"', CommandTimeout='30']
SELECT u."Id", u."CreatedAt", u."DeletedAt", u."Email", u."EmailVerificationExpiry", u."EmailVerificationToken", u."FirstName", u."IsActive", u."IsDeleted", u."IsEmailVerified", u."LastLoginAt", u."LastName", u."OrganizationId", u."PasswordHash", u."PasswordResetExpiry", u."PasswordResetToken", u."ProfilePictureUrl", u."RefreshToken", u."RefreshTokenExpiry", u."Role", u."UpdatedAt", o0."Id", o0."CreatedAt", o0."DeletedAt", o0."Description", o0."IsActive", o0."IsDeleted", o0."LogoUrl", o0."Name", o0."Plan", o0."Slug", o0."UpdatedAt"
FROM "Users" AS u
INNER JOIN (
    SELECT o."Id", o."CreatedAt", o."DeletedAt", o."Description", o."IsActive", o."IsDeleted", o."LogoUrl", o."Name", o."Plan", o."Slug", o."UpdatedAt"
    FROM "Organizations" AS o
    WHERE NOT (o."IsDeleted")
) AS o0 ON u."OrganizationId" = o0."Id"
WHERE NOT (u."IsDeleted") AND u."Id" = @___currentUser_UserId_0
LIMIT 1
2026-07-28 14:31:29.240 +06:00 [INF] [0HNNCG9V1D71R:00000001] Executed DbCommand (1ms) [Parameters=[@___currentUser_OrganizationId_0='00000000-0000-0000-0001-000000000001', @__p_2='50', @__p_1='0'], CommandType='"Text"', CommandTimeout='30']
SELECT a."Id", a."Action", a."CreatedAt", a."EntityId", a."EntityName", a."EntityType", a."Metadata", a."OrganizationId", a."ProjectId", a."UserId", a."UserName"
FROM "ActivityLogs" AS a
WHERE a."OrganizationId" = @___currentUser_OrganizationId_0
ORDER BY a."CreatedAt" DESC
LIMIT @__p_2 OFFSET @__p_1
2026-07-28 14:31:29.241 +06:00 [INF] [0HNNCG9V1D71R:00000001] [0HNNCG9V1D71R:00000001] GET /api/activity → 200 (4.6ms)
2026-07-28 14:31:44.943 +06:00 [DBG] [0HNNCG9V1D71S:00000001] Permission granted: Owner → members.view
2026-07-28 14:31:44.945 +06:00 [INF] [0HNNCG9V1D71S:00000001] Executed DbCommand (1ms) [Parameters=[@___currentUser_UserId_0='00000000-0000-0000-0002-000000000001'], CommandType='"Text"', CommandTimeout='30']
SELECT u."Id", u."CreatedAt", u."DeletedAt", u."Email", u."EmailVerificationExpiry", u."EmailVerificationToken", u."FirstName", u."IsActive", u."IsDeleted", u."IsEmailVerified", u."LastLoginAt", u."LastName", u."OrganizationId", u."PasswordHash", u."PasswordResetExpiry", u."PasswordResetToken", u."ProfilePictureUrl", u."RefreshToken", u."RefreshTokenExpiry", u."Role", u."UpdatedAt", o0."Id", o0."CreatedAt", o0."DeletedAt", o0."Description", o0."IsActive", o0."IsDeleted", o0."LogoUrl", o0."Name", o0."Plan", o0."Slug", o0."UpdatedAt"
FROM "Users" AS u
INNER JOIN (
    SELECT o."Id", o."CreatedAt", o."DeletedAt", o."Description", o."IsActive", o."IsDeleted", o."LogoUrl", o."Name", o."Plan", o."Slug", o."UpdatedAt"
    FROM "Organizations" AS o
    WHERE NOT (o."IsDeleted")
) AS o0 ON u."OrganizationId" = o0."Id"
WHERE NOT (u."IsDeleted") AND u."Id" = @___currentUser_UserId_0
LIMIT 1
2026-07-28 14:31:44.948 +06:00 [INF] [0HNNCG9V1D71S:00000001] Executed DbCommand (1ms) [Parameters=[@___currentUser_OrganizationId_0='00000000-0000-0000-0001-000000000001'], CommandType='"Text"', CommandTimeout='30']
SELECT count(*)::int
FROM "Users" AS u
WHERE NOT (u."IsDeleted") AND u."OrganizationId" = @___currentUser_OrganizationId_0
2026-07-28 14:31:44.950 +06:00 [INF] [0HNNCG9V1D71S:00000001] Executed DbCommand (1ms) [Parameters=[@___currentUser_OrganizationId_0='00000000-0000-0000-0001-000000000001', @__p_2='100', @__p_1='0'], CommandType='"Text"', CommandTimeout='30']
SELECT u."Id", u."CreatedAt", u."DeletedAt", u."Email", u."EmailVerificationExpiry", u."EmailVerificationToken", u."FirstName", u."IsActive", u."IsDeleted", u."IsEmailVerified", u."LastLoginAt", u."LastName", u."OrganizationId", u."PasswordHash", u."PasswordResetExpiry", u."PasswordResetToken", u."ProfilePictureUrl", u."RefreshToken", u."RefreshTokenExpiry", u."Role", u."UpdatedAt"
FROM "Users" AS u
WHERE NOT (u."IsDeleted") AND u."OrganizationId" = @___currentUser_OrganizationId_0
ORDER BY u."FirstName", u."LastName"
LIMIT @__p_2 OFFSET @__p_1
2026-07-28 14:31:44.951 +06:00 [INF] [0HNNCG9V1D71S:00000001] Members listed for org "00000000-0000-0000-0001-000000000001" — page 1, 4 results
2026-07-28 14:31:44.951 +06:00 [INF] [0HNNCG9V1D71S:00000001] [0HNNCG9V1D71S:00000001] GET /api/organizations/me/members → 200 (9.0ms)
2026-07-28 14:31:55.729 +06:00 [DBG] [0HNNCG9V1D71T:00000001] Permission granted: Owner → tasks.update.own
2026-07-28 14:31:55.731 +06:00 [INF] [0HNNCG9V1D71T:00000001] Executed DbCommand (1ms) [Parameters=[@___currentUser_UserId_0='00000000-0000-0000-0002-000000000001'], CommandType='"Text"', CommandTimeout='30']
SELECT u."Id", u."CreatedAt", u."DeletedAt", u."Email", u."EmailVerificationExpiry", u."EmailVerificationToken", u."FirstName", u."IsActive", u."IsDeleted", u."IsEmailVerified", u."LastLoginAt", u."LastName", u."OrganizationId", u."PasswordHash", u."PasswordResetExpiry", u."PasswordResetToken", u."ProfilePictureUrl", u."RefreshToken", u."RefreshTokenExpiry", u."Role", u."UpdatedAt", o0."Id", o0."CreatedAt", o0."DeletedAt", o0."Description", o0."IsActive", o0."IsDeleted", o0."LogoUrl", o0."Name", o0."Plan", o0."Slug", o0."UpdatedAt"
FROM "Users" AS u
INNER JOIN (
    SELECT o."Id", o."CreatedAt", o."DeletedAt", o."Description", o."IsActive", o."IsDeleted", o."LogoUrl", o."Name", o."Plan", o."Slug", o."UpdatedAt"
    FROM "Organizations" AS o
    WHERE NOT (o."IsDeleted")
) AS o0 ON u."OrganizationId" = o0."Id"
WHERE NOT (u."IsDeleted") AND u."Id" = @___currentUser_UserId_0
LIMIT 1
2026-07-28 14:31:55.792 +06:00 [INF] [0HNNCG9V1D71T:00000001] Executed DbCommand (5ms) [Parameters=[@__taskId_0='00000000-0000-0000-0004-000000000002'], CommandType='"Text"', CommandTimeout='30']
SELECT s."Id", s."ActualMinutes", s."AssignedToUserId", s."CompletedAt", s."CreatedAt", s."CreatedByUserId", s."DeletedAt", s."Description", s."DueDate", s."EstimatedMinutes", s."IsDeleted", s."OrderIndex", s."OrganizationId", s."ParentTaskId", s."Priority", s."ProjectId", s."StartDate", s."Status", s."Title", s."UpdatedAt", s."Id0", s."CreatedAt0", s."DeletedAt0", s."Email", s."EmailVerificationExpiry", s."EmailVerificationToken", s."FirstName", s."IsActive", s."IsDeleted0", s."IsEmailVerified", s."LastLoginAt", s."LastName", s."OrganizationId0", s."PasswordHash", s."PasswordResetExpiry", s."PasswordResetToken", s."ProfilePictureUrl", s."RefreshToken", s."RefreshTokenExpiry", s."Role", s."UpdatedAt0", s."Id1", s."CreatedAt1", s."DeletedAt1", s."Email0", s."EmailVerificationExpiry0", s."EmailVerificationToken0", s."FirstName0", s."IsActive0", s."IsDeleted1", s."IsEmailVerified0", s."LastLoginAt0", s."LastName0", s."OrganizationId1", s."PasswordHash0", s."PasswordResetExpiry0", s."PasswordResetToken0", s."ProfilePictureUrl0", s."RefreshToken0", s."RefreshTokenExpiry0", s."Role0", s."UpdatedAt1", s."Id2", s."CreatedAt2", s."CreatedByUserId0", s."DeletedAt2", s."Description0", s."DueDate0", s."IsDeleted2", s."Name", s."OrganizationId2", s."ProjectLeadUserId", s."StartDate0", s."Status0", s."UpdatedAt2", s0."TaskId", s0."UserId", s0."AssignedAt", s0."AssignedByUserId", s0."Id", s0."CreatedAt", s0."DeletedAt", s0."Email", s0."EmailVerificationExpiry", s0."EmailVerificationToken", s0."FirstName", s0."IsActive", s0."IsDeleted", s0."IsEmailVerified", s0."LastLoginAt", s0."LastName", s0."OrganizationId", s0."PasswordHash", s0."PasswordResetExpiry", s0."PasswordResetToken", s0."ProfilePictureUrl", s0."RefreshToken", s0."RefreshTokenExpiry", s0."Role", s0."UpdatedAt", t2."Id", t2."ActualMinutes", t2."AssignedToUserId", t2."CompletedAt", t2."CreatedAt", t2."CreatedByUserId", t2."DeletedAt", t2."Description", t2."DueDate", t2."EstimatedMinutes", t2."IsDeleted", t2."OrderIndex", t2."OrganizationId", t2."ParentTaskId", t2."Priority", t2."ProjectId", t2."StartDate", t2."Status", t2."Title", t2."UpdatedAt"
FROM (
    SELECT t."Id", t."ActualMinutes", t."AssignedToUserId", t."CompletedAt", t."CreatedAt", t."CreatedByUserId", t."DeletedAt", t."Description", t."DueDate", t."EstimatedMinutes", t."IsDeleted", t."OrderIndex", t."OrganizationId", t."ParentTaskId", t."Priority", t."ProjectId", t."StartDate", t."Status", t."Title", t."UpdatedAt", u0."Id" AS "Id0", u0."CreatedAt" AS "CreatedAt0", u0."DeletedAt" AS "DeletedAt0", u0."Email", u0."EmailVerificationExpiry", u0."EmailVerificationToken", u0."FirstName", u0."IsActive", u0."IsDeleted" AS "IsDeleted0", u0."IsEmailVerified", u0."LastLoginAt", u0."LastName", u0."OrganizationId" AS "OrganizationId0", u0."PasswordHash", u0."PasswordResetExpiry", u0."PasswordResetToken", u0."ProfilePictureUrl", u0."RefreshToken", u0."RefreshTokenExpiry", u0."Role", u0."UpdatedAt" AS "UpdatedAt0", u2."Id" AS "Id1", u2."CreatedAt" AS "CreatedAt1", u2."DeletedAt" AS "DeletedAt1", u2."Email" AS "Email0", u2."EmailVerificationExpiry" AS "EmailVerificationExpiry0", u2."EmailVerificationToken" AS "EmailVerificationToken0", u2."FirstName" AS "FirstName0", u2."IsActive" AS "IsActive0", u2."IsDeleted" AS "IsDeleted1", u2."IsEmailVerified" AS "IsEmailVerified0", u2."LastLoginAt" AS "LastLoginAt0", u2."LastName" AS "LastName0", u2."OrganizationId" AS "OrganizationId1", u2."PasswordHash" AS "PasswordHash0", u2."PasswordResetExpiry" AS "PasswordResetExpiry0", u2."PasswordResetToken" AS "PasswordResetToken0", u2."ProfilePictureUrl" AS "ProfilePictureUrl0", u2."RefreshToken" AS "RefreshToken0", u2."RefreshTokenExpiry" AS "RefreshTokenExpiry0", u2."Role" AS "Role0", u2."UpdatedAt" AS "UpdatedAt1", p0."Id" AS "Id2", p0."CreatedAt" AS "CreatedAt2", p0."CreatedByUserId" AS "CreatedByUserId0", p0."DeletedAt" AS "DeletedAt2", p0."Description" AS "Description0", p0."DueDate" AS "DueDate0", p0."IsDeleted" AS "IsDeleted2", p0."Name", p0."OrganizationId" AS "OrganizationId2", p0."ProjectLeadUserId", p0."StartDate" AS "StartDate0", p0."Status" AS "Status0", p0."UpdatedAt" AS "UpdatedAt2"
    FROM "Tasks" AS t
    INNER JOIN (
        SELECT u."Id", u."CreatedAt", u."DeletedAt", u."Email", u."EmailVerificationExpiry", u."EmailVerificationToken", u."FirstName", u."IsActive", u."IsDeleted", u."IsEmailVerified", u."LastLoginAt", u."LastName", u."OrganizationId", u."PasswordHash", u."PasswordResetExpiry", u."PasswordResetToken", u."ProfilePictureUrl", u."RefreshToken", u."RefreshTokenExpiry", u."Role", u."UpdatedAt"
        FROM "Users" AS u
        WHERE NOT (u."IsDeleted")
    ) AS u0 ON t."CreatedByUserId" = u0."Id"
    LEFT JOIN (
        SELECT u1."Id", u1."CreatedAt", u1."DeletedAt", u1."Email", u1."EmailVerificationExpiry", u1."EmailVerificationToken", u1."FirstName", u1."IsActive", u1."IsDeleted", u1."IsEmailVerified", u1."LastLoginAt", u1."LastName", u1."OrganizationId", u1."PasswordHash", u1."PasswordResetExpiry", u1."PasswordResetToken", u1."ProfilePictureUrl", u1."RefreshToken", u1."RefreshTokenExpiry", u1."Role", u1."UpdatedAt"
        FROM "Users" AS u1
        WHERE NOT (u1."IsDeleted")
    ) AS u2 ON t."AssignedToUserId" = u2."Id"
    INNER JOIN (
        SELECT p."Id", p."CreatedAt", p."CreatedByUserId", p."DeletedAt", p."Description", p."DueDate", p."IsDeleted", p."Name", p."OrganizationId", p."ProjectLeadUserId", p."StartDate", p."Status", p."UpdatedAt"
        FROM "Projects" AS p
        WHERE NOT (p."IsDeleted")
    ) AS p0 ON t."ProjectId" = p0."Id"
    WHERE NOT (t."IsDeleted") AND t."Id" = @__taskId_0
    LIMIT 1
) AS s
LEFT JOIN (
    SELECT t0."TaskId", t0."UserId", t0."AssignedAt", t0."AssignedByUserId", u4."Id", u4."CreatedAt", u4."DeletedAt", u4."Email", u4."EmailVerificationExpiry", u4."EmailVerificationToken", u4."FirstName", u4."IsActive", u4."IsDeleted", u4."IsEmailVerified", u4."LastLoginAt", u4."LastName", u4."OrganizationId", u4."PasswordHash", u4."PasswordResetExpiry", u4."PasswordResetToken", u4."ProfilePictureUrl", u4."RefreshToken", u4."RefreshTokenExpiry", u4."Role", u4."UpdatedAt"
    FROM "TaskAssignees" AS t0
    INNER JOIN (
        SELECT u3."Id", u3."CreatedAt", u3."DeletedAt", u3."Email", u3."EmailVerificationExpiry", u3."EmailVerificationToken", u3."FirstName", u3."IsActive", u3."IsDeleted", u3."IsEmailVerified", u3."LastLoginAt", u3."LastName", u3."OrganizationId", u3."PasswordHash", u3."PasswordResetExpiry", u3."PasswordResetToken", u3."ProfilePictureUrl", u3."RefreshToken", u3."RefreshTokenExpiry", u3."Role", u3."UpdatedAt"
        FROM "Users" AS u3
        WHERE NOT (u3."IsDeleted")
    ) AS u4 ON t0."UserId" = u4."Id"
) AS s0 ON s."Id" = s0."TaskId"
LEFT JOIN (
    SELECT t1."Id", t1."ActualMinutes", t1."AssignedToUserId", t1."CompletedAt", t1."CreatedAt", t1."CreatedByUserId", t1."DeletedAt", t1."Description", t1."DueDate", t1."EstimatedMinutes", t1."IsDeleted", t1."OrderIndex", t1."OrganizationId", t1."ParentTaskId", t1."Priority", t1."ProjectId", t1."StartDate", t1."Status", t1."Title", t1."UpdatedAt"
    FROM "Tasks" AS t1
    WHERE NOT (t1."IsDeleted")
) AS t2 ON s."Id" = t2."ParentTaskId"
ORDER BY s."Id", s."Id0", s."Id1", s."Id2", s0."TaskId", s0."UserId", s0."Id"
2026-07-28 14:31:55.794 +06:00 [DBG] [0HNNCG9V1D71T:00000001] Permission check: "00000000-0000-0000-0002-000000000001" (Owner) → tasks.update = true
2026-07-28 14:31:55.794 +06:00 [DBG] [0HNNCG9V1D71T:00000001] Permission check: "00000000-0000-0000-0002-000000000001" (Owner) → tasks.update.own = true
2026-07-28 14:31:55.800 +06:00 [INF] [0HNNCG9V1D71T:00000001] Executed DbCommand (1ms) [Parameters=[@__dto_AssignedToUserId_Value_0='00000000-0000-0000-0002-000000000003', @___currentUser_OrganizationId_1='00000000-0000-0000-0001-000000000001'], CommandType='"Text"', CommandTimeout='30']
SELECT EXISTS (
    SELECT 1
    FROM "Users" AS u
    WHERE NOT (u."IsDeleted") AND u."Id" = @__dto_AssignedToUserId_Value_0 AND u."OrganizationId" = @___currentUser_OrganizationId_1 AND u."IsActive")
2026-07-28 14:31:55.806 +06:00 [INF] [0HNNCG9V1D71T:00000001] Executed DbCommand (2ms) [Parameters=[@p3='00000000-0000-0000-0004-000000000002', @p0='2026-07-29T00:00:00.0000000Z' (Nullable = true) (DbType = DateTime), @p1='240' (Nullable = true), @p2='2026-07-28T08:31:55.8027041Z' (DbType = DateTime)], CommandType='"Text"', CommandTimeout='30']
UPDATE "Tasks" SET "DueDate" = @p0, "EstimatedMinutes" = @p1, "UpdatedAt" = @p2
WHERE "Id" = @p3;
2026-07-28 14:31:55.814 +06:00 [INF] [0HNNCG9V1D71T:00000001] Executed DbCommand (2ms) [Parameters=[@p0='2aa04645-16a6-410c-9861-38984e3ba613', @p1='TaskUpdated' (Nullable = false), @p2='2026-07-28T08:31:55.8087264Z' (DbType = DateTime), @p3='00000000-0000-0000-0004-000000000002', @p4='Set up CMS platform', @p5='Task' (Nullable = false), @p6=NULL, @p7='00000000-0000-0000-0001-000000000001', @p8='00000000-0000-0000-0003-000000000001' (Nullable = true), @p9='00000000-0000-0000-0002-000000000001', @p10='Demo Owner' (Nullable = false)], CommandType='"Text"', CommandTimeout='30']
INSERT INTO "ActivityLogs" ("Id", "Action", "CreatedAt", "EntityId", "EntityName", "EntityType", "Metadata", "OrganizationId", "ProjectId", "UserId", "UserName")
VALUES (@p0, @p1, @p2, @p3, @p4, @p5, @p6, @p7, @p8, @p9, @p10);
2026-07-28 14:31:55.819 +06:00 [INF] [0HNNCG9V1D71T:00000001] Task "00000000-0000-0000-0004-000000000002" updated by "00000000-0000-0000-0002-000000000001"
2026-07-28 14:31:55.820 +06:00 [INF] [0HNNCG9V1D71T:00000001] [0HNNCG9V1D71T:00000001] PUT /api/tasks/00000000-0000-0000-0004-000000000002 → 200 (91.5ms)
2026-07-28 14:31:55.829 +06:00 [DBG] [0HNNCG9V1D71U:00000001] Permission granted: Owner → projects.view
2026-07-28 14:31:55.831 +06:00 [INF] [0HNNCG9V1D71U:00000001] Executed DbCommand (1ms) [Parameters=[@___currentUser_UserId_0='00000000-0000-0000-0002-000000000001'], CommandType='"Text"', CommandTimeout='30']
SELECT u."Id", u."CreatedAt", u."DeletedAt", u."Email", u."EmailVerificationExpiry", u."EmailVerificationToken", u."FirstName", u."IsActive", u."IsDeleted", u."IsEmailVerified", u."LastLoginAt", u."LastName", u."OrganizationId", u."PasswordHash", u."PasswordResetExpiry", u."PasswordResetToken", u."ProfilePictureUrl", u."RefreshToken", u."RefreshTokenExpiry", u."Role", u."UpdatedAt", o0."Id", o0."CreatedAt", o0."DeletedAt", o0."Description", o0."IsActive", o0."IsDeleted", o0."LogoUrl", o0."Name", o0."Plan", o0."Slug", o0."UpdatedAt"
FROM "Users" AS u
INNER JOIN (
    SELECT o."Id", o."CreatedAt", o."DeletedAt", o."Description", o."IsActive", o."IsDeleted", o."LogoUrl", o."Name", o."Plan", o."Slug", o."UpdatedAt"
    FROM "Organizations" AS o
    WHERE NOT (o."IsDeleted")
) AS o0 ON u."OrganizationId" = o0."Id"
WHERE NOT (u."IsDeleted") AND u."Id" = @___currentUser_UserId_0
LIMIT 1
2026-07-28 14:31:55.834 +06:00 [INF] [0HNNCG9V1D71U:00000001] Executed DbCommand (2ms) [Parameters=[@__projectId_0='00000000-0000-0000-0003-000000000001'], CommandType='"Text"', CommandTimeout='30']
SELECT s."Id", s."CreatedAt", s."CreatedByUserId", s."DeletedAt", s."Description", s."DueDate", s."IsDeleted", s."Name", s."OrganizationId", s."ProjectLeadUserId", s."StartDate", s."Status", s."UpdatedAt", s."Id0", s."CreatedAt0", s."DeletedAt0", s."Email", s."EmailVerificationExpiry", s."EmailVerificationToken", s."FirstName", s."IsActive", s."IsDeleted0", s."IsEmailVerified", s."LastLoginAt", s."LastName", s."OrganizationId0", s."PasswordHash", s."PasswordResetExpiry", s."PasswordResetToken", s."ProfilePictureUrl", s."RefreshToken", s."RefreshTokenExpiry", s."Role", s."UpdatedAt0", s."Id1", s."CreatedAt1", s."DeletedAt1", s."Email0", s."EmailVerificationExpiry0", s."EmailVerificationToken0", s."FirstName0", s."IsActive0", s."IsDeleted1", s."IsEmailVerified0", s."LastLoginAt0", s."LastName0", s."OrganizationId1", s."PasswordHash0", s."PasswordResetExpiry0", s."PasswordResetToken0", s."ProfilePictureUrl0", s."RefreshToken0", s."RefreshTokenExpiry0", s."Role0", s."UpdatedAt1", t0."Id", t0."ActualMinutes", t0."AssignedToUserId", t0."CompletedAt", t0."CreatedAt", t0."CreatedByUserId", t0."DeletedAt", t0."Description", t0."DueDate", t0."EstimatedMinutes", t0."IsDeleted", t0."OrderIndex", t0."OrganizationId", t0."ParentTaskId", t0."Priority", t0."ProjectId", t0."StartDate", t0."Status", t0."Title", t0."UpdatedAt"
FROM (
    SELECT p."Id", p."CreatedAt", p."CreatedByUserId", p."DeletedAt", p."Description", p."DueDate", p."IsDeleted", p."Name", p."OrganizationId", p."ProjectLeadUserId", p."StartDate", p."Status", p."UpdatedAt", u0."Id" AS "Id0", u0."CreatedAt" AS "CreatedAt0", u0."DeletedAt" AS "DeletedAt0", u0."Email", u0."EmailVerificationExpiry", u0."EmailVerificationToken", u0."FirstName", u0."IsActive", u0."IsDeleted" AS "IsDeleted0", u0."IsEmailVerified", u0."LastLoginAt", u0."LastName", u0."OrganizationId" AS "OrganizationId0", u0."PasswordHash", u0."PasswordResetExpiry", u0."PasswordResetToken", u0."ProfilePictureUrl", u0."RefreshToken", u0."RefreshTokenExpiry", u0."Role", u0."UpdatedAt" AS "UpdatedAt0", u2."Id" AS "Id1", u2."CreatedAt" AS "CreatedAt1", u2."DeletedAt" AS "DeletedAt1", u2."Email" AS "Email0", u2."EmailVerificationExpiry" AS "EmailVerificationExpiry0", u2."EmailVerificationToken" AS "EmailVerificationToken0", u2."FirstName" AS "FirstName0", u2."IsActive" AS "IsActive0", u2."IsDeleted" AS "IsDeleted1", u2."IsEmailVerified" AS "IsEmailVerified0", u2."LastLoginAt" AS "LastLoginAt0", u2."LastName" AS "LastName0", u2."OrganizationId" AS "OrganizationId1", u2."PasswordHash" AS "PasswordHash0", u2."PasswordResetExpiry" AS "PasswordResetExpiry0", u2."PasswordResetToken" AS "PasswordResetToken0", u2."ProfilePictureUrl" AS "ProfilePictureUrl0", u2."RefreshToken" AS "RefreshToken0", u2."RefreshTokenExpiry" AS "RefreshTokenExpiry0", u2."Role" AS "Role0", u2."UpdatedAt" AS "UpdatedAt1"
    FROM "Projects" AS p
    INNER JOIN (
        SELECT u."Id", u."CreatedAt", u."DeletedAt", u."Email", u."EmailVerificationExpiry", u."EmailVerificationToken", u."FirstName", u."IsActive", u."IsDeleted", u."IsEmailVerified", u."LastLoginAt", u."LastName", u."OrganizationId", u."PasswordHash", u."PasswordResetExpiry", u."PasswordResetToken", u."ProfilePictureUrl", u."RefreshToken", u."RefreshTokenExpiry", u."Role", u."UpdatedAt"
        FROM "Users" AS u
        WHERE NOT (u."IsDeleted")
    ) AS u0 ON p."CreatedByUserId" = u0."Id"
    LEFT JOIN (
        SELECT u1."Id", u1."CreatedAt", u1."DeletedAt", u1."Email", u1."EmailVerificationExpiry", u1."EmailVerificationToken", u1."FirstName", u1."IsActive", u1."IsDeleted", u1."IsEmailVerified", u1."LastLoginAt", u1."LastName", u1."OrganizationId", u1."PasswordHash", u1."PasswordResetExpiry", u1."PasswordResetToken", u1."ProfilePictureUrl", u1."RefreshToken", u1."RefreshTokenExpiry", u1."Role", u1."UpdatedAt"
        FROM "Users" AS u1
        WHERE NOT (u1."IsDeleted")
    ) AS u2 ON p."ProjectLeadUserId" = u2."Id"
    WHERE NOT (p."IsDeleted") AND p."Id" = @__projectId_0
    LIMIT 1
) AS s
LEFT JOIN (
    SELECT t."Id", t."ActualMinutes", t."AssignedToUserId", t."CompletedAt", t."CreatedAt", t."CreatedByUserId", t."DeletedAt", t."Description", t."DueDate", t."EstimatedMinutes", t."IsDeleted", t."OrderIndex", t."OrganizationId", t."ParentTaskId", t."Priority", t."ProjectId", t."StartDate", t."Status", t."Title", t."UpdatedAt"
    FROM "Tasks" AS t
    WHERE NOT (t."IsDeleted")
) AS t0 ON s."Id" = t0."ProjectId"
ORDER BY s."Id", s."Id0", s."Id1"
2026-07-28 14:31:55.836 +06:00 [INF] [0HNNCG9V1D71U:00000001] [0HNNCG9V1D71U:00000001] GET /api/projects/00000000-0000-0000-0003-000000000001 → 200 (6.8ms)
2026-07-28 14:31:57.883 +06:00 [DBG] [0HNNCG9V1D71V:00000001] Permission granted: Owner → projects.view
2026-07-28 14:31:57.883 +06:00 [DBG] [0HNNCG9V1D720:00000001] Permission granted: Owner → projects.view
2026-07-28 14:31:57.885 +06:00 [INF] [0HNNCG9V1D720:00000001] Executed DbCommand (1ms) [Parameters=[@___currentUser_UserId_0='00000000-0000-0000-0002-000000000001'], CommandType='"Text"', CommandTimeout='30']
SELECT u."Id", u."CreatedAt", u."DeletedAt", u."Email", u."EmailVerificationExpiry", u."EmailVerificationToken", u."FirstName", u."IsActive", u."IsDeleted", u."IsEmailVerified", u."LastLoginAt", u."LastName", u."OrganizationId", u."PasswordHash", u."PasswordResetExpiry", u."PasswordResetToken", u."ProfilePictureUrl", u."RefreshToken", u."RefreshTokenExpiry", u."Role", u."UpdatedAt", o0."Id", o0."CreatedAt", o0."DeletedAt", o0."Description", o0."IsActive", o0."IsDeleted", o0."LogoUrl", o0."Name", o0."Plan", o0."Slug", o0."UpdatedAt"
FROM "Users" AS u
INNER JOIN (
    SELECT o."Id", o."CreatedAt", o."DeletedAt", o."Description", o."IsActive", o."IsDeleted", o."LogoUrl", o."Name", o."Plan", o."Slug", o."UpdatedAt"
    FROM "Organizations" AS o
    WHERE NOT (o."IsDeleted")
) AS o0 ON u."OrganizationId" = o0."Id"
WHERE NOT (u."IsDeleted") AND u."Id" = @___currentUser_UserId_0
LIMIT 1
2026-07-28 14:31:57.885 +06:00 [INF] [0HNNCG9V1D71V:00000001] Executed DbCommand (1ms) [Parameters=[@___currentUser_UserId_0='00000000-0000-0000-0002-000000000001'], CommandType='"Text"', CommandTimeout='30']
SELECT u."Id", u."CreatedAt", u."DeletedAt", u."Email", u."EmailVerificationExpiry", u."EmailVerificationToken", u."FirstName", u."IsActive", u."IsDeleted", u."IsEmailVerified", u."LastLoginAt", u."LastName", u."OrganizationId", u."PasswordHash", u."PasswordResetExpiry", u."PasswordResetToken", u."ProfilePictureUrl", u."RefreshToken", u."RefreshTokenExpiry", u."Role", u."UpdatedAt", o0."Id", o0."CreatedAt", o0."DeletedAt", o0."Description", o0."IsActive", o0."IsDeleted", o0."LogoUrl", o0."Name", o0."Plan", o0."Slug", o0."UpdatedAt"
FROM "Users" AS u
INNER JOIN (
    SELECT o."Id", o."CreatedAt", o."DeletedAt", o."Description", o."IsActive", o."IsDeleted", o."LogoUrl", o."Name", o."Plan", o."Slug", o."UpdatedAt"
    FROM "Organizations" AS o
    WHERE NOT (o."IsDeleted")
) AS o0 ON u."OrganizationId" = o0."Id"
WHERE NOT (u."IsDeleted") AND u."Id" = @___currentUser_UserId_0
LIMIT 1
2026-07-28 14:31:57.887 +06:00 [INF] [0HNNCG9V1D720:00000001] Executed DbCommand (1ms) [Parameters=[@___currentUser_OrganizationId_0='00000000-0000-0000-0001-000000000001', @__p_2='50', @__p_1='0'], CommandType='"Text"', CommandTimeout='30']
SELECT a."Id", a."Action", a."CreatedAt", a."EntityId", a."EntityName", a."EntityType", a."Metadata", a."OrganizationId", a."ProjectId", a."UserId", a."UserName"
FROM "ActivityLogs" AS a
WHERE a."OrganizationId" = @___currentUser_OrganizationId_0
ORDER BY a."CreatedAt" DESC
LIMIT @__p_2 OFFSET @__p_1
2026-07-28 14:31:57.887 +06:00 [INF] [0HNNCG9V1D71V:00000001] Executed DbCommand (0ms) [Parameters=[@___currentUser_OrganizationId_0='00000000-0000-0000-0001-000000000001'], CommandType='"Text"', CommandTimeout='30']
SELECT count(*)::int
FROM "Projects" AS p
WHERE NOT (p."IsDeleted") AND p."OrganizationId" = @___currentUser_OrganizationId_0
2026-07-28 14:31:57.888 +06:00 [INF] [0HNNCG9V1D720:00000001] [0HNNCG9V1D720:00000001] GET /api/activity → 200 (4.8ms)
2026-07-28 14:31:57.889 +06:00 [INF] [0HNNCG9V1D71V:00000001] Executed DbCommand (2ms) [Parameters=[@___currentUser_OrganizationId_0='00000000-0000-0000-0001-000000000001', @__p_2='100', @__p_1='0'], CommandType='"Text"', CommandTimeout='30']
SELECT p0."Id", p0."CreatedAt", p0."CreatedByUserId", p0."DeletedAt", p0."Description", p0."DueDate", p0."IsDeleted", p0."Name", p0."OrganizationId", p0."ProjectLeadUserId", p0."StartDate", p0."Status", p0."UpdatedAt", u0."Id", u0."CreatedAt", u0."DeletedAt", u0."Email", u0."EmailVerificationExpiry", u0."EmailVerificationToken", u0."FirstName", u0."IsActive", u0."IsDeleted", u0."IsEmailVerified", u0."LastLoginAt", u0."LastName", u0."OrganizationId", u0."PasswordHash", u0."PasswordResetExpiry", u0."PasswordResetToken", u0."ProfilePictureUrl", u0."RefreshToken", u0."RefreshTokenExpiry", u0."Role", u0."UpdatedAt", u2."Id", u2."CreatedAt", u2."DeletedAt", u2."Email", u2."EmailVerificationExpiry", u2."EmailVerificationToken", u2."FirstName", u2."IsActive", u2."IsDeleted", u2."IsEmailVerified", u2."LastLoginAt", u2."LastName", u2."OrganizationId", u2."PasswordHash", u2."PasswordResetExpiry", u2."PasswordResetToken", u2."ProfilePictureUrl", u2."RefreshToken", u2."RefreshTokenExpiry", u2."Role", u2."UpdatedAt", t0."Id", t0."ActualMinutes", t0."AssignedToUserId", t0."CompletedAt", t0."CreatedAt", t0."CreatedByUserId", t0."DeletedAt", t0."Description", t0."DueDate", t0."EstimatedMinutes", t0."IsDeleted", t0."OrderIndex", t0."OrganizationId", t0."ParentTaskId", t0."Priority", t0."ProjectId", t0."StartDate", t0."Status", t0."Title", t0."UpdatedAt"
FROM (
    SELECT p."Id", p."CreatedAt", p."CreatedByUserId", p."DeletedAt", p."Description", p."DueDate", p."IsDeleted", p."Name", p."OrganizationId", p."ProjectLeadUserId", p."StartDate", p."Status", p."UpdatedAt"
    FROM "Projects" AS p
    WHERE NOT (p."IsDeleted") AND p."OrganizationId" = @___currentUser_OrganizationId_0
    ORDER BY p."CreatedAt" DESC
    LIMIT @__p_2 OFFSET @__p_1
) AS p0
INNER JOIN (
    SELECT u."Id", u."CreatedAt", u."DeletedAt", u."Email", u."EmailVerificationExpiry", u."EmailVerificationToken", u."FirstName", u."IsActive", u."IsDeleted", u."IsEmailVerified", u."LastLoginAt", u."LastName", u."OrganizationId", u."PasswordHash", u."PasswordResetExpiry", u."PasswordResetToken", u."ProfilePictureUrl", u."RefreshToken", u."RefreshTokenExpiry", u."Role", u."UpdatedAt"
    FROM "Users" AS u
    WHERE NOT (u."IsDeleted")
) AS u0 ON p0."CreatedByUserId" = u0."Id"
LEFT JOIN (
    SELECT u1."Id", u1."CreatedAt", u1."DeletedAt", u1."Email", u1."EmailVerificationExpiry", u1."EmailVerificationToken", u1."FirstName", u1."IsActive", u1."IsDeleted", u1."IsEmailVerified", u1."LastLoginAt", u1."LastName", u1."OrganizationId", u1."PasswordHash", u1."PasswordResetExpiry", u1."PasswordResetToken", u1."ProfilePictureUrl", u1."RefreshToken", u1."RefreshTokenExpiry", u1."Role", u1."UpdatedAt"
    FROM "Users" AS u1
    WHERE NOT (u1."IsDeleted")
) AS u2 ON p0."ProjectLeadUserId" = u2."Id"
LEFT JOIN (
    SELECT t."Id", t."ActualMinutes", t."AssignedToUserId", t."CompletedAt", t."CreatedAt", t."CreatedByUserId", t."DeletedAt", t."Description", t."DueDate", t."EstimatedMinutes", t."IsDeleted", t."OrderIndex", t."OrganizationId", t."ParentTaskId", t."Priority", t."ProjectId", t."StartDate", t."Status", t."Title", t."UpdatedAt"
    FROM "Tasks" AS t
    WHERE NOT (t."IsDeleted")
) AS t0 ON p0."Id" = t0."ProjectId"
ORDER BY p0."CreatedAt" DESC, p0."Id", u0."Id", u2."Id"
2026-07-28 14:31:57.891 +06:00 [INF] [0HNNCG9V1D71V:00000001] Projects listed for org "00000000-0000-0000-0001-000000000001" — 5 results
2026-07-28 14:31:57.891 +06:00 [INF] [0HNNCG9V1D71V:00000001] [0HNNCG9V1D71V:00000001] GET /api/projects → 200 (8.5ms)
2026-07-28 14:32:27.909 +06:00 [DBG] [0HNNCG9V1D721:00000001] Permission granted: Owner → projects.view
2026-07-28 14:32:27.912 +06:00 [INF] [0HNNCG9V1D721:00000001] Executed DbCommand (1ms) [Parameters=[@___currentUser_UserId_0='00000000-0000-0000-0002-000000000001'], CommandType='"Text"', CommandTimeout='30']
SELECT u."Id", u."CreatedAt", u."DeletedAt", u."Email", u."EmailVerificationExpiry", u."EmailVerificationToken", u."FirstName", u."IsActive", u."IsDeleted", u."IsEmailVerified", u."LastLoginAt", u."LastName", u."OrganizationId", u."PasswordHash", u."PasswordResetExpiry", u."PasswordResetToken", u."ProfilePictureUrl", u."RefreshToken", u."RefreshTokenExpiry", u."Role", u."UpdatedAt", o0."Id", o0."CreatedAt", o0."DeletedAt", o0."Description", o0."IsActive", o0."IsDeleted", o0."LogoUrl", o0."Name", o0."Plan", o0."Slug", o0."UpdatedAt"
FROM "Users" AS u
INNER JOIN (
    SELECT o."Id", o."CreatedAt", o."DeletedAt", o."Description", o."IsActive", o."IsDeleted", o."LogoUrl", o."Name", o."Plan", o."Slug", o."UpdatedAt"
    FROM "Organizations" AS o
    WHERE NOT (o."IsDeleted")
) AS o0 ON u."OrganizationId" = o0."Id"
WHERE NOT (u."IsDeleted") AND u."Id" = @___currentUser_UserId_0
LIMIT 1
2026-07-28 14:32:27.915 +06:00 [INF] [0HNNCG9V1D721:00000001] Executed DbCommand (1ms) [Parameters=[@___currentUser_OrganizationId_0='00000000-0000-0000-0001-000000000001', @__p_2='50', @__p_1='0'], CommandType='"Text"', CommandTimeout='30']
SELECT a."Id", a."Action", a."CreatedAt", a."EntityId", a."EntityName", a."EntityType", a."Metadata", a."OrganizationId", a."ProjectId", a."UserId", a."UserName"
FROM "ActivityLogs" AS a
WHERE a."OrganizationId" = @___currentUser_OrganizationId_0
ORDER BY a."CreatedAt" DESC
LIMIT @__p_2 OFFSET @__p_1
2026-07-28 14:32:27.915 +06:00 [INF] [0HNNCG9V1D721:00000001] [0HNNCG9V1D721:00000001] GET /api/activity → 200 (6.6ms)
2026-07-28 14:32:57.952 +06:00 [DBG] [0HNNCG9V1D722:00000001] Permission granted: Owner → projects.view
2026-07-28 14:32:57.955 +06:00 [INF] [0HNNCG9V1D722:00000001] Executed DbCommand (1ms) [Parameters=[@___currentUser_UserId_0='00000000-0000-0000-0002-000000000001'], CommandType='"Text"', CommandTimeout='30']
SELECT u."Id", u."CreatedAt", u."DeletedAt", u."Email", u."EmailVerificationExpiry", u."EmailVerificationToken", u."FirstName", u."IsActive", u."IsDeleted", u."IsEmailVerified", u."LastLoginAt", u."LastName", u."OrganizationId", u."PasswordHash", u."PasswordResetExpiry", u."PasswordResetToken", u."ProfilePictureUrl", u."RefreshToken", u."RefreshTokenExpiry", u."Role", u."UpdatedAt", o0."Id", o0."CreatedAt", o0."DeletedAt", o0."Description", o0."IsActive", o0."IsDeleted", o0."LogoUrl", o0."Name", o0."Plan", o0."Slug", o0."UpdatedAt"
FROM "Users" AS u
INNER JOIN (
    SELECT o."Id", o."CreatedAt", o."DeletedAt", o."Description", o."IsActive", o."IsDeleted", o."LogoUrl", o."Name", o."Plan", o."Slug", o."UpdatedAt"
    FROM "Organizations" AS o
    WHERE NOT (o."IsDeleted")
) AS o0 ON u."OrganizationId" = o0."Id"
WHERE NOT (u."IsDeleted") AND u."Id" = @___currentUser_UserId_0
LIMIT 1
2026-07-28 14:32:57.959 +06:00 [INF] [0HNNCG9V1D722:00000001] Executed DbCommand (3ms) [Parameters=[@___currentUser_OrganizationId_0='00000000-0000-0000-0001-000000000001', @__p_2='50', @__p_1='0'], CommandType='"Text"', CommandTimeout='30']
SELECT a."Id", a."Action", a."CreatedAt", a."EntityId", a."EntityName", a."EntityType", a."Metadata", a."OrganizationId", a."ProjectId", a."UserId", a."UserName"
FROM "ActivityLogs" AS a
WHERE a."OrganizationId" = @___currentUser_OrganizationId_0
ORDER BY a."CreatedAt" DESC
LIMIT @__p_2 OFFSET @__p_1
2026-07-28 14:32:57.960 +06:00 [INF] [0HNNCG9V1D722:00000001] [0HNNCG9V1D722:00000001] GET /api/activity → 200 (9.0ms)
2026-07-28 14:33:27.999 +06:00 [DBG] [0HNNCG9V1D723:00000001] Permission granted: Owner → projects.view
2026-07-28 14:33:28.002 +06:00 [INF] [0HNNCG9V1D723:00000001] Executed DbCommand (1ms) [Parameters=[@___currentUser_UserId_0='00000000-0000-0000-0002-000000000001'], CommandType='"Text"', CommandTimeout='30']
SELECT u."Id", u."CreatedAt", u."DeletedAt", u."Email", u."EmailVerificationExpiry", u."EmailVerificationToken", u."FirstName", u."IsActive", u."IsDeleted", u."IsEmailVerified", u."LastLoginAt", u."LastName", u."OrganizationId", u."PasswordHash", u."PasswordResetExpiry", u."PasswordResetToken", u."ProfilePictureUrl", u."RefreshToken", u."RefreshTokenExpiry", u."Role", u."UpdatedAt", o0."Id", o0."CreatedAt", o0."DeletedAt", o0."Description", o0."IsActive", o0."IsDeleted", o0."LogoUrl", o0."Name", o0."Plan", o0."Slug", o0."UpdatedAt"
FROM "Users" AS u
INNER JOIN (
    SELECT o."Id", o."CreatedAt", o."DeletedAt", o."Description", o."IsActive", o."IsDeleted", o."LogoUrl", o."Name", o."Plan", o."Slug", o."UpdatedAt"
    FROM "Organizations" AS o
    WHERE NOT (o."IsDeleted")
) AS o0 ON u."OrganizationId" = o0."Id"
WHERE NOT (u."IsDeleted") AND u."Id" = @___currentUser_UserId_0
LIMIT 1
2026-07-28 14:33:28.005 +06:00 [INF] [0HNNCG9V1D723:00000001] Executed DbCommand (1ms) [Parameters=[@___currentUser_OrganizationId_0='00000000-0000-0000-0001-000000000001', @__p_2='50', @__p_1='0'], CommandType='"Text"', CommandTimeout='30']
SELECT a."Id", a."Action", a."CreatedAt", a."EntityId", a."EntityName", a."EntityType", a."Metadata", a."OrganizationId", a."ProjectId", a."UserId", a."UserName"
FROM "ActivityLogs" AS a
WHERE a."OrganizationId" = @___currentUser_OrganizationId_0
ORDER BY a."CreatedAt" DESC
LIMIT @__p_2 OFFSET @__p_1
2026-07-28 14:33:28.007 +06:00 [INF] [0HNNCG9V1D723:00000001] [0HNNCG9V1D723:00000001] GET /api/activity → 200 (8.9ms)
2026-07-28 14:33:58.033 +06:00 [DBG] [0HNNCG9V1D724:00000001] Permission granted: Owner → projects.view
2026-07-28 14:33:58.034 +06:00 [INF] [0HNNCG9V1D724:00000001] Executed DbCommand (1ms) [Parameters=[@___currentUser_UserId_0='00000000-0000-0000-0002-000000000001'], CommandType='"Text"', CommandTimeout='30']
SELECT u."Id", u."CreatedAt", u."DeletedAt", u."Email", u."EmailVerificationExpiry", u."EmailVerificationToken", u."FirstName", u."IsActive", u."IsDeleted", u."IsEmailVerified", u."LastLoginAt", u."LastName", u."OrganizationId", u."PasswordHash", u."PasswordResetExpiry", u."PasswordResetToken", u."ProfilePictureUrl", u."RefreshToken", u."RefreshTokenExpiry", u."Role", u."UpdatedAt", o0."Id", o0."CreatedAt", o0."DeletedAt", o0."Description", o0."IsActive", o0."IsDeleted", o0."LogoUrl", o0."Name", o0."Plan", o0."Slug", o0."UpdatedAt"
FROM "Users" AS u
INNER JOIN (
    SELECT o."Id", o."CreatedAt", o."DeletedAt", o."Description", o."IsActive", o."IsDeleted", o."LogoUrl", o."Name", o."Plan", o."Slug", o."UpdatedAt"
    FROM "Organizations" AS o
    WHERE NOT (o."IsDeleted")
) AS o0 ON u."OrganizationId" = o0."Id"
WHERE NOT (u."IsDeleted") AND u."Id" = @___currentUser_UserId_0
LIMIT 1
2026-07-28 14:33:58.037 +06:00 [INF] [0HNNCG9V1D724:00000001] Executed DbCommand (1ms) [Parameters=[@___currentUser_OrganizationId_0='00000000-0000-0000-0001-000000000001', @__p_2='50', @__p_1='0'], CommandType='"Text"', CommandTimeout='30']
SELECT a."Id", a."Action", a."CreatedAt", a."EntityId", a."EntityName", a."EntityType", a."Metadata", a."OrganizationId", a."ProjectId", a."UserId", a."UserName"
FROM "ActivityLogs" AS a
WHERE a."OrganizationId" = @___currentUser_OrganizationId_0
ORDER BY a."CreatedAt" DESC
LIMIT @__p_2 OFFSET @__p_1
2026-07-28 14:33:58.038 +06:00 [INF] [0HNNCG9V1D724:00000001] [0HNNCG9V1D724:00000001] GET /api/activity → 200 (5.7ms)
2026-07-28 14:34:28.071 +06:00 [DBG] [0HNNCG9V1D725:00000001] Permission granted: Owner → projects.view
2026-07-28 14:34:28.073 +06:00 [INF] [0HNNCG9V1D725:00000001] Executed DbCommand (1ms) [Parameters=[@___currentUser_UserId_0='00000000-0000-0000-0002-000000000001'], CommandType='"Text"', CommandTimeout='30']
SELECT u."Id", u."CreatedAt", u."DeletedAt", u."Email", u."EmailVerificationExpiry", u."EmailVerificationToken", u."FirstName", u."IsActive", u."IsDeleted", u."IsEmailVerified", u."LastLoginAt", u."LastName", u."OrganizationId", u."PasswordHash", u."PasswordResetExpiry", u."PasswordResetToken", u."ProfilePictureUrl", u."RefreshToken", u."RefreshTokenExpiry", u."Role", u."UpdatedAt", o0."Id", o0."CreatedAt", o0."DeletedAt", o0."Description", o0."IsActive", o0."IsDeleted", o0."LogoUrl", o0."Name", o0."Plan", o0."Slug", o0."UpdatedAt"
FROM "Users" AS u
INNER JOIN (
    SELECT o."Id", o."CreatedAt", o."DeletedAt", o."Description", o."IsActive", o."IsDeleted", o."LogoUrl", o."Name", o."Plan", o."Slug", o."UpdatedAt"
    FROM "Organizations" AS o
    WHERE NOT (o."IsDeleted")
) AS o0 ON u."OrganizationId" = o0."Id"
WHERE NOT (u."IsDeleted") AND u."Id" = @___currentUser_UserId_0
LIMIT 1
2026-07-28 14:34:28.075 +06:00 [INF] [0HNNCG9V1D725:00000001] Executed DbCommand (1ms) [Parameters=[@___currentUser_OrganizationId_0='00000000-0000-0000-0001-000000000001', @__p_2='50', @__p_1='0'], CommandType='"Text"', CommandTimeout='30']
SELECT a."Id", a."Action", a."CreatedAt", a."EntityId", a."EntityName", a."EntityType", a."Metadata", a."OrganizationId", a."ProjectId", a."UserId", a."UserName"
FROM "ActivityLogs" AS a
WHERE a."OrganizationId" = @___currentUser_OrganizationId_0
ORDER BY a."CreatedAt" DESC
LIMIT @__p_2 OFFSET @__p_1
2026-07-28 14:34:28.076 +06:00 [INF] [0HNNCG9V1D725:00000001] [0HNNCG9V1D725:00000001] GET /api/activity → 200 (5.2ms)
2026-07-28 14:34:58.102 +06:00 [DBG] [0HNNCG9V1D726:00000001] Permission granted: Owner → projects.view
2026-07-28 14:34:58.105 +06:00 [INF] [0HNNCG9V1D726:00000001] Executed DbCommand (1ms) [Parameters=[@___currentUser_UserId_0='00000000-0000-0000-0002-000000000001'], CommandType='"Text"', CommandTimeout='30']
SELECT u."Id", u."CreatedAt", u."DeletedAt", u."Email", u."EmailVerificationExpiry", u."EmailVerificationToken", u."FirstName", u."IsActive", u."IsDeleted", u."IsEmailVerified", u."LastLoginAt", u."LastName", u."OrganizationId", u."PasswordHash", u."PasswordResetExpiry", u."PasswordResetToken", u."ProfilePictureUrl", u."RefreshToken", u."RefreshTokenExpiry", u."Role", u."UpdatedAt", o0."Id", o0."CreatedAt", o0."DeletedAt", o0."Description", o0."IsActive", o0."IsDeleted", o0."LogoUrl", o0."Name", o0."Plan", o0."Slug", o0."UpdatedAt"
FROM "Users" AS u
INNER JOIN (
    SELECT o."Id", o."CreatedAt", o."DeletedAt", o."Description", o."IsActive", o."IsDeleted", o."LogoUrl", o."Name", o."Plan", o."Slug", o."UpdatedAt"
    FROM "Organizations" AS o
    WHERE NOT (o."IsDeleted")
) AS o0 ON u."OrganizationId" = o0."Id"
WHERE NOT (u."IsDeleted") AND u."Id" = @___currentUser_UserId_0
LIMIT 1
2026-07-28 14:34:58.108 +06:00 [INF] [0HNNCG9V1D726:00000001] Executed DbCommand (1ms) [Parameters=[@___currentUser_OrganizationId_0='00000000-0000-0000-0001-000000000001', @__p_2='50', @__p_1='0'], CommandType='"Text"', CommandTimeout='30']
SELECT a."Id", a."Action", a."CreatedAt", a."EntityId", a."EntityName", a."EntityType", a."Metadata", a."OrganizationId", a."ProjectId", a."UserId", a."UserName"
FROM "ActivityLogs" AS a
WHERE a."OrganizationId" = @___currentUser_OrganizationId_0
ORDER BY a."CreatedAt" DESC
LIMIT @__p_2 OFFSET @__p_1
2026-07-28 14:34:58.109 +06:00 [INF] [0HNNCG9V1D726:00000001] [0HNNCG9V1D726:00000001] GET /api/activity → 200 (7.4ms)
2026-07-28 14:35:28.140 +06:00 [DBG] [0HNNCG9V1D727:00000001] Permission granted: Owner → projects.view
2026-07-28 14:35:28.183 +06:00 [INF] [0HNNCG9V1D727:00000001] Executed DbCommand (4ms) [Parameters=[@___currentUser_UserId_0='00000000-0000-0000-0002-000000000001'], CommandType='"Text"', CommandTimeout='30']
SELECT u."Id", u."CreatedAt", u."DeletedAt", u."Email", u."EmailVerificationExpiry", u."EmailVerificationToken", u."FirstName", u."IsActive", u."IsDeleted", u."IsEmailVerified", u."LastLoginAt", u."LastName", u."OrganizationId", u."PasswordHash", u."PasswordResetExpiry", u."PasswordResetToken", u."ProfilePictureUrl", u."RefreshToken", u."RefreshTokenExpiry", u."Role", u."UpdatedAt", o0."Id", o0."CreatedAt", o0."DeletedAt", o0."Description", o0."IsActive", o0."IsDeleted", o0."LogoUrl", o0."Name", o0."Plan", o0."Slug", o0."UpdatedAt"
FROM "Users" AS u
INNER JOIN (
    SELECT o."Id", o."CreatedAt", o."DeletedAt", o."Description", o."IsActive", o."IsDeleted", o."LogoUrl", o."Name", o."Plan", o."Slug", o."UpdatedAt"
    FROM "Organizations" AS o
    WHERE NOT (o."IsDeleted")
) AS o0 ON u."OrganizationId" = o0."Id"
WHERE NOT (u."IsDeleted") AND u."Id" = @___currentUser_UserId_0
LIMIT 1
2026-07-28 14:35:28.186 +06:00 [INF] [0HNNCG9V1D727:00000001] Executed DbCommand (2ms) [Parameters=[@___currentUser_OrganizationId_0='00000000-0000-0000-0001-000000000001', @__p_2='50', @__p_1='0'], CommandType='"Text"', CommandTimeout='30']
SELECT a."Id", a."Action", a."CreatedAt", a."EntityId", a."EntityName", a."EntityType", a."Metadata", a."OrganizationId", a."ProjectId", a."UserId", a."UserName"
FROM "ActivityLogs" AS a
WHERE a."OrganizationId" = @___currentUser_OrganizationId_0
ORDER BY a."CreatedAt" DESC
LIMIT @__p_2 OFFSET @__p_1
2026-07-28 14:35:28.186 +06:00 [INF] [0HNNCG9V1D727:00000001] [0HNNCG9V1D727:00000001] GET /api/activity → 200 (46.5ms)
2026-07-28 14:35:38.650 +06:00 [INF] [0HNNCG9V1D728:00000001] Executed DbCommand (1ms) [Parameters=[@___currentUser_UserId_0='00000000-0000-0000-0002-000000000001'], CommandType='"Text"', CommandTimeout='30']
SELECT u."Id", u."CreatedAt", u."DeletedAt", u."Email", u."EmailVerificationExpiry", u."EmailVerificationToken", u."FirstName", u."IsActive", u."IsDeleted", u."IsEmailVerified", u."LastLoginAt", u."LastName", u."OrganizationId", u."PasswordHash", u."PasswordResetExpiry", u."PasswordResetToken", u."ProfilePictureUrl", u."RefreshToken", u."RefreshTokenExpiry", u."Role", u."UpdatedAt", o0."Id", o0."CreatedAt", o0."DeletedAt", o0."Description", o0."IsActive", o0."IsDeleted", o0."LogoUrl", o0."Name", o0."Plan", o0."Slug", o0."UpdatedAt"
FROM "Users" AS u
INNER JOIN (
    SELECT o."Id", o."CreatedAt", o."DeletedAt", o."Description", o."IsActive", o."IsDeleted", o."LogoUrl", o."Name", o."Plan", o."Slug", o."UpdatedAt"
    FROM "Organizations" AS o
    WHERE NOT (o."IsDeleted")
) AS o0 ON u."OrganizationId" = o0."Id"
WHERE NOT (u."IsDeleted") AND u."Id" = @___currentUser_UserId_0
LIMIT 1
2026-07-28 14:35:38.673 +06:00 [INF] [0HNNCG9V1D728:00000001] Executed DbCommand (1ms) [Parameters=[@___currentUser_OrganizationId_0='00000000-0000-0000-0001-000000000001'], CommandType='"Text"', CommandTimeout='30']
SELECT o."Id", o."CreatedAt", o."DeletedAt", o."Description", o."IsActive", o."IsDeleted", o."LogoUrl", o."Name", o."Plan", o."Slug", o."UpdatedAt"
FROM "Organizations" AS o
WHERE NOT (o."IsDeleted") AND o."Id" = @___currentUser_OrganizationId_0
LIMIT 1
2026-07-28 14:35:38.677 +06:00 [INF] [0HNNCG9V1D728:00000001] [0HNNCG9V1D728:00000001] GET /api/auth/context → 200 (29.0ms)
2026-07-28 14:35:40.210 +06:00 [DBG] [0HNNCG9V1D729:00000001] Permission granted: Owner → projects.view
2026-07-28 14:35:40.210 +06:00 [DBG] [0HNNCG9V1D72A:00000001] Permission granted: Owner → projects.view
2026-07-28 14:35:40.212 +06:00 [INF] [0HNNCG9V1D72A:00000001] Executed DbCommand (1ms) [Parameters=[@___currentUser_UserId_0='00000000-0000-0000-0002-000000000001'], CommandType='"Text"', CommandTimeout='30']
SELECT u."Id", u."CreatedAt", u."DeletedAt", u."Email", u."EmailVerificationExpiry", u."EmailVerificationToken", u."FirstName", u."IsActive", u."IsDeleted", u."IsEmailVerified", u."LastLoginAt", u."LastName", u."OrganizationId", u."PasswordHash", u."PasswordResetExpiry", u."PasswordResetToken", u."ProfilePictureUrl", u."RefreshToken", u."RefreshTokenExpiry", u."Role", u."UpdatedAt", o0."Id", o0."CreatedAt", o0."DeletedAt", o0."Description", o0."IsActive", o0."IsDeleted", o0."LogoUrl", o0."Name", o0."Plan", o0."Slug", o0."UpdatedAt"
FROM "Users" AS u
INNER JOIN (
    SELECT o."Id", o."CreatedAt", o."DeletedAt", o."Description", o."IsActive", o."IsDeleted", o."LogoUrl", o."Name", o."Plan", o."Slug", o."UpdatedAt"
    FROM "Organizations" AS o
    WHERE NOT (o."IsDeleted")
) AS o0 ON u."OrganizationId" = o0."Id"
WHERE NOT (u."IsDeleted") AND u."Id" = @___currentUser_UserId_0
LIMIT 1
2026-07-28 14:35:40.218 +06:00 [INF] [0HNNCG9V1D72A:00000001] Executed DbCommand (5ms) [Parameters=[@___currentUser_OrganizationId_0='00000000-0000-0000-0001-000000000001'], CommandType='"Text"', CommandTimeout='30']
SELECT count(*)::int
FROM "Projects" AS p
WHERE NOT (p."IsDeleted") AND p."OrganizationId" = @___currentUser_OrganizationId_0
2026-07-28 14:35:40.227 +06:00 [INF] [0HNNCG9V1D72A:00000001] Executed DbCommand (7ms) [Parameters=[@___currentUser_OrganizationId_0='00000000-0000-0000-0001-000000000001', @__p_2='100', @__p_1='0'], CommandType='"Text"', CommandTimeout='30']
SELECT p0."Id", p0."CreatedAt", p0."CreatedByUserId", p0."DeletedAt", p0."Description", p0."DueDate", p0."IsDeleted", p0."Name", p0."OrganizationId", p0."ProjectLeadUserId", p0."StartDate", p0."Status", p0."UpdatedAt", u0."Id", u0."CreatedAt", u0."DeletedAt", u0."Email", u0."EmailVerificationExpiry", u0."EmailVerificationToken", u0."FirstName", u0."IsActive", u0."IsDeleted", u0."IsEmailVerified", u0."LastLoginAt", u0."LastName", u0."OrganizationId", u0."PasswordHash", u0."PasswordResetExpiry", u0."PasswordResetToken", u0."ProfilePictureUrl", u0."RefreshToken", u0."RefreshTokenExpiry", u0."Role", u0."UpdatedAt", u2."Id", u2."CreatedAt", u2."DeletedAt", u2."Email", u2."EmailVerificationExpiry", u2."EmailVerificationToken", u2."FirstName", u2."IsActive", u2."IsDeleted", u2."IsEmailVerified", u2."LastLoginAt", u2."LastName", u2."OrganizationId", u2."PasswordHash", u2."PasswordResetExpiry", u2."PasswordResetToken", u2."ProfilePictureUrl", u2."RefreshToken", u2."RefreshTokenExpiry", u2."Role", u2."UpdatedAt", t0."Id", t0."ActualMinutes", t0."AssignedToUserId", t0."CompletedAt", t0."CreatedAt", t0."CreatedByUserId", t0."DeletedAt", t0."Description", t0."DueDate", t0."EstimatedMinutes", t0."IsDeleted", t0."OrderIndex", t0."OrganizationId", t0."ParentTaskId", t0."Priority", t0."ProjectId", t0."StartDate", t0."Status", t0."Title", t0."UpdatedAt"
FROM (
    SELECT p."Id", p."CreatedAt", p."CreatedByUserId", p."DeletedAt", p."Description", p."DueDate", p."IsDeleted", p."Name", p."OrganizationId", p."ProjectLeadUserId", p."StartDate", p."Status", p."UpdatedAt"
    FROM "Projects" AS p
    WHERE NOT (p."IsDeleted") AND p."OrganizationId" = @___currentUser_OrganizationId_0
    ORDER BY p."CreatedAt" DESC
    LIMIT @__p_2 OFFSET @__p_1
) AS p0
INNER JOIN (
    SELECT u."Id", u."CreatedAt", u."DeletedAt", u."Email", u."EmailVerificationExpiry", u."EmailVerificationToken", u."FirstName", u."IsActive", u."IsDeleted", u."IsEmailVerified", u."LastLoginAt", u."LastName", u."OrganizationId", u."PasswordHash", u."PasswordResetExpiry", u."PasswordResetToken", u."ProfilePictureUrl", u."RefreshToken", u."RefreshTokenExpiry", u."Role", u."UpdatedAt"
    FROM "Users" AS u
    WHERE NOT (u."IsDeleted")
) AS u0 ON p0."CreatedByUserId" = u0."Id"
LEFT JOIN (
    SELECT u1."Id", u1."CreatedAt", u1."DeletedAt", u1."Email", u1."EmailVerificationExpiry", u1."EmailVerificationToken", u1."FirstName", u1."IsActive", u1."IsDeleted", u1."IsEmailVerified", u1."LastLoginAt", u1."LastName", u1."OrganizationId", u1."PasswordHash", u1."PasswordResetExpiry", u1."PasswordResetToken", u1."ProfilePictureUrl", u1."RefreshToken", u1."RefreshTokenExpiry", u1."Role", u1."UpdatedAt"
    FROM "Users" AS u1
    WHERE NOT (u1."IsDeleted")
) AS u2 ON p0."ProjectLeadUserId" = u2."Id"
LEFT JOIN (
    SELECT t."Id", t."ActualMinutes", t."AssignedToUserId", t."CompletedAt", t."CreatedAt", t."CreatedByUserId", t."DeletedAt", t."Description", t."DueDate", t."EstimatedMinutes", t."IsDeleted", t."OrderIndex", t."OrganizationId", t."ParentTaskId", t."Priority", t."ProjectId", t."StartDate", t."Status", t."Title", t."UpdatedAt"
    FROM "Tasks" AS t
    WHERE NOT (t."IsDeleted")
) AS t0 ON p0."Id" = t0."ProjectId"
ORDER BY p0."CreatedAt" DESC, p0."Id", u0."Id", u2."Id"
2026-07-28 14:35:40.229 +06:00 [INF] [0HNNCG9V1D72A:00000001] Projects listed for org "00000000-0000-0000-0001-000000000001" — 5 results
2026-07-28 14:35:40.230 +06:00 [INF] [0HNNCG9V1D72A:00000001] [0HNNCG9V1D72A:00000001] GET /api/projects → 200 (19.3ms)
2026-07-28 14:35:40.256 +06:00 [INF] [0HNNCG9V1D729:00000001] Executed DbCommand (3ms) [Parameters=[@___currentUser_UserId_0='00000000-0000-0000-0002-000000000001'], CommandType='"Text"', CommandTimeout='30']
SELECT u."Id", u."CreatedAt", u."DeletedAt", u."Email", u."EmailVerificationExpiry", u."EmailVerificationToken", u."FirstName", u."IsActive", u."IsDeleted", u."IsEmailVerified", u."LastLoginAt", u."LastName", u."OrganizationId", u."PasswordHash", u."PasswordResetExpiry", u."PasswordResetToken", u."ProfilePictureUrl", u."RefreshToken", u."RefreshTokenExpiry", u."Role", u."UpdatedAt", o0."Id", o0."CreatedAt", o0."DeletedAt", o0."Description", o0."IsActive", o0."IsDeleted", o0."LogoUrl", o0."Name", o0."Plan", o0."Slug", o0."UpdatedAt"
FROM "Users" AS u
INNER JOIN (
    SELECT o."Id", o."CreatedAt", o."DeletedAt", o."Description", o."IsActive", o."IsDeleted", o."LogoUrl", o."Name", o."Plan", o."Slug", o."UpdatedAt"
    FROM "Organizations" AS o
    WHERE NOT (o."IsDeleted")
) AS o0 ON u."OrganizationId" = o0."Id"
WHERE NOT (u."IsDeleted") AND u."Id" = @___currentUser_UserId_0
LIMIT 1
2026-07-28 14:35:40.257 +06:00 [INF] [0HNNCG9V1D729:00000001] Executed DbCommand (0ms) [Parameters=[@___currentUser_OrganizationId_0='00000000-0000-0000-0001-000000000001'], CommandType='"Text"', CommandTimeout='30']
SELECT count(*)::int
FROM "Projects" AS p
WHERE NOT (p."IsDeleted") AND p."OrganizationId" = @___currentUser_OrganizationId_0
2026-07-28 14:35:40.267 +06:00 [INF] [0HNNCG9V1D729:00000001] Executed DbCommand (10ms) [Parameters=[@___currentUser_OrganizationId_0='00000000-0000-0000-0001-000000000001', @__p_2='100', @__p_1='0'], CommandType='"Text"', CommandTimeout='30']
SELECT p0."Id", p0."CreatedAt", p0."CreatedByUserId", p0."DeletedAt", p0."Description", p0."DueDate", p0."IsDeleted", p0."Name", p0."OrganizationId", p0."ProjectLeadUserId", p0."StartDate", p0."Status", p0."UpdatedAt", u0."Id", u0."CreatedAt", u0."DeletedAt", u0."Email", u0."EmailVerificationExpiry", u0."EmailVerificationToken", u0."FirstName", u0."IsActive", u0."IsDeleted", u0."IsEmailVerified", u0."LastLoginAt", u0."LastName", u0."OrganizationId", u0."PasswordHash", u0."PasswordResetExpiry", u0."PasswordResetToken", u0."ProfilePictureUrl", u0."RefreshToken", u0."RefreshTokenExpiry", u0."Role", u0."UpdatedAt", u2."Id", u2."CreatedAt", u2."DeletedAt", u2."Email", u2."EmailVerificationExpiry", u2."EmailVerificationToken", u2."FirstName", u2."IsActive", u2."IsDeleted", u2."IsEmailVerified", u2."LastLoginAt", u2."LastName", u2."OrganizationId", u2."PasswordHash", u2."PasswordResetExpiry", u2."PasswordResetToken", u2."ProfilePictureUrl", u2."RefreshToken", u2."RefreshTokenExpiry", u2."Role", u2."UpdatedAt", t0."Id", t0."ActualMinutes", t0."AssignedToUserId", t0."CompletedAt", t0."CreatedAt", t0."CreatedByUserId", t0."DeletedAt", t0."Description", t0."DueDate", t0."EstimatedMinutes", t0."IsDeleted", t0."OrderIndex", t0."OrganizationId", t0."ParentTaskId", t0."Priority", t0."ProjectId", t0."StartDate", t0."Status", t0."Title", t0."UpdatedAt"
FROM (
    SELECT p."Id", p."CreatedAt", p."CreatedByUserId", p."DeletedAt", p."Description", p."DueDate", p."IsDeleted", p."Name", p."OrganizationId", p."ProjectLeadUserId", p."StartDate", p."Status", p."UpdatedAt"
    FROM "Projects" AS p
    WHERE NOT (p."IsDeleted") AND p."OrganizationId" = @___currentUser_OrganizationId_0
    ORDER BY p."CreatedAt" DESC
    LIMIT @__p_2 OFFSET @__p_1
) AS p0
INNER JOIN (
    SELECT u."Id", u."CreatedAt", u."DeletedAt", u."Email", u."EmailVerificationExpiry", u."EmailVerificationToken", u."FirstName", u."IsActive", u."IsDeleted", u."IsEmailVerified", u."LastLoginAt", u."LastName", u."OrganizationId", u."PasswordHash", u."PasswordResetExpiry", u."PasswordResetToken", u."ProfilePictureUrl", u."RefreshToken", u."RefreshTokenExpiry", u."Role", u."UpdatedAt"
    FROM "Users" AS u
    WHERE NOT (u."IsDeleted")
) AS u0 ON p0."CreatedByUserId" = u0."Id"
LEFT JOIN (
    SELECT u1."Id", u1."CreatedAt", u1."DeletedAt", u1."Email", u1."EmailVerificationExpiry", u1."EmailVerificationToken", u1."FirstName", u1."IsActive", u1."IsDeleted", u1."IsEmailVerified", u1."LastLoginAt", u1."LastName", u1."OrganizationId", u1."PasswordHash", u1."PasswordResetExpiry", u1."PasswordResetToken", u1."ProfilePictureUrl", u1."RefreshToken", u1."RefreshTokenExpiry", u1."Role", u1."UpdatedAt"
    FROM "Users" AS u1
    WHERE NOT (u1."IsDeleted")
) AS u2 ON p0."ProjectLeadUserId" = u2."Id"
LEFT JOIN (
    SELECT t."Id", t."ActualMinutes", t."AssignedToUserId", t."CompletedAt", t."CreatedAt", t."CreatedByUserId", t."DeletedAt", t."Description", t."DueDate", t."EstimatedMinutes", t."IsDeleted", t."OrderIndex", t."OrganizationId", t."ParentTaskId", t."Priority", t."ProjectId", t."StartDate", t."Status", t."Title", t."UpdatedAt"
    FROM "Tasks" AS t
    WHERE NOT (t."IsDeleted")
) AS t0 ON p0."Id" = t0."ProjectId"
ORDER BY p0."CreatedAt" DESC, p0."Id", u0."Id", u2."Id"
2026-07-28 14:35:40.268 +06:00 [INF] [0HNNCG9V1D729:00000001] Projects listed for org "00000000-0000-0000-0001-000000000001" — 5 results
2026-07-28 14:35:40.269 +06:00 [INF] [0HNNCG9V1D729:00000001] [0HNNCG9V1D729:00000001] GET /api/projects → 200 (58.8ms)
2026-07-28 14:35:41.429 +06:00 [DBG] [0HNNCG9V1D72B:00000001] Permission granted: Owner → tasks.view
2026-07-28 14:35:41.436 +06:00 [INF] [0HNNCG9V1D72B:00000001] Executed DbCommand (6ms) [Parameters=[@___currentUser_UserId_0='00000000-0000-0000-0002-000000000001'], CommandType='"Text"', CommandTimeout='30']
SELECT u."Id", u."CreatedAt", u."DeletedAt", u."Email", u."EmailVerificationExpiry", u."EmailVerificationToken", u."FirstName", u."IsActive", u."IsDeleted", u."IsEmailVerified", u."LastLoginAt", u."LastName", u."OrganizationId", u."PasswordHash", u."PasswordResetExpiry", u."PasswordResetToken", u."ProfilePictureUrl", u."RefreshToken", u."RefreshTokenExpiry", u."Role", u."UpdatedAt", o0."Id", o0."CreatedAt", o0."DeletedAt", o0."Description", o0."IsActive", o0."IsDeleted", o0."LogoUrl", o0."Name", o0."Plan", o0."Slug", o0."UpdatedAt"
FROM "Users" AS u
INNER JOIN (
    SELECT o."Id", o."CreatedAt", o."DeletedAt", o."Description", o."IsActive", o."IsDeleted", o."LogoUrl", o."Name", o."Plan", o."Slug", o."UpdatedAt"
    FROM "Organizations" AS o
    WHERE NOT (o."IsDeleted")
) AS o0 ON u."OrganizationId" = o0."Id"
WHERE NOT (u."IsDeleted") AND u."Id" = @___currentUser_UserId_0
LIMIT 1
2026-07-28 14:35:41.475 +06:00 [INF] [0HNNCG9V1D72B:00000001] Executed DbCommand (1ms) [Parameters=[@__orgId_0='00000000-0000-0000-0001-000000000001', @__userId_1='00000000-0000-0000-0002-000000000001' (Nullable = true)], CommandType='"Text"', CommandTimeout='30']
SELECT t."Id", t."ActualMinutes", t."AssignedToUserId", t."CompletedAt", t."CreatedAt", t."CreatedByUserId", t."DeletedAt", t."Description", t."DueDate", t."EstimatedMinutes", t."IsDeleted", t."OrderIndex", t."OrganizationId", t."ParentTaskId", t."Priority", t."ProjectId", t."StartDate", t."Status", t."Title", t."UpdatedAt", p0."Id", p0."CreatedAt", p0."CreatedByUserId", p0."DeletedAt", p0."Description", p0."DueDate", p0."IsDeleted", p0."Name", p0."OrganizationId", p0."ProjectLeadUserId", p0."StartDate", p0."Status", p0."UpdatedAt"
FROM "Tasks" AS t
INNER JOIN (
    SELECT p."Id", p."CreatedAt", p."CreatedByUserId", p."DeletedAt", p."Description", p."DueDate", p."IsDeleted", p."Name", p."OrganizationId", p."ProjectLeadUserId", p."StartDate", p."Status", p."UpdatedAt"
    FROM "Projects" AS p
    WHERE NOT (p."IsDeleted")
) AS p0 ON t."ProjectId" = p0."Id"
WHERE NOT (t."IsDeleted") AND t."OrganizationId" = @__orgId_0 AND t."AssignedToUserId" = @__userId_1
2026-07-28 14:35:41.489 +06:00 [INF] [0HNNCG9V1D72B:00000001] Executed DbCommand (3ms) [Parameters=[@__userId_0='00000000-0000-0000-0002-000000000001'], CommandType='"Text"', CommandTimeout='30']
SELECT t."TaskId"
FROM "TaskAssignees" AS t
WHERE t."UserId" = @__userId_0
2026-07-28 14:35:41.607 +06:00 [INF] [0HNNCG9V1D72B:00000001] Executed DbCommand (59ms) [Parameters=[@__orgId_0='00000000-0000-0000-0001-000000000001', @__collaboratorTaskIds_1={  } (DbType = Object)], CommandType='"Text"', CommandTimeout='30']
SELECT t."Id", t."ActualMinutes", t."AssignedToUserId", t."CompletedAt", t."CreatedAt", t."CreatedByUserId", t."DeletedAt", t."Description", t."DueDate", t."EstimatedMinutes", t."IsDeleted", t."OrderIndex", t."OrganizationId", t."ParentTaskId", t."Priority", t."ProjectId", t."StartDate", t."Status", t."Title", t."UpdatedAt", p0."Id", p0."CreatedAt", p0."CreatedByUserId", p0."DeletedAt", p0."Description", p0."DueDate", p0."IsDeleted", p0."Name", p0."OrganizationId", p0."ProjectLeadUserId", p0."StartDate", p0."Status", p0."UpdatedAt"
FROM "Tasks" AS t
INNER JOIN (
    SELECT p."Id", p."CreatedAt", p."CreatedByUserId", p."DeletedAt", p."Description", p."DueDate", p."IsDeleted", p."Name", p."OrganizationId", p."ProjectLeadUserId", p."StartDate", p."Status", p."UpdatedAt"
    FROM "Projects" AS p
    WHERE NOT (p."IsDeleted")
) AS p0 ON t."ProjectId" = p0."Id"
WHERE NOT (t."IsDeleted") AND t."OrganizationId" = @__orgId_0 AND t."Id" = ANY (@__collaboratorTaskIds_1)
2026-07-28 14:35:41.614 +06:00 [INF] [0HNNCG9V1D72B:00000001] [0HNNCG9V1D72B:00000001] GET /api/users/me/tasks → 200 (185.4ms)
2026-07-28 14:35:42.274 +06:00 [DBG] [0HNNCG9V1D72C:00000001] Permission granted: Owner → members.view
2026-07-28 14:35:42.274 +06:00 [DBG] [0HNNCG9V1D72D:00000001] Permission granted: Owner → members.invite
2026-07-28 14:35:42.276 +06:00 [INF] [0HNNCG9V1D72D:00000001] Executed DbCommand (1ms) [Parameters=[@___currentUser_UserId_0='00000000-0000-0000-0002-000000000001'], CommandType='"Text"', CommandTimeout='30']
SELECT u."Id", u."CreatedAt", u."DeletedAt", u."Email", u."EmailVerificationExpiry", u."EmailVerificationToken", u."FirstName", u."IsActive", u."IsDeleted", u."IsEmailVerified", u."LastLoginAt", u."LastName", u."OrganizationId", u."PasswordHash", u."PasswordResetExpiry", u."PasswordResetToken", u."ProfilePictureUrl", u."RefreshToken", u."RefreshTokenExpiry", u."Role", u."UpdatedAt", o0."Id", o0."CreatedAt", o0."DeletedAt", o0."Description", o0."IsActive", o0."IsDeleted", o0."LogoUrl", o0."Name", o0."Plan", o0."Slug", o0."UpdatedAt"
FROM "Users" AS u
INNER JOIN (
    SELECT o."Id", o."CreatedAt", o."DeletedAt", o."Description", o."IsActive", o."IsDeleted", o."LogoUrl", o."Name", o."Plan", o."Slug", o."UpdatedAt"
    FROM "Organizations" AS o
    WHERE NOT (o."IsDeleted")
) AS o0 ON u."OrganizationId" = o0."Id"
WHERE NOT (u."IsDeleted") AND u."Id" = @___currentUser_UserId_0
LIMIT 1
2026-07-28 14:35:42.276 +06:00 [INF] [0HNNCG9V1D72C:00000001] Executed DbCommand (1ms) [Parameters=[@___currentUser_UserId_0='00000000-0000-0000-0002-000000000001'], CommandType='"Text"', CommandTimeout='30']
SELECT u."Id", u."CreatedAt", u."DeletedAt", u."Email", u."EmailVerificationExpiry", u."EmailVerificationToken", u."FirstName", u."IsActive", u."IsDeleted", u."IsEmailVerified", u."LastLoginAt", u."LastName", u."OrganizationId", u."PasswordHash", u."PasswordResetExpiry", u."PasswordResetToken", u."ProfilePictureUrl", u."RefreshToken", u."RefreshTokenExpiry", u."Role", u."UpdatedAt", o0."Id", o0."CreatedAt", o0."DeletedAt", o0."Description", o0."IsActive", o0."IsDeleted", o0."LogoUrl", o0."Name", o0."Plan", o0."Slug", o0."UpdatedAt"
FROM "Users" AS u
INNER JOIN (
    SELECT o."Id", o."CreatedAt", o."DeletedAt", o."Description", o."IsActive", o."IsDeleted", o."LogoUrl", o."Name", o."Plan", o."Slug", o."UpdatedAt"
    FROM "Organizations" AS o
    WHERE NOT (o."IsDeleted")
) AS o0 ON u."OrganizationId" = o0."Id"
WHERE NOT (u."IsDeleted") AND u."Id" = @___currentUser_UserId_0
LIMIT 1
2026-07-28 14:35:42.279 +06:00 [INF] [0HNNCG9V1D72C:00000001] Executed DbCommand (1ms) [Parameters=[@___currentUser_OrganizationId_0='00000000-0000-0000-0001-000000000001'], CommandType='"Text"', CommandTimeout='30']
SELECT count(*)::int
FROM "Users" AS u
WHERE NOT (u."IsDeleted") AND u."OrganizationId" = @___currentUser_OrganizationId_0
2026-07-28 14:35:42.281 +06:00 [INF] [0HNNCG9V1D72C:00000001] Executed DbCommand (2ms) [Parameters=[@___currentUser_OrganizationId_0='00000000-0000-0000-0001-000000000001', @__p_2='100', @__p_1='0'], CommandType='"Text"', CommandTimeout='30']
SELECT u."Id", u."CreatedAt", u."DeletedAt", u."Email", u."EmailVerificationExpiry", u."EmailVerificationToken", u."FirstName", u."IsActive", u."IsDeleted", u."IsEmailVerified", u."LastLoginAt", u."LastName", u."OrganizationId", u."PasswordHash", u."PasswordResetExpiry", u."PasswordResetToken", u."ProfilePictureUrl", u."RefreshToken", u."RefreshTokenExpiry", u."Role", u."UpdatedAt"
FROM "Users" AS u
WHERE NOT (u."IsDeleted") AND u."OrganizationId" = @___currentUser_OrganizationId_0
ORDER BY u."FirstName", u."LastName"
LIMIT @__p_2 OFFSET @__p_1
2026-07-28 14:35:42.281 +06:00 [INF] [0HNNCG9V1D72C:00000001] Members listed for org "00000000-0000-0000-0001-000000000001" — page 1, 4 results
2026-07-28 14:35:42.282 +06:00 [INF] [0HNNCG9V1D72C:00000001] [0HNNCG9V1D72C:00000001] GET /api/organizations/me/members → 200 (8.2ms)
2026-07-28 14:35:42.302 +06:00 [DBG] [0HNNCG9V1D72E:00000001] Permission granted: Owner → organizations.view
2026-07-28 14:35:42.303 +06:00 [INF] [0HNNCG9V1D72E:00000001] Executed DbCommand (1ms) [Parameters=[@___currentUser_UserId_0='00000000-0000-0000-0002-000000000001'], CommandType='"Text"', CommandTimeout='30']
SELECT u."Id", u."CreatedAt", u."DeletedAt", u."Email", u."EmailVerificationExpiry", u."EmailVerificationToken", u."FirstName", u."IsActive", u."IsDeleted", u."IsEmailVerified", u."LastLoginAt", u."LastName", u."OrganizationId", u."PasswordHash", u."PasswordResetExpiry", u."PasswordResetToken", u."ProfilePictureUrl", u."RefreshToken", u."RefreshTokenExpiry", u."Role", u."UpdatedAt", o0."Id", o0."CreatedAt", o0."DeletedAt", o0."Description", o0."IsActive", o0."IsDeleted", o0."LogoUrl", o0."Name", o0."Plan", o0."Slug", o0."UpdatedAt"
FROM "Users" AS u
INNER JOIN (
    SELECT o."Id", o."CreatedAt", o."DeletedAt", o."Description", o."IsActive", o."IsDeleted", o."LogoUrl", o."Name", o."Plan", o."Slug", o."UpdatedAt"
    FROM "Organizations" AS o
    WHERE NOT (o."IsDeleted")
) AS o0 ON u."OrganizationId" = o0."Id"
WHERE NOT (u."IsDeleted") AND u."Id" = @___currentUser_UserId_0
LIMIT 1
2026-07-28 14:35:42.309 +06:00 [INF] [0HNNCG9V1D72E:00000001] Executed DbCommand (1ms) [Parameters=[@___currentUser_OrganizationId_0='00000000-0000-0000-0001-000000000001'], CommandType='"Text"', CommandTimeout='30']
SELECT o."Id", o."CreatedAt", o."DeletedAt", o."Description", o."IsActive", o."IsDeleted", o."LogoUrl", o."Name", o."Plan", o."Slug", o."UpdatedAt"
FROM "Organizations" AS o
WHERE NOT (o."IsDeleted") AND o."Id" = @___currentUser_OrganizationId_0
LIMIT 1
2026-07-28 14:35:42.316 +06:00 [INF] [0HNNCG9V1D72E:00000001] Executed DbCommand (1ms) [Parameters=[@___currentUser_OrganizationId_0='00000000-0000-0000-0001-000000000001'], CommandType='"Text"', CommandTimeout='30']
SELECT count(*)::int
FROM "Users" AS u
WHERE NOT (u."IsDeleted") AND u."OrganizationId" = @___currentUser_OrganizationId_0 AND u."IsActive"
2026-07-28 14:35:42.317 +06:00 [INF] [0HNNCG9V1D72E:00000001] Org profile retrieved by "00000000-0000-0000-0002-000000000001" for org "00000000-0000-0000-0001-000000000001"
2026-07-28 14:35:42.320 +06:00 [INF] [0HNNCG9V1D72E:00000001] [0HNNCG9V1D72E:00000001] GET /api/organizations/me → 200 (18.9ms)
2026-07-28 14:35:42.324 +06:00 [INF] [0HNNCG9V1D72D:00000001] Executed DbCommand (6ms) [Parameters=[@___currentUser_OrganizationId_0='00000000-0000-0000-0001-000000000001'], CommandType='"Text"', CommandTimeout='30']
SELECT o."Id", o."AcceptedAt", o."AcceptedByUserId", o."CreatedAt", o."DeletedAt", o."ExpiresAt", o."InvitedByUserId", o."InviteeEmail", o."IsDeleted", o."OrganizationId", o."Role", o."Status", o."Token", o."UpdatedAt", u0."Id", u0."CreatedAt", u0."DeletedAt", u0."Email", u0."EmailVerificationExpiry", u0."EmailVerificationToken", u0."FirstName", u0."IsActive", u0."IsDeleted", u0."IsEmailVerified", u0."LastLoginAt", u0."LastName", u0."OrganizationId", u0."PasswordHash", u0."PasswordResetExpiry", u0."PasswordResetToken", u0."ProfilePictureUrl", u0."RefreshToken", u0."RefreshTokenExpiry", u0."Role", u0."UpdatedAt"
FROM "OrganizationInvites" AS o
INNER JOIN (
    SELECT u."Id", u."CreatedAt", u."DeletedAt", u."Email", u."EmailVerificationExpiry", u."EmailVerificationToken", u."FirstName", u."IsActive", u."IsDeleted", u."IsEmailVerified", u."LastLoginAt", u."LastName", u."OrganizationId", u."PasswordHash", u."PasswordResetExpiry", u."PasswordResetToken", u."ProfilePictureUrl", u."RefreshToken", u."RefreshTokenExpiry", u."Role", u."UpdatedAt"
    FROM "Users" AS u
    WHERE NOT (u."IsDeleted")
) AS u0 ON o."InvitedByUserId" = u0."Id"
WHERE NOT (o."IsDeleted") AND o."OrganizationId" = @___currentUser_OrganizationId_0
ORDER BY o."CreatedAt" DESC
2026-07-28 14:35:42.355 +06:00 [INF] [0HNNCG9V1D72D:00000001] [0HNNCG9V1D72D:00000001] GET /api/organizations/me/invites → 200 (80.8ms)
2026-07-28 14:35:43.669 +06:00 [DBG] [0HNNCG9V1D72G:00000001] Permission granted: Owner → members.view
2026-07-28 14:35:43.669 +06:00 [DBG] [0HNNCG9V1D72F:00000001] Permission granted: Owner → projects.view
2026-07-28 14:35:43.670 +06:00 [INF] [0HNNCG9V1D72G:00000001] Executed DbCommand (1ms) [Parameters=[@___currentUser_UserId_0='00000000-0000-0000-0002-000000000001'], CommandType='"Text"', CommandTimeout='30']
SELECT u."Id", u."CreatedAt", u."DeletedAt", u."Email", u."EmailVerificationExpiry", u."EmailVerificationToken", u."FirstName", u."IsActive", u."IsDeleted", u."IsEmailVerified", u."LastLoginAt", u."LastName", u."OrganizationId", u."PasswordHash", u."PasswordResetExpiry", u."PasswordResetToken", u."ProfilePictureUrl", u."RefreshToken", u."RefreshTokenExpiry", u."Role", u."UpdatedAt", o0."Id", o0."CreatedAt", o0."DeletedAt", o0."Description", o0."IsActive", o0."IsDeleted", o0."LogoUrl", o0."Name", o0."Plan", o0."Slug", o0."UpdatedAt"
FROM "Users" AS u
INNER JOIN (
    SELECT o."Id", o."CreatedAt", o."DeletedAt", o."Description", o."IsActive", o."IsDeleted", o."LogoUrl", o."Name", o."Plan", o."Slug", o."UpdatedAt"
    FROM "Organizations" AS o
    WHERE NOT (o."IsDeleted")
) AS o0 ON u."OrganizationId" = o0."Id"
WHERE NOT (u."IsDeleted") AND u."Id" = @___currentUser_UserId_0
LIMIT 1
2026-07-28 14:35:43.671 +06:00 [INF] [0HNNCG9V1D72F:00000001] Executed DbCommand (1ms) [Parameters=[@___currentUser_UserId_0='00000000-0000-0000-0002-000000000001'], CommandType='"Text"', CommandTimeout='30']
SELECT u."Id", u."CreatedAt", u."DeletedAt", u."Email", u."EmailVerificationExpiry", u."EmailVerificationToken", u."FirstName", u."IsActive", u."IsDeleted", u."IsEmailVerified", u."LastLoginAt", u."LastName", u."OrganizationId", u."PasswordHash", u."PasswordResetExpiry", u."PasswordResetToken", u."ProfilePictureUrl", u."RefreshToken", u."RefreshTokenExpiry", u."Role", u."UpdatedAt", o0."Id", o0."CreatedAt", o0."DeletedAt", o0."Description", o0."IsActive", o0."IsDeleted", o0."LogoUrl", o0."Name", o0."Plan", o0."Slug", o0."UpdatedAt"
FROM "Users" AS u
INNER JOIN (
    SELECT o."Id", o."CreatedAt", o."DeletedAt", o."Description", o."IsActive", o."IsDeleted", o."LogoUrl", o."Name", o."Plan", o."Slug", o."UpdatedAt"
    FROM "Organizations" AS o
    WHERE NOT (o."IsDeleted")
) AS o0 ON u."OrganizationId" = o0."Id"
WHERE NOT (u."IsDeleted") AND u."Id" = @___currentUser_UserId_0
LIMIT 1
2026-07-28 14:35:43.672 +06:00 [INF] [0HNNCG9V1D72G:00000001] Executed DbCommand (1ms) [Parameters=[@___currentUser_OrganizationId_0='00000000-0000-0000-0001-000000000001'], CommandType='"Text"', CommandTimeout='30']
SELECT count(*)::int
FROM "Users" AS u
WHERE NOT (u."IsDeleted") AND u."OrganizationId" = @___currentUser_OrganizationId_0
2026-07-28 14:35:43.672 +06:00 [INF] [0HNNCG9V1D72F:00000001] Executed DbCommand (1ms) [Parameters=[@___currentUser_OrganizationId_0='00000000-0000-0000-0001-000000000001', @__p_2='50', @__p_1='0'], CommandType='"Text"', CommandTimeout='30']
SELECT a."Id", a."Action", a."CreatedAt", a."EntityId", a."EntityName", a."EntityType", a."Metadata", a."OrganizationId", a."ProjectId", a."UserId", a."UserName"
FROM "ActivityLogs" AS a
WHERE a."OrganizationId" = @___currentUser_OrganizationId_0
ORDER BY a."CreatedAt" DESC
LIMIT @__p_2 OFFSET @__p_1
2026-07-28 14:35:43.673 +06:00 [INF] [0HNNCG9V1D72F:00000001] [0HNNCG9V1D72F:00000001] GET /api/activity → 200 (4.9ms)
2026-07-28 14:35:43.674 +06:00 [INF] [0HNNCG9V1D72G:00000001] Executed DbCommand (1ms) [Parameters=[@___currentUser_OrganizationId_0='00000000-0000-0000-0001-000000000001', @__p_2='100', @__p_1='0'], CommandType='"Text"', CommandTimeout='30']
SELECT u."Id", u."CreatedAt", u."DeletedAt", u."Email", u."EmailVerificationExpiry", u."EmailVerificationToken", u."FirstName", u."IsActive", u."IsDeleted", u."IsEmailVerified", u."LastLoginAt", u."LastName", u."OrganizationId", u."PasswordHash", u."PasswordResetExpiry", u."PasswordResetToken", u."ProfilePictureUrl", u."RefreshToken", u."RefreshTokenExpiry", u."Role", u."UpdatedAt"
FROM "Users" AS u
WHERE NOT (u."IsDeleted") AND u."OrganizationId" = @___currentUser_OrganizationId_0
ORDER BY u."FirstName", u."LastName"
LIMIT @__p_2 OFFSET @__p_1
2026-07-28 14:35:43.674 +06:00 [INF] [0HNNCG9V1D72G:00000001] Members listed for org "00000000-0000-0000-0001-000000000001" — page 1, 4 results
2026-07-28 14:35:43.675 +06:00 [INF] [0HNNCG9V1D72G:00000001] [0HNNCG9V1D72G:00000001] GET /api/organizations/me/members → 200 (6.3ms)
2026-07-28 14:36:13.696 +06:00 [DBG] [0HNNCG9V1D72H:00000001] Permission granted: Owner → projects.view
2026-07-28 14:36:13.697 +06:00 [INF] [0HNNCG9V1D72H:00000001] Executed DbCommand (1ms) [Parameters=[@___currentUser_UserId_0='00000000-0000-0000-0002-000000000001'], CommandType='"Text"', CommandTimeout='30']
SELECT u."Id", u."CreatedAt", u."DeletedAt", u."Email", u."EmailVerificationExpiry", u."EmailVerificationToken", u."FirstName", u."IsActive", u."IsDeleted", u."IsEmailVerified", u."LastLoginAt", u."LastName", u."OrganizationId", u."PasswordHash", u."PasswordResetExpiry", u."PasswordResetToken", u."ProfilePictureUrl", u."RefreshToken", u."RefreshTokenExpiry", u."Role", u."UpdatedAt", o0."Id", o0."CreatedAt", o0."DeletedAt", o0."Description", o0."IsActive", o0."IsDeleted", o0."LogoUrl", o0."Name", o0."Plan", o0."Slug", o0."UpdatedAt"
FROM "Users" AS u
INNER JOIN (
    SELECT o."Id", o."CreatedAt", o."DeletedAt", o."Description", o."IsActive", o."IsDeleted", o."LogoUrl", o."Name", o."Plan", o."Slug", o."UpdatedAt"
    FROM "Organizations" AS o
    WHERE NOT (o."IsDeleted")
) AS o0 ON u."OrganizationId" = o0."Id"
WHERE NOT (u."IsDeleted") AND u."Id" = @___currentUser_UserId_0
LIMIT 1
2026-07-28 14:36:13.702 +06:00 [INF] [0HNNCG9V1D72H:00000001] Executed DbCommand (3ms) [Parameters=[@___currentUser_OrganizationId_0='00000000-0000-0000-0001-000000000001', @__p_2='50', @__p_1='0'], CommandType='"Text"', CommandTimeout='30']
SELECT a."Id", a."Action", a."CreatedAt", a."EntityId", a."EntityName", a."EntityType", a."Metadata", a."OrganizationId", a."ProjectId", a."UserId", a."UserName"
FROM "ActivityLogs" AS a
WHERE a."OrganizationId" = @___currentUser_OrganizationId_0
ORDER BY a."CreatedAt" DESC
LIMIT @__p_2 OFFSET @__p_1
2026-07-28 14:36:13.703 +06:00 [INF] [0HNNCG9V1D72H:00000001] [0HNNCG9V1D72H:00000001] GET /api/activity → 200 (7.8ms)
2026-07-28 14:36:43.727 +06:00 [DBG] [0HNNCG9V1D72I:00000001] Permission granted: Owner → projects.view
2026-07-28 14:36:43.730 +06:00 [INF] [0HNNCG9V1D72I:00000001] Executed DbCommand (1ms) [Parameters=[@___currentUser_UserId_0='00000000-0000-0000-0002-000000000001'], CommandType='"Text"', CommandTimeout='30']
SELECT u."Id", u."CreatedAt", u."DeletedAt", u."Email", u."EmailVerificationExpiry", u."EmailVerificationToken", u."FirstName", u."IsActive", u."IsDeleted", u."IsEmailVerified", u."LastLoginAt", u."LastName", u."OrganizationId", u."PasswordHash", u."PasswordResetExpiry", u."PasswordResetToken", u."ProfilePictureUrl", u."RefreshToken", u."RefreshTokenExpiry", u."Role", u."UpdatedAt", o0."Id", o0."CreatedAt", o0."DeletedAt", o0."Description", o0."IsActive", o0."IsDeleted", o0."LogoUrl", o0."Name", o0."Plan", o0."Slug", o0."UpdatedAt"
FROM "Users" AS u
INNER JOIN (
    SELECT o."Id", o."CreatedAt", o."DeletedAt", o."Description", o."IsActive", o."IsDeleted", o."LogoUrl", o."Name", o."Plan", o."Slug", o."UpdatedAt"
    FROM "Organizations" AS o
    WHERE NOT (o."IsDeleted")
) AS o0 ON u."OrganizationId" = o0."Id"
WHERE NOT (u."IsDeleted") AND u."Id" = @___currentUser_UserId_0
LIMIT 1
2026-07-28 14:36:43.732 +06:00 [INF] [0HNNCG9V1D72I:00000001] Executed DbCommand (1ms) [Parameters=[@___currentUser_OrganizationId_0='00000000-0000-0000-0001-000000000001', @__p_2='50', @__p_1='0'], CommandType='"Text"', CommandTimeout='30']
SELECT a."Id", a."Action", a."CreatedAt", a."EntityId", a."EntityName", a."EntityType", a."Metadata", a."OrganizationId", a."ProjectId", a."UserId", a."UserName"
FROM "ActivityLogs" AS a
WHERE a."OrganizationId" = @___currentUser_OrganizationId_0
ORDER BY a."CreatedAt" DESC
LIMIT @__p_2 OFFSET @__p_1
2026-07-28 14:36:43.732 +06:00 [INF] [0HNNCG9V1D72I:00000001] [0HNNCG9V1D72I:00000001] GET /api/activity → 200 (6.0ms)
2026-07-28 14:37:13.764 +06:00 [DBG] [0HNNCG9V1D72J:00000001] Permission granted: Owner → projects.view
2026-07-28 14:37:13.766 +06:00 [INF] [0HNNCG9V1D72J:00000001] Executed DbCommand (1ms) [Parameters=[@___currentUser_UserId_0='00000000-0000-0000-0002-000000000001'], CommandType='"Text"', CommandTimeout='30']
SELECT u."Id", u."CreatedAt", u."DeletedAt", u."Email", u."EmailVerificationExpiry", u."EmailVerificationToken", u."FirstName", u."IsActive", u."IsDeleted", u."IsEmailVerified", u."LastLoginAt", u."LastName", u."OrganizationId", u."PasswordHash", u."PasswordResetExpiry", u."PasswordResetToken", u."ProfilePictureUrl", u."RefreshToken", u."RefreshTokenExpiry", u."Role", u."UpdatedAt", o0."Id", o0."CreatedAt", o0."DeletedAt", o0."Description", o0."IsActive", o0."IsDeleted", o0."LogoUrl", o0."Name", o0."Plan", o0."Slug", o0."UpdatedAt"
FROM "Users" AS u
INNER JOIN (
    SELECT o."Id", o."CreatedAt", o."DeletedAt", o."Description", o."IsActive", o."IsDeleted", o."LogoUrl", o."Name", o."Plan", o."Slug", o."UpdatedAt"
    FROM "Organizations" AS o
    WHERE NOT (o."IsDeleted")
) AS o0 ON u."OrganizationId" = o0."Id"
WHERE NOT (u."IsDeleted") AND u."Id" = @___currentUser_UserId_0
LIMIT 1
2026-07-28 14:37:13.768 +06:00 [INF] [0HNNCG9V1D72J:00000001] Executed DbCommand (1ms) [Parameters=[@___currentUser_OrganizationId_0='00000000-0000-0000-0001-000000000001', @__p_2='50', @__p_1='0'], CommandType='"Text"', CommandTimeout='30']
SELECT a."Id", a."Action", a."CreatedAt", a."EntityId", a."EntityName", a."EntityType", a."Metadata", a."OrganizationId", a."ProjectId", a."UserId", a."UserName"
FROM "ActivityLogs" AS a
WHERE a."OrganizationId" = @___currentUser_OrganizationId_0
ORDER BY a."CreatedAt" DESC
LIMIT @__p_2 OFFSET @__p_1
2026-07-28 14:37:13.770 +06:00 [INF] [0HNNCG9V1D72J:00000001] [0HNNCG9V1D72J:00000001] GET /api/activity → 200 (5.9ms)
2026-07-28 14:37:43.799 +06:00 [DBG] [0HNNCG9V1D72K:00000001] Permission granted: Owner → projects.view
2026-07-28 14:37:43.802 +06:00 [INF] [0HNNCG9V1D72K:00000001] Executed DbCommand (1ms) [Parameters=[@___currentUser_UserId_0='00000000-0000-0000-0002-000000000001'], CommandType='"Text"', CommandTimeout='30']
SELECT u."Id", u."CreatedAt", u."DeletedAt", u."Email", u."EmailVerificationExpiry", u."EmailVerificationToken", u."FirstName", u."IsActive", u."IsDeleted", u."IsEmailVerified", u."LastLoginAt", u."LastName", u."OrganizationId", u."PasswordHash", u."PasswordResetExpiry", u."PasswordResetToken", u."ProfilePictureUrl", u."RefreshToken", u."RefreshTokenExpiry", u."Role", u."UpdatedAt", o0."Id", o0."CreatedAt", o0."DeletedAt", o0."Description", o0."IsActive", o0."IsDeleted", o0."LogoUrl", o0."Name", o0."Plan", o0."Slug", o0."UpdatedAt"
FROM "Users" AS u
INNER JOIN (
    SELECT o."Id", o."CreatedAt", o."DeletedAt", o."Description", o."IsActive", o."IsDeleted", o."LogoUrl", o."Name", o."Plan", o."Slug", o."UpdatedAt"
    FROM "Organizations" AS o
    WHERE NOT (o."IsDeleted")
) AS o0 ON u."OrganizationId" = o0."Id"
WHERE NOT (u."IsDeleted") AND u."Id" = @___currentUser_UserId_0
LIMIT 1
2026-07-28 14:37:43.803 +06:00 [INF] [0HNNCG9V1D72K:00000001] Executed DbCommand (1ms) [Parameters=[@___currentUser_OrganizationId_0='00000000-0000-0000-0001-000000000001', @__p_2='50', @__p_1='0'], CommandType='"Text"', CommandTimeout='30']
SELECT a."Id", a."Action", a."CreatedAt", a."EntityId", a."EntityName", a."EntityType", a."Metadata", a."OrganizationId", a."ProjectId", a."UserId", a."UserName"
FROM "ActivityLogs" AS a
WHERE a."OrganizationId" = @___currentUser_OrganizationId_0
ORDER BY a."CreatedAt" DESC
LIMIT @__p_2 OFFSET @__p_1
2026-07-28 14:37:43.804 +06:00 [INF] [0HNNCG9V1D72K:00000001] [0HNNCG9V1D72K:00000001] GET /api/activity → 200 (5.5ms)
2026-07-28 14:38:13.839 +06:00 [DBG] [0HNNCG9V1D72L:00000001] Permission granted: Owner → projects.view
2026-07-28 14:38:13.841 +06:00 [INF] [0HNNCG9V1D72L:00000001] Executed DbCommand (1ms) [Parameters=[@___currentUser_UserId_0='00000000-0000-0000-0002-000000000001'], CommandType='"Text"', CommandTimeout='30']
SELECT u."Id", u."CreatedAt", u."DeletedAt", u."Email", u."EmailVerificationExpiry", u."EmailVerificationToken", u."FirstName", u."IsActive", u."IsDeleted", u."IsEmailVerified", u."LastLoginAt", u."LastName", u."OrganizationId", u."PasswordHash", u."PasswordResetExpiry", u."PasswordResetToken", u."ProfilePictureUrl", u."RefreshToken", u."RefreshTokenExpiry", u."Role", u."UpdatedAt", o0."Id", o0."CreatedAt", o0."DeletedAt", o0."Description", o0."IsActive", o0."IsDeleted", o0."LogoUrl", o0."Name", o0."Plan", o0."Slug", o0."UpdatedAt"
FROM "Users" AS u
INNER JOIN (
    SELECT o."Id", o."CreatedAt", o."DeletedAt", o."Description", o."IsActive", o."IsDeleted", o."LogoUrl", o."Name", o."Plan", o."Slug", o."UpdatedAt"
    FROM "Organizations" AS o
    WHERE NOT (o."IsDeleted")
) AS o0 ON u."OrganizationId" = o0."Id"
WHERE NOT (u."IsDeleted") AND u."Id" = @___currentUser_UserId_0
LIMIT 1
2026-07-28 14:38:13.842 +06:00 [INF] [0HNNCG9V1D72L:00000001] Executed DbCommand (1ms) [Parameters=[@___currentUser_OrganizationId_0='00000000-0000-0000-0001-000000000001', @__p_2='50', @__p_1='0'], CommandType='"Text"', CommandTimeout='30']
SELECT a."Id", a."Action", a."CreatedAt", a."EntityId", a."EntityName", a."EntityType", a."Metadata", a."OrganizationId", a."ProjectId", a."UserId", a."UserName"
FROM "ActivityLogs" AS a
WHERE a."OrganizationId" = @___currentUser_OrganizationId_0
ORDER BY a."CreatedAt" DESC
LIMIT @__p_2 OFFSET @__p_1
2026-07-28 14:38:13.843 +06:00 [INF] [0HNNCG9V1D72L:00000001] [0HNNCG9V1D72L:00000001] GET /api/activity → 200 (4.6ms)
2026-07-28 14:38:43.864 +06:00 [DBG] [0HNNCG9V1D72M:00000001] Permission granted: Owner → projects.view
2026-07-28 14:38:43.866 +06:00 [INF] [0HNNCG9V1D72M:00000001] Executed DbCommand (1ms) [Parameters=[@___currentUser_UserId_0='00000000-0000-0000-0002-000000000001'], CommandType='"Text"', CommandTimeout='30']
SELECT u."Id", u."CreatedAt", u."DeletedAt", u."Email", u."EmailVerificationExpiry", u."EmailVerificationToken", u."FirstName", u."IsActive", u."IsDeleted", u."IsEmailVerified", u."LastLoginAt", u."LastName", u."OrganizationId", u."PasswordHash", u."PasswordResetExpiry", u."PasswordResetToken", u."ProfilePictureUrl", u."RefreshToken", u."RefreshTokenExpiry", u."Role", u."UpdatedAt", o0."Id", o0."CreatedAt", o0."DeletedAt", o0."Description", o0."IsActive", o0."IsDeleted", o0."LogoUrl", o0."Name", o0."Plan", o0."Slug", o0."UpdatedAt"
FROM "Users" AS u
INNER JOIN (
    SELECT o."Id", o."CreatedAt", o."DeletedAt", o."Description", o."IsActive", o."IsDeleted", o."LogoUrl", o."Name", o."Plan", o."Slug", o."UpdatedAt"
    FROM "Organizations" AS o
    WHERE NOT (o."IsDeleted")
) AS o0 ON u."OrganizationId" = o0."Id"
WHERE NOT (u."IsDeleted") AND u."Id" = @___currentUser_UserId_0
LIMIT 1
2026-07-28 14:38:43.868 +06:00 [INF] [0HNNCG9V1D72M:00000001] Executed DbCommand (1ms) [Parameters=[@___currentUser_OrganizationId_0='00000000-0000-0000-0001-000000000001', @__p_2='50', @__p_1='0'], CommandType='"Text"', CommandTimeout='30']
SELECT a."Id", a."Action", a."CreatedAt", a."EntityId", a."EntityName", a."EntityType", a."Metadata", a."OrganizationId", a."ProjectId", a."UserId", a."UserName"
FROM "ActivityLogs" AS a
WHERE a."OrganizationId" = @___currentUser_OrganizationId_0
ORDER BY a."CreatedAt" DESC
LIMIT @__p_2 OFFSET @__p_1
2026-07-28 14:38:43.870 +06:00 [INF] [0HNNCG9V1D72M:00000001] [0HNNCG9V1D72M:00000001] GET /api/activity → 200 (6.0ms)
2026-07-28 14:39:13.899 +06:00 [DBG] [0HNNCG9V1D72N:00000001] Permission granted: Owner → projects.view
2026-07-28 14:39:13.902 +06:00 [INF] [0HNNCG9V1D72N:00000001] Executed DbCommand (1ms) [Parameters=[@___currentUser_UserId_0='00000000-0000-0000-0002-000000000001'], CommandType='"Text"', CommandTimeout='30']
SELECT u."Id", u."CreatedAt", u."DeletedAt", u."Email", u."EmailVerificationExpiry", u."EmailVerificationToken", u."FirstName", u."IsActive", u."IsDeleted", u."IsEmailVerified", u."LastLoginAt", u."LastName", u."OrganizationId", u."PasswordHash", u."PasswordResetExpiry", u."PasswordResetToken", u."ProfilePictureUrl", u."RefreshToken", u."RefreshTokenExpiry", u."Role", u."UpdatedAt", o0."Id", o0."CreatedAt", o0."DeletedAt", o0."Description", o0."IsActive", o0."IsDeleted", o0."LogoUrl", o0."Name", o0."Plan", o0."Slug", o0."UpdatedAt"
FROM "Users" AS u
INNER JOIN (
    SELECT o."Id", o."CreatedAt", o."DeletedAt", o."Description", o."IsActive", o."IsDeleted", o."LogoUrl", o."Name", o."Plan", o."Slug", o."UpdatedAt"
    FROM "Organizations" AS o
    WHERE NOT (o."IsDeleted")
) AS o0 ON u."OrganizationId" = o0."Id"
WHERE NOT (u."IsDeleted") AND u."Id" = @___currentUser_UserId_0
LIMIT 1
2026-07-28 14:39:13.904 +06:00 [INF] [0HNNCG9V1D72N:00000001] Executed DbCommand (1ms) [Parameters=[@___currentUser_OrganizationId_0='00000000-0000-0000-0001-000000000001', @__p_2='50', @__p_1='0'], CommandType='"Text"', CommandTimeout='30']
SELECT a."Id", a."Action", a."CreatedAt", a."EntityId", a."EntityName", a."EntityType", a."Metadata", a."OrganizationId", a."ProjectId", a."UserId", a."UserName"
FROM "ActivityLogs" AS a
WHERE a."OrganizationId" = @___currentUser_OrganizationId_0
ORDER BY a."CreatedAt" DESC
LIMIT @__p_2 OFFSET @__p_1
2026-07-28 14:39:13.906 +06:00 [INF] [0HNNCG9V1D72N:00000001] [0HNNCG9V1D72N:00000001] GET /api/activity → 200 (6.7ms)
2026-07-28 14:39:43.936 +06:00 [DBG] [0HNNCG9V1D72O:00000001] Permission granted: Owner → projects.view
2026-07-28 14:39:43.939 +06:00 [INF] [0HNNCG9V1D72O:00000001] Executed DbCommand (1ms) [Parameters=[@___currentUser_UserId_0='00000000-0000-0000-0002-000000000001'], CommandType='"Text"', CommandTimeout='30']
SELECT u."Id", u."CreatedAt", u."DeletedAt", u."Email", u."EmailVerificationExpiry", u."EmailVerificationToken", u."FirstName", u."IsActive", u."IsDeleted", u."IsEmailVerified", u."LastLoginAt", u."LastName", u."OrganizationId", u."PasswordHash", u."PasswordResetExpiry", u."PasswordResetToken", u."ProfilePictureUrl", u."RefreshToken", u."RefreshTokenExpiry", u."Role", u."UpdatedAt", o0."Id", o0."CreatedAt", o0."DeletedAt", o0."Description", o0."IsActive", o0."IsDeleted", o0."LogoUrl", o0."Name", o0."Plan", o0."Slug", o0."UpdatedAt"
FROM "Users" AS u
INNER JOIN (
    SELECT o."Id", o."CreatedAt", o."DeletedAt", o."Description", o."IsActive", o."IsDeleted", o."LogoUrl", o."Name", o."Plan", o."Slug", o."UpdatedAt"
    FROM "Organizations" AS o
    WHERE NOT (o."IsDeleted")
) AS o0 ON u."OrganizationId" = o0."Id"
WHERE NOT (u."IsDeleted") AND u."Id" = @___currentUser_UserId_0
LIMIT 1
2026-07-28 14:39:43.941 +06:00 [INF] [0HNNCG9V1D72O:00000001] Executed DbCommand (1ms) [Parameters=[@___currentUser_OrganizationId_0='00000000-0000-0000-0001-000000000001', @__p_2='50', @__p_1='0'], CommandType='"Text"', CommandTimeout='30']
SELECT a."Id", a."Action", a."CreatedAt", a."EntityId", a."EntityName", a."EntityType", a."Metadata", a."OrganizationId", a."ProjectId", a."UserId", a."UserName"
FROM "ActivityLogs" AS a
WHERE a."OrganizationId" = @___currentUser_OrganizationId_0
ORDER BY a."CreatedAt" DESC
LIMIT @__p_2 OFFSET @__p_1
2026-07-28 14:39:43.942 +06:00 [INF] [0HNNCG9V1D72O:00000001] [0HNNCG9V1D72O:00000001] GET /api/activity → 200 (6.7ms)
2026-07-28 14:40:13.972 +06:00 [DBG] [0HNNCG9V1D72P:00000001] Permission granted: Owner → projects.view
2026-07-28 14:40:13.974 +06:00 [INF] [0HNNCG9V1D72P:00000001] Executed DbCommand (1ms) [Parameters=[@___currentUser_UserId_0='00000000-0000-0000-0002-000000000001'], CommandType='"Text"', CommandTimeout='30']
SELECT u."Id", u."CreatedAt", u."DeletedAt", u."Email", u."EmailVerificationExpiry", u."EmailVerificationToken", u."FirstName", u."IsActive", u."IsDeleted", u."IsEmailVerified", u."LastLoginAt", u."LastName", u."OrganizationId", u."PasswordHash", u."PasswordResetExpiry", u."PasswordResetToken", u."ProfilePictureUrl", u."RefreshToken", u."RefreshTokenExpiry", u."Role", u."UpdatedAt", o0."Id", o0."CreatedAt", o0."DeletedAt", o0."Description", o0."IsActive", o0."IsDeleted", o0."LogoUrl", o0."Name", o0."Plan", o0."Slug", o0."UpdatedAt"
FROM "Users" AS u
INNER JOIN (
    SELECT o."Id", o."CreatedAt", o."DeletedAt", o."Description", o."IsActive", o."IsDeleted", o."LogoUrl", o."Name", o."Plan", o."Slug", o."UpdatedAt"
    FROM "Organizations" AS o
    WHERE NOT (o."IsDeleted")
) AS o0 ON u."OrganizationId" = o0."Id"
WHERE NOT (u."IsDeleted") AND u."Id" = @___currentUser_UserId_0
LIMIT 1
2026-07-28 14:40:13.975 +06:00 [INF] [0HNNCG9V1D72P:00000001] Executed DbCommand (1ms) [Parameters=[@___currentUser_OrganizationId_0='00000000-0000-0000-0001-000000000001', @__p_2='50', @__p_1='0'], CommandType='"Text"', CommandTimeout='30']
SELECT a."Id", a."Action", a."CreatedAt", a."EntityId", a."EntityName", a."EntityType", a."Metadata", a."OrganizationId", a."ProjectId", a."UserId", a."UserName"
FROM "ActivityLogs" AS a
WHERE a."OrganizationId" = @___currentUser_OrganizationId_0
ORDER BY a."CreatedAt" DESC
LIMIT @__p_2 OFFSET @__p_1
2026-07-28 14:40:13.976 +06:00 [INF] [0HNNCG9V1D72P:00000001] [0HNNCG9V1D72P:00000001] GET /api/activity → 200 (4.3ms)
2026-07-28 14:40:44.002 +06:00 [DBG] [0HNNCG9V1D72Q:00000001] Permission granted: Owner → projects.view
2026-07-28 14:40:44.044 +06:00 [INF] [0HNNCG9V1D72Q:00000001] Executed DbCommand (5ms) [Parameters=[@___currentUser_UserId_0='00000000-0000-0000-0002-000000000001'], CommandType='"Text"', CommandTimeout='30']
SELECT u."Id", u."CreatedAt", u."DeletedAt", u."Email", u."EmailVerificationExpiry", u."EmailVerificationToken", u."FirstName", u."IsActive", u."IsDeleted", u."IsEmailVerified", u."LastLoginAt", u."LastName", u."OrganizationId", u."PasswordHash", u."PasswordResetExpiry", u."PasswordResetToken", u."ProfilePictureUrl", u."RefreshToken", u."RefreshTokenExpiry", u."Role", u."UpdatedAt", o0."Id", o0."CreatedAt", o0."DeletedAt", o0."Description", o0."IsActive", o0."IsDeleted", o0."LogoUrl", o0."Name", o0."Plan", o0."Slug", o0."UpdatedAt"
FROM "Users" AS u
INNER JOIN (
    SELECT o."Id", o."CreatedAt", o."DeletedAt", o."Description", o."IsActive", o."IsDeleted", o."LogoUrl", o."Name", o."Plan", o."Slug", o."UpdatedAt"
    FROM "Organizations" AS o
    WHERE NOT (o."IsDeleted")
) AS o0 ON u."OrganizationId" = o0."Id"
WHERE NOT (u."IsDeleted") AND u."Id" = @___currentUser_UserId_0
LIMIT 1
2026-07-28 14:40:44.047 +06:00 [INF] [0HNNCG9V1D72Q:00000001] Executed DbCommand (3ms) [Parameters=[@___currentUser_OrganizationId_0='00000000-0000-0000-0001-000000000001', @__p_2='50', @__p_1='0'], CommandType='"Text"', CommandTimeout='30']
SELECT a."Id", a."Action", a."CreatedAt", a."EntityId", a."EntityName", a."EntityType", a."Metadata", a."OrganizationId", a."ProjectId", a."UserId", a."UserName"
FROM "ActivityLogs" AS a
WHERE a."OrganizationId" = @___currentUser_OrganizationId_0
ORDER BY a."CreatedAt" DESC
LIMIT @__p_2 OFFSET @__p_1
2026-07-28 14:40:44.048 +06:00 [INF] [0HNNCG9V1D72Q:00000001] [0HNNCG9V1D72Q:00000001] GET /api/activity → 200 (46.2ms)
2026-07-28 14:41:14.059 +06:00 [DBG] [0HNNCG9V1D72R:00000001] Permission granted: Owner → projects.view
2026-07-28 14:41:14.062 +06:00 [INF] [0HNNCG9V1D72R:00000001] Executed DbCommand (1ms) [Parameters=[@___currentUser_UserId_0='00000000-0000-0000-0002-000000000001'], CommandType='"Text"', CommandTimeout='30']
SELECT u."Id", u."CreatedAt", u."DeletedAt", u."Email", u."EmailVerificationExpiry", u."EmailVerificationToken", u."FirstName", u."IsActive", u."IsDeleted", u."IsEmailVerified", u."LastLoginAt", u."LastName", u."OrganizationId", u."PasswordHash", u."PasswordResetExpiry", u."PasswordResetToken", u."ProfilePictureUrl", u."RefreshToken", u."RefreshTokenExpiry", u."Role", u."UpdatedAt", o0."Id", o0."CreatedAt", o0."DeletedAt", o0."Description", o0."IsActive", o0."IsDeleted", o0."LogoUrl", o0."Name", o0."Plan", o0."Slug", o0."UpdatedAt"
FROM "Users" AS u
INNER JOIN (
    SELECT o."Id", o."CreatedAt", o."DeletedAt", o."Description", o."IsActive", o."IsDeleted", o."LogoUrl", o."Name", o."Plan", o."Slug", o."UpdatedAt"
    FROM "Organizations" AS o
    WHERE NOT (o."IsDeleted")
) AS o0 ON u."OrganizationId" = o0."Id"
WHERE NOT (u."IsDeleted") AND u."Id" = @___currentUser_UserId_0
LIMIT 1
2026-07-28 14:41:14.064 +06:00 [INF] [0HNNCG9V1D72R:00000001] Executed DbCommand (1ms) [Parameters=[@___currentUser_OrganizationId_0='00000000-0000-0000-0001-000000000001', @__p_2='50', @__p_1='0'], CommandType='"Text"', CommandTimeout='30']
SELECT a."Id", a."Action", a."CreatedAt", a."EntityId", a."EntityName", a."EntityType", a."Metadata", a."OrganizationId", a."ProjectId", a."UserId", a."UserName"
FROM "ActivityLogs" AS a
WHERE a."OrganizationId" = @___currentUser_OrganizationId_0
ORDER BY a."CreatedAt" DESC
LIMIT @__p_2 OFFSET @__p_1
2026-07-28 14:41:14.065 +06:00 [INF] [0HNNCG9V1D72R:00000001] [0HNNCG9V1D72R:00000001] GET /api/activity → 200 (5.9ms)
2026-07-28 14:41:44.102 +06:00 [WRN] [0HNNCG9V1D72S:00000001] Permission check failed — no role claim in token for projects.view
2026-07-28 14:41:44.116 +06:00 [WRN] [0HNNCG9V1D72S:00000001] [0HNNCG9V1D72S:00000001] GET /api/activity → 401 (19.7ms)
2026-07-28 14:41:44.161 +06:00 [INF] [0HNNCG9V1D72T:00000001] Executed DbCommand (1ms) [Parameters=[@__refreshToken_0='FtIafFogBXxMPMN6xZnKqa7mx3dvfdNY9/Cf58fpkIHXL4LZ+05pVDz6Y/sCSVx5v5gvhKleEiBoZFvR440V3w=='], CommandType='"Text"', CommandTimeout='30']
SELECT u."Id", u."CreatedAt", u."DeletedAt", u."Email", u."EmailVerificationExpiry", u."EmailVerificationToken", u."FirstName", u."IsActive", u."IsDeleted", u."IsEmailVerified", u."LastLoginAt", u."LastName", u."OrganizationId", u."PasswordHash", u."PasswordResetExpiry", u."PasswordResetToken", u."ProfilePictureUrl", u."RefreshToken", u."RefreshTokenExpiry", u."Role", u."UpdatedAt", o0."Id", o0."CreatedAt", o0."DeletedAt", o0."Description", o0."IsActive", o0."IsDeleted", o0."LogoUrl", o0."Name", o0."Plan", o0."Slug", o0."UpdatedAt"
FROM "Users" AS u
INNER JOIN (
    SELECT o."Id", o."CreatedAt", o."DeletedAt", o."Description", o."IsActive", o."IsDeleted", o."LogoUrl", o."Name", o."Plan", o."Slug", o."UpdatedAt"
    FROM "Organizations" AS o
    WHERE NOT (o."IsDeleted")
) AS o0 ON u."OrganizationId" = o0."Id"
WHERE NOT (u."IsDeleted") AND u."RefreshToken" = @__refreshToken_0
LIMIT 1
2026-07-28 14:41:44.178 +06:00 [DBG] [0HNNCG9V1D72T:00000001] JWT access token generated for user "00000000-0000-0000-0002-000000000001" — expires "2026-07-28T08:56:44.1648876Z"
2026-07-28 14:41:44.179 +06:00 [DBG] [0HNNCG9V1D72T:00000001] Refresh token generated — expires "2026-08-04T08:41:44.1796597Z"
2026-07-28 14:41:44.184 +06:00 [INF] [0HNNCG9V1D72T:00000001] Executed DbCommand (3ms) [Parameters=[@p4='00000000-0000-0000-0002-000000000001', @p0='2026-07-28T08:41:44.1803488Z' (Nullable = true) (DbType = DateTime), @p1='phwOU+SZZlDs+OqkC89MtSEiyHCmpI5DfMxc/wJxtsIP1FX4YIZ3UI+HMPxJZGIQUVRKOgaPB9ef8eOWUBZH7g==', @p2='2026-08-04T08:41:44.1801290Z' (Nullable = true) (DbType = DateTime), @p3='2026-07-28T08:41:44.1806511Z' (DbType = DateTime)], CommandType='"Text"', CommandTimeout='30']
UPDATE "Users" SET "LastLoginAt" = @p0, "RefreshToken" = @p1, "RefreshTokenExpiry" = @p2, "UpdatedAt" = @p3
WHERE "Id" = @p4;
2026-07-28 14:41:44.187 +06:00 [INF] [0HNNCG9V1D72T:00000001] Refresh token rotated for user "00000000-0000-0000-0002-000000000001"
2026-07-28 14:41:44.195 +06:00 [INF] [0HNNCG9V1D72T:00000001] [0HNNCG9V1D72T:00000001] POST /api/auth/refresh → 200 (72.4ms)
2026-07-28 14:41:44.209 +06:00 [DBG] [0HNNCG9V1D72U:00000001] Permission granted: Owner → projects.view
2026-07-28 14:41:44.212 +06:00 [INF] [0HNNCG9V1D72U:00000001] Executed DbCommand (1ms) [Parameters=[@___currentUser_UserId_0='00000000-0000-0000-0002-000000000001'], CommandType='"Text"', CommandTimeout='30']
SELECT u."Id", u."CreatedAt", u."DeletedAt", u."Email", u."EmailVerificationExpiry", u."EmailVerificationToken", u."FirstName", u."IsActive", u."IsDeleted", u."IsEmailVerified", u."LastLoginAt", u."LastName", u."OrganizationId", u."PasswordHash", u."PasswordResetExpiry", u."PasswordResetToken", u."ProfilePictureUrl", u."RefreshToken", u."RefreshTokenExpiry", u."Role", u."UpdatedAt", o0."Id", o0."CreatedAt", o0."DeletedAt", o0."Description", o0."IsActive", o0."IsDeleted", o0."LogoUrl", o0."Name", o0."Plan", o0."Slug", o0."UpdatedAt"
FROM "Users" AS u
INNER JOIN (
    SELECT o."Id", o."CreatedAt", o."DeletedAt", o."Description", o."IsActive", o."IsDeleted", o."LogoUrl", o."Name", o."Plan", o."Slug", o."UpdatedAt"
    FROM "Organizations" AS o
    WHERE NOT (o."IsDeleted")
) AS o0 ON u."OrganizationId" = o0."Id"
WHERE NOT (u."IsDeleted") AND u."Id" = @___currentUser_UserId_0
LIMIT 1
2026-07-28 14:41:44.224 +06:00 [INF] [0HNNCG9V1D72U:00000001] Executed DbCommand (1ms) [Parameters=[@___currentUser_OrganizationId_0='00000000-0000-0000-0001-000000000001', @__p_2='50', @__p_1='0'], CommandType='"Text"', CommandTimeout='30']
SELECT a."Id", a."Action", a."CreatedAt", a."EntityId", a."EntityName", a."EntityType", a."Metadata", a."OrganizationId", a."ProjectId", a."UserId", a."UserName"
FROM "ActivityLogs" AS a
WHERE a."OrganizationId" = @___currentUser_OrganizationId_0
ORDER BY a."CreatedAt" DESC
LIMIT @__p_2 OFFSET @__p_1
2026-07-28 14:41:44.229 +06:00 [INF] [0HNNCG9V1D72U:00000001] [0HNNCG9V1D72U:00000001] GET /api/activity → 200 (20.8ms)
2026-07-28 14:42:14.254 +06:00 [DBG] [0HNNCG9V1D72V:00000001] Permission granted: Owner → projects.view
2026-07-28 14:42:14.256 +06:00 [INF] [0HNNCG9V1D72V:00000001] Executed DbCommand (1ms) [Parameters=[@___currentUser_UserId_0='00000000-0000-0000-0002-000000000001'], CommandType='"Text"', CommandTimeout='30']
SELECT u."Id", u."CreatedAt", u."DeletedAt", u."Email", u."EmailVerificationExpiry", u."EmailVerificationToken", u."FirstName", u."IsActive", u."IsDeleted", u."IsEmailVerified", u."LastLoginAt", u."LastName", u."OrganizationId", u."PasswordHash", u."PasswordResetExpiry", u."PasswordResetToken", u."ProfilePictureUrl", u."RefreshToken", u."RefreshTokenExpiry", u."Role", u."UpdatedAt", o0."Id", o0."CreatedAt", o0."DeletedAt", o0."Description", o0."IsActive", o0."IsDeleted", o0."LogoUrl", o0."Name", o0."Plan", o0."Slug", o0."UpdatedAt"
FROM "Users" AS u
INNER JOIN (
    SELECT o."Id", o."CreatedAt", o."DeletedAt", o."Description", o."IsActive", o."IsDeleted", o."LogoUrl", o."Name", o."Plan", o."Slug", o."UpdatedAt"
    FROM "Organizations" AS o
    WHERE NOT (o."IsDeleted")
) AS o0 ON u."OrganizationId" = o0."Id"
WHERE NOT (u."IsDeleted") AND u."Id" = @___currentUser_UserId_0
LIMIT 1
2026-07-28 14:42:14.257 +06:00 [INF] [0HNNCG9V1D72V:00000001] Executed DbCommand (0ms) [Parameters=[@___currentUser_OrganizationId_0='00000000-0000-0000-0001-000000000001', @__p_2='50', @__p_1='0'], CommandType='"Text"', CommandTimeout='30']
SELECT a."Id", a."Action", a."CreatedAt", a."EntityId", a."EntityName", a."EntityType", a."Metadata", a."OrganizationId", a."ProjectId", a."UserId", a."UserName"
FROM "ActivityLogs" AS a
WHERE a."OrganizationId" = @___currentUser_OrganizationId_0
ORDER BY a."CreatedAt" DESC
LIMIT @__p_2 OFFSET @__p_1
2026-07-28 14:42:14.257 +06:00 [INF] [0HNNCG9V1D72V:00000001] [0HNNCG9V1D72V:00000001] GET /api/activity → 200 (4.0ms)
2026-07-28 14:42:44.292 +06:00 [DBG] [0HNNCG9V1D730:00000001] Permission granted: Owner → projects.view
2026-07-28 14:42:44.294 +06:00 [INF] [0HNNCG9V1D730:00000001] Executed DbCommand (1ms) [Parameters=[@___currentUser_UserId_0='00000000-0000-0000-0002-000000000001'], CommandType='"Text"', CommandTimeout='30']
SELECT u."Id", u."CreatedAt", u."DeletedAt", u."Email", u."EmailVerificationExpiry", u."EmailVerificationToken", u."FirstName", u."IsActive", u."IsDeleted", u."IsEmailVerified", u."LastLoginAt", u."LastName", u."OrganizationId", u."PasswordHash", u."PasswordResetExpiry", u."PasswordResetToken", u."ProfilePictureUrl", u."RefreshToken", u."RefreshTokenExpiry", u."Role", u."UpdatedAt", o0."Id", o0."CreatedAt", o0."DeletedAt", o0."Description", o0."IsActive", o0."IsDeleted", o0."LogoUrl", o0."Name", o0."Plan", o0."Slug", o0."UpdatedAt"
FROM "Users" AS u
INNER JOIN (
    SELECT o."Id", o."CreatedAt", o."DeletedAt", o."Description", o."IsActive", o."IsDeleted", o."LogoUrl", o."Name", o."Plan", o."Slug", o."UpdatedAt"
    FROM "Organizations" AS o
    WHERE NOT (o."IsDeleted")
) AS o0 ON u."OrganizationId" = o0."Id"
WHERE NOT (u."IsDeleted") AND u."Id" = @___currentUser_UserId_0
LIMIT 1
2026-07-28 14:42:44.296 +06:00 [INF] [0HNNCG9V1D730:00000001] Executed DbCommand (1ms) [Parameters=[@___currentUser_OrganizationId_0='00000000-0000-0000-0001-000000000001', @__p_2='50', @__p_1='0'], CommandType='"Text"', CommandTimeout='30']
SELECT a."Id", a."Action", a."CreatedAt", a."EntityId", a."EntityName", a."EntityType", a."Metadata", a."OrganizationId", a."ProjectId", a."UserId", a."UserName"
FROM "ActivityLogs" AS a
WHERE a."OrganizationId" = @___currentUser_OrganizationId_0
ORDER BY a."CreatedAt" DESC
LIMIT @__p_2 OFFSET @__p_1
2026-07-28 14:42:44.297 +06:00 [INF] [0HNNCG9V1D730:00000001] [0HNNCG9V1D730:00000001] GET /api/activity → 200 (4.5ms)
2026-07-28 14:43:14.328 +06:00 [DBG] [0HNNCG9V1D731:00000001] Permission granted: Owner → projects.view
2026-07-28 14:43:14.330 +06:00 [INF] [0HNNCG9V1D731:00000001] Executed DbCommand (1ms) [Parameters=[@___currentUser_UserId_0='00000000-0000-0000-0002-000000000001'], CommandType='"Text"', CommandTimeout='30']
SELECT u."Id", u."CreatedAt", u."DeletedAt", u."Email", u."EmailVerificationExpiry", u."EmailVerificationToken", u."FirstName", u."IsActive", u."IsDeleted", u."IsEmailVerified", u."LastLoginAt", u."LastName", u."OrganizationId", u."PasswordHash", u."PasswordResetExpiry", u."PasswordResetToken", u."ProfilePictureUrl", u."RefreshToken", u."RefreshTokenExpiry", u."Role", u."UpdatedAt", o0."Id", o0."CreatedAt", o0."DeletedAt", o0."Description", o0."IsActive", o0."IsDeleted", o0."LogoUrl", o0."Name", o0."Plan", o0."Slug", o0."UpdatedAt"
FROM "Users" AS u
INNER JOIN (
    SELECT o."Id", o."CreatedAt", o."DeletedAt", o."Description", o."IsActive", o."IsDeleted", o."LogoUrl", o."Name", o."Plan", o."Slug", o."UpdatedAt"
    FROM "Organizations" AS o
    WHERE NOT (o."IsDeleted")
) AS o0 ON u."OrganizationId" = o0."Id"
WHERE NOT (u."IsDeleted") AND u."Id" = @___currentUser_UserId_0
LIMIT 1
2026-07-28 14:43:14.332 +06:00 [INF] [0HNNCG9V1D731:00000001] Executed DbCommand (0ms) [Parameters=[@___currentUser_OrganizationId_0='00000000-0000-0000-0001-000000000001', @__p_2='50', @__p_1='0'], CommandType='"Text"', CommandTimeout='30']
SELECT a."Id", a."Action", a."CreatedAt", a."EntityId", a."EntityName", a."EntityType", a."Metadata", a."OrganizationId", a."ProjectId", a."UserId", a."UserName"
FROM "ActivityLogs" AS a
WHERE a."OrganizationId" = @___currentUser_OrganizationId_0
ORDER BY a."CreatedAt" DESC
LIMIT @__p_2 OFFSET @__p_1
2026-07-28 14:43:14.333 +06:00 [INF] [0HNNCG9V1D731:00000001] [0HNNCG9V1D731:00000001] GET /api/activity → 200 (5.0ms)
2026-07-28 14:43:44.363 +06:00 [DBG] [0HNNCG9V1D732:00000001] Permission granted: Owner → projects.view
2026-07-28 14:43:44.366 +06:00 [INF] [0HNNCG9V1D732:00000001] Executed DbCommand (1ms) [Parameters=[@___currentUser_UserId_0='00000000-0000-0000-0002-000000000001'], CommandType='"Text"', CommandTimeout='30']
SELECT u."Id", u."CreatedAt", u."DeletedAt", u."Email", u."EmailVerificationExpiry", u."EmailVerificationToken", u."FirstName", u."IsActive", u."IsDeleted", u."IsEmailVerified", u."LastLoginAt", u."LastName", u."OrganizationId", u."PasswordHash", u."PasswordResetExpiry", u."PasswordResetToken", u."ProfilePictureUrl", u."RefreshToken", u."RefreshTokenExpiry", u."Role", u."UpdatedAt", o0."Id", o0."CreatedAt", o0."DeletedAt", o0."Description", o0."IsActive", o0."IsDeleted", o0."LogoUrl", o0."Name", o0."Plan", o0."Slug", o0."UpdatedAt"
FROM "Users" AS u
INNER JOIN (
    SELECT o."Id", o."CreatedAt", o."DeletedAt", o."Description", o."IsActive", o."IsDeleted", o."LogoUrl", o."Name", o."Plan", o."Slug", o."UpdatedAt"
    FROM "Organizations" AS o
    WHERE NOT (o."IsDeleted")
) AS o0 ON u."OrganizationId" = o0."Id"
WHERE NOT (u."IsDeleted") AND u."Id" = @___currentUser_UserId_0
LIMIT 1
2026-07-28 14:43:44.368 +06:00 [INF] [0HNNCG9V1D732:00000001] Executed DbCommand (1ms) [Parameters=[@___currentUser_OrganizationId_0='00000000-0000-0000-0001-000000000001', @__p_2='50', @__p_1='0'], CommandType='"Text"', CommandTimeout='30']
SELECT a."Id", a."Action", a."CreatedAt", a."EntityId", a."EntityName", a."EntityType", a."Metadata", a."OrganizationId", a."ProjectId", a."UserId", a."UserName"
FROM "ActivityLogs" AS a
WHERE a."OrganizationId" = @___currentUser_OrganizationId_0
ORDER BY a."CreatedAt" DESC
LIMIT @__p_2 OFFSET @__p_1
2026-07-28 14:43:44.369 +06:00 [INF] [0HNNCG9V1D732:00000001] [0HNNCG9V1D732:00000001] GET /api/activity → 200 (5.6ms)
