2026-07-27 17:24:59.722 +06:00 [WRN] [] Entity 'Organization' has a global query filter defined and is the required end of a relationship with the entity 'ActivityLog'. This may lead to unexpected results when the required entity is filtered out. Either configure the navigation as optional, or define matching query filters for both entities in the navigation. See https://go.microsoft.com/fwlink/?linkid=2131316 for more information.
2026-07-27 17:24:59.745 +06:00 [WRN] [] Entity 'User' has a global query filter defined and is the required end of a relationship with the entity 'TaskAssignee'. This may lead to unexpected results when the required entity is filtered out. Either configure the navigation as optional, or define matching query filters for both entities in the navigation. See https://go.microsoft.com/fwlink/?linkid=2131316 for more information.
2026-07-27 17:24:59.752 +06:00 [WRN] [] Sensitive data logging is enabled. Log entries and exception messages may include sensitive application data; this mode should only be enabled during development.
2026-07-27 17:25:00.177 +06:00 [INF] [] Executed DbCommand (17ms) [Parameters=[], CommandType='"Text"', CommandTimeout='30']
SELECT "MigrationId", "ProductVersion"
FROM "__EFMigrationsHistory"
ORDER BY "MigrationId";
2026-07-27 17:25:00.557 +06:00 [INF] [] Executed DbCommand (10ms) [Parameters=[], CommandType='"Text"', CommandTimeout='30']
CREATE TABLE IF NOT EXISTS "__EFMigrationsHistory" (
    "MigrationId" character varying(150) NOT NULL,
    "ProductVersion" character varying(32) NOT NULL,
    CONSTRAINT "PK___EFMigrationsHistory" PRIMARY KEY ("MigrationId")
);
2026-07-27 17:25:00.575 +06:00 [INF] [] Executed DbCommand (3ms) [Parameters=[], CommandType='"Text"', CommandTimeout='30']
LOCK TABLE "__EFMigrationsHistory" IN ACCESS EXCLUSIVE MODE
2026-07-27 17:25:00.577 +06:00 [INF] [] Executed DbCommand (0ms) [Parameters=[], CommandType='"Text"', CommandTimeout='30']
SELECT "MigrationId", "ProductVersion"
FROM "__EFMigrationsHistory"
ORDER BY "MigrationId";
2026-07-27 17:25:00.599 +06:00 [INF] [] Starting database seeding...
2026-07-27 17:25:00.810 +06:00 [INF] [] Executed DbCommand (5ms) [Parameters=[], CommandType='"Text"', CommandTimeout='30']
SELECT EXISTS (
    SELECT 1
    FROM "Organizations" AS o
    WHERE NOT (o."IsDeleted"))
2026-07-27 17:25:00.821 +06:00 [INF] [] Database already seeded — skipping.
2026-07-27 17:25:01.025 +06:00 [INF] [] Now listening on: http://localhost:5210
2026-07-27 17:25:01.025 +06:00 [INF] [] Application started. Press Ctrl+C to shut down.
2026-07-27 17:25:01.026 +06:00 [INF] [] Hosting environment: Development
2026-07-27 17:25:01.026 +06:00 [INF] [] Content root path: C:\Users\Abdul\Documents\GitHub\WorkSphere\WorkHub.API
2026-07-27 17:28:23.010 +06:00 [WRN] [0HNNBQ8LEOI21:00000001] Failed to determine the https port for redirect.
2026-07-27 17:28:23.190 +06:00 [WRN] [0HNNBQ8LEOI21:00000001] [0HNNBQ8LEOI21:00000001] GET /api/auth/context → 401 (198.1ms)
2026-07-27 17:28:23.714 +06:00 [INF] [0HNNBQ8LEOI22:00000001] Executed DbCommand (23ms) [Parameters=[@__refreshToken_0='9ttGs649tctcrcBcFApL4w5YA0/AlKHGHSi1VqMF5+3UacLZdXAxglJtpo0HMQs5EkvAYZdwSeQHAE5sP1MrFA=='], CommandType='"Text"', CommandTimeout='30']
SELECT u."Id", u."CreatedAt", u."DeletedAt", u."Email", u."EmailVerificationExpiry", u."EmailVerificationToken", u."FirstName", u."IsActive", u."IsDeleted", u."IsEmailVerified", u."LastLoginAt", u."LastName", u."OrganizationId", u."PasswordHash", u."PasswordResetExpiry", u."PasswordResetToken", u."ProfilePictureUrl", u."RefreshToken", u."RefreshTokenExpiry", u."Role", u."UpdatedAt", o0."Id", o0."CreatedAt", o0."DeletedAt", o0."Description", o0."IsActive", o0."IsDeleted", o0."LogoUrl", o0."Name", o0."Plan", o0."Slug", o0."UpdatedAt"
FROM "Users" AS u
INNER JOIN (
    SELECT o."Id", o."CreatedAt", o."DeletedAt", o."Description", o."IsActive", o."IsDeleted", o."LogoUrl", o."Name", o."Plan", o."Slug", o."UpdatedAt"
    FROM "Organizations" AS o
    WHERE NOT (o."IsDeleted")
) AS o0 ON u."OrganizationId" = o0."Id"
WHERE NOT (u."IsDeleted") AND u."RefreshToken" = @__refreshToken_0
LIMIT 1
2026-07-27 17:28:23.942 +06:00 [DBG] [0HNNBQ8LEOI22:00000001] JWT access token generated for user "00000000-0000-0000-0002-000000000002" — expires "2026-07-27T11:43:23.9295468Z"
2026-07-27 17:28:23.943 +06:00 [DBG] [0HNNBQ8LEOI22:00000001] Refresh token generated — expires "2026-08-03T11:28:23.9435087Z"
2026-07-27 17:28:24.087 +06:00 [INF] [0HNNBQ8LEOI22:00000001] Executed DbCommand (11ms) [Parameters=[@p4='00000000-0000-0000-0002-000000000002', @p0='2026-07-27T11:28:23.9439719Z' (Nullable = true) (DbType = DateTime), @p1='lrjrLZB885LT6e5UNjaRqT2OO5+gvFYPL6f50A5PFROY977hyKe9oXRZ/RZdrQFj/o+xBQZgnevgTXCYIsDMzg==', @p2='2026-08-03T11:28:23.9438861Z' (Nullable = true) (DbType = DateTime), @p3='2026-07-27T11:28:24.0176542Z' (DbType = DateTime)], CommandType='"Text"', CommandTimeout='30']
UPDATE "Users" SET "LastLoginAt" = @p0, "RefreshToken" = @p1, "RefreshTokenExpiry" = @p2, "UpdatedAt" = @p3
WHERE "Id" = @p4;
2026-07-27 17:28:24.100 +06:00 [INF] [0HNNBQ8LEOI22:00000001] Refresh token rotated for user "00000000-0000-0000-0002-000000000002"
2026-07-27 17:28:24.138 +06:00 [INF] [0HNNBQ8LEOI22:00000001] [0HNNBQ8LEOI22:00000001] POST /api/auth/refresh → 200 (924.4ms)
2026-07-27 17:28:24.293 +06:00 [INF] [0HNNBQ8LEOI23:00000001] Executed DbCommand (1ms) [Parameters=[@___currentUser_UserId_0='00000000-0000-0000-0002-000000000002'], CommandType='"Text"', CommandTimeout='30']
SELECT u."Id", u."CreatedAt", u."DeletedAt", u."Email", u."EmailVerificationExpiry", u."EmailVerificationToken", u."FirstName", u."IsActive", u."IsDeleted", u."IsEmailVerified", u."LastLoginAt", u."LastName", u."OrganizationId", u."PasswordHash", u."PasswordResetExpiry", u."PasswordResetToken", u."ProfilePictureUrl", u."RefreshToken", u."RefreshTokenExpiry", u."Role", u."UpdatedAt", o0."Id", o0."CreatedAt", o0."DeletedAt", o0."Description", o0."IsActive", o0."IsDeleted", o0."LogoUrl", o0."Name", o0."Plan", o0."Slug", o0."UpdatedAt"
FROM "Users" AS u
INNER JOIN (
    SELECT o."Id", o."CreatedAt", o."DeletedAt", o."Description", o."IsActive", o."IsDeleted", o."LogoUrl", o."Name", o."Plan", o."Slug", o."UpdatedAt"
    FROM "Organizations" AS o
    WHERE NOT (o."IsDeleted")
) AS o0 ON u."OrganizationId" = o0."Id"
WHERE NOT (u."IsDeleted") AND u."Id" = @___currentUser_UserId_0
LIMIT 1
2026-07-27 17:28:24.334 +06:00 [INF] [0HNNBQ8LEOI23:00000001] Executed DbCommand (1ms) [Parameters=[@___currentUser_OrganizationId_0='00000000-0000-0000-0001-000000000001'], CommandType='"Text"', CommandTimeout='30']
SELECT o."Id", o."CreatedAt", o."DeletedAt", o."Description", o."IsActive", o."IsDeleted", o."LogoUrl", o."Name", o."Plan", o."Slug", o."UpdatedAt"
FROM "Organizations" AS o
WHERE NOT (o."IsDeleted") AND o."Id" = @___currentUser_OrganizationId_0
LIMIT 1
2026-07-27 17:28:24.345 +06:00 [INF] [0HNNBQ8LEOI23:00000001] [0HNNBQ8LEOI23:00000001] GET /api/auth/context → 200 (199.7ms)
2026-07-27 17:28:36.432 +06:00 [DBG] [0HNNBQ8LEOI26:00000001] Permission granted: Admin → members.view
2026-07-27 17:28:36.432 +06:00 [DBG] [0HNNBQ8LEOI24:00000001] Permission granted: Admin → projects.view
2026-07-27 17:28:36.432 +06:00 [DBG] [0HNNBQ8LEOI25:00000001] Permission granted: Admin → projects.view
2026-07-27 17:28:36.438 +06:00 [INF] [0HNNBQ8LEOI25:00000001] Executed DbCommand (1ms) [Parameters=[@___currentUser_UserId_0='00000000-0000-0000-0002-000000000002'], CommandType='"Text"', CommandTimeout='30']
SELECT u."Id", u."CreatedAt", u."DeletedAt", u."Email", u."EmailVerificationExpiry", u."EmailVerificationToken", u."FirstName", u."IsActive", u."IsDeleted", u."IsEmailVerified", u."LastLoginAt", u."LastName", u."OrganizationId", u."PasswordHash", u."PasswordResetExpiry", u."PasswordResetToken", u."ProfilePictureUrl", u."RefreshToken", u."RefreshTokenExpiry", u."Role", u."UpdatedAt", o0."Id", o0."CreatedAt", o0."DeletedAt", o0."Description", o0."IsActive", o0."IsDeleted", o0."LogoUrl", o0."Name", o0."Plan", o0."Slug", o0."UpdatedAt"
FROM "Users" AS u
INNER JOIN (
    SELECT o."Id", o."CreatedAt", o."DeletedAt", o."Description", o."IsActive", o."IsDeleted", o."LogoUrl", o."Name", o."Plan", o."Slug", o."UpdatedAt"
    FROM "Organizations" AS o
    WHERE NOT (o."IsDeleted")
) AS o0 ON u."OrganizationId" = o0."Id"
WHERE NOT (u."IsDeleted") AND u."Id" = @___currentUser_UserId_0
LIMIT 1
2026-07-27 17:28:36.487 +06:00 [INF] [0HNNBQ8LEOI26:00000001] Executed DbCommand (4ms) [Parameters=[@___currentUser_UserId_0='00000000-0000-0000-0002-000000000002'], CommandType='"Text"', CommandTimeout='30']
SELECT u."Id", u."CreatedAt", u."DeletedAt", u."Email", u."EmailVerificationExpiry", u."EmailVerificationToken", u."FirstName", u."IsActive", u."IsDeleted", u."IsEmailVerified", u."LastLoginAt", u."LastName", u."OrganizationId", u."PasswordHash", u."PasswordResetExpiry", u."PasswordResetToken", u."ProfilePictureUrl", u."RefreshToken", u."RefreshTokenExpiry", u."Role", u."UpdatedAt", o0."Id", o0."CreatedAt", o0."DeletedAt", o0."Description", o0."IsActive", o0."IsDeleted", o0."LogoUrl", o0."Name", o0."Plan", o0."Slug", o0."UpdatedAt"
FROM "Users" AS u
INNER JOIN (
    SELECT o."Id", o."CreatedAt", o."DeletedAt", o."Description", o."IsActive", o."IsDeleted", o."LogoUrl", o."Name", o."Plan", o."Slug", o."UpdatedAt"
    FROM "Organizations" AS o
    WHERE NOT (o."IsDeleted")
) AS o0 ON u."OrganizationId" = o0."Id"
WHERE NOT (u."IsDeleted") AND u."Id" = @___currentUser_UserId_0
LIMIT 1
2026-07-27 17:28:36.489 +06:00 [INF] [0HNNBQ8LEOI24:00000001] Executed DbCommand (4ms) [Parameters=[@___currentUser_UserId_0='00000000-0000-0000-0002-000000000002'], CommandType='"Text"', CommandTimeout='30']
SELECT u."Id", u."CreatedAt", u."DeletedAt", u."Email", u."EmailVerificationExpiry", u."EmailVerificationToken", u."FirstName", u."IsActive", u."IsDeleted", u."IsEmailVerified", u."LastLoginAt", u."LastName", u."OrganizationId", u."PasswordHash", u."PasswordResetExpiry", u."PasswordResetToken", u."ProfilePictureUrl", u."RefreshToken", u."RefreshTokenExpiry", u."Role", u."UpdatedAt", o0."Id", o0."CreatedAt", o0."DeletedAt", o0."Description", o0."IsActive", o0."IsDeleted", o0."LogoUrl", o0."Name", o0."Plan", o0."Slug", o0."UpdatedAt"
FROM "Users" AS u
INNER JOIN (
    SELECT o."Id", o."CreatedAt", o."DeletedAt", o."Description", o."IsActive", o."IsDeleted", o."LogoUrl", o."Name", o."Plan", o."Slug", o."UpdatedAt"
    FROM "Organizations" AS o
    WHERE NOT (o."IsDeleted")
) AS o0 ON u."OrganizationId" = o0."Id"
WHERE NOT (u."IsDeleted") AND u."Id" = @___currentUser_UserId_0
LIMIT 1
2026-07-27 17:28:36.507 +06:00 [INF] [0HNNBQ8LEOI26:00000001] Executed DbCommand (3ms) [Parameters=[@___currentUser_OrganizationId_0='00000000-0000-0000-0001-000000000001'], CommandType='"Text"', CommandTimeout='30']
SELECT count(*)::int
FROM "Users" AS u
WHERE NOT (u."IsDeleted") AND u."OrganizationId" = @___currentUser_OrganizationId_0
2026-07-27 17:28:36.508 +06:00 [INF] [0HNNBQ8LEOI25:00000001] Executed DbCommand (7ms) [Parameters=[@___currentUser_OrganizationId_0='00000000-0000-0000-0001-000000000001'], CommandType='"Text"', CommandTimeout='30']
SELECT count(*)::int
FROM "Projects" AS p
WHERE NOT (p."IsDeleted") AND p."OrganizationId" = @___currentUser_OrganizationId_0
2026-07-27 17:28:36.525 +06:00 [INF] [0HNNBQ8LEOI24:00000001] Executed DbCommand (7ms) [Parameters=[@___currentUser_OrganizationId_0='00000000-0000-0000-0001-000000000001', @__p_2='50', @__p_1='0'], CommandType='"Text"', CommandTimeout='30']
SELECT a."Id", a."Action", a."CreatedAt", a."EntityId", a."EntityName", a."EntityType", a."Metadata", a."OrganizationId", a."ProjectId", a."UserId", a."UserName"
FROM "ActivityLogs" AS a
WHERE a."OrganizationId" = @___currentUser_OrganizationId_0
ORDER BY a."CreatedAt" DESC
LIMIT @__p_2 OFFSET @__p_1
2026-07-27 17:28:36.531 +06:00 [INF] [0HNNBQ8LEOI26:00000001] Executed DbCommand (1ms) [Parameters=[@___currentUser_OrganizationId_0='00000000-0000-0000-0001-000000000001', @__p_2='100', @__p_1='0'], CommandType='"Text"', CommandTimeout='30']
SELECT u."Id", u."CreatedAt", u."DeletedAt", u."Email", u."EmailVerificationExpiry", u."EmailVerificationToken", u."FirstName", u."IsActive", u."IsDeleted", u."IsEmailVerified", u."LastLoginAt", u."LastName", u."OrganizationId", u."PasswordHash", u."PasswordResetExpiry", u."PasswordResetToken", u."ProfilePictureUrl", u."RefreshToken", u."RefreshTokenExpiry", u."Role", u."UpdatedAt"
FROM "Users" AS u
WHERE NOT (u."IsDeleted") AND u."OrganizationId" = @___currentUser_OrganizationId_0
ORDER BY u."FirstName", u."LastName"
LIMIT @__p_2 OFFSET @__p_1
2026-07-27 17:28:36.535 +06:00 [INF] [0HNNBQ8LEOI26:00000001] Members listed for org "00000000-0000-0000-0001-000000000001" — page 1, 4 results
2026-07-27 17:28:36.551 +06:00 [INF] [0HNNBQ8LEOI26:00000001] [0HNNBQ8LEOI26:00000001] GET /api/organizations/me/members → 200 (124.6ms)
2026-07-27 17:28:36.566 +06:00 [INF] [0HNNBQ8LEOI24:00000001] [0HNNBQ8LEOI24:00000001] GET /api/activity → 200 (140.8ms)
2026-07-27 17:28:36.642 +06:00 [INF] [0HNNBQ8LEOI25:00000001] Executed DbCommand (9ms) [Parameters=[@___currentUser_OrganizationId_0='00000000-0000-0000-0001-000000000001', @__p_2='100', @__p_1='0'], CommandType='"Text"', CommandTimeout='30']
SELECT p0."Id", p0."CreatedAt", p0."CreatedByUserId", p0."DeletedAt", p0."Description", p0."DueDate", p0."IsDeleted", p0."Name", p0."OrganizationId", p0."ProjectLeadUserId", p0."StartDate", p0."Status", p0."UpdatedAt", u0."Id", u0."CreatedAt", u0."DeletedAt", u0."Email", u0."EmailVerificationExpiry", u0."EmailVerificationToken", u0."FirstName", u0."IsActive", u0."IsDeleted", u0."IsEmailVerified", u0."LastLoginAt", u0."LastName", u0."OrganizationId", u0."PasswordHash", u0."PasswordResetExpiry", u0."PasswordResetToken", u0."ProfilePictureUrl", u0."RefreshToken", u0."RefreshTokenExpiry", u0."Role", u0."UpdatedAt", u2."Id", u2."CreatedAt", u2."DeletedAt", u2."Email", u2."EmailVerificationExpiry", u2."EmailVerificationToken", u2."FirstName", u2."IsActive", u2."IsDeleted", u2."IsEmailVerified", u2."LastLoginAt", u2."LastName", u2."OrganizationId", u2."PasswordHash", u2."PasswordResetExpiry", u2."PasswordResetToken", u2."ProfilePictureUrl", u2."RefreshToken", u2."RefreshTokenExpiry", u2."Role", u2."UpdatedAt", t0."Id", t0."ActualMinutes", t0."AssignedToUserId", t0."CompletedAt", t0."CreatedAt", t0."CreatedByUserId", t0."DeletedAt", t0."Description", t0."DueDate", t0."EstimatedMinutes", t0."IsDeleted", t0."OrderIndex", t0."OrganizationId", t0."ParentTaskId", t0."Priority", t0."ProjectId", t0."StartDate", t0."Status", t0."Title", t0."UpdatedAt"
FROM (
    SELECT p."Id", p."CreatedAt", p."CreatedByUserId", p."DeletedAt", p."Description", p."DueDate", p."IsDeleted", p."Name", p."OrganizationId", p."ProjectLeadUserId", p."StartDate", p."Status", p."UpdatedAt"
    FROM "Projects" AS p
    WHERE NOT (p."IsDeleted") AND p."OrganizationId" = @___currentUser_OrganizationId_0
    ORDER BY p."CreatedAt" DESC
    LIMIT @__p_2 OFFSET @__p_1
) AS p0
INNER JOIN (
    SELECT u."Id", u."CreatedAt", u."DeletedAt", u."Email", u."EmailVerificationExpiry", u."EmailVerificationToken", u."FirstName", u."IsActive", u."IsDeleted", u."IsEmailVerified", u."LastLoginAt", u."LastName", u."OrganizationId", u."PasswordHash", u."PasswordResetExpiry", u."PasswordResetToken", u."ProfilePictureUrl", u."RefreshToken", u."RefreshTokenExpiry", u."Role", u."UpdatedAt"
    FROM "Users" AS u
    WHERE NOT (u."IsDeleted")
) AS u0 ON p0."CreatedByUserId" = u0."Id"
LEFT JOIN (
    SELECT u1."Id", u1."CreatedAt", u1."DeletedAt", u1."Email", u1."EmailVerificationExpiry", u1."EmailVerificationToken", u1."FirstName", u1."IsActive", u1."IsDeleted", u1."IsEmailVerified", u1."LastLoginAt", u1."LastName", u1."OrganizationId", u1."PasswordHash", u1."PasswordResetExpiry", u1."PasswordResetToken", u1."ProfilePictureUrl", u1."RefreshToken", u1."RefreshTokenExpiry", u1."Role", u1."UpdatedAt"
    FROM "Users" AS u1
    WHERE NOT (u1."IsDeleted")
) AS u2 ON p0."ProjectLeadUserId" = u2."Id"
LEFT JOIN (
    SELECT t."Id", t."ActualMinutes", t."AssignedToUserId", t."CompletedAt", t."CreatedAt", t."CreatedByUserId", t."DeletedAt", t."Description", t."DueDate", t."EstimatedMinutes", t."IsDeleted", t."OrderIndex", t."OrganizationId", t."ParentTaskId", t."Priority", t."ProjectId", t."StartDate", t."Status", t."Title", t."UpdatedAt"
    FROM "Tasks" AS t
    WHERE NOT (t."IsDeleted")
) AS t0 ON p0."Id" = t0."ProjectId"
ORDER BY p0."CreatedAt" DESC, p0."Id", u0."Id", u2."Id"
2026-07-27 17:28:36.777 +06:00 [INF] [0HNNBQ8LEOI25:00000001] Projects listed for org "00000000-0000-0000-0001-000000000001" — 5 results
2026-07-27 17:28:36.783 +06:00 [INF] [0HNNBQ8LEOI25:00000001] [0HNNBQ8LEOI25:00000001] GET /api/projects → 200 (357.9ms)
2026-07-27 17:29:06.579 +06:00 [DBG] [0HNNBQ8LEOI27:00000001] Permission granted: Admin → projects.view
2026-07-27 17:29:06.584 +06:00 [INF] [0HNNBQ8LEOI27:00000001] Executed DbCommand (2ms) [Parameters=[@___currentUser_UserId_0='00000000-0000-0000-0002-000000000002'], CommandType='"Text"', CommandTimeout='30']
SELECT u."Id", u."CreatedAt", u."DeletedAt", u."Email", u."EmailVerificationExpiry", u."EmailVerificationToken", u."FirstName", u."IsActive", u."IsDeleted", u."IsEmailVerified", u."LastLoginAt", u."LastName", u."OrganizationId", u."PasswordHash", u."PasswordResetExpiry", u."PasswordResetToken", u."ProfilePictureUrl", u."RefreshToken", u."RefreshTokenExpiry", u."Role", u."UpdatedAt", o0."Id", o0."CreatedAt", o0."DeletedAt", o0."Description", o0."IsActive", o0."IsDeleted", o0."LogoUrl", o0."Name", o0."Plan", o0."Slug", o0."UpdatedAt"
FROM "Users" AS u
INNER JOIN (
    SELECT o."Id", o."CreatedAt", o."DeletedAt", o."Description", o."IsActive", o."IsDeleted", o."LogoUrl", o."Name", o."Plan", o."Slug", o."UpdatedAt"
    FROM "Organizations" AS o
    WHERE NOT (o."IsDeleted")
) AS o0 ON u."OrganizationId" = o0."Id"
WHERE NOT (u."IsDeleted") AND u."Id" = @___currentUser_UserId_0
LIMIT 1
2026-07-27 17:29:06.588 +06:00 [INF] [0HNNBQ8LEOI27:00000001] Executed DbCommand (1ms) [Parameters=[@___currentUser_OrganizationId_0='00000000-0000-0000-0001-000000000001', @__p_2='50', @__p_1='0'], CommandType='"Text"', CommandTimeout='30']
SELECT a."Id", a."Action", a."CreatedAt", a."EntityId", a."EntityName", a."EntityType", a."Metadata", a."OrganizationId", a."ProjectId", a."UserId", a."UserName"
FROM "ActivityLogs" AS a
WHERE a."OrganizationId" = @___currentUser_OrganizationId_0
ORDER BY a."CreatedAt" DESC
LIMIT @__p_2 OFFSET @__p_1
2026-07-27 17:29:06.590 +06:00 [INF] [0HNNBQ8LEOI27:00000001] [0HNNBQ8LEOI27:00000001] GET /api/activity → 200 (11.3ms)
2026-07-27 17:29:15.013 +06:00 [DBG] [0HNNBQ8LEOI28:00000001] Permission granted: Admin → projects.view
2026-07-27 17:29:15.015 +06:00 [INF] [0HNNBQ8LEOI28:00000001] Executed DbCommand (1ms) [Parameters=[@___currentUser_UserId_0='00000000-0000-0000-0002-000000000002'], CommandType='"Text"', CommandTimeout='30']
SELECT u."Id", u."CreatedAt", u."DeletedAt", u."Email", u."EmailVerificationExpiry", u."EmailVerificationToken", u."FirstName", u."IsActive", u."IsDeleted", u."IsEmailVerified", u."LastLoginAt", u."LastName", u."OrganizationId", u."PasswordHash", u."PasswordResetExpiry", u."PasswordResetToken", u."ProfilePictureUrl", u."RefreshToken", u."RefreshTokenExpiry", u."Role", u."UpdatedAt", o0."Id", o0."CreatedAt", o0."DeletedAt", o0."Description", o0."IsActive", o0."IsDeleted", o0."LogoUrl", o0."Name", o0."Plan", o0."Slug", o0."UpdatedAt"
FROM "Users" AS u
INNER JOIN (
    SELECT o."Id", o."CreatedAt", o."DeletedAt", o."Description", o."IsActive", o."IsDeleted", o."LogoUrl", o."Name", o."Plan", o."Slug", o."UpdatedAt"
    FROM "Organizations" AS o
    WHERE NOT (o."IsDeleted")
) AS o0 ON u."OrganizationId" = o0."Id"
WHERE NOT (u."IsDeleted") AND u."Id" = @___currentUser_UserId_0
LIMIT 1
2026-07-27 17:29:15.020 +06:00 [INF] [0HNNBQ8LEOI28:00000001] Executed DbCommand (2ms) [Parameters=[@___currentUser_OrganizationId_0='00000000-0000-0000-0001-000000000001'], CommandType='"Text"', CommandTimeout='30']
SELECT count(*)::int
FROM "Projects" AS p
WHERE NOT (p."IsDeleted") AND p."OrganizationId" = @___currentUser_OrganizationId_0
2026-07-27 17:29:15.034 +06:00 [INF] [0HNNBQ8LEOI28:00000001] Executed DbCommand (11ms) [Parameters=[@___currentUser_OrganizationId_0='00000000-0000-0000-0001-000000000001', @__p_2='100', @__p_1='0'], CommandType='"Text"', CommandTimeout='30']
SELECT p0."Id", p0."CreatedAt", p0."CreatedByUserId", p0."DeletedAt", p0."Description", p0."DueDate", p0."IsDeleted", p0."Name", p0."OrganizationId", p0."ProjectLeadUserId", p0."StartDate", p0."Status", p0."UpdatedAt", u0."Id", u0."CreatedAt", u0."DeletedAt", u0."Email", u0."EmailVerificationExpiry", u0."EmailVerificationToken", u0."FirstName", u0."IsActive", u0."IsDeleted", u0."IsEmailVerified", u0."LastLoginAt", u0."LastName", u0."OrganizationId", u0."PasswordHash", u0."PasswordResetExpiry", u0."PasswordResetToken", u0."ProfilePictureUrl", u0."RefreshToken", u0."RefreshTokenExpiry", u0."Role", u0."UpdatedAt", u2."Id", u2."CreatedAt", u2."DeletedAt", u2."Email", u2."EmailVerificationExpiry", u2."EmailVerificationToken", u2."FirstName", u2."IsActive", u2."IsDeleted", u2."IsEmailVerified", u2."LastLoginAt", u2."LastName", u2."OrganizationId", u2."PasswordHash", u2."PasswordResetExpiry", u2."PasswordResetToken", u2."ProfilePictureUrl", u2."RefreshToken", u2."RefreshTokenExpiry", u2."Role", u2."UpdatedAt", t0."Id", t0."ActualMinutes", t0."AssignedToUserId", t0."CompletedAt", t0."CreatedAt", t0."CreatedByUserId", t0."DeletedAt", t0."Description", t0."DueDate", t0."EstimatedMinutes", t0."IsDeleted", t0."OrderIndex", t0."OrganizationId", t0."ParentTaskId", t0."Priority", t0."ProjectId", t0."StartDate", t0."Status", t0."Title", t0."UpdatedAt"
FROM (
    SELECT p."Id", p."CreatedAt", p."CreatedByUserId", p."DeletedAt", p."Description", p."DueDate", p."IsDeleted", p."Name", p."OrganizationId", p."ProjectLeadUserId", p."StartDate", p."Status", p."UpdatedAt"
    FROM "Projects" AS p
    WHERE NOT (p."IsDeleted") AND p."OrganizationId" = @___currentUser_OrganizationId_0
    ORDER BY p."CreatedAt" DESC
    LIMIT @__p_2 OFFSET @__p_1
) AS p0
INNER JOIN (
    SELECT u."Id", u."CreatedAt", u."DeletedAt", u."Email", u."EmailVerificationExpiry", u."EmailVerificationToken", u."FirstName", u."IsActive", u."IsDeleted", u."IsEmailVerified", u."LastLoginAt", u."LastName", u."OrganizationId", u."PasswordHash", u."PasswordResetExpiry", u."PasswordResetToken", u."ProfilePictureUrl", u."RefreshToken", u."RefreshTokenExpiry", u."Role", u."UpdatedAt"
    FROM "Users" AS u
    WHERE NOT (u."IsDeleted")
) AS u0 ON p0."CreatedByUserId" = u0."Id"
LEFT JOIN (
    SELECT u1."Id", u1."CreatedAt", u1."DeletedAt", u1."Email", u1."EmailVerificationExpiry", u1."EmailVerificationToken", u1."FirstName", u1."IsActive", u1."IsDeleted", u1."IsEmailVerified", u1."LastLoginAt", u1."LastName", u1."OrganizationId", u1."PasswordHash", u1."PasswordResetExpiry", u1."PasswordResetToken", u1."ProfilePictureUrl", u1."RefreshToken", u1."RefreshTokenExpiry", u1."Role", u1."UpdatedAt"
    FROM "Users" AS u1
    WHERE NOT (u1."IsDeleted")
) AS u2 ON p0."ProjectLeadUserId" = u2."Id"
LEFT JOIN (
    SELECT t."Id", t."ActualMinutes", t."AssignedToUserId", t."CompletedAt", t."CreatedAt", t."CreatedByUserId", t."DeletedAt", t."Description", t."DueDate", t."EstimatedMinutes", t."IsDeleted", t."OrderIndex", t."OrganizationId", t."ParentTaskId", t."Priority", t."ProjectId", t."StartDate", t."Status", t."Title", t."UpdatedAt"
    FROM "Tasks" AS t
    WHERE NOT (t."IsDeleted")
) AS t0 ON p0."Id" = t0."ProjectId"
ORDER BY p0."CreatedAt" DESC, p0."Id", u0."Id", u2."Id"
2026-07-27 17:29:15.035 +06:00 [INF] [0HNNBQ8LEOI28:00000001] Projects listed for org "00000000-0000-0000-0001-000000000001" — 5 results
2026-07-27 17:29:15.036 +06:00 [INF] [0HNNBQ8LEOI28:00000001] [0HNNBQ8LEOI28:00000001] GET /api/projects → 200 (23.9ms)
2026-07-27 17:29:16.022 +06:00 [DBG] [0HNNBQ8LEOI29:00000001] Permission granted: Admin → tasks.view
2026-07-27 17:29:16.023 +06:00 [DBG] [0HNNBQ8LEOI2A:00000001] Permission granted: Admin → tasks.view
2026-07-27 17:29:16.025 +06:00 [INF] [0HNNBQ8LEOI29:00000001] Executed DbCommand (1ms) [Parameters=[@___currentUser_UserId_0='00000000-0000-0000-0002-000000000002'], CommandType='"Text"', CommandTimeout='30']
SELECT u."Id", u."CreatedAt", u."DeletedAt", u."Email", u."EmailVerificationExpiry", u."EmailVerificationToken", u."FirstName", u."IsActive", u."IsDeleted", u."IsEmailVerified", u."LastLoginAt", u."LastName", u."OrganizationId", u."PasswordHash", u."PasswordResetExpiry", u."PasswordResetToken", u."ProfilePictureUrl", u."RefreshToken", u."RefreshTokenExpiry", u."Role", u."UpdatedAt", o0."Id", o0."CreatedAt", o0."DeletedAt", o0."Description", o0."IsActive", o0."IsDeleted", o0."LogoUrl", o0."Name", o0."Plan", o0."Slug", o0."UpdatedAt"
FROM "Users" AS u
INNER JOIN (
    SELECT o."Id", o."CreatedAt", o."DeletedAt", o."Description", o."IsActive", o."IsDeleted", o."LogoUrl", o."Name", o."Plan", o."Slug", o."UpdatedAt"
    FROM "Organizations" AS o
    WHERE NOT (o."IsDeleted")
) AS o0 ON u."OrganizationId" = o0."Id"
WHERE NOT (u."IsDeleted") AND u."Id" = @___currentUser_UserId_0
LIMIT 1
2026-07-27 17:29:16.025 +06:00 [INF] [0HNNBQ8LEOI2A:00000001] Executed DbCommand (1ms) [Parameters=[@___currentUser_UserId_0='00000000-0000-0000-0002-000000000002'], CommandType='"Text"', CommandTimeout='30']
SELECT u."Id", u."CreatedAt", u."DeletedAt", u."Email", u."EmailVerificationExpiry", u."EmailVerificationToken", u."FirstName", u."IsActive", u."IsDeleted", u."IsEmailVerified", u."LastLoginAt", u."LastName", u."OrganizationId", u."PasswordHash", u."PasswordResetExpiry", u."PasswordResetToken", u."ProfilePictureUrl", u."RefreshToken", u."RefreshTokenExpiry", u."Role", u."UpdatedAt", o0."Id", o0."CreatedAt", o0."DeletedAt", o0."Description", o0."IsActive", o0."IsDeleted", o0."LogoUrl", o0."Name", o0."Plan", o0."Slug", o0."UpdatedAt"
FROM "Users" AS u
INNER JOIN (
    SELECT o."Id", o."CreatedAt", o."DeletedAt", o."Description", o."IsActive", o."IsDeleted", o."LogoUrl", o."Name", o."Plan", o."Slug", o."UpdatedAt"
    FROM "Organizations" AS o
    WHERE NOT (o."IsDeleted")
) AS o0 ON u."OrganizationId" = o0."Id"
WHERE NOT (u."IsDeleted") AND u."Id" = @___currentUser_UserId_0
LIMIT 1
2026-07-27 17:29:16.050 +06:00 [INF] [0HNNBQ8LEOI2A:00000001] Executed DbCommand (1ms) [Parameters=[@__projectId_0='ddbb73fc-fbf4-4ac9-ae76-bcf743f16cd4'], CommandType='"Text"', CommandTimeout='30']
SELECT p."Id", p."CreatedAt", p."CreatedByUserId", p."DeletedAt", p."Description", p."DueDate", p."IsDeleted", p."Name", p."OrganizationId", p."ProjectLeadUserId", p."StartDate", p."Status", p."UpdatedAt"
FROM "Projects" AS p
WHERE NOT (p."IsDeleted") AND p."Id" = @__projectId_0
LIMIT 1
2026-07-27 17:29:16.050 +06:00 [INF] [0HNNBQ8LEOI29:00000001] Executed DbCommand (1ms) [Parameters=[@__projectId_0='81518637-01a4-4362-9562-737d08309d41'], CommandType='"Text"', CommandTimeout='30']
SELECT p."Id", p."CreatedAt", p."CreatedByUserId", p."DeletedAt", p."Description", p."DueDate", p."IsDeleted", p."Name", p."OrganizationId", p."ProjectLeadUserId", p."StartDate", p."Status", p."UpdatedAt"
FROM "Projects" AS p
WHERE NOT (p."IsDeleted") AND p."Id" = @__projectId_0
LIMIT 1
2026-07-27 17:29:16.059 +06:00 [INF] [0HNNBQ8LEOI29:00000001] Executed DbCommand (1ms) [Parameters=[@__projectId_0='81518637-01a4-4362-9562-737d08309d41'], CommandType='"Text"', CommandTimeout='30']
SELECT count(*)::int
FROM "Tasks" AS t
WHERE NOT (t."IsDeleted") AND t."ProjectId" = @__projectId_0
2026-07-27 17:29:16.091 +06:00 [INF] [0HNNBQ8LEOI2A:00000001] Executed DbCommand (33ms) [Parameters=[@__projectId_0='ddbb73fc-fbf4-4ac9-ae76-bcf743f16cd4'], CommandType='"Text"', CommandTimeout='30']
SELECT count(*)::int
FROM "Tasks" AS t
WHERE NOT (t."IsDeleted") AND t."ProjectId" = @__projectId_0
2026-07-27 17:29:16.126 +06:00 [WRN] [0HNNBQ8LEOI29:00000001] Compiling a query which loads related collections for more than one collection navigation, either via 'Include' or through projection, but no 'QuerySplittingBehavior' has been configured. By default, Entity Framework will use 'QuerySplittingBehavior.SingleQuery', which can potentially result in slow query performance. See https://go.microsoft.com/fwlink/?linkid=2134277 for more information. To identify the query that's triggering this warning call 'ConfigureWarnings(w => w.Throw(RelationalEventId.MultipleCollectionIncludeWarning))'.
2026-07-27 17:29:16.225 +06:00 [INF] [0HNNBQ8LEOI29:00000001] Executed DbCommand (9ms) [Parameters=[@__projectId_0='81518637-01a4-4362-9562-737d08309d41', @__p_2='100', @__p_1='0'], CommandType='"Text"', CommandTimeout='30']
SELECT t0."Id", t0."ActualMinutes", t0."AssignedToUserId", t0."CompletedAt", t0."CreatedAt", t0."CreatedByUserId", t0."DeletedAt", t0."Description", t0."DueDate", t0."EstimatedMinutes", t0."IsDeleted", t0."OrderIndex", t0."OrganizationId", t0."ParentTaskId", t0."Priority", t0."ProjectId", t0."StartDate", t0."Status", t0."Title", t0."UpdatedAt", u0."Id", u0."CreatedAt", u0."DeletedAt", u0."Email", u0."EmailVerificationExpiry", u0."EmailVerificationToken", u0."FirstName", u0."IsActive", u0."IsDeleted", u0."IsEmailVerified", u0."LastLoginAt", u0."LastName", u0."OrganizationId", u0."PasswordHash", u0."PasswordResetExpiry", u0."PasswordResetToken", u0."ProfilePictureUrl", u0."RefreshToken", u0."RefreshTokenExpiry", u0."Role", u0."UpdatedAt", u2."Id", u2."CreatedAt", u2."DeletedAt", u2."Email", u2."EmailVerificationExpiry", u2."EmailVerificationToken", u2."FirstName", u2."IsActive", u2."IsDeleted", u2."IsEmailVerified", u2."LastLoginAt", u2."LastName", u2."OrganizationId", u2."PasswordHash", u2."PasswordResetExpiry", u2."PasswordResetToken", u2."ProfilePictureUrl", u2."RefreshToken", u2."RefreshTokenExpiry", u2."Role", u2."UpdatedAt", p0."Id", p0."CreatedAt", p0."CreatedByUserId", p0."DeletedAt", p0."Description", p0."DueDate", p0."IsDeleted", p0."Name", p0."OrganizationId", p0."ProjectLeadUserId", p0."StartDate", p0."Status", p0."UpdatedAt", s."TaskId", s."UserId", s."AssignedAt", s."AssignedByUserId", s."Id", s."CreatedAt", s."DeletedAt", s."Email", s."EmailVerificationExpiry", s."EmailVerificationToken", s."FirstName", s."IsActive", s."IsDeleted", s."IsEmailVerified", s."LastLoginAt", s."LastName", s."OrganizationId", s."PasswordHash", s."PasswordResetExpiry", s."PasswordResetToken", s."ProfilePictureUrl", s."RefreshToken", s."RefreshTokenExpiry", s."Role", s."UpdatedAt", t3."Id", t3."ActualMinutes", t3."AssignedToUserId", t3."CompletedAt", t3."CreatedAt", t3."CreatedByUserId", t3."DeletedAt", t3."Description", t3."DueDate", t3."EstimatedMinutes", t3."IsDeleted", t3."OrderIndex", t3."OrganizationId", t3."ParentTaskId", t3."Priority", t3."ProjectId", t3."StartDate", t3."Status", t3."Title", t3."UpdatedAt"
FROM (
    SELECT t."Id", t."ActualMinutes", t."AssignedToUserId", t."CompletedAt", t."CreatedAt", t."CreatedByUserId", t."DeletedAt", t."Description", t."DueDate", t."EstimatedMinutes", t."IsDeleted", t."OrderIndex", t."OrganizationId", t."ParentTaskId", t."Priority", t."ProjectId", t."StartDate", t."Status", t."Title", t."UpdatedAt"
    FROM "Tasks" AS t
    WHERE NOT (t."IsDeleted") AND t."ProjectId" = @__projectId_0
    ORDER BY t."OrderIndex"
    LIMIT @__p_2 OFFSET @__p_1
) AS t0
INNER JOIN (
    SELECT u."Id", u."CreatedAt", u."DeletedAt", u."Email", u."EmailVerificationExpiry", u."EmailVerificationToken", u."FirstName", u."IsActive", u."IsDeleted", u."IsEmailVerified", u."LastLoginAt", u."LastName", u."OrganizationId", u."PasswordHash", u."PasswordResetExpiry", u."PasswordResetToken", u."ProfilePictureUrl", u."RefreshToken", u."RefreshTokenExpiry", u."Role", u."UpdatedAt"
    FROM "Users" AS u
    WHERE NOT (u."IsDeleted")
) AS u0 ON t0."CreatedByUserId" = u0."Id"
LEFT JOIN (
    SELECT u1."Id", u1."CreatedAt", u1."DeletedAt", u1."Email", u1."EmailVerificationExpiry", u1."EmailVerificationToken", u1."FirstName", u1."IsActive", u1."IsDeleted", u1."IsEmailVerified", u1."LastLoginAt", u1."LastName", u1."OrganizationId", u1."PasswordHash", u1."PasswordResetExpiry", u1."PasswordResetToken", u1."ProfilePictureUrl", u1."RefreshToken", u1."RefreshTokenExpiry", u1."Role", u1."UpdatedAt"
    FROM "Users" AS u1
    WHERE NOT (u1."IsDeleted")
) AS u2 ON t0."AssignedToUserId" = u2."Id"
INNER JOIN (
    SELECT p."Id", p."CreatedAt", p."CreatedByUserId", p."DeletedAt", p."Description", p."DueDate", p."IsDeleted", p."Name", p."OrganizationId", p."ProjectLeadUserId", p."StartDate", p."Status", p."UpdatedAt"
    FROM "Projects" AS p
    WHERE NOT (p."IsDeleted")
) AS p0 ON t0."ProjectId" = p0."Id"
LEFT JOIN (
    SELECT t1."TaskId", t1."UserId", t1."AssignedAt", t1."AssignedByUserId", u4."Id", u4."CreatedAt", u4."DeletedAt", u4."Email", u4."EmailVerificationExpiry", u4."EmailVerificationToken", u4."FirstName", u4."IsActive", u4."IsDeleted", u4."IsEmailVerified", u4."LastLoginAt", u4."LastName", u4."OrganizationId", u4."PasswordHash", u4."PasswordResetExpiry", u4."PasswordResetToken", u4."ProfilePictureUrl", u4."RefreshToken", u4."RefreshTokenExpiry", u4."Role", u4."UpdatedAt"
    FROM "TaskAssignees" AS t1
    INNER JOIN (
        SELECT u3."Id", u3."CreatedAt", u3."DeletedAt", u3."Email", u3."EmailVerificationExpiry", u3."EmailVerificationToken", u3."FirstName", u3."IsActive", u3."IsDeleted", u3."IsEmailVerified", u3."LastLoginAt", u3."LastName", u3."OrganizationId", u3."PasswordHash", u3."PasswordResetExpiry", u3."PasswordResetToken", u3."ProfilePictureUrl", u3."RefreshToken", u3."RefreshTokenExpiry", u3."Role", u3."UpdatedAt"
        FROM "Users" AS u3
        WHERE NOT (u3."IsDeleted")
    ) AS u4 ON t1."UserId" = u4."Id"
) AS s ON t0."Id" = s."TaskId"
LEFT JOIN (
    SELECT t2."Id", t2."ActualMinutes", t2."AssignedToUserId", t2."CompletedAt", t2."CreatedAt", t2."CreatedByUserId", t2."DeletedAt", t2."Description", t2."DueDate", t2."EstimatedMinutes", t2."IsDeleted", t2."OrderIndex", t2."OrganizationId", t2."ParentTaskId", t2."Priority", t2."ProjectId", t2."StartDate", t2."Status", t2."Title", t2."UpdatedAt"
    FROM "Tasks" AS t2
    WHERE NOT (t2."IsDeleted")
) AS t3 ON t0."Id" = t3."ParentTaskId"
ORDER BY t0."OrderIndex", t0."Id", u0."Id", u2."Id", p0."Id", s."TaskId", s."UserId", s."Id"
2026-07-27 17:29:16.229 +06:00 [DBG] [0HNNBQ8LEOI2B:00000001] Permission granted: Admin → tasks.view
2026-07-27 17:29:16.231 +06:00 [INF] [0HNNBQ8LEOI2B:00000001] Executed DbCommand (1ms) [Parameters=[@___currentUser_UserId_0='00000000-0000-0000-0002-000000000002'], CommandType='"Text"', CommandTimeout='30']
SELECT u."Id", u."CreatedAt", u."DeletedAt", u."Email", u."EmailVerificationExpiry", u."EmailVerificationToken", u."FirstName", u."IsActive", u."IsDeleted", u."IsEmailVerified", u."LastLoginAt", u."LastName", u."OrganizationId", u."PasswordHash", u."PasswordResetExpiry", u."PasswordResetToken", u."ProfilePictureUrl", u."RefreshToken", u."RefreshTokenExpiry", u."Role", u."UpdatedAt", o0."Id", o0."CreatedAt", o0."DeletedAt", o0."Description", o0."IsActive", o0."IsDeleted", o0."LogoUrl", o0."Name", o0."Plan", o0."Slug", o0."UpdatedAt"
FROM "Users" AS u
INNER JOIN (
    SELECT o."Id", o."CreatedAt", o."DeletedAt", o."Description", o."IsActive", o."IsDeleted", o."LogoUrl", o."Name", o."Plan", o."Slug", o."UpdatedAt"
    FROM "Organizations" AS o
    WHERE NOT (o."IsDeleted")
) AS o0 ON u."OrganizationId" = o0."Id"
WHERE NOT (u."IsDeleted") AND u."Id" = @___currentUser_UserId_0
LIMIT 1
2026-07-27 17:29:16.236 +06:00 [INF] [0HNNBQ8LEOI2A:00000001] Executed DbCommand (20ms) [Parameters=[@__projectId_0='ddbb73fc-fbf4-4ac9-ae76-bcf743f16cd4', @__p_2='100', @__p_1='0'], CommandType='"Text"', CommandTimeout='30']
SELECT t0."Id", t0."ActualMinutes", t0."AssignedToUserId", t0."CompletedAt", t0."CreatedAt", t0."CreatedByUserId", t0."DeletedAt", t0."Description", t0."DueDate", t0."EstimatedMinutes", t0."IsDeleted", t0."OrderIndex", t0."OrganizationId", t0."ParentTaskId", t0."Priority", t0."ProjectId", t0."StartDate", t0."Status", t0."Title", t0."UpdatedAt", u0."Id", u0."CreatedAt", u0."DeletedAt", u0."Email", u0."EmailVerificationExpiry", u0."EmailVerificationToken", u0."FirstName", u0."IsActive", u0."IsDeleted", u0."IsEmailVerified", u0."LastLoginAt", u0."LastName", u0."OrganizationId", u0."PasswordHash", u0."PasswordResetExpiry", u0."PasswordResetToken", u0."ProfilePictureUrl", u0."RefreshToken", u0."RefreshTokenExpiry", u0."Role", u0."UpdatedAt", u2."Id", u2."CreatedAt", u2."DeletedAt", u2."Email", u2."EmailVerificationExpiry", u2."EmailVerificationToken", u2."FirstName", u2."IsActive", u2."IsDeleted", u2."IsEmailVerified", u2."LastLoginAt", u2."LastName", u2."OrganizationId", u2."PasswordHash", u2."PasswordResetExpiry", u2."PasswordResetToken", u2."ProfilePictureUrl", u2."RefreshToken", u2."RefreshTokenExpiry", u2."Role", u2."UpdatedAt", p0."Id", p0."CreatedAt", p0."CreatedByUserId", p0."DeletedAt", p0."Description", p0."DueDate", p0."IsDeleted", p0."Name", p0."OrganizationId", p0."ProjectLeadUserId", p0."StartDate", p0."Status", p0."UpdatedAt", s."TaskId", s."UserId", s."AssignedAt", s."AssignedByUserId", s."Id", s."CreatedAt", s."DeletedAt", s."Email", s."EmailVerificationExpiry", s."EmailVerificationToken", s."FirstName", s."IsActive", s."IsDeleted", s."IsEmailVerified", s."LastLoginAt", s."LastName", s."OrganizationId", s."PasswordHash", s."PasswordResetExpiry", s."PasswordResetToken", s."ProfilePictureUrl", s."RefreshToken", s."RefreshTokenExpiry", s."Role", s."UpdatedAt", t3."Id", t3."ActualMinutes", t3."AssignedToUserId", t3."CompletedAt", t3."CreatedAt", t3."CreatedByUserId", t3."DeletedAt", t3."Description", t3."DueDate", t3."EstimatedMinutes", t3."IsDeleted", t3."OrderIndex", t3."OrganizationId", t3."ParentTaskId", t3."Priority", t3."ProjectId", t3."StartDate", t3."Status", t3."Title", t3."UpdatedAt"
FROM (
    SELECT t."Id", t."ActualMinutes", t."AssignedToUserId", t."CompletedAt", t."CreatedAt", t."CreatedByUserId", t."DeletedAt", t."Description", t."DueDate", t."EstimatedMinutes", t."IsDeleted", t."OrderIndex", t."OrganizationId", t."ParentTaskId", t."Priority", t."ProjectId", t."StartDate", t."Status", t."Title", t."UpdatedAt"
    FROM "Tasks" AS t
    WHERE NOT (t."IsDeleted") AND t."ProjectId" = @__projectId_0
    ORDER BY t."OrderIndex"
    LIMIT @__p_2 OFFSET @__p_1
) AS t0
INNER JOIN (
    SELECT u."Id", u."CreatedAt", u."DeletedAt", u."Email", u."EmailVerificationExpiry", u."EmailVerificationToken", u."FirstName", u."IsActive", u."IsDeleted", u."IsEmailVerified", u."LastLoginAt", u."LastName", u."OrganizationId", u."PasswordHash", u."PasswordResetExpiry", u."PasswordResetToken", u."ProfilePictureUrl", u."RefreshToken", u."RefreshTokenExpiry", u."Role", u."UpdatedAt"
    FROM "Users" AS u
    WHERE NOT (u."IsDeleted")
) AS u0 ON t0."CreatedByUserId" = u0."Id"
LEFT JOIN (
    SELECT u1."Id", u1."CreatedAt", u1."DeletedAt", u1."Email", u1."EmailVerificationExpiry", u1."EmailVerificationToken", u1."FirstName", u1."IsActive", u1."IsDeleted", u1."IsEmailVerified", u1."LastLoginAt", u1."LastName", u1."OrganizationId", u1."PasswordHash", u1."PasswordResetExpiry", u1."PasswordResetToken", u1."ProfilePictureUrl", u1."RefreshToken", u1."RefreshTokenExpiry", u1."Role", u1."UpdatedAt"
    FROM "Users" AS u1
    WHERE NOT (u1."IsDeleted")
) AS u2 ON t0."AssignedToUserId" = u2."Id"
INNER JOIN (
    SELECT p."Id", p."CreatedAt", p."CreatedByUserId", p."DeletedAt", p."Description", p."DueDate", p."IsDeleted", p."Name", p."OrganizationId", p."ProjectLeadUserId", p."StartDate", p."Status", p."UpdatedAt"
    FROM "Projects" AS p
    WHERE NOT (p."IsDeleted")
) AS p0 ON t0."ProjectId" = p0."Id"
LEFT JOIN (
    SELECT t1."TaskId", t1."UserId", t1."AssignedAt", t1."AssignedByUserId", u4."Id", u4."CreatedAt", u4."DeletedAt", u4."Email", u4."EmailVerificationExpiry", u4."EmailVerificationToken", u4."FirstName", u4."IsActive", u4."IsDeleted", u4."IsEmailVerified", u4."LastLoginAt", u4."LastName", u4."OrganizationId", u4."PasswordHash", u4."PasswordResetExpiry", u4."PasswordResetToken", u4."ProfilePictureUrl", u4."RefreshToken", u4."RefreshTokenExpiry", u4."Role", u4."UpdatedAt"
    FROM "TaskAssignees" AS t1
    INNER JOIN (
        SELECT u3."Id", u3."CreatedAt", u3."DeletedAt", u3."Email", u3."EmailVerificationExpiry", u3."EmailVerificationToken", u3."FirstName", u3."IsActive", u3."IsDeleted", u3."IsEmailVerified", u3."LastLoginAt", u3."LastName", u3."OrganizationId", u3."PasswordHash", u3."PasswordResetExpiry", u3."PasswordResetToken", u3."ProfilePictureUrl", u3."RefreshToken", u3."RefreshTokenExpiry", u3."Role", u3."UpdatedAt"
        FROM "Users" AS u3
        WHERE NOT (u3."IsDeleted")
    ) AS u4 ON t1."UserId" = u4."Id"
) AS s ON t0."Id" = s."TaskId"
LEFT JOIN (
    SELECT t2."Id", t2."ActualMinutes", t2."AssignedToUserId", t2."CompletedAt", t2."CreatedAt", t2."CreatedByUserId", t2."DeletedAt", t2."Description", t2."DueDate", t2."EstimatedMinutes", t2."IsDeleted", t2."OrderIndex", t2."OrganizationId", t2."ParentTaskId", t2."Priority", t2."ProjectId", t2."StartDate", t2."Status", t2."Title", t2."UpdatedAt"
    FROM "Tasks" AS t2
    WHERE NOT (t2."IsDeleted")
) AS t3 ON t0."Id" = t3."ParentTaskId"
ORDER BY t0."OrderIndex", t0."Id", u0."Id", u2."Id", p0."Id", s."TaskId", s."UserId", s."Id"
2026-07-27 17:29:16.237 +06:00 [INF] [0HNNBQ8LEOI29:00000001] [0HNNBQ8LEOI29:00000001] GET /api/projects/81518637-01a4-4362-9562-737d08309d41/tasks → 200 (215.3ms)
2026-07-27 17:29:16.239 +06:00 [INF] [0HNNBQ8LEOI2A:00000001] [0HNNBQ8LEOI2A:00000001] GET /api/projects/ddbb73fc-fbf4-4ac9-ae76-bcf743f16cd4/tasks → 200 (215.8ms)
2026-07-27 17:29:16.239 +06:00 [INF] [0HNNBQ8LEOI2B:00000001] Executed DbCommand (1ms) [Parameters=[@__projectId_0='00000000-0000-0000-0003-000000000001'], CommandType='"Text"', CommandTimeout='30']
SELECT p."Id", p."CreatedAt", p."CreatedByUserId", p."DeletedAt", p."Description", p."DueDate", p."IsDeleted", p."Name", p."OrganizationId", p."ProjectLeadUserId", p."StartDate", p."Status", p."UpdatedAt"
FROM "Projects" AS p
WHERE NOT (p."IsDeleted") AND p."Id" = @__projectId_0
LIMIT 1
2026-07-27 17:29:16.245 +06:00 [INF] [0HNNBQ8LEOI2B:00000001] Executed DbCommand (1ms) [Parameters=[@__projectId_0='00000000-0000-0000-0003-000000000001'], CommandType='"Text"', CommandTimeout='30']
SELECT count(*)::int
FROM "Tasks" AS t
WHERE NOT (t."IsDeleted") AND t."ProjectId" = @__projectId_0
2026-07-27 17:29:16.250 +06:00 [INF] [0HNNBQ8LEOI2B:00000001] Executed DbCommand (3ms) [Parameters=[@__projectId_0='00000000-0000-0000-0003-000000000001', @__p_2='100', @__p_1='0'], CommandType='"Text"', CommandTimeout='30']
SELECT t0."Id", t0."ActualMinutes", t0."AssignedToUserId", t0."CompletedAt", t0."CreatedAt", t0."CreatedByUserId", t0."DeletedAt", t0."Description", t0."DueDate", t0."EstimatedMinutes", t0."IsDeleted", t0."OrderIndex", t0."OrganizationId", t0."ParentTaskId", t0."Priority", t0."ProjectId", t0."StartDate", t0."Status", t0."Title", t0."UpdatedAt", u0."Id", u0."CreatedAt", u0."DeletedAt", u0."Email", u0."EmailVerificationExpiry", u0."EmailVerificationToken", u0."FirstName", u0."IsActive", u0."IsDeleted", u0."IsEmailVerified", u0."LastLoginAt", u0."LastName", u0."OrganizationId", u0."PasswordHash", u0."PasswordResetExpiry", u0."PasswordResetToken", u0."ProfilePictureUrl", u0."RefreshToken", u0."RefreshTokenExpiry", u0."Role", u0."UpdatedAt", u2."Id", u2."CreatedAt", u2."DeletedAt", u2."Email", u2."EmailVerificationExpiry", u2."EmailVerificationToken", u2."FirstName", u2."IsActive", u2."IsDeleted", u2."IsEmailVerified", u2."LastLoginAt", u2."LastName", u2."OrganizationId", u2."PasswordHash", u2."PasswordResetExpiry", u2."PasswordResetToken", u2."ProfilePictureUrl", u2."RefreshToken", u2."RefreshTokenExpiry", u2."Role", u2."UpdatedAt", p0."Id", p0."CreatedAt", p0."CreatedByUserId", p0."DeletedAt", p0."Description", p0."DueDate", p0."IsDeleted", p0."Name", p0."OrganizationId", p0."ProjectLeadUserId", p0."StartDate", p0."Status", p0."UpdatedAt", s."TaskId", s."UserId", s."AssignedAt", s."AssignedByUserId", s."Id", s."CreatedAt", s."DeletedAt", s."Email", s."EmailVerificationExpiry", s."EmailVerificationToken", s."FirstName", s."IsActive", s."IsDeleted", s."IsEmailVerified", s."LastLoginAt", s."LastName", s."OrganizationId", s."PasswordHash", s."PasswordResetExpiry", s."PasswordResetToken", s."ProfilePictureUrl", s."RefreshToken", s."RefreshTokenExpiry", s."Role", s."UpdatedAt", t3."Id", t3."ActualMinutes", t3."AssignedToUserId", t3."CompletedAt", t3."CreatedAt", t3."CreatedByUserId", t3."DeletedAt", t3."Description", t3."DueDate", t3."EstimatedMinutes", t3."IsDeleted", t3."OrderIndex", t3."OrganizationId", t3."ParentTaskId", t3."Priority", t3."ProjectId", t3."StartDate", t3."Status", t3."Title", t3."UpdatedAt"
FROM (
    SELECT t."Id", t."ActualMinutes", t."AssignedToUserId", t."CompletedAt", t."CreatedAt", t."CreatedByUserId", t."DeletedAt", t."Description", t."DueDate", t."EstimatedMinutes", t."IsDeleted", t."OrderIndex", t."OrganizationId", t."ParentTaskId", t."Priority", t."ProjectId", t."StartDate", t."Status", t."Title", t."UpdatedAt"
    FROM "Tasks" AS t
    WHERE NOT (t."IsDeleted") AND t."ProjectId" = @__projectId_0
    ORDER BY t."OrderIndex"
    LIMIT @__p_2 OFFSET @__p_1
) AS t0
INNER JOIN (
    SELECT u."Id", u."CreatedAt", u."DeletedAt", u."Email", u."EmailVerificationExpiry", u."EmailVerificationToken", u."FirstName", u."IsActive", u."IsDeleted", u."IsEmailVerified", u."LastLoginAt", u."LastName", u."OrganizationId", u."PasswordHash", u."PasswordResetExpiry", u."PasswordResetToken", u."ProfilePictureUrl", u."RefreshToken", u."RefreshTokenExpiry", u."Role", u."UpdatedAt"
    FROM "Users" AS u
    WHERE NOT (u."IsDeleted")
) AS u0 ON t0."CreatedByUserId" = u0."Id"
LEFT JOIN (
    SELECT u1."Id", u1."CreatedAt", u1."DeletedAt", u1."Email", u1."EmailVerificationExpiry", u1."EmailVerificationToken", u1."FirstName", u1."IsActive", u1."IsDeleted", u1."IsEmailVerified", u1."LastLoginAt", u1."LastName", u1."OrganizationId", u1."PasswordHash", u1."PasswordResetExpiry", u1."PasswordResetToken", u1."ProfilePictureUrl", u1."RefreshToken", u1."RefreshTokenExpiry", u1."Role", u1."UpdatedAt"
    FROM "Users" AS u1
    WHERE NOT (u1."IsDeleted")
) AS u2 ON t0."AssignedToUserId" = u2."Id"
INNER JOIN (
    SELECT p."Id", p."CreatedAt", p."CreatedByUserId", p."DeletedAt", p."Description", p."DueDate", p."IsDeleted", p."Name", p."OrganizationId", p."ProjectLeadUserId", p."StartDate", p."Status", p."UpdatedAt"
    FROM "Projects" AS p
    WHERE NOT (p."IsDeleted")
) AS p0 ON t0."ProjectId" = p0."Id"
LEFT JOIN (
    SELECT t1."TaskId", t1."UserId", t1."AssignedAt", t1."AssignedByUserId", u4."Id", u4."CreatedAt", u4."DeletedAt", u4."Email", u4."EmailVerificationExpiry", u4."EmailVerificationToken", u4."FirstName", u4."IsActive", u4."IsDeleted", u4."IsEmailVerified", u4."LastLoginAt", u4."LastName", u4."OrganizationId", u4."PasswordHash", u4."PasswordResetExpiry", u4."PasswordResetToken", u4."ProfilePictureUrl", u4."RefreshToken", u4."RefreshTokenExpiry", u4."Role", u4."UpdatedAt"
    FROM "TaskAssignees" AS t1
    INNER JOIN (
        SELECT u3."Id", u3."CreatedAt", u3."DeletedAt", u3."Email", u3."EmailVerificationExpiry", u3."EmailVerificationToken", u3."FirstName", u3."IsActive", u3."IsDeleted", u3."IsEmailVerified", u3."LastLoginAt", u3."LastName", u3."OrganizationId", u3."PasswordHash", u3."PasswordResetExpiry", u3."PasswordResetToken", u3."ProfilePictureUrl", u3."RefreshToken", u3."RefreshTokenExpiry", u3."Role", u3."UpdatedAt"
        FROM "Users" AS u3
        WHERE NOT (u3."IsDeleted")
    ) AS u4 ON t1."UserId" = u4."Id"
) AS s ON t0."Id" = s."TaskId"
LEFT JOIN (
    SELECT t2."Id", t2."ActualMinutes", t2."AssignedToUserId", t2."CompletedAt", t2."CreatedAt", t2."CreatedByUserId", t2."DeletedAt", t2."Description", t2."DueDate", t2."EstimatedMinutes", t2."IsDeleted", t2."OrderIndex", t2."OrganizationId", t2."ParentTaskId", t2."Priority", t2."ProjectId", t2."StartDate", t2."Status", t2."Title", t2."UpdatedAt"
    FROM "Tasks" AS t2
    WHERE NOT (t2."IsDeleted")
) AS t3 ON t0."Id" = t3."ParentTaskId"
ORDER BY t0."OrderIndex", t0."Id", u0."Id", u2."Id", p0."Id", s."TaskId", s."UserId", s."Id"
2026-07-27 17:29:16.275 +06:00 [INF] [0HNNBQ8LEOI2B:00000001] [0HNNBQ8LEOI2B:00000001] GET /api/projects/00000000-0000-0000-0003-000000000001/tasks → 200 (46.0ms)
2026-07-27 17:29:16.593 +06:00 [DBG] [0HNNBQ8LEOI2C:00000001] Permission granted: Admin → projects.view
2026-07-27 17:29:16.596 +06:00 [INF] [0HNNBQ8LEOI2C:00000001] Executed DbCommand (1ms) [Parameters=[@___currentUser_UserId_0='00000000-0000-0000-0002-000000000002'], CommandType='"Text"', CommandTimeout='30']
SELECT u."Id", u."CreatedAt", u."DeletedAt", u."Email", u."EmailVerificationExpiry", u."EmailVerificationToken", u."FirstName", u."IsActive", u."IsDeleted", u."IsEmailVerified", u."LastLoginAt", u."LastName", u."OrganizationId", u."PasswordHash", u."PasswordResetExpiry", u."PasswordResetToken", u."ProfilePictureUrl", u."RefreshToken", u."RefreshTokenExpiry", u."Role", u."UpdatedAt", o0."Id", o0."CreatedAt", o0."DeletedAt", o0."Description", o0."IsActive", o0."IsDeleted", o0."LogoUrl", o0."Name", o0."Plan", o0."Slug", o0."UpdatedAt"
FROM "Users" AS u
INNER JOIN (
    SELECT o."Id", o."CreatedAt", o."DeletedAt", o."Description", o."IsActive", o."IsDeleted", o."LogoUrl", o."Name", o."Plan", o."Slug", o."UpdatedAt"
    FROM "Organizations" AS o
    WHERE NOT (o."IsDeleted")
) AS o0 ON u."OrganizationId" = o0."Id"
WHERE NOT (u."IsDeleted") AND u."Id" = @___currentUser_UserId_0
LIMIT 1
2026-07-27 17:29:16.676 +06:00 [INF] [0HNNBQ8LEOI2C:00000001] Executed DbCommand (2ms) [Parameters=[@__projectId_0='00000000-0000-0000-0003-000000000001'], CommandType='"Text"', CommandTimeout='30']
SELECT s."Id", s."CreatedAt", s."CreatedByUserId", s."DeletedAt", s."Description", s."DueDate", s."IsDeleted", s."Name", s."OrganizationId", s."ProjectLeadUserId", s."StartDate", s."Status", s."UpdatedAt", s."Id0", s."CreatedAt0", s."DeletedAt0", s."Email", s."EmailVerificationExpiry", s."EmailVerificationToken", s."FirstName", s."IsActive", s."IsDeleted0", s."IsEmailVerified", s."LastLoginAt", s."LastName", s."OrganizationId0", s."PasswordHash", s."PasswordResetExpiry", s."PasswordResetToken", s."ProfilePictureUrl", s."RefreshToken", s."RefreshTokenExpiry", s."Role", s."UpdatedAt0", s."Id1", s."CreatedAt1", s."DeletedAt1", s."Email0", s."EmailVerificationExpiry0", s."EmailVerificationToken0", s."FirstName0", s."IsActive0", s."IsDeleted1", s."IsEmailVerified0", s."LastLoginAt0", s."LastName0", s."OrganizationId1", s."PasswordHash0", s."PasswordResetExpiry0", s."PasswordResetToken0", s."ProfilePictureUrl0", s."RefreshToken0", s."RefreshTokenExpiry0", s."Role0", s."UpdatedAt1", t0."Id", t0."ActualMinutes", t0."AssignedToUserId", t0."CompletedAt", t0."CreatedAt", t0."CreatedByUserId", t0."DeletedAt", t0."Description", t0."DueDate", t0."EstimatedMinutes", t0."IsDeleted", t0."OrderIndex", t0."OrganizationId", t0."ParentTaskId", t0."Priority", t0."ProjectId", t0."StartDate", t0."Status", t0."Title", t0."UpdatedAt"
FROM (
    SELECT p."Id", p."CreatedAt", p."CreatedByUserId", p."DeletedAt", p."Description", p."DueDate", p."IsDeleted", p."Name", p."OrganizationId", p."ProjectLeadUserId", p."StartDate", p."Status", p."UpdatedAt", u0."Id" AS "Id0", u0."CreatedAt" AS "CreatedAt0", u0."DeletedAt" AS "DeletedAt0", u0."Email", u0."EmailVerificationExpiry", u0."EmailVerificationToken", u0."FirstName", u0."IsActive", u0."IsDeleted" AS "IsDeleted0", u0."IsEmailVerified", u0."LastLoginAt", u0."LastName", u0."OrganizationId" AS "OrganizationId0", u0."PasswordHash", u0."PasswordResetExpiry", u0."PasswordResetToken", u0."ProfilePictureUrl", u0."RefreshToken", u0."RefreshTokenExpiry", u0."Role", u0."UpdatedAt" AS "UpdatedAt0", u2."Id" AS "Id1", u2."CreatedAt" AS "CreatedAt1", u2."DeletedAt" AS "DeletedAt1", u2."Email" AS "Email0", u2."EmailVerificationExpiry" AS "EmailVerificationExpiry0", u2."EmailVerificationToken" AS "EmailVerificationToken0", u2."FirstName" AS "FirstName0", u2."IsActive" AS "IsActive0", u2."IsDeleted" AS "IsDeleted1", u2."IsEmailVerified" AS "IsEmailVerified0", u2."LastLoginAt" AS "LastLoginAt0", u2."LastName" AS "LastName0", u2."OrganizationId" AS "OrganizationId1", u2."PasswordHash" AS "PasswordHash0", u2."PasswordResetExpiry" AS "PasswordResetExpiry0", u2."PasswordResetToken" AS "PasswordResetToken0", u2."ProfilePictureUrl" AS "ProfilePictureUrl0", u2."RefreshToken" AS "RefreshToken0", u2."RefreshTokenExpiry" AS "RefreshTokenExpiry0", u2."Role" AS "Role0", u2."UpdatedAt" AS "UpdatedAt1"
    FROM "Projects" AS p
    INNER JOIN (
        SELECT u."Id", u."CreatedAt", u."DeletedAt", u."Email", u."EmailVerificationExpiry", u."EmailVerificationToken", u."FirstName", u."IsActive", u."IsDeleted", u."IsEmailVerified", u."LastLoginAt", u."LastName", u."OrganizationId", u."PasswordHash", u."PasswordResetExpiry", u."PasswordResetToken", u."ProfilePictureUrl", u."RefreshToken", u."RefreshTokenExpiry", u."Role", u."UpdatedAt"
        FROM "Users" AS u
        WHERE NOT (u."IsDeleted")
    ) AS u0 ON p."CreatedByUserId" = u0."Id"
    LEFT JOIN (
        SELECT u1."Id", u1."CreatedAt", u1."DeletedAt", u1."Email", u1."EmailVerificationExpiry", u1."EmailVerificationToken", u1."FirstName", u1."IsActive", u1."IsDeleted", u1."IsEmailVerified", u1."LastLoginAt", u1."LastName", u1."OrganizationId", u1."PasswordHash", u1."PasswordResetExpiry", u1."PasswordResetToken", u1."ProfilePictureUrl", u1."RefreshToken", u1."RefreshTokenExpiry", u1."Role", u1."UpdatedAt"
        FROM "Users" AS u1
        WHERE NOT (u1."IsDeleted")
    ) AS u2 ON p."ProjectLeadUserId" = u2."Id"
    WHERE NOT (p."IsDeleted") AND p."Id" = @__projectId_0
    LIMIT 1
) AS s
LEFT JOIN (
    SELECT t."Id", t."ActualMinutes", t."AssignedToUserId", t."CompletedAt", t."CreatedAt", t."CreatedByUserId", t."DeletedAt", t."Description", t."DueDate", t."EstimatedMinutes", t."IsDeleted", t."OrderIndex", t."OrganizationId", t."ParentTaskId", t."Priority", t."ProjectId", t."StartDate", t."Status", t."Title", t."UpdatedAt"
    FROM "Tasks" AS t
    WHERE NOT (t."IsDeleted")
) AS t0 ON s."Id" = t0."ProjectId"
ORDER BY s."Id", s."Id0", s."Id1"
2026-07-27 17:29:16.682 +06:00 [INF] [0HNNBQ8LEOI2C:00000001] [0HNNBQ8LEOI2C:00000001] GET /api/projects/00000000-0000-0000-0003-000000000001 → 200 (89.0ms)
2026-07-27 17:29:23.285 +06:00 [DBG] [0HNNBQ8LEOI2D:00000001] Permission granted: Admin → tasks.update.own
2026-07-27 17:29:23.287 +06:00 [INF] [0HNNBQ8LEOI2D:00000001] Executed DbCommand (1ms) [Parameters=[@___currentUser_UserId_0='00000000-0000-0000-0002-000000000002'], CommandType='"Text"', CommandTimeout='30']
SELECT u."Id", u."CreatedAt", u."DeletedAt", u."Email", u."EmailVerificationExpiry", u."EmailVerificationToken", u."FirstName", u."IsActive", u."IsDeleted", u."IsEmailVerified", u."LastLoginAt", u."LastName", u."OrganizationId", u."PasswordHash", u."PasswordResetExpiry", u."PasswordResetToken", u."ProfilePictureUrl", u."RefreshToken", u."RefreshTokenExpiry", u."Role", u."UpdatedAt", o0."Id", o0."CreatedAt", o0."DeletedAt", o0."Description", o0."IsActive", o0."IsDeleted", o0."LogoUrl", o0."Name", o0."Plan", o0."Slug", o0."UpdatedAt"
FROM "Users" AS u
INNER JOIN (
    SELECT o."Id", o."CreatedAt", o."DeletedAt", o."Description", o."IsActive", o."IsDeleted", o."LogoUrl", o."Name", o."Plan", o."Slug", o."UpdatedAt"
    FROM "Organizations" AS o
    WHERE NOT (o."IsDeleted")
) AS o0 ON u."OrganizationId" = o0."Id"
WHERE NOT (u."IsDeleted") AND u."Id" = @___currentUser_UserId_0
LIMIT 1
2026-07-27 17:29:23.331 +06:00 [WRN] [0HNNBQ8LEOI2D:00000001] Compiling a query which loads related collections for more than one collection navigation, either via 'Include' or through projection, but no 'QuerySplittingBehavior' has been configured. By default, Entity Framework will use 'QuerySplittingBehavior.SingleQuery', which can potentially result in slow query performance. See https://go.microsoft.com/fwlink/?linkid=2134277 for more information. To identify the query that's triggering this warning call 'ConfigureWarnings(w => w.Throw(RelationalEventId.MultipleCollectionIncludeWarning))'.
2026-07-27 17:29:23.412 +06:00 [INF] [0HNNBQ8LEOI2D:00000001] Executed DbCommand (2ms) [Parameters=[@__taskId_0='00000000-0000-0000-0004-000000000002'], CommandType='"Text"', CommandTimeout='30']
SELECT s."Id", s."ActualMinutes", s."AssignedToUserId", s."CompletedAt", s."CreatedAt", s."CreatedByUserId", s."DeletedAt", s."Description", s."DueDate", s."EstimatedMinutes", s."IsDeleted", s."OrderIndex", s."OrganizationId", s."ParentTaskId", s."Priority", s."ProjectId", s."StartDate", s."Status", s."Title", s."UpdatedAt", s."Id0", s."CreatedAt0", s."DeletedAt0", s."Email", s."EmailVerificationExpiry", s."EmailVerificationToken", s."FirstName", s."IsActive", s."IsDeleted0", s."IsEmailVerified", s."LastLoginAt", s."LastName", s."OrganizationId0", s."PasswordHash", s."PasswordResetExpiry", s."PasswordResetToken", s."ProfilePictureUrl", s."RefreshToken", s."RefreshTokenExpiry", s."Role", s."UpdatedAt0", s."Id1", s."CreatedAt1", s."DeletedAt1", s."Email0", s."EmailVerificationExpiry0", s."EmailVerificationToken0", s."FirstName0", s."IsActive0", s."IsDeleted1", s."IsEmailVerified0", s."LastLoginAt0", s."LastName0", s."OrganizationId1", s."PasswordHash0", s."PasswordResetExpiry0", s."PasswordResetToken0", s."ProfilePictureUrl0", s."RefreshToken0", s."RefreshTokenExpiry0", s."Role0", s."UpdatedAt1", s."Id2", s."CreatedAt2", s."CreatedByUserId0", s."DeletedAt2", s."Description0", s."DueDate0", s."IsDeleted2", s."Name", s."OrganizationId2", s."ProjectLeadUserId", s."StartDate0", s."Status0", s."UpdatedAt2", s0."TaskId", s0."UserId", s0."AssignedAt", s0."AssignedByUserId", s0."Id", s0."CreatedAt", s0."DeletedAt", s0."Email", s0."EmailVerificationExpiry", s0."EmailVerificationToken", s0."FirstName", s0."IsActive", s0."IsDeleted", s0."IsEmailVerified", s0."LastLoginAt", s0."LastName", s0."OrganizationId", s0."PasswordHash", s0."PasswordResetExpiry", s0."PasswordResetToken", s0."ProfilePictureUrl", s0."RefreshToken", s0."RefreshTokenExpiry", s0."Role", s0."UpdatedAt", t2."Id", t2."ActualMinutes", t2."AssignedToUserId", t2."CompletedAt", t2."CreatedAt", t2."CreatedByUserId", t2."DeletedAt", t2."Description", t2."DueDate", t2."EstimatedMinutes", t2."IsDeleted", t2."OrderIndex", t2."OrganizationId", t2."ParentTaskId", t2."Priority", t2."ProjectId", t2."StartDate", t2."Status", t2."Title", t2."UpdatedAt"
FROM (
    SELECT t."Id", t."ActualMinutes", t."AssignedToUserId", t."CompletedAt", t."CreatedAt", t."CreatedByUserId", t."DeletedAt", t."Description", t."DueDate", t."EstimatedMinutes", t."IsDeleted", t."OrderIndex", t."OrganizationId", t."ParentTaskId", t."Priority", t."ProjectId", t."StartDate", t."Status", t."Title", t."UpdatedAt", u0."Id" AS "Id0", u0."CreatedAt" AS "CreatedAt0", u0."DeletedAt" AS "DeletedAt0", u0."Email", u0."EmailVerificationExpiry", u0."EmailVerificationToken", u0."FirstName", u0."IsActive", u0."IsDeleted" AS "IsDeleted0", u0."IsEmailVerified", u0."LastLoginAt", u0."LastName", u0."OrganizationId" AS "OrganizationId0", u0."PasswordHash", u0."PasswordResetExpiry", u0."PasswordResetToken", u0."ProfilePictureUrl", u0."RefreshToken", u0."RefreshTokenExpiry", u0."Role", u0."UpdatedAt" AS "UpdatedAt0", u2."Id" AS "Id1", u2."CreatedAt" AS "CreatedAt1", u2."DeletedAt" AS "DeletedAt1", u2."Email" AS "Email0", u2."EmailVerificationExpiry" AS "EmailVerificationExpiry0", u2."EmailVerificationToken" AS "EmailVerificationToken0", u2."FirstName" AS "FirstName0", u2."IsActive" AS "IsActive0", u2."IsDeleted" AS "IsDeleted1", u2."IsEmailVerified" AS "IsEmailVerified0", u2."LastLoginAt" AS "LastLoginAt0", u2."LastName" AS "LastName0", u2."OrganizationId" AS "OrganizationId1", u2."PasswordHash" AS "PasswordHash0", u2."PasswordResetExpiry" AS "PasswordResetExpiry0", u2."PasswordResetToken" AS "PasswordResetToken0", u2."ProfilePictureUrl" AS "ProfilePictureUrl0", u2."RefreshToken" AS "RefreshToken0", u2."RefreshTokenExpiry" AS "RefreshTokenExpiry0", u2."Role" AS "Role0", u2."UpdatedAt" AS "UpdatedAt1", p0."Id" AS "Id2", p0."CreatedAt" AS "CreatedAt2", p0."CreatedByUserId" AS "CreatedByUserId0", p0."DeletedAt" AS "DeletedAt2", p0."Description" AS "Description0", p0."DueDate" AS "DueDate0", p0."IsDeleted" AS "IsDeleted2", p0."Name", p0."OrganizationId" AS "OrganizationId2", p0."ProjectLeadUserId", p0."StartDate" AS "StartDate0", p0."Status" AS "Status0", p0."UpdatedAt" AS "UpdatedAt2"
    FROM "Tasks" AS t
    INNER JOIN (
        SELECT u."Id", u."CreatedAt", u."DeletedAt", u."Email", u."EmailVerificationExpiry", u."EmailVerificationToken", u."FirstName", u."IsActive", u."IsDeleted", u."IsEmailVerified", u."LastLoginAt", u."LastName", u."OrganizationId", u."PasswordHash", u."PasswordResetExpiry", u."PasswordResetToken", u."ProfilePictureUrl", u."RefreshToken", u."RefreshTokenExpiry", u."Role", u."UpdatedAt"
        FROM "Users" AS u
        WHERE NOT (u."IsDeleted")
    ) AS u0 ON t."CreatedByUserId" = u0."Id"
    LEFT JOIN (
        SELECT u1."Id", u1."CreatedAt", u1."DeletedAt", u1."Email", u1."EmailVerificationExpiry", u1."EmailVerificationToken", u1."FirstName", u1."IsActive", u1."IsDeleted", u1."IsEmailVerified", u1."LastLoginAt", u1."LastName", u1."OrganizationId", u1."PasswordHash", u1."PasswordResetExpiry", u1."PasswordResetToken", u1."ProfilePictureUrl", u1."RefreshToken", u1."RefreshTokenExpiry", u1."Role", u1."UpdatedAt"
        FROM "Users" AS u1
        WHERE NOT (u1."IsDeleted")
    ) AS u2 ON t."AssignedToUserId" = u2."Id"
    INNER JOIN (
        SELECT p."Id", p."CreatedAt", p."CreatedByUserId", p."DeletedAt", p."Description", p."DueDate", p."IsDeleted", p."Name", p."OrganizationId", p."ProjectLeadUserId", p."StartDate", p."Status", p."UpdatedAt"
        FROM "Projects" AS p
        WHERE NOT (p."IsDeleted")
    ) AS p0 ON t."ProjectId" = p0."Id"
    WHERE NOT (t."IsDeleted") AND t."Id" = @__taskId_0
    LIMIT 1
) AS s
LEFT JOIN (
    SELECT t0."TaskId", t0."UserId", t0."AssignedAt", t0."AssignedByUserId", u4."Id", u4."CreatedAt", u4."DeletedAt", u4."Email", u4."EmailVerificationExpiry", u4."EmailVerificationToken", u4."FirstName", u4."IsActive", u4."IsDeleted", u4."IsEmailVerified", u4."LastLoginAt", u4."LastName", u4."OrganizationId", u4."PasswordHash", u4."PasswordResetExpiry", u4."PasswordResetToken", u4."ProfilePictureUrl", u4."RefreshToken", u4."RefreshTokenExpiry", u4."Role", u4."UpdatedAt"
    FROM "TaskAssignees" AS t0
    INNER JOIN (
        SELECT u3."Id", u3."CreatedAt", u3."DeletedAt", u3."Email", u3."EmailVerificationExpiry", u3."EmailVerificationToken", u3."FirstName", u3."IsActive", u3."IsDeleted", u3."IsEmailVerified", u3."LastLoginAt", u3."LastName", u3."OrganizationId", u3."PasswordHash", u3."PasswordResetExpiry", u3."PasswordResetToken", u3."ProfilePictureUrl", u3."RefreshToken", u3."RefreshTokenExpiry", u3."Role", u3."UpdatedAt"
        FROM "Users" AS u3
        WHERE NOT (u3."IsDeleted")
    ) AS u4 ON t0."UserId" = u4."Id"
) AS s0 ON s."Id" = s0."TaskId"
LEFT JOIN (
    SELECT t1."Id", t1."ActualMinutes", t1."AssignedToUserId", t1."CompletedAt", t1."CreatedAt", t1."CreatedByUserId", t1."DeletedAt", t1."Description", t1."DueDate", t1."EstimatedMinutes", t1."IsDeleted", t1."OrderIndex", t1."OrganizationId", t1."ParentTaskId", t1."Priority", t1."ProjectId", t1."StartDate", t1."Status", t1."Title", t1."UpdatedAt"
    FROM "Tasks" AS t1
    WHERE NOT (t1."IsDeleted")
) AS t2 ON s."Id" = t2."ParentTaskId"
ORDER BY s."Id", s."Id0", s."Id1", s."Id2", s0."TaskId", s0."UserId", s0."Id"
2026-07-27 17:29:23.424 +06:00 [DBG] [0HNNBQ8LEOI2D:00000001] Permission check: "00000000-0000-0000-0002-000000000002" (Admin) → tasks.update = true
2026-07-27 17:29:23.470 +06:00 [INF] [0HNNBQ8LEOI2D:00000001] Executed DbCommand (4ms) [Parameters=[@p2='00000000-0000-0000-0004-000000000002', @p0='InProgress' (Nullable = false), @p1='2026-07-27T11:29:23.4645320Z' (DbType = DateTime)], CommandType='"Text"', CommandTimeout='30']
UPDATE "Tasks" SET "Status" = @p0, "UpdatedAt" = @p1
WHERE "Id" = @p2;
2026-07-27 17:29:23.521 +06:00 [INF] [0HNNBQ8LEOI2D:00000001] Executed DbCommand (6ms) [Parameters=[@p0='b81d412f-00fc-47b2-858a-14cbcf62d1c7', @p1='TaskStatusChanged' (Nullable = false), @p2='2026-07-27T11:29:23.4753492Z' (DbType = DateTime), @p3='00000000-0000-0000-0004-000000000002', @p4='Set up CMS platform', @p5='Task' (Nullable = false), @p6='{"from":"Todo","to":"InProgress"}', @p7='00000000-0000-0000-0001-000000000001', @p8='00000000-0000-0000-0003-000000000001' (Nullable = true), @p9='00000000-0000-0000-0002-000000000002', @p10='Demo Admin' (Nullable = false)], CommandType='"Text"', CommandTimeout='30']
INSERT INTO "ActivityLogs" ("Id", "Action", "CreatedAt", "EntityId", "EntityName", "EntityType", "Metadata", "OrganizationId", "ProjectId", "UserId", "UserName")
VALUES (@p0, @p1, @p2, @p3, @p4, @p5, @p6, @p7, @p8, @p9, @p10);
2026-07-27 17:29:23.522 +06:00 [INF] [0HNNBQ8LEOI2D:00000001] Task "00000000-0000-0000-0004-000000000002" status Todo → InProgress by "00000000-0000-0000-0002-000000000002"
2026-07-27 17:29:23.523 +06:00 [INF] [0HNNBQ8LEOI2D:00000001] [0HNNBQ8LEOI2D:00000001] PATCH /api/tasks/00000000-0000-0000-0004-000000000002/status → 200 (239.0ms)
2026-07-27 17:29:23.530 +06:00 [DBG] [0HNNBQ8LEOI2E:00000001] Permission granted: Admin → tasks.view
2026-07-27 17:29:23.530 +06:00 [DBG] [0HNNBQ8LEOI2F:00000001] Permission granted: Admin → projects.view
2026-07-27 17:29:23.532 +06:00 [INF] [0HNNBQ8LEOI2E:00000001] Executed DbCommand (1ms) [Parameters=[@___currentUser_UserId_0='00000000-0000-0000-0002-000000000002'], CommandType='"Text"', CommandTimeout='30']
SELECT u."Id", u."CreatedAt", u."DeletedAt", u."Email", u."EmailVerificationExpiry", u."EmailVerificationToken", u."FirstName", u."IsActive", u."IsDeleted", u."IsEmailVerified", u."LastLoginAt", u."LastName", u."OrganizationId", u."PasswordHash", u."PasswordResetExpiry", u."PasswordResetToken", u."ProfilePictureUrl", u."RefreshToken", u."RefreshTokenExpiry", u."Role", u."UpdatedAt", o0."Id", o0."CreatedAt", o0."DeletedAt", o0."Description", o0."IsActive", o0."IsDeleted", o0."LogoUrl", o0."Name", o0."Plan", o0."Slug", o0."UpdatedAt"
FROM "Users" AS u
INNER JOIN (
    SELECT o."Id", o."CreatedAt", o."DeletedAt", o."Description", o."IsActive", o."IsDeleted", o."LogoUrl", o."Name", o."Plan", o."Slug", o."UpdatedAt"
    FROM "Organizations" AS o
    WHERE NOT (o."IsDeleted")
) AS o0 ON u."OrganizationId" = o0."Id"
WHERE NOT (u."IsDeleted") AND u."Id" = @___currentUser_UserId_0
LIMIT 1
2026-07-27 17:29:23.532 +06:00 [INF] [0HNNBQ8LEOI2F:00000001] Executed DbCommand (1ms) [Parameters=[@___currentUser_UserId_0='00000000-0000-0000-0002-000000000002'], CommandType='"Text"', CommandTimeout='30']
SELECT u."Id", u."CreatedAt", u."DeletedAt", u."Email", u."EmailVerificationExpiry", u."EmailVerificationToken", u."FirstName", u."IsActive", u."IsDeleted", u."IsEmailVerified", u."LastLoginAt", u."LastName", u."OrganizationId", u."PasswordHash", u."PasswordResetExpiry", u."PasswordResetToken", u."ProfilePictureUrl", u."RefreshToken", u."RefreshTokenExpiry", u."Role", u."UpdatedAt", o0."Id", o0."CreatedAt", o0."DeletedAt", o0."Description", o0."IsActive", o0."IsDeleted", o0."LogoUrl", o0."Name", o0."Plan", o0."Slug", o0."UpdatedAt"
FROM "Users" AS u
INNER JOIN (
    SELECT o."Id", o."CreatedAt", o."DeletedAt", o."Description", o."IsActive", o."IsDeleted", o."LogoUrl", o."Name", o."Plan", o."Slug", o."UpdatedAt"
    FROM "Organizations" AS o
    WHERE NOT (o."IsDeleted")
) AS o0 ON u."OrganizationId" = o0."Id"
WHERE NOT (u."IsDeleted") AND u."Id" = @___currentUser_UserId_0
LIMIT 1
2026-07-27 17:29:23.534 +06:00 [INF] [0HNNBQ8LEOI2E:00000001] Executed DbCommand (1ms) [Parameters=[@__projectId_0='00000000-0000-0000-0003-000000000001'], CommandType='"Text"', CommandTimeout='30']
SELECT p."Id", p."CreatedAt", p."CreatedByUserId", p."DeletedAt", p."Description", p."DueDate", p."IsDeleted", p."Name", p."OrganizationId", p."ProjectLeadUserId", p."StartDate", p."Status", p."UpdatedAt"
FROM "Projects" AS p
WHERE NOT (p."IsDeleted") AND p."Id" = @__projectId_0
LIMIT 1
2026-07-27 17:29:23.536 +06:00 [INF] [0HNNBQ8LEOI2F:00000001] Executed DbCommand (2ms) [Parameters=[@__projectId_0='00000000-0000-0000-0003-000000000001'], CommandType='"Text"', CommandTimeout='30']
SELECT s."Id", s."CreatedAt", s."CreatedByUserId", s."DeletedAt", s."Description", s."DueDate", s."IsDeleted", s."Name", s."OrganizationId", s."ProjectLeadUserId", s."StartDate", s."Status", s."UpdatedAt", s."Id0", s."CreatedAt0", s."DeletedAt0", s."Email", s."EmailVerificationExpiry", s."EmailVerificationToken", s."FirstName", s."IsActive", s."IsDeleted0", s."IsEmailVerified", s."LastLoginAt", s."LastName", s."OrganizationId0", s."PasswordHash", s."PasswordResetExpiry", s."PasswordResetToken", s."ProfilePictureUrl", s."RefreshToken", s."RefreshTokenExpiry", s."Role", s."UpdatedAt0", s."Id1", s."CreatedAt1", s."DeletedAt1", s."Email0", s."EmailVerificationExpiry0", s."EmailVerificationToken0", s."FirstName0", s."IsActive0", s."IsDeleted1", s."IsEmailVerified0", s."LastLoginAt0", s."LastName0", s."OrganizationId1", s."PasswordHash0", s."PasswordResetExpiry0", s."PasswordResetToken0", s."ProfilePictureUrl0", s."RefreshToken0", s."RefreshTokenExpiry0", s."Role0", s."UpdatedAt1", t0."Id", t0."ActualMinutes", t0."AssignedToUserId", t0."CompletedAt", t0."CreatedAt", t0."CreatedByUserId", t0."DeletedAt", t0."Description", t0."DueDate", t0."EstimatedMinutes", t0."IsDeleted", t0."OrderIndex", t0."OrganizationId", t0."ParentTaskId", t0."Priority", t0."ProjectId", t0."StartDate", t0."Status", t0."Title", t0."UpdatedAt"
FROM (
    SELECT p."Id", p."CreatedAt", p."CreatedByUserId", p."DeletedAt", p."Description", p."DueDate", p."IsDeleted", p."Name", p."OrganizationId", p."ProjectLeadUserId", p."StartDate", p."Status", p."UpdatedAt", u0."Id" AS "Id0", u0."CreatedAt" AS "CreatedAt0", u0."DeletedAt" AS "DeletedAt0", u0."Email", u0."EmailVerificationExpiry", u0."EmailVerificationToken", u0."FirstName", u0."IsActive", u0."IsDeleted" AS "IsDeleted0", u0."IsEmailVerified", u0."LastLoginAt", u0."LastName", u0."OrganizationId" AS "OrganizationId0", u0."PasswordHash", u0."PasswordResetExpiry", u0."PasswordResetToken", u0."ProfilePictureUrl", u0."RefreshToken", u0."RefreshTokenExpiry", u0."Role", u0."UpdatedAt" AS "UpdatedAt0", u2."Id" AS "Id1", u2."CreatedAt" AS "CreatedAt1", u2."DeletedAt" AS "DeletedAt1", u2."Email" AS "Email0", u2."EmailVerificationExpiry" AS "EmailVerificationExpiry0", u2."EmailVerificationToken" AS "EmailVerificationToken0", u2."FirstName" AS "FirstName0", u2."IsActive" AS "IsActive0", u2."IsDeleted" AS "IsDeleted1", u2."IsEmailVerified" AS "IsEmailVerified0", u2."LastLoginAt" AS "LastLoginAt0", u2."LastName" AS "LastName0", u2."OrganizationId" AS "OrganizationId1", u2."PasswordHash" AS "PasswordHash0", u2."PasswordResetExpiry" AS "PasswordResetExpiry0", u2."PasswordResetToken" AS "PasswordResetToken0", u2."ProfilePictureUrl" AS "ProfilePictureUrl0", u2."RefreshToken" AS "RefreshToken0", u2."RefreshTokenExpiry" AS "RefreshTokenExpiry0", u2."Role" AS "Role0", u2."UpdatedAt" AS "UpdatedAt1"
    FROM "Projects" AS p
    INNER JOIN (
        SELECT u."Id", u."CreatedAt", u."DeletedAt", u."Email", u."EmailVerificationExpiry", u."EmailVerificationToken", u."FirstName", u."IsActive", u."IsDeleted", u."IsEmailVerified", u."LastLoginAt", u."LastName", u."OrganizationId", u."PasswordHash", u."PasswordResetExpiry", u."PasswordResetToken", u."ProfilePictureUrl", u."RefreshToken", u."RefreshTokenExpiry", u."Role", u."UpdatedAt"
        FROM "Users" AS u
        WHERE NOT (u."IsDeleted")
    ) AS u0 ON p."CreatedByUserId" = u0."Id"
    LEFT JOIN (
        SELECT u1."Id", u1."CreatedAt", u1."DeletedAt", u1."Email", u1."EmailVerificationExpiry", u1."EmailVerificationToken", u1."FirstName", u1."IsActive", u1."IsDeleted", u1."IsEmailVerified", u1."LastLoginAt", u1."LastName", u1."OrganizationId", u1."PasswordHash", u1."PasswordResetExpiry", u1."PasswordResetToken", u1."ProfilePictureUrl", u1."RefreshToken", u1."RefreshTokenExpiry", u1."Role", u1."UpdatedAt"
        FROM "Users" AS u1
        WHERE NOT (u1."IsDeleted")
    ) AS u2 ON p."ProjectLeadUserId" = u2."Id"
    WHERE NOT (p."IsDeleted") AND p."Id" = @__projectId_0
    LIMIT 1
) AS s
LEFT JOIN (
    SELECT t."Id", t."ActualMinutes", t."AssignedToUserId", t."CompletedAt", t."CreatedAt", t."CreatedByUserId", t."DeletedAt", t."Description", t."DueDate", t."EstimatedMinutes", t."IsDeleted", t."OrderIndex", t."OrganizationId", t."ParentTaskId", t."Priority", t."ProjectId", t."StartDate", t."Status", t."Title", t."UpdatedAt"
    FROM "Tasks" AS t
    WHERE NOT (t."IsDeleted")
) AS t0 ON s."Id" = t0."ProjectId"
ORDER BY s."Id", s."Id0", s."Id1"
2026-07-27 17:29:23.536 +06:00 [INF] [0HNNBQ8LEOI2E:00000001] Executed DbCommand (1ms) [Parameters=[@__projectId_0='00000000-0000-0000-0003-000000000001'], CommandType='"Text"', CommandTimeout='30']
SELECT count(*)::int
FROM "Tasks" AS t
WHERE NOT (t."IsDeleted") AND t."ProjectId" = @__projectId_0
2026-07-27 17:29:23.537 +06:00 [INF] [0HNNBQ8LEOI2F:00000001] [0HNNBQ8LEOI2F:00000001] GET /api/projects/00000000-0000-0000-0003-000000000001 → 200 (7.8ms)
2026-07-27 17:29:23.547 +06:00 [INF] [0HNNBQ8LEOI2E:00000001] Executed DbCommand (10ms) [Parameters=[@__projectId_0='00000000-0000-0000-0003-000000000001', @__p_2='100', @__p_1='0'], CommandType='"Text"', CommandTimeout='30']
SELECT t0."Id", t0."ActualMinutes", t0."AssignedToUserId", t0."CompletedAt", t0."CreatedAt", t0."CreatedByUserId", t0."DeletedAt", t0."Description", t0."DueDate", t0."EstimatedMinutes", t0."IsDeleted", t0."OrderIndex", t0."OrganizationId", t0."ParentTaskId", t0."Priority", t0."ProjectId", t0."StartDate", t0."Status", t0."Title", t0."UpdatedAt", u0."Id", u0."CreatedAt", u0."DeletedAt", u0."Email", u0."EmailVerificationExpiry", u0."EmailVerificationToken", u0."FirstName", u0."IsActive", u0."IsDeleted", u0."IsEmailVerified", u0."LastLoginAt", u0."LastName", u0."OrganizationId", u0."PasswordHash", u0."PasswordResetExpiry", u0."PasswordResetToken", u0."ProfilePictureUrl", u0."RefreshToken", u0."RefreshTokenExpiry", u0."Role", u0."UpdatedAt", u2."Id", u2."CreatedAt", u2."DeletedAt", u2."Email", u2."EmailVerificationExpiry", u2."EmailVerificationToken", u2."FirstName", u2."IsActive", u2."IsDeleted", u2."IsEmailVerified", u2."LastLoginAt", u2."LastName", u2."OrganizationId", u2."PasswordHash", u2."PasswordResetExpiry", u2."PasswordResetToken", u2."ProfilePictureUrl", u2."RefreshToken", u2."RefreshTokenExpiry", u2."Role", u2."UpdatedAt", p0."Id", p0."CreatedAt", p0."CreatedByUserId", p0."DeletedAt", p0."Description", p0."DueDate", p0."IsDeleted", p0."Name", p0."OrganizationId", p0."ProjectLeadUserId", p0."StartDate", p0."Status", p0."UpdatedAt", s."TaskId", s."UserId", s."AssignedAt", s."AssignedByUserId", s."Id", s."CreatedAt", s."DeletedAt", s."Email", s."EmailVerificationExpiry", s."EmailVerificationToken", s."FirstName", s."IsActive", s."IsDeleted", s."IsEmailVerified", s."LastLoginAt", s."LastName", s."OrganizationId", s."PasswordHash", s."PasswordResetExpiry", s."PasswordResetToken", s."ProfilePictureUrl", s."RefreshToken", s."RefreshTokenExpiry", s."Role", s."UpdatedAt", t3."Id", t3."ActualMinutes", t3."AssignedToUserId", t3."CompletedAt", t3."CreatedAt", t3."CreatedByUserId", t3."DeletedAt", t3."Description", t3."DueDate", t3."EstimatedMinutes", t3."IsDeleted", t3."OrderIndex", t3."OrganizationId", t3."ParentTaskId", t3."Priority", t3."ProjectId", t3."StartDate", t3."Status", t3."Title", t3."UpdatedAt"
FROM (
    SELECT t."Id", t."ActualMinutes", t."AssignedToUserId", t."CompletedAt", t."CreatedAt", t."CreatedByUserId", t."DeletedAt", t."Description", t."DueDate", t."EstimatedMinutes", t."IsDeleted", t."OrderIndex", t."OrganizationId", t."ParentTaskId", t."Priority", t."ProjectId", t."StartDate", t."Status", t."Title", t."UpdatedAt"
    FROM "Tasks" AS t
    WHERE NOT (t."IsDeleted") AND t."ProjectId" = @__projectId_0
    ORDER BY t."OrderIndex"
    LIMIT @__p_2 OFFSET @__p_1
) AS t0
INNER JOIN (
    SELECT u."Id", u."CreatedAt", u."DeletedAt", u."Email", u."EmailVerificationExpiry", u."EmailVerificationToken", u."FirstName", u."IsActive", u."IsDeleted", u."IsEmailVerified", u."LastLoginAt", u."LastName", u."OrganizationId", u."PasswordHash", u."PasswordResetExpiry", u."PasswordResetToken", u."ProfilePictureUrl", u."RefreshToken", u."RefreshTokenExpiry", u."Role", u."UpdatedAt"
    FROM "Users" AS u
    WHERE NOT (u."IsDeleted")
) AS u0 ON t0."CreatedByUserId" = u0."Id"
LEFT JOIN (
    SELECT u1."Id", u1."CreatedAt", u1."DeletedAt", u1."Email", u1."EmailVerificationExpiry", u1."EmailVerificationToken", u1."FirstName", u1."IsActive", u1."IsDeleted", u1."IsEmailVerified", u1."LastLoginAt", u1."LastName", u1."OrganizationId", u1."PasswordHash", u1."PasswordResetExpiry", u1."PasswordResetToken", u1."ProfilePictureUrl", u1."RefreshToken", u1."RefreshTokenExpiry", u1."Role", u1."UpdatedAt"
    FROM "Users" AS u1
    WHERE NOT (u1."IsDeleted")
) AS u2 ON t0."AssignedToUserId" = u2."Id"
INNER JOIN (
    SELECT p."Id", p."CreatedAt", p."CreatedByUserId", p."DeletedAt", p."Description", p."DueDate", p."IsDeleted", p."Name", p."OrganizationId", p."ProjectLeadUserId", p."StartDate", p."Status", p."UpdatedAt"
    FROM "Projects" AS p
    WHERE NOT (p."IsDeleted")
) AS p0 ON t0."ProjectId" = p0."Id"
LEFT JOIN (
    SELECT t1."TaskId", t1."UserId", t1."AssignedAt", t1."AssignedByUserId", u4."Id", u4."CreatedAt", u4."DeletedAt", u4."Email", u4."EmailVerificationExpiry", u4."EmailVerificationToken", u4."FirstName", u4."IsActive", u4."IsDeleted", u4."IsEmailVerified", u4."LastLoginAt", u4."LastName", u4."OrganizationId", u4."PasswordHash", u4."PasswordResetExpiry", u4."PasswordResetToken", u4."ProfilePictureUrl", u4."RefreshToken", u4."RefreshTokenExpiry", u4."Role", u4."UpdatedAt"
    FROM "TaskAssignees" AS t1
    INNER JOIN (
        SELECT u3."Id", u3."CreatedAt", u3."DeletedAt", u3."Email", u3."EmailVerificationExpiry", u3."EmailVerificationToken", u3."FirstName", u3."IsActive", u3."IsDeleted", u3."IsEmailVerified", u3."LastLoginAt", u3."LastName", u3."OrganizationId", u3."PasswordHash", u3."PasswordResetExpiry", u3."PasswordResetToken", u3."ProfilePictureUrl", u3."RefreshToken", u3."RefreshTokenExpiry", u3."Role", u3."UpdatedAt"
        FROM "Users" AS u3
        WHERE NOT (u3."IsDeleted")
    ) AS u4 ON t1."UserId" = u4."Id"
) AS s ON t0."Id" = s."TaskId"
LEFT JOIN (
    SELECT t2."Id", t2."ActualMinutes", t2."AssignedToUserId", t2."CompletedAt", t2."CreatedAt", t2."CreatedByUserId", t2."DeletedAt", t2."Description", t2."DueDate", t2."EstimatedMinutes", t2."IsDeleted", t2."OrderIndex", t2."OrganizationId", t2."ParentTaskId", t2."Priority", t2."ProjectId", t2."StartDate", t2."Status", t2."Title", t2."UpdatedAt"
    FROM "Tasks" AS t2
    WHERE NOT (t2."IsDeleted")
) AS t3 ON t0."Id" = t3."ParentTaskId"
ORDER BY t0."OrderIndex", t0."Id", u0."Id", u2."Id", p0."Id", s."TaskId", s."UserId", s."Id"
2026-07-27 17:29:23.549 +06:00 [INF] [0HNNBQ8LEOI2E:00000001] [0HNNBQ8LEOI2E:00000001] GET /api/projects/00000000-0000-0000-0003-000000000001/tasks → 200 (19.5ms)
2026-07-27 17:29:32.810 +06:00 [DBG] [0HNNBQ8LEOI2G:00000001] Permission granted: Admin → projects.view
2026-07-27 17:29:32.812 +06:00 [INF] [0HNNBQ8LEOI2G:00000001] Executed DbCommand (1ms) [Parameters=[@___currentUser_UserId_0='00000000-0000-0000-0002-000000000002'], CommandType='"Text"', CommandTimeout='30']
SELECT u."Id", u."CreatedAt", u."DeletedAt", u."Email", u."EmailVerificationExpiry", u."EmailVerificationToken", u."FirstName", u."IsActive", u."IsDeleted", u."IsEmailVerified", u."LastLoginAt", u."LastName", u."OrganizationId", u."PasswordHash", u."PasswordResetExpiry", u."PasswordResetToken", u."ProfilePictureUrl", u."RefreshToken", u."RefreshTokenExpiry", u."Role", u."UpdatedAt", o0."Id", o0."CreatedAt", o0."DeletedAt", o0."Description", o0."IsActive", o0."IsDeleted", o0."LogoUrl", o0."Name", o0."Plan", o0."Slug", o0."UpdatedAt"
FROM "Users" AS u
INNER JOIN (
    SELECT o."Id", o."CreatedAt", o."DeletedAt", o."Description", o."IsActive", o."IsDeleted", o."LogoUrl", o."Name", o."Plan", o."Slug", o."UpdatedAt"
    FROM "Organizations" AS o
    WHERE NOT (o."IsDeleted")
) AS o0 ON u."OrganizationId" = o0."Id"
WHERE NOT (u."IsDeleted") AND u."Id" = @___currentUser_UserId_0
LIMIT 1
2026-07-27 17:29:32.814 +06:00 [INF] [0HNNBQ8LEOI2G:00000001] Executed DbCommand (1ms) [Parameters=[@___currentUser_OrganizationId_0='00000000-0000-0000-0001-000000000001', @__p_2='50', @__p_1='0'], CommandType='"Text"', CommandTimeout='30']
SELECT a."Id", a."Action", a."CreatedAt", a."EntityId", a."EntityName", a."EntityType", a."Metadata", a."OrganizationId", a."ProjectId", a."UserId", a."UserName"
FROM "ActivityLogs" AS a
WHERE a."OrganizationId" = @___currentUser_OrganizationId_0
ORDER BY a."CreatedAt" DESC
LIMIT @__p_2 OFFSET @__p_1
2026-07-27 17:29:32.815 +06:00 [INF] [0HNNBQ8LEOI2G:00000001] [0HNNBQ8LEOI2G:00000001] GET /api/activity → 200 (4.9ms)
2026-07-27 17:29:33.611 +06:00 [DBG] [0HNNBQ8LEOI2H:00000001] Permission granted: Admin → projects.view
2026-07-27 17:29:33.613 +06:00 [INF] [0HNNBQ8LEOI2H:00000001] Executed DbCommand (1ms) [Parameters=[@___currentUser_UserId_0='00000000-0000-0000-0002-000000000002'], CommandType='"Text"', CommandTimeout='30']
SELECT u."Id", u."CreatedAt", u."DeletedAt", u."Email", u."EmailVerificationExpiry", u."EmailVerificationToken", u."FirstName", u."IsActive", u."IsDeleted", u."IsEmailVerified", u."LastLoginAt", u."LastName", u."OrganizationId", u."PasswordHash", u."PasswordResetExpiry", u."PasswordResetToken", u."ProfilePictureUrl", u."RefreshToken", u."RefreshTokenExpiry", u."Role", u."UpdatedAt", o0."Id", o0."CreatedAt", o0."DeletedAt", o0."Description", o0."IsActive", o0."IsDeleted", o0."LogoUrl", o0."Name", o0."Plan", o0."Slug", o0."UpdatedAt"
FROM "Users" AS u
INNER JOIN (
    SELECT o."Id", o."CreatedAt", o."DeletedAt", o."Description", o."IsActive", o."IsDeleted", o."LogoUrl", o."Name", o."Plan", o."Slug", o."UpdatedAt"
    FROM "Organizations" AS o
    WHERE NOT (o."IsDeleted")
) AS o0 ON u."OrganizationId" = o0."Id"
WHERE NOT (u."IsDeleted") AND u."Id" = @___currentUser_UserId_0
LIMIT 1
2026-07-27 17:29:33.617 +06:00 [INF] [0HNNBQ8LEOI2H:00000001] Executed DbCommand (3ms) [Parameters=[@___currentUser_OrganizationId_0='00000000-0000-0000-0001-000000000001', @__p_2='50', @__p_1='0'], CommandType='"Text"', CommandTimeout='30']
SELECT a."Id", a."Action", a."CreatedAt", a."EntityId", a."EntityName", a."EntityType", a."Metadata", a."OrganizationId", a."ProjectId", a."UserId", a."UserName"
FROM "ActivityLogs" AS a
WHERE a."OrganizationId" = @___currentUser_OrganizationId_0
ORDER BY a."CreatedAt" DESC
LIMIT @__p_2 OFFSET @__p_1
2026-07-27 17:29:33.619 +06:00 [INF] [0HNNBQ8LEOI2H:00000001] [0HNNBQ8LEOI2H:00000001] GET /api/activity → 200 (8.3ms)
2026-07-27 17:29:34.266 +06:00 [DBG] [0HNNBQ8LEOI2I:00000001] Permission granted: Admin → projects.view
2026-07-27 17:29:34.269 +06:00 [INF] [0HNNBQ8LEOI2I:00000001] Executed DbCommand (1ms) [Parameters=[@___currentUser_UserId_0='00000000-0000-0000-0002-000000000002'], CommandType='"Text"', CommandTimeout='30']
SELECT u."Id", u."CreatedAt", u."DeletedAt", u."Email", u."EmailVerificationExpiry", u."EmailVerificationToken", u."FirstName", u."IsActive", u."IsDeleted", u."IsEmailVerified", u."LastLoginAt", u."LastName", u."OrganizationId", u."PasswordHash", u."PasswordResetExpiry", u."PasswordResetToken", u."ProfilePictureUrl", u."RefreshToken", u."RefreshTokenExpiry", u."Role", u."UpdatedAt", o0."Id", o0."CreatedAt", o0."DeletedAt", o0."Description", o0."IsActive", o0."IsDeleted", o0."LogoUrl", o0."Name", o0."Plan", o0."Slug", o0."UpdatedAt"
FROM "Users" AS u
INNER JOIN (
    SELECT o."Id", o."CreatedAt", o."DeletedAt", o."Description", o."IsActive", o."IsDeleted", o."LogoUrl", o."Name", o."Plan", o."Slug", o."UpdatedAt"
    FROM "Organizations" AS o
    WHERE NOT (o."IsDeleted")
) AS o0 ON u."OrganizationId" = o0."Id"
WHERE NOT (u."IsDeleted") AND u."Id" = @___currentUser_UserId_0
LIMIT 1
2026-07-27 17:29:34.272 +06:00 [INF] [0HNNBQ8LEOI2I:00000001] Executed DbCommand (3ms) [Parameters=[@___currentUser_OrganizationId_0='00000000-0000-0000-0001-000000000001', @__p_2='50', @__p_1='0'], CommandType='"Text"', CommandTimeout='30']
SELECT a."Id", a."Action", a."CreatedAt", a."EntityId", a."EntityName", a."EntityType", a."Metadata", a."OrganizationId", a."ProjectId", a."UserId", a."UserName"
FROM "ActivityLogs" AS a
WHERE a."OrganizationId" = @___currentUser_OrganizationId_0
ORDER BY a."CreatedAt" DESC
LIMIT @__p_2 OFFSET @__p_1
2026-07-27 17:29:34.273 +06:00 [INF] [0HNNBQ8LEOI2I:00000001] [0HNNBQ8LEOI2I:00000001] GET /api/activity → 200 (7.7ms)
2026-07-27 17:30:02.851 +06:00 [DBG] [0HNNBQ8LEOI2J:00000001] Permission granted: Admin → projects.view
2026-07-27 17:30:02.854 +06:00 [INF] [0HNNBQ8LEOI2J:00000001] Executed DbCommand (1ms) [Parameters=[@___currentUser_UserId_0='00000000-0000-0000-0002-000000000002'], CommandType='"Text"', CommandTimeout='30']
SELECT u."Id", u."CreatedAt", u."DeletedAt", u."Email", u."EmailVerificationExpiry", u."EmailVerificationToken", u."FirstName", u."IsActive", u."IsDeleted", u."IsEmailVerified", u."LastLoginAt", u."LastName", u."OrganizationId", u."PasswordHash", u."PasswordResetExpiry", u."PasswordResetToken", u."ProfilePictureUrl", u."RefreshToken", u."RefreshTokenExpiry", u."Role", u."UpdatedAt", o0."Id", o0."CreatedAt", o0."DeletedAt", o0."Description", o0."IsActive", o0."IsDeleted", o0."LogoUrl", o0."Name", o0."Plan", o0."Slug", o0."UpdatedAt"
FROM "Users" AS u
INNER JOIN (
    SELECT o."Id", o."CreatedAt", o."DeletedAt", o."Description", o."IsActive", o."IsDeleted", o."LogoUrl", o."Name", o."Plan", o."Slug", o."UpdatedAt"
    FROM "Organizations" AS o
    WHERE NOT (o."IsDeleted")
) AS o0 ON u."OrganizationId" = o0."Id"
WHERE NOT (u."IsDeleted") AND u."Id" = @___currentUser_UserId_0
LIMIT 1
2026-07-27 17:30:02.856 +06:00 [INF] [0HNNBQ8LEOI2J:00000001] Executed DbCommand (1ms) [Parameters=[@___currentUser_OrganizationId_0='00000000-0000-0000-0001-000000000001', @__p_2='50', @__p_1='0'], CommandType='"Text"', CommandTimeout='30']
SELECT a."Id", a."Action", a."CreatedAt", a."EntityId", a."EntityName", a."EntityType", a."Metadata", a."OrganizationId", a."ProjectId", a."UserId", a."UserName"
FROM "ActivityLogs" AS a
WHERE a."OrganizationId" = @___currentUser_OrganizationId_0
ORDER BY a."CreatedAt" DESC
LIMIT @__p_2 OFFSET @__p_1
2026-07-27 17:30:02.857 +06:00 [INF] [0HNNBQ8LEOI2J:00000001] [0HNNBQ8LEOI2J:00000001] GET /api/activity → 200 (5.9ms)
2026-07-27 17:30:07.358 +06:00 [INF] [0HNNBQ8LEOI2K:00000001] Executed DbCommand (1ms) [Parameters=[@___currentUser_UserId_0='00000000-0000-0000-0002-000000000002'], CommandType='"Text"', CommandTimeout='30']
SELECT u."Id", u."CreatedAt", u."DeletedAt", u."Email", u."EmailVerificationExpiry", u."EmailVerificationToken", u."FirstName", u."IsActive", u."IsDeleted", u."IsEmailVerified", u."LastLoginAt", u."LastName", u."OrganizationId", u."PasswordHash", u."PasswordResetExpiry", u."PasswordResetToken", u."ProfilePictureUrl", u."RefreshToken", u."RefreshTokenExpiry", u."Role", u."UpdatedAt", o0."Id", o0."CreatedAt", o0."DeletedAt", o0."Description", o0."IsActive", o0."IsDeleted", o0."LogoUrl", o0."Name", o0."Plan", o0."Slug", o0."UpdatedAt"
FROM "Users" AS u
INNER JOIN (
    SELECT o."Id", o."CreatedAt", o."DeletedAt", o."Description", o."IsActive", o."IsDeleted", o."LogoUrl", o."Name", o."Plan", o."Slug", o."UpdatedAt"
    FROM "Organizations" AS o
    WHERE NOT (o."IsDeleted")
) AS o0 ON u."OrganizationId" = o0."Id"
WHERE NOT (u."IsDeleted") AND u."Id" = @___currentUser_UserId_0
LIMIT 1
2026-07-27 17:30:07.385 +06:00 [INF] [0HNNBQ8LEOI2K:00000001] Executed DbCommand (1ms) [Parameters=[@__refreshToken_0='lrjrLZB885LT6e5UNjaRqT2OO5+gvFYPL6f50A5PFROY977hyKe9oXRZ/RZdrQFj/o+xBQZgnevgTXCYIsDMzg=='], CommandType='"Text"', CommandTimeout='30']
SELECT u."Id", u."CreatedAt", u."DeletedAt", u."Email", u."EmailVerificationExpiry", u."EmailVerificationToken", u."FirstName", u."IsActive", u."IsDeleted", u."IsEmailVerified", u."LastLoginAt", u."LastName", u."OrganizationId", u."PasswordHash", u."PasswordResetExpiry", u."PasswordResetToken", u."ProfilePictureUrl", u."RefreshToken", u."RefreshTokenExpiry", u."Role", u."UpdatedAt"
FROM "Users" AS u
WHERE NOT (u."IsDeleted") AND u."RefreshToken" = @__refreshToken_0
LIMIT 1
2026-07-27 17:30:07.406 +06:00 [INF] [0HNNBQ8LEOI2K:00000001] Executed DbCommand (19ms) [Parameters=[@p3='00000000-0000-0000-0002-000000000002', @p0=NULL, @p1=NULL (DbType = DateTime), @p2='2026-07-27T11:30:07.3862372Z' (DbType = DateTime)], CommandType='"Text"', CommandTimeout='30']
UPDATE "Users" SET "RefreshToken" = @p0, "RefreshTokenExpiry" = @p1, "UpdatedAt" = @p2
WHERE "Id" = @p3;
2026-07-27 17:30:07.406 +06:00 [INF] [0HNNBQ8LEOI2K:00000001] Refresh token revoked for user "00000000-0000-0000-0002-000000000002" — logout complete
2026-07-27 17:30:07.408 +06:00 [INF] [0HNNBQ8LEOI2K:00000001] [0HNNBQ8LEOI2K:00000001] POST /api/auth/revoke → 200 (53.0ms)
2026-07-27 17:30:10.014 +06:00 [INF] [0HNNBQ8LEOI2L:00000001] Executed DbCommand (1ms) [Parameters=[@__email_0='demo.owner@worksphere.io'], CommandType='"Text"', CommandTimeout='30']
SELECT u."Id", u."CreatedAt", u."DeletedAt", u."Email", u."EmailVerificationExpiry", u."EmailVerificationToken", u."FirstName", u."IsActive", u."IsDeleted", u."IsEmailVerified", u."LastLoginAt", u."LastName", u."OrganizationId", u."PasswordHash", u."PasswordResetExpiry", u."PasswordResetToken", u."ProfilePictureUrl", u."RefreshToken", u."RefreshTokenExpiry", u."Role", u."UpdatedAt", o0."Id", o0."CreatedAt", o0."DeletedAt", o0."Description", o0."IsActive", o0."IsDeleted", o0."LogoUrl", o0."Name", o0."Plan", o0."Slug", o0."UpdatedAt"
FROM "Users" AS u
INNER JOIN (
    SELECT o."Id", o."CreatedAt", o."DeletedAt", o."Description", o."IsActive", o."IsDeleted", o."LogoUrl", o."Name", o."Plan", o."Slug", o."UpdatedAt"
    FROM "Organizations" AS o
    WHERE NOT (o."IsDeleted")
) AS o0 ON u."OrganizationId" = o0."Id"
WHERE NOT (u."IsDeleted") AND u."Email" = @__email_0
LIMIT 1
2026-07-27 17:30:10.629 +06:00 [DBG] [0HNNBQ8LEOI2L:00000001] JWT access token generated for user "00000000-0000-0000-0002-000000000001" — expires "2026-07-27T11:45:10.6289818Z"
2026-07-27 17:30:10.629 +06:00 [DBG] [0HNNBQ8LEOI2L:00000001] Refresh token generated — expires "2026-08-03T11:30:10.6296669Z"
2026-07-27 17:30:10.661 +06:00 [INF] [0HNNBQ8LEOI2L:00000001] Executed DbCommand (32ms) [Parameters=[@p4='00000000-0000-0000-0002-000000000001', @p0='2026-07-27T11:30:10.6298358Z' (Nullable = true) (DbType = DateTime), @p1='qNZImQaxPkEui7bWBOP0Pe8LgDmExlXQTZUZfFrJG0h1yOffV8R1tw9vSNyLwcbDH3su7rANVMkj0GaOp1WFzw==', @p2='2026-08-03T11:30:10.6298349Z' (Nullable = true) (DbType = DateTime), @p3='2026-07-27T11:30:10.6299849Z' (DbType = DateTime)], CommandType='"Text"', CommandTimeout='30']
UPDATE "Users" SET "LastLoginAt" = @p0, "RefreshToken" = @p1, "RefreshTokenExpiry" = @p2, "UpdatedAt" = @p3
WHERE "Id" = @p4;
2026-07-27 17:30:10.662 +06:00 [INF] [0HNNBQ8LEOI2L:00000001] User "00000000-0000-0000-0002-000000000001" logged in from org "00000000-0000-0000-0001-000000000001"
2026-07-27 17:30:10.663 +06:00 [INF] [0HNNBQ8LEOI2L:00000001] [0HNNBQ8LEOI2L:00000001] POST /api/auth/login → 200 (676.5ms)
2026-07-27 17:30:12.061 +06:00 [DBG] [0HNNBQ8LEOI2M:00000001] Permission granted: Owner → projects.view
2026-07-27 17:30:12.061 +06:00 [DBG] [0HNNBQ8LEOI2N:00000001] Permission granted: Owner → members.view
2026-07-27 17:30:12.063 +06:00 [INF] [0HNNBQ8LEOI2N:00000001] Executed DbCommand (1ms) [Parameters=[@___currentUser_UserId_0='00000000-0000-0000-0002-000000000001'], CommandType='"Text"', CommandTimeout='30']
SELECT u."Id", u."CreatedAt", u."DeletedAt", u."Email", u."EmailVerificationExpiry", u."EmailVerificationToken", u."FirstName", u."IsActive", u."IsDeleted", u."IsEmailVerified", u."LastLoginAt", u."LastName", u."OrganizationId", u."PasswordHash", u."PasswordResetExpiry", u."PasswordResetToken", u."ProfilePictureUrl", u."RefreshToken", u."RefreshTokenExpiry", u."Role", u."UpdatedAt", o0."Id", o0."CreatedAt", o0."DeletedAt", o0."Description", o0."IsActive", o0."IsDeleted", o0."LogoUrl", o0."Name", o0."Plan", o0."Slug", o0."UpdatedAt"
FROM "Users" AS u
INNER JOIN (
    SELECT o."Id", o."CreatedAt", o."DeletedAt", o."Description", o."IsActive", o."IsDeleted", o."LogoUrl", o."Name", o."Plan", o."Slug", o."UpdatedAt"
    FROM "Organizations" AS o
    WHERE NOT (o."IsDeleted")
) AS o0 ON u."OrganizationId" = o0."Id"
WHERE NOT (u."IsDeleted") AND u."Id" = @___currentUser_UserId_0
LIMIT 1
2026-07-27 17:30:12.063 +06:00 [INF] [0HNNBQ8LEOI2M:00000001] Executed DbCommand (1ms) [Parameters=[@___currentUser_UserId_0='00000000-0000-0000-0002-000000000001'], CommandType='"Text"', CommandTimeout='30']
SELECT u."Id", u."CreatedAt", u."DeletedAt", u."Email", u."EmailVerificationExpiry", u."EmailVerificationToken", u."FirstName", u."IsActive", u."IsDeleted", u."IsEmailVerified", u."LastLoginAt", u."LastName", u."OrganizationId", u."PasswordHash", u."PasswordResetExpiry", u."PasswordResetToken", u."ProfilePictureUrl", u."RefreshToken", u."RefreshTokenExpiry", u."Role", u."UpdatedAt", o0."Id", o0."CreatedAt", o0."DeletedAt", o0."Description", o0."IsActive", o0."IsDeleted", o0."LogoUrl", o0."Name", o0."Plan", o0."Slug", o0."UpdatedAt"
FROM "Users" AS u
INNER JOIN (
    SELECT o."Id", o."CreatedAt", o."DeletedAt", o."Description", o."IsActive", o."IsDeleted", o."LogoUrl", o."Name", o."Plan", o."Slug", o."UpdatedAt"
    FROM "Organizations" AS o
    WHERE NOT (o."IsDeleted")
) AS o0 ON u."OrganizationId" = o0."Id"
WHERE NOT (u."IsDeleted") AND u."Id" = @___currentUser_UserId_0
LIMIT 1
2026-07-27 17:30:12.065 +06:00 [INF] [0HNNBQ8LEOI2M:00000001] Executed DbCommand (1ms) [Parameters=[@___currentUser_OrganizationId_0='00000000-0000-0000-0001-000000000001'], CommandType='"Text"', CommandTimeout='30']
SELECT count(*)::int
FROM "Projects" AS p
WHERE NOT (p."IsDeleted") AND p."OrganizationId" = @___currentUser_OrganizationId_0
2026-07-27 17:30:12.065 +06:00 [INF] [0HNNBQ8LEOI2N:00000001] Executed DbCommand (1ms) [Parameters=[@___currentUser_OrganizationId_0='00000000-0000-0000-0001-000000000001'], CommandType='"Text"', CommandTimeout='30']
SELECT count(*)::int
FROM "Users" AS u
WHERE NOT (u."IsDeleted") AND u."OrganizationId" = @___currentUser_OrganizationId_0
2026-07-27 17:30:12.067 +06:00 [INF] [0HNNBQ8LEOI2N:00000001] Executed DbCommand (1ms) [Parameters=[@___currentUser_OrganizationId_0='00000000-0000-0000-0001-000000000001', @__p_2='100', @__p_1='0'], CommandType='"Text"', CommandTimeout='30']
SELECT u."Id", u."CreatedAt", u."DeletedAt", u."Email", u."EmailVerificationExpiry", u."EmailVerificationToken", u."FirstName", u."IsActive", u."IsDeleted", u."IsEmailVerified", u."LastLoginAt", u."LastName", u."OrganizationId", u."PasswordHash", u."PasswordResetExpiry", u."PasswordResetToken", u."ProfilePictureUrl", u."RefreshToken", u."RefreshTokenExpiry", u."Role", u."UpdatedAt"
FROM "Users" AS u
WHERE NOT (u."IsDeleted") AND u."OrganizationId" = @___currentUser_OrganizationId_0
ORDER BY u."FirstName", u."LastName"
LIMIT @__p_2 OFFSET @__p_1
2026-07-27 17:30:12.068 +06:00 [INF] [0HNNBQ8LEOI2M:00000001] Executed DbCommand (2ms) [Parameters=[@___currentUser_OrganizationId_0='00000000-0000-0000-0001-000000000001', @__p_2='100', @__p_1='0'], CommandType='"Text"', CommandTimeout='30']
SELECT p0."Id", p0."CreatedAt", p0."CreatedByUserId", p0."DeletedAt", p0."Description", p0."DueDate", p0."IsDeleted", p0."Name", p0."OrganizationId", p0."ProjectLeadUserId", p0."StartDate", p0."Status", p0."UpdatedAt", u0."Id", u0."CreatedAt", u0."DeletedAt", u0."Email", u0."EmailVerificationExpiry", u0."EmailVerificationToken", u0."FirstName", u0."IsActive", u0."IsDeleted", u0."IsEmailVerified", u0."LastLoginAt", u0."LastName", u0."OrganizationId", u0."PasswordHash", u0."PasswordResetExpiry", u0."PasswordResetToken", u0."ProfilePictureUrl", u0."RefreshToken", u0."RefreshTokenExpiry", u0."Role", u0."UpdatedAt", u2."Id", u2."CreatedAt", u2."DeletedAt", u2."Email", u2."EmailVerificationExpiry", u2."EmailVerificationToken", u2."FirstName", u2."IsActive", u2."IsDeleted", u2."IsEmailVerified", u2."LastLoginAt", u2."LastName", u2."OrganizationId", u2."PasswordHash", u2."PasswordResetExpiry", u2."PasswordResetToken", u2."ProfilePictureUrl", u2."RefreshToken", u2."RefreshTokenExpiry", u2."Role", u2."UpdatedAt", t0."Id", t0."ActualMinutes", t0."AssignedToUserId", t0."CompletedAt", t0."CreatedAt", t0."CreatedByUserId", t0."DeletedAt", t0."Description", t0."DueDate", t0."EstimatedMinutes", t0."IsDeleted", t0."OrderIndex", t0."OrganizationId", t0."ParentTaskId", t0."Priority", t0."ProjectId", t0."StartDate", t0."Status", t0."Title", t0."UpdatedAt"
FROM (
    SELECT p."Id", p."CreatedAt", p."CreatedByUserId", p."DeletedAt", p."Description", p."DueDate", p."IsDeleted", p."Name", p."OrganizationId", p."ProjectLeadUserId", p."StartDate", p."Status", p."UpdatedAt"
    FROM "Projects" AS p
    WHERE NOT (p."IsDeleted") AND p."OrganizationId" = @___currentUser_OrganizationId_0
    ORDER BY p."CreatedAt" DESC
    LIMIT @__p_2 OFFSET @__p_1
) AS p0
INNER JOIN (
    SELECT u."Id", u."CreatedAt", u."DeletedAt", u."Email", u."EmailVerificationExpiry", u."EmailVerificationToken", u."FirstName", u."IsActive", u."IsDeleted", u."IsEmailVerified", u."LastLoginAt", u."LastName", u."OrganizationId", u."PasswordHash", u."PasswordResetExpiry", u."PasswordResetToken", u."ProfilePictureUrl", u."RefreshToken", u."RefreshTokenExpiry", u."Role", u."UpdatedAt"
    FROM "Users" AS u
    WHERE NOT (u."IsDeleted")
) AS u0 ON p0."CreatedByUserId" = u0."Id"
LEFT JOIN (
    SELECT u1."Id", u1."CreatedAt", u1."DeletedAt", u1."Email", u1."EmailVerificationExpiry", u1."EmailVerificationToken", u1."FirstName", u1."IsActive", u1."IsDeleted", u1."IsEmailVerified", u1."LastLoginAt", u1."LastName", u1."OrganizationId", u1."PasswordHash", u1."PasswordResetExpiry", u1."PasswordResetToken", u1."ProfilePictureUrl", u1."RefreshToken", u1."RefreshTokenExpiry", u1."Role", u1."UpdatedAt"
    FROM "Users" AS u1
    WHERE NOT (u1."IsDeleted")
) AS u2 ON p0."ProjectLeadUserId" = u2."Id"
LEFT JOIN (
    SELECT t."Id", t."ActualMinutes", t."AssignedToUserId", t."CompletedAt", t."CreatedAt", t."CreatedByUserId", t."DeletedAt", t."Description", t."DueDate", t."EstimatedMinutes", t."IsDeleted", t."OrderIndex", t."OrganizationId", t."ParentTaskId", t."Priority", t."ProjectId", t."StartDate", t."Status", t."Title", t."UpdatedAt"
    FROM "Tasks" AS t
    WHERE NOT (t."IsDeleted")
) AS t0 ON p0."Id" = t0."ProjectId"
ORDER BY p0."CreatedAt" DESC, p0."Id", u0."Id", u2."Id"
2026-07-27 17:30:12.068 +06:00 [INF] [0HNNBQ8LEOI2N:00000001] Members listed for org "00000000-0000-0000-0001-000000000001" — page 1, 4 results
2026-07-27 17:30:12.070 +06:00 [INF] [0HNNBQ8LEOI2N:00000001] [0HNNBQ8LEOI2N:00000001] GET /api/organizations/me/members → 200 (9.3ms)
2026-07-27 17:30:12.071 +06:00 [INF] [0HNNBQ8LEOI2M:00000001] Projects listed for org "00000000-0000-0000-0001-000000000001" — 5 results
2026-07-27 17:30:12.072 +06:00 [INF] [0HNNBQ8LEOI2M:00000001] [0HNNBQ8LEOI2M:00000001] GET /api/projects → 200 (12.1ms)
2026-07-27 17:30:16.619 +06:00 [DBG] [0HNNBQ8LEOI2O:00000001] Permission granted: Owner → projects.view
2026-07-27 17:30:16.621 +06:00 [INF] [0HNNBQ8LEOI2O:00000001] Executed DbCommand (1ms) [Parameters=[@___currentUser_UserId_0='00000000-0000-0000-0002-000000000001'], CommandType='"Text"', CommandTimeout='30']
SELECT u."Id", u."CreatedAt", u."DeletedAt", u."Email", u."EmailVerificationExpiry", u."EmailVerificationToken", u."FirstName", u."IsActive", u."IsDeleted", u."IsEmailVerified", u."LastLoginAt", u."LastName", u."OrganizationId", u."PasswordHash", u."PasswordResetExpiry", u."PasswordResetToken", u."ProfilePictureUrl", u."RefreshToken", u."RefreshTokenExpiry", u."Role", u."UpdatedAt", o0."Id", o0."CreatedAt", o0."DeletedAt", o0."Description", o0."IsActive", o0."IsDeleted", o0."LogoUrl", o0."Name", o0."Plan", o0."Slug", o0."UpdatedAt"
FROM "Users" AS u
INNER JOIN (
    SELECT o."Id", o."CreatedAt", o."DeletedAt", o."Description", o."IsActive", o."IsDeleted", o."LogoUrl", o."Name", o."Plan", o."Slug", o."UpdatedAt"
    FROM "Organizations" AS o
    WHERE NOT (o."IsDeleted")
) AS o0 ON u."OrganizationId" = o0."Id"
WHERE NOT (u."IsDeleted") AND u."Id" = @___currentUser_UserId_0
LIMIT 1
2026-07-27 17:30:16.623 +06:00 [INF] [0HNNBQ8LEOI2O:00000001] Executed DbCommand (1ms) [Parameters=[@___currentUser_OrganizationId_0='00000000-0000-0000-0001-000000000001', @__p_2='50', @__p_1='0'], CommandType='"Text"', CommandTimeout='30']
SELECT a."Id", a."Action", a."CreatedAt", a."EntityId", a."EntityName", a."EntityType", a."Metadata", a."OrganizationId", a."ProjectId", a."UserId", a."UserName"
FROM "ActivityLogs" AS a
WHERE a."OrganizationId" = @___currentUser_OrganizationId_0
ORDER BY a."CreatedAt" DESC
LIMIT @__p_2 OFFSET @__p_1
2026-07-27 17:30:16.624 +06:00 [INF] [0HNNBQ8LEOI2O:00000001] [0HNNBQ8LEOI2O:00000001] GET /api/activity → 200 (5.6ms)
2026-07-27 17:30:19.333 +06:00 [INF] [0HNNBQ8LEOI2P:00000001] Executed DbCommand (1ms) [Parameters=[@___currentUser_UserId_0='00000000-0000-0000-0002-000000000001'], CommandType='"Text"', CommandTimeout='30']
SELECT u."Id", u."CreatedAt", u."DeletedAt", u."Email", u."EmailVerificationExpiry", u."EmailVerificationToken", u."FirstName", u."IsActive", u."IsDeleted", u."IsEmailVerified", u."LastLoginAt", u."LastName", u."OrganizationId", u."PasswordHash", u."PasswordResetExpiry", u."PasswordResetToken", u."ProfilePictureUrl", u."RefreshToken", u."RefreshTokenExpiry", u."Role", u."UpdatedAt", o0."Id", o0."CreatedAt", o0."DeletedAt", o0."Description", o0."IsActive", o0."IsDeleted", o0."LogoUrl", o0."Name", o0."Plan", o0."Slug", o0."UpdatedAt"
FROM "Users" AS u
INNER JOIN (
    SELECT o."Id", o."CreatedAt", o."DeletedAt", o."Description", o."IsActive", o."IsDeleted", o."LogoUrl", o."Name", o."Plan", o."Slug", o."UpdatedAt"
    FROM "Organizations" AS o
    WHERE NOT (o."IsDeleted")
) AS o0 ON u."OrganizationId" = o0."Id"
WHERE NOT (u."IsDeleted") AND u."Id" = @___currentUser_UserId_0
LIMIT 1
2026-07-27 17:30:19.336 +06:00 [INF] [0HNNBQ8LEOI2P:00000001] Executed DbCommand (1ms) [Parameters=[@__refreshToken_0='qNZImQaxPkEui7bWBOP0Pe8LgDmExlXQTZUZfFrJG0h1yOffV8R1tw9vSNyLwcbDH3su7rANVMkj0GaOp1WFzw=='], CommandType='"Text"', CommandTimeout='30']
SELECT u."Id", u."CreatedAt", u."DeletedAt", u."Email", u."EmailVerificationExpiry", u."EmailVerificationToken", u."FirstName", u."IsActive", u."IsDeleted", u."IsEmailVerified", u."LastLoginAt", u."LastName", u."OrganizationId", u."PasswordHash", u."PasswordResetExpiry", u."PasswordResetToken", u."ProfilePictureUrl", u."RefreshToken", u."RefreshTokenExpiry", u."Role", u."UpdatedAt"
FROM "Users" AS u
WHERE NOT (u."IsDeleted") AND u."RefreshToken" = @__refreshToken_0
LIMIT 1
2026-07-27 17:30:19.339 +06:00 [INF] [0HNNBQ8LEOI2P:00000001] Executed DbCommand (2ms) [Parameters=[@p3='00000000-0000-0000-0002-000000000001', @p0=NULL, @p1=NULL (DbType = DateTime), @p2='2026-07-27T11:30:19.3366025Z' (DbType = DateTime)], CommandType='"Text"', CommandTimeout='30']
UPDATE "Users" SET "RefreshToken" = @p0, "RefreshTokenExpiry" = @p1, "UpdatedAt" = @p2
WHERE "Id" = @p3;
2026-07-27 17:30:19.339 +06:00 [INF] [0HNNBQ8LEOI2P:00000001] Refresh token revoked for user "00000000-0000-0000-0002-000000000001" — logout complete
2026-07-27 17:30:19.340 +06:00 [INF] [0HNNBQ8LEOI2P:00000001] [0HNNBQ8LEOI2P:00000001] POST /api/auth/revoke → 200 (8.6ms)
2026-07-27 17:30:22.434 +06:00 [INF] [0HNNBQ8LEOI2Q:00000001] Executed DbCommand (1ms) [Parameters=[@__email_0='demo.member1@worksphere.io'], CommandType='"Text"', CommandTimeout='30']
SELECT u."Id", u."CreatedAt", u."DeletedAt", u."Email", u."EmailVerificationExpiry", u."EmailVerificationToken", u."FirstName", u."IsActive", u."IsDeleted", u."IsEmailVerified", u."LastLoginAt", u."LastName", u."OrganizationId", u."PasswordHash", u."PasswordResetExpiry", u."PasswordResetToken", u."ProfilePictureUrl", u."RefreshToken", u."RefreshTokenExpiry", u."Role", u."UpdatedAt", o0."Id", o0."CreatedAt", o0."DeletedAt", o0."Description", o0."IsActive", o0."IsDeleted", o0."LogoUrl", o0."Name", o0."Plan", o0."Slug", o0."UpdatedAt"
FROM "Users" AS u
INNER JOIN (
    SELECT o."Id", o."CreatedAt", o."DeletedAt", o."Description", o."IsActive", o."IsDeleted", o."LogoUrl", o."Name", o."Plan", o."Slug", o."UpdatedAt"
    FROM "Organizations" AS o
    WHERE NOT (o."IsDeleted")
) AS o0 ON u."OrganizationId" = o0."Id"
WHERE NOT (u."IsDeleted") AND u."Email" = @__email_0
LIMIT 1
2026-07-27 17:30:22.822 +06:00 [DBG] [0HNNBQ8LEOI2Q:00000001] JWT access token generated for user "00000000-0000-0000-0002-000000000003" — expires "2026-07-27T11:45:22.8220549Z"
2026-07-27 17:30:22.823 +06:00 [DBG] [0HNNBQ8LEOI2Q:00000001] Refresh token generated — expires "2026-08-03T11:30:22.8230228Z"
2026-07-27 17:30:22.825 +06:00 [INF] [0HNNBQ8LEOI2Q:00000001] Executed DbCommand (2ms) [Parameters=[@p4='00000000-0000-0000-0002-000000000003', @p0='2026-07-27T11:30:22.8232138Z' (Nullable = true) (DbType = DateTime), @p1='wtv1FzPBkxus2io/VJxrz41qS1sBaId5sPDWCu15H0X6FF9xQ8oalcuhw/Kse/HtkbyJ1T95qm4aVzpSN5xM4w==', @p2='2026-08-03T11:30:22.8232119Z' (Nullable = true) (DbType = DateTime), @p3='2026-07-27T11:30:22.8233716Z' (DbType = DateTime)], CommandType='"Text"', CommandTimeout='30']
UPDATE "Users" SET "LastLoginAt" = @p0, "RefreshToken" = @p1, "RefreshTokenExpiry" = @p2, "UpdatedAt" = @p3
WHERE "Id" = @p4;
2026-07-27 17:30:22.826 +06:00 [INF] [0HNNBQ8LEOI2Q:00000001] User "00000000-0000-0000-0002-000000000003" logged in from org "00000000-0000-0000-0001-000000000001"
2026-07-27 17:30:22.826 +06:00 [INF] [0HNNBQ8LEOI2Q:00000001] [0HNNBQ8LEOI2Q:00000001] POST /api/auth/login → 200 (395.7ms)
2026-07-27 17:30:25.694 +06:00 [DBG] [0HNNBQ8LEOI2R:00000001] Permission granted: Member → tasks.view
2026-07-27 17:30:25.696 +06:00 [INF] [0HNNBQ8LEOI2R:00000001] Executed DbCommand (1ms) [Parameters=[@___currentUser_UserId_0='00000000-0000-0000-0002-000000000003'], CommandType='"Text"', CommandTimeout='30']
SELECT u."Id", u."CreatedAt", u."DeletedAt", u."Email", u."EmailVerificationExpiry", u."EmailVerificationToken", u."FirstName", u."IsActive", u."IsDeleted", u."IsEmailVerified", u."LastLoginAt", u."LastName", u."OrganizationId", u."PasswordHash", u."PasswordResetExpiry", u."PasswordResetToken", u."ProfilePictureUrl", u."RefreshToken", u."RefreshTokenExpiry", u."Role", u."UpdatedAt", o0."Id", o0."CreatedAt", o0."DeletedAt", o0."Description", o0."IsActive", o0."IsDeleted", o0."LogoUrl", o0."Name", o0."Plan", o0."Slug", o0."UpdatedAt"
FROM "Users" AS u
INNER JOIN (
    SELECT o."Id", o."CreatedAt", o."DeletedAt", o."Description", o."IsActive", o."IsDeleted", o."LogoUrl", o."Name", o."Plan", o."Slug", o."UpdatedAt"
    FROM "Organizations" AS o
    WHERE NOT (o."IsDeleted")
) AS o0 ON u."OrganizationId" = o0."Id"
WHERE NOT (u."IsDeleted") AND u."Id" = @___currentUser_UserId_0
LIMIT 1
2026-07-27 17:30:25.732 +06:00 [INF] [0HNNBQ8LEOI2R:00000001] Executed DbCommand (1ms) [Parameters=[@__orgId_0='00000000-0000-0000-0001-000000000001', @__userId_1='00000000-0000-0000-0002-000000000003' (Nullable = true)], CommandType='"Text"', CommandTimeout='30']
SELECT t."Id", t."ActualMinutes", t."AssignedToUserId", t."CompletedAt", t."CreatedAt", t."CreatedByUserId", t."DeletedAt", t."Description", t."DueDate", t."EstimatedMinutes", t."IsDeleted", t."OrderIndex", t."OrganizationId", t."ParentTaskId", t."Priority", t."ProjectId", t."StartDate", t."Status", t."Title", t."UpdatedAt", p0."Id", p0."CreatedAt", p0."CreatedByUserId", p0."DeletedAt", p0."Description", p0."DueDate", p0."IsDeleted", p0."Name", p0."OrganizationId", p0."ProjectLeadUserId", p0."StartDate", p0."Status", p0."UpdatedAt"
FROM "Tasks" AS t
INNER JOIN (
    SELECT p."Id", p."CreatedAt", p."CreatedByUserId", p."DeletedAt", p."Description", p."DueDate", p."IsDeleted", p."Name", p."OrganizationId", p."ProjectLeadUserId", p."StartDate", p."Status", p."UpdatedAt"
    FROM "Projects" AS p
    WHERE NOT (p."IsDeleted")
) AS p0 ON t."ProjectId" = p0."Id"
WHERE NOT (t."IsDeleted") AND t."OrganizationId" = @__orgId_0 AND t."AssignedToUserId" = @__userId_1
2026-07-27 17:30:25.744 +06:00 [INF] [0HNNBQ8LEOI2R:00000001] Executed DbCommand (1ms) [Parameters=[@__userId_0='00000000-0000-0000-0002-000000000003'], CommandType='"Text"', CommandTimeout='30']
SELECT t."TaskId"
FROM "TaskAssignees" AS t
WHERE t."UserId" = @__userId_0
2026-07-27 17:30:25.864 +06:00 [INF] [0HNNBQ8LEOI2R:00000001] Executed DbCommand (64ms) [Parameters=[@__orgId_0='00000000-0000-0000-0001-000000000001', @__collaboratorTaskIds_1={ '00000000-0000-0000-0004-000000000001' } (DbType = Object)], CommandType='"Text"', CommandTimeout='30']
SELECT t."Id", t."ActualMinutes", t."AssignedToUserId", t."CompletedAt", t."CreatedAt", t."CreatedByUserId", t."DeletedAt", t."Description", t."DueDate", t."EstimatedMinutes", t."IsDeleted", t."OrderIndex", t."OrganizationId", t."ParentTaskId", t."Priority", t."ProjectId", t."StartDate", t."Status", t."Title", t."UpdatedAt", p0."Id", p0."CreatedAt", p0."CreatedByUserId", p0."DeletedAt", p0."Description", p0."DueDate", p0."IsDeleted", p0."Name", p0."OrganizationId", p0."ProjectLeadUserId", p0."StartDate", p0."Status", p0."UpdatedAt"
FROM "Tasks" AS t
INNER JOIN (
    SELECT p."Id", p."CreatedAt", p."CreatedByUserId", p."DeletedAt", p."Description", p."DueDate", p."IsDeleted", p."Name", p."OrganizationId", p."ProjectLeadUserId", p."StartDate", p."Status", p."UpdatedAt"
    FROM "Projects" AS p
    WHERE NOT (p."IsDeleted")
) AS p0 ON t."ProjectId" = p0."Id"
WHERE NOT (t."IsDeleted") AND t."OrganizationId" = @__orgId_0 AND t."Id" = ANY (@__collaboratorTaskIds_1)
2026-07-27 17:30:25.873 +06:00 [INF] [0HNNBQ8LEOI2R:00000001] [0HNNBQ8LEOI2R:00000001] GET /api/users/me/tasks → 200 (179.8ms)
2026-07-27 17:30:28.406 +06:00 [DBG] [0HNNBQ8LEOI2S:00000001] Permission granted: Member → projects.view
2026-07-27 17:30:28.408 +06:00 [INF] [0HNNBQ8LEOI2S:00000001] Executed DbCommand (1ms) [Parameters=[@___currentUser_UserId_0='00000000-0000-0000-0002-000000000003'], CommandType='"Text"', CommandTimeout='30']
SELECT u."Id", u."CreatedAt", u."DeletedAt", u."Email", u."EmailVerificationExpiry", u."EmailVerificationToken", u."FirstName", u."IsActive", u."IsDeleted", u."IsEmailVerified", u."LastLoginAt", u."LastName", u."OrganizationId", u."PasswordHash", u."PasswordResetExpiry", u."PasswordResetToken", u."ProfilePictureUrl", u."RefreshToken", u."RefreshTokenExpiry", u."Role", u."UpdatedAt", o0."Id", o0."CreatedAt", o0."DeletedAt", o0."Description", o0."IsActive", o0."IsDeleted", o0."LogoUrl", o0."Name", o0."Plan", o0."Slug", o0."UpdatedAt"
FROM "Users" AS u
INNER JOIN (
    SELECT o."Id", o."CreatedAt", o."DeletedAt", o."Description", o."IsActive", o."IsDeleted", o."LogoUrl", o."Name", o."Plan", o."Slug", o."UpdatedAt"
    FROM "Organizations" AS o
    WHERE NOT (o."IsDeleted")
) AS o0 ON u."OrganizationId" = o0."Id"
WHERE NOT (u."IsDeleted") AND u."Id" = @___currentUser_UserId_0
LIMIT 1
2026-07-27 17:30:28.410 +06:00 [INF] [0HNNBQ8LEOI2S:00000001] Executed DbCommand (1ms) [Parameters=[@___currentUser_OrganizationId_0='00000000-0000-0000-0001-000000000001'], CommandType='"Text"', CommandTimeout='30']
SELECT count(*)::int
FROM "Projects" AS p
WHERE NOT (p."IsDeleted") AND p."OrganizationId" = @___currentUser_OrganizationId_0
2026-07-27 17:30:28.414 +06:00 [INF] [0HNNBQ8LEOI2S:00000001] Executed DbCommand (4ms) [Parameters=[@___currentUser_OrganizationId_0='00000000-0000-0000-0001-000000000001', @__p_2='100', @__p_1='0'], CommandType='"Text"', CommandTimeout='30']
SELECT p0."Id", p0."CreatedAt", p0."CreatedByUserId", p0."DeletedAt", p0."Description", p0."DueDate", p0."IsDeleted", p0."Name", p0."OrganizationId", p0."ProjectLeadUserId", p0."StartDate", p0."Status", p0."UpdatedAt", u0."Id", u0."CreatedAt", u0."DeletedAt", u0."Email", u0."EmailVerificationExpiry", u0."EmailVerificationToken", u0."FirstName", u0."IsActive", u0."IsDeleted", u0."IsEmailVerified", u0."LastLoginAt", u0."LastName", u0."OrganizationId", u0."PasswordHash", u0."PasswordResetExpiry", u0."PasswordResetToken", u0."ProfilePictureUrl", u0."RefreshToken", u0."RefreshTokenExpiry", u0."Role", u0."UpdatedAt", u2."Id", u2."CreatedAt", u2."DeletedAt", u2."Email", u2."EmailVerificationExpiry", u2."EmailVerificationToken", u2."FirstName", u2."IsActive", u2."IsDeleted", u2."IsEmailVerified", u2."LastLoginAt", u2."LastName", u2."OrganizationId", u2."PasswordHash", u2."PasswordResetExpiry", u2."PasswordResetToken", u2."ProfilePictureUrl", u2."RefreshToken", u2."RefreshTokenExpiry", u2."Role", u2."UpdatedAt", t0."Id", t0."ActualMinutes", t0."AssignedToUserId", t0."CompletedAt", t0."CreatedAt", t0."CreatedByUserId", t0."DeletedAt", t0."Description", t0."DueDate", t0."EstimatedMinutes", t0."IsDeleted", t0."OrderIndex", t0."OrganizationId", t0."ParentTaskId", t0."Priority", t0."ProjectId", t0."StartDate", t0."Status", t0."Title", t0."UpdatedAt"
FROM (
    SELECT p."Id", p."CreatedAt", p."CreatedByUserId", p."DeletedAt", p."Description", p."DueDate", p."IsDeleted", p."Name", p."OrganizationId", p."ProjectLeadUserId", p."StartDate", p."Status", p."UpdatedAt"
    FROM "Projects" AS p
    WHERE NOT (p."IsDeleted") AND p."OrganizationId" = @___currentUser_OrganizationId_0
    ORDER BY p."CreatedAt" DESC
    LIMIT @__p_2 OFFSET @__p_1
) AS p0
INNER JOIN (
    SELECT u."Id", u."CreatedAt", u."DeletedAt", u."Email", u."EmailVerificationExpiry", u."EmailVerificationToken", u."FirstName", u."IsActive", u."IsDeleted", u."IsEmailVerified", u."LastLoginAt", u."LastName", u."OrganizationId", u."PasswordHash", u."PasswordResetExpiry", u."PasswordResetToken", u."ProfilePictureUrl", u."RefreshToken", u."RefreshTokenExpiry", u."Role", u."UpdatedAt"
    FROM "Users" AS u
    WHERE NOT (u."IsDeleted")
) AS u0 ON p0."CreatedByUserId" = u0."Id"
LEFT JOIN (
    SELECT u1."Id", u1."CreatedAt", u1."DeletedAt", u1."Email", u1."EmailVerificationExpiry", u1."EmailVerificationToken", u1."FirstName", u1."IsActive", u1."IsDeleted", u1."IsEmailVerified", u1."LastLoginAt", u1."LastName", u1."OrganizationId", u1."PasswordHash", u1."PasswordResetExpiry", u1."PasswordResetToken", u1."ProfilePictureUrl", u1."RefreshToken", u1."RefreshTokenExpiry", u1."Role", u1."UpdatedAt"
    FROM "Users" AS u1
    WHERE NOT (u1."IsDeleted")
) AS u2 ON p0."ProjectLeadUserId" = u2."Id"
LEFT JOIN (
    SELECT t."Id", t."ActualMinutes", t."AssignedToUserId", t."CompletedAt", t."CreatedAt", t."CreatedByUserId", t."DeletedAt", t."Description", t."DueDate", t."EstimatedMinutes", t."IsDeleted", t."OrderIndex", t."OrganizationId", t."ParentTaskId", t."Priority", t."ProjectId", t."StartDate", t."Status", t."Title", t."UpdatedAt"
    FROM "Tasks" AS t
    WHERE NOT (t."IsDeleted")
) AS t0 ON p0."Id" = t0."ProjectId"
ORDER BY p0."CreatedAt" DESC, p0."Id", u0."Id", u2."Id"
2026-07-27 17:30:28.416 +06:00 [INF] [0HNNBQ8LEOI2S:00000001] Projects listed for org "00000000-0000-0000-0001-000000000001" — 5 results
2026-07-27 17:30:28.416 +06:00 [INF] [0HNNBQ8LEOI2S:00000001] [0HNNBQ8LEOI2S:00000001] GET /api/projects → 200 (10.4ms)
2026-07-27 17:30:28.662 +06:00 [DBG] [0HNNBQ8LEOI2T:00000001] Permission granted: Member → tasks.view
2026-07-27 17:30:28.664 +06:00 [INF] [0HNNBQ8LEOI2T:00000001] Executed DbCommand (1ms) [Parameters=[@___currentUser_UserId_0='00000000-0000-0000-0002-000000000003'], CommandType='"Text"', CommandTimeout='30']
SELECT u."Id", u."CreatedAt", u."DeletedAt", u."Email", u."EmailVerificationExpiry", u."EmailVerificationToken", u."FirstName", u."IsActive", u."IsDeleted", u."IsEmailVerified", u."LastLoginAt", u."LastName", u."OrganizationId", u."PasswordHash", u."PasswordResetExpiry", u."PasswordResetToken", u."ProfilePictureUrl", u."RefreshToken", u."RefreshTokenExpiry", u."Role", u."UpdatedAt", o0."Id", o0."CreatedAt", o0."DeletedAt", o0."Description", o0."IsActive", o0."IsDeleted", o0."LogoUrl", o0."Name", o0."Plan", o0."Slug", o0."UpdatedAt"
FROM "Users" AS u
INNER JOIN (
    SELECT o."Id", o."CreatedAt", o."DeletedAt", o."Description", o."IsActive", o."IsDeleted", o."LogoUrl", o."Name", o."Plan", o."Slug", o."UpdatedAt"
    FROM "Organizations" AS o
    WHERE NOT (o."IsDeleted")
) AS o0 ON u."OrganizationId" = o0."Id"
WHERE NOT (u."IsDeleted") AND u."Id" = @___currentUser_UserId_0
LIMIT 1
2026-07-27 17:30:28.666 +06:00 [INF] [0HNNBQ8LEOI2T:00000001] Executed DbCommand (1ms) [Parameters=[@__projectId_0='81518637-01a4-4362-9562-737d08309d41'], CommandType='"Text"', CommandTimeout='30']
SELECT p."Id", p."CreatedAt", p."CreatedByUserId", p."DeletedAt", p."Description", p."DueDate", p."IsDeleted", p."Name", p."OrganizationId", p."ProjectLeadUserId", p."StartDate", p."Status", p."UpdatedAt"
FROM "Projects" AS p
WHERE NOT (p."IsDeleted") AND p."Id" = @__projectId_0
LIMIT 1
2026-07-27 17:30:28.667 +06:00 [INF] [0HNNBQ8LEOI2T:00000001] Executed DbCommand (1ms) [Parameters=[@__projectId_0='81518637-01a4-4362-9562-737d08309d41'], CommandType='"Text"', CommandTimeout='30']
SELECT count(*)::int
FROM "Tasks" AS t
WHERE NOT (t."IsDeleted") AND t."ProjectId" = @__projectId_0
2026-07-27 17:30:28.671 +06:00 [INF] [0HNNBQ8LEOI2T:00000001] Executed DbCommand (3ms) [Parameters=[@__projectId_0='81518637-01a4-4362-9562-737d08309d41', @__p_2='100', @__p_1='0'], CommandType='"Text"', CommandTimeout='30']
SELECT t0."Id", t0."ActualMinutes", t0."AssignedToUserId", t0."CompletedAt", t0."CreatedAt", t0."CreatedByUserId", t0."DeletedAt", t0."Description", t0."DueDate", t0."EstimatedMinutes", t0."IsDeleted", t0."OrderIndex", t0."OrganizationId", t0."ParentTaskId", t0."Priority", t0."ProjectId", t0."StartDate", t0."Status", t0."Title", t0."UpdatedAt", u0."Id", u0."CreatedAt", u0."DeletedAt", u0."Email", u0."EmailVerificationExpiry", u0."EmailVerificationToken", u0."FirstName", u0."IsActive", u0."IsDeleted", u0."IsEmailVerified", u0."LastLoginAt", u0."LastName", u0."OrganizationId", u0."PasswordHash", u0."PasswordResetExpiry", u0."PasswordResetToken", u0."ProfilePictureUrl", u0."RefreshToken", u0."RefreshTokenExpiry", u0."Role", u0."UpdatedAt", u2."Id", u2."CreatedAt", u2."DeletedAt", u2."Email", u2."EmailVerificationExpiry", u2."EmailVerificationToken", u2."FirstName", u2."IsActive", u2."IsDeleted", u2."IsEmailVerified", u2."LastLoginAt", u2."LastName", u2."OrganizationId", u2."PasswordHash", u2."PasswordResetExpiry", u2."PasswordResetToken", u2."ProfilePictureUrl", u2."RefreshToken", u2."RefreshTokenExpiry", u2."Role", u2."UpdatedAt", p0."Id", p0."CreatedAt", p0."CreatedByUserId", p0."DeletedAt", p0."Description", p0."DueDate", p0."IsDeleted", p0."Name", p0."OrganizationId", p0."ProjectLeadUserId", p0."StartDate", p0."Status", p0."UpdatedAt", s."TaskId", s."UserId", s."AssignedAt", s."AssignedByUserId", s."Id", s."CreatedAt", s."DeletedAt", s."Email", s."EmailVerificationExpiry", s."EmailVerificationToken", s."FirstName", s."IsActive", s."IsDeleted", s."IsEmailVerified", s."LastLoginAt", s."LastName", s."OrganizationId", s."PasswordHash", s."PasswordResetExpiry", s."PasswordResetToken", s."ProfilePictureUrl", s."RefreshToken", s."RefreshTokenExpiry", s."Role", s."UpdatedAt", t3."Id", t3."ActualMinutes", t3."AssignedToUserId", t3."CompletedAt", t3."CreatedAt", t3."CreatedByUserId", t3."DeletedAt", t3."Description", t3."DueDate", t3."EstimatedMinutes", t3."IsDeleted", t3."OrderIndex", t3."OrganizationId", t3."ParentTaskId", t3."Priority", t3."ProjectId", t3."StartDate", t3."Status", t3."Title", t3."UpdatedAt"
FROM (
    SELECT t."Id", t."ActualMinutes", t."AssignedToUserId", t."CompletedAt", t."CreatedAt", t."CreatedByUserId", t."DeletedAt", t."Description", t."DueDate", t."EstimatedMinutes", t."IsDeleted", t."OrderIndex", t."OrganizationId", t."ParentTaskId", t."Priority", t."ProjectId", t."StartDate", t."Status", t."Title", t."UpdatedAt"
    FROM "Tasks" AS t
    WHERE NOT (t."IsDeleted") AND t."ProjectId" = @__projectId_0
    ORDER BY t."OrderIndex"
    LIMIT @__p_2 OFFSET @__p_1
) AS t0
INNER JOIN (
    SELECT u."Id", u."CreatedAt", u."DeletedAt", u."Email", u."EmailVerificationExpiry", u."EmailVerificationToken", u."FirstName", u."IsActive", u."IsDeleted", u."IsEmailVerified", u."LastLoginAt", u."LastName", u."OrganizationId", u."PasswordHash", u."PasswordResetExpiry", u."PasswordResetToken", u."ProfilePictureUrl", u."RefreshToken", u."RefreshTokenExpiry", u."Role", u."UpdatedAt"
    FROM "Users" AS u
    WHERE NOT (u."IsDeleted")
) AS u0 ON t0."CreatedByUserId" = u0."Id"
LEFT JOIN (
    SELECT u1."Id", u1."CreatedAt", u1."DeletedAt", u1."Email", u1."EmailVerificationExpiry", u1."EmailVerificationToken", u1."FirstName", u1."IsActive", u1."IsDeleted", u1."IsEmailVerified", u1."LastLoginAt", u1."LastName", u1."OrganizationId", u1."PasswordHash", u1."PasswordResetExpiry", u1."PasswordResetToken", u1."ProfilePictureUrl", u1."RefreshToken", u1."RefreshTokenExpiry", u1."Role", u1."UpdatedAt"
    FROM "Users" AS u1
    WHERE NOT (u1."IsDeleted")
) AS u2 ON t0."AssignedToUserId" = u2."Id"
INNER JOIN (
    SELECT p."Id", p."CreatedAt", p."CreatedByUserId", p."DeletedAt", p."Description", p."DueDate", p."IsDeleted", p."Name", p."OrganizationId", p."ProjectLeadUserId", p."StartDate", p."Status", p."UpdatedAt"
    FROM "Projects" AS p
    WHERE NOT (p."IsDeleted")
) AS p0 ON t0."ProjectId" = p0."Id"
LEFT JOIN (
    SELECT t1."TaskId", t1."UserId", t1."AssignedAt", t1."AssignedByUserId", u4."Id", u4."CreatedAt", u4."DeletedAt", u4."Email", u4."EmailVerificationExpiry", u4."EmailVerificationToken", u4."FirstName", u4."IsActive", u4."IsDeleted", u4."IsEmailVerified", u4."LastLoginAt", u4."LastName", u4."OrganizationId", u4."PasswordHash", u4."PasswordResetExpiry", u4."PasswordResetToken", u4."ProfilePictureUrl", u4."RefreshToken", u4."RefreshTokenExpiry", u4."Role", u4."UpdatedAt"
    FROM "TaskAssignees" AS t1
    INNER JOIN (
        SELECT u3."Id", u3."CreatedAt", u3."DeletedAt", u3."Email", u3."EmailVerificationExpiry", u3."EmailVerificationToken", u3."FirstName", u3."IsActive", u3."IsDeleted", u3."IsEmailVerified", u3."LastLoginAt", u3."LastName", u3."OrganizationId", u3."PasswordHash", u3."PasswordResetExpiry", u3."PasswordResetToken", u3."ProfilePictureUrl", u3."RefreshToken", u3."RefreshTokenExpiry", u3."Role", u3."UpdatedAt"
        FROM "Users" AS u3
        WHERE NOT (u3."IsDeleted")
    ) AS u4 ON t1."UserId" = u4."Id"
) AS s ON t0."Id" = s."TaskId"
LEFT JOIN (
    SELECT t2."Id", t2."ActualMinutes", t2."AssignedToUserId", t2."CompletedAt", t2."CreatedAt", t2."CreatedByUserId", t2."DeletedAt", t2."Description", t2."DueDate", t2."EstimatedMinutes", t2."IsDeleted", t2."OrderIndex", t2."OrganizationId", t2."ParentTaskId", t2."Priority", t2."ProjectId", t2."StartDate", t2."Status", t2."Title", t2."UpdatedAt"
    FROM "Tasks" AS t2
    WHERE NOT (t2."IsDeleted")
) AS t3 ON t0."Id" = t3."ParentTaskId"
ORDER BY t0."OrderIndex", t0."Id", u0."Id", u2."Id", p0."Id", s."TaskId", s."UserId", s."Id"
2026-07-27 17:30:28.673 +06:00 [INF] [0HNNBQ8LEOI2T:00000001] [0HNNBQ8LEOI2T:00000001] GET /api/projects/81518637-01a4-4362-9562-737d08309d41/tasks → 200 (11.5ms)
2026-07-27 17:30:28.910 +06:00 [DBG] [0HNNBQ8LEOI2U:00000001] Permission granted: Member → tasks.view
2026-07-27 17:30:28.912 +06:00 [INF] [0HNNBQ8LEOI2U:00000001] Executed DbCommand (1ms) [Parameters=[@___currentUser_UserId_0='00000000-0000-0000-0002-000000000003'], CommandType='"Text"', CommandTimeout='30']
SELECT u."Id", u."CreatedAt", u."DeletedAt", u."Email", u."EmailVerificationExpiry", u."EmailVerificationToken", u."FirstName", u."IsActive", u."IsDeleted", u."IsEmailVerified", u."LastLoginAt", u."LastName", u."OrganizationId", u."PasswordHash", u."PasswordResetExpiry", u."PasswordResetToken", u."ProfilePictureUrl", u."RefreshToken", u."RefreshTokenExpiry", u."Role", u."UpdatedAt", o0."Id", o0."CreatedAt", o0."DeletedAt", o0."Description", o0."IsActive", o0."IsDeleted", o0."LogoUrl", o0."Name", o0."Plan", o0."Slug", o0."UpdatedAt"
FROM "Users" AS u
INNER JOIN (
    SELECT o."Id", o."CreatedAt", o."DeletedAt", o."Description", o."IsActive", o."IsDeleted", o."LogoUrl", o."Name", o."Plan", o."Slug", o."UpdatedAt"
    FROM "Organizations" AS o
    WHERE NOT (o."IsDeleted")
) AS o0 ON u."OrganizationId" = o0."Id"
WHERE NOT (u."IsDeleted") AND u."Id" = @___currentUser_UserId_0
LIMIT 1
2026-07-27 17:30:28.914 +06:00 [INF] [0HNNBQ8LEOI2U:00000001] Executed DbCommand (1ms) [Parameters=[@__projectId_0='00000000-0000-0000-0003-000000000002'], CommandType='"Text"', CommandTimeout='30']
SELECT p."Id", p."CreatedAt", p."CreatedByUserId", p."DeletedAt", p."Description", p."DueDate", p."IsDeleted", p."Name", p."OrganizationId", p."ProjectLeadUserId", p."StartDate", p."Status", p."UpdatedAt"
FROM "Projects" AS p
WHERE NOT (p."IsDeleted") AND p."Id" = @__projectId_0
LIMIT 1
2026-07-27 17:30:28.915 +06:00 [INF] [0HNNBQ8LEOI2U:00000001] Executed DbCommand (1ms) [Parameters=[@__projectId_0='00000000-0000-0000-0003-000000000002'], CommandType='"Text"', CommandTimeout='30']
SELECT count(*)::int
FROM "Tasks" AS t
WHERE NOT (t."IsDeleted") AND t."ProjectId" = @__projectId_0
2026-07-27 17:30:28.919 +06:00 [INF] [0HNNBQ8LEOI2U:00000001] Executed DbCommand (3ms) [Parameters=[@__projectId_0='00000000-0000-0000-0003-000000000002', @__p_2='100', @__p_1='0'], CommandType='"Text"', CommandTimeout='30']
SELECT t0."Id", t0."ActualMinutes", t0."AssignedToUserId", t0."CompletedAt", t0."CreatedAt", t0."CreatedByUserId", t0."DeletedAt", t0."Description", t0."DueDate", t0."EstimatedMinutes", t0."IsDeleted", t0."OrderIndex", t0."OrganizationId", t0."ParentTaskId", t0."Priority", t0."ProjectId", t0."StartDate", t0."Status", t0."Title", t0."UpdatedAt", u0."Id", u0."CreatedAt", u0."DeletedAt", u0."Email", u0."EmailVerificationExpiry", u0."EmailVerificationToken", u0."FirstName", u0."IsActive", u0."IsDeleted", u0."IsEmailVerified", u0."LastLoginAt", u0."LastName", u0."OrganizationId", u0."PasswordHash", u0."PasswordResetExpiry", u0."PasswordResetToken", u0."ProfilePictureUrl", u0."RefreshToken", u0."RefreshTokenExpiry", u0."Role", u0."UpdatedAt", u2."Id", u2."CreatedAt", u2."DeletedAt", u2."Email", u2."EmailVerificationExpiry", u2."EmailVerificationToken", u2."FirstName", u2."IsActive", u2."IsDeleted", u2."IsEmailVerified", u2."LastLoginAt", u2."LastName", u2."OrganizationId", u2."PasswordHash", u2."PasswordResetExpiry", u2."PasswordResetToken", u2."ProfilePictureUrl", u2."RefreshToken", u2."RefreshTokenExpiry", u2."Role", u2."UpdatedAt", p0."Id", p0."CreatedAt", p0."CreatedByUserId", p0."DeletedAt", p0."Description", p0."DueDate", p0."IsDeleted", p0."Name", p0."OrganizationId", p0."ProjectLeadUserId", p0."StartDate", p0."Status", p0."UpdatedAt", s."TaskId", s."UserId", s."AssignedAt", s."AssignedByUserId", s."Id", s."CreatedAt", s."DeletedAt", s."Email", s."EmailVerificationExpiry", s."EmailVerificationToken", s."FirstName", s."IsActive", s."IsDeleted", s."IsEmailVerified", s."LastLoginAt", s."LastName", s."OrganizationId", s."PasswordHash", s."PasswordResetExpiry", s."PasswordResetToken", s."ProfilePictureUrl", s."RefreshToken", s."RefreshTokenExpiry", s."Role", s."UpdatedAt", t3."Id", t3."ActualMinutes", t3."AssignedToUserId", t3."CompletedAt", t3."CreatedAt", t3."CreatedByUserId", t3."DeletedAt", t3."Description", t3."DueDate", t3."EstimatedMinutes", t3."IsDeleted", t3."OrderIndex", t3."OrganizationId", t3."ParentTaskId", t3."Priority", t3."ProjectId", t3."StartDate", t3."Status", t3."Title", t3."UpdatedAt"
FROM (
    SELECT t."Id", t."ActualMinutes", t."AssignedToUserId", t."CompletedAt", t."CreatedAt", t."CreatedByUserId", t."DeletedAt", t."Description", t."DueDate", t."EstimatedMinutes", t."IsDeleted", t."OrderIndex", t."OrganizationId", t."ParentTaskId", t."Priority", t."ProjectId", t."StartDate", t."Status", t."Title", t."UpdatedAt"
    FROM "Tasks" AS t
    WHERE NOT (t."IsDeleted") AND t."ProjectId" = @__projectId_0
    ORDER BY t."OrderIndex"
    LIMIT @__p_2 OFFSET @__p_1
) AS t0
INNER JOIN (
    SELECT u."Id", u."CreatedAt", u."DeletedAt", u."Email", u."EmailVerificationExpiry", u."EmailVerificationToken", u."FirstName", u."IsActive", u."IsDeleted", u."IsEmailVerified", u."LastLoginAt", u."LastName", u."OrganizationId", u."PasswordHash", u."PasswordResetExpiry", u."PasswordResetToken", u."ProfilePictureUrl", u."RefreshToken", u."RefreshTokenExpiry", u."Role", u."UpdatedAt"
    FROM "Users" AS u
    WHERE NOT (u."IsDeleted")
) AS u0 ON t0."CreatedByUserId" = u0."Id"
LEFT JOIN (
    SELECT u1."Id", u1."CreatedAt", u1."DeletedAt", u1."Email", u1."EmailVerificationExpiry", u1."EmailVerificationToken", u1."FirstName", u1."IsActive", u1."IsDeleted", u1."IsEmailVerified", u1."LastLoginAt", u1."LastName", u1."OrganizationId", u1."PasswordHash", u1."PasswordResetExpiry", u1."PasswordResetToken", u1."ProfilePictureUrl", u1."RefreshToken", u1."RefreshTokenExpiry", u1."Role", u1."UpdatedAt"
    FROM "Users" AS u1
    WHERE NOT (u1."IsDeleted")
) AS u2 ON t0."AssignedToUserId" = u2."Id"
INNER JOIN (
    SELECT p."Id", p."CreatedAt", p."CreatedByUserId", p."DeletedAt", p."Description", p."DueDate", p."IsDeleted", p."Name", p."OrganizationId", p."ProjectLeadUserId", p."StartDate", p."Status", p."UpdatedAt"
    FROM "Projects" AS p
    WHERE NOT (p."IsDeleted")
) AS p0 ON t0."ProjectId" = p0."Id"
LEFT JOIN (
    SELECT t1."TaskId", t1."UserId", t1."AssignedAt", t1."AssignedByUserId", u4."Id", u4."CreatedAt", u4."DeletedAt", u4."Email", u4."EmailVerificationExpiry", u4."EmailVerificationToken", u4."FirstName", u4."IsActive", u4."IsDeleted", u4."IsEmailVerified", u4."LastLoginAt", u4."LastName", u4."OrganizationId", u4."PasswordHash", u4."PasswordResetExpiry", u4."PasswordResetToken", u4."ProfilePictureUrl", u4."RefreshToken", u4."RefreshTokenExpiry", u4."Role", u4."UpdatedAt"
    FROM "TaskAssignees" AS t1
    INNER JOIN (
        SELECT u3."Id", u3."CreatedAt", u3."DeletedAt", u3."Email", u3."EmailVerificationExpiry", u3."EmailVerificationToken", u3."FirstName", u3."IsActive", u3."IsDeleted", u3."IsEmailVerified", u3."LastLoginAt", u3."LastName", u3."OrganizationId", u3."PasswordHash", u3."PasswordResetExpiry", u3."PasswordResetToken", u3."ProfilePictureUrl", u3."RefreshToken", u3."RefreshTokenExpiry", u3."Role", u3."UpdatedAt"
        FROM "Users" AS u3
        WHERE NOT (u3."IsDeleted")
    ) AS u4 ON t1."UserId" = u4."Id"
) AS s ON t0."Id" = s."TaskId"
LEFT JOIN (
    SELECT t2."Id", t2."ActualMinutes", t2."AssignedToUserId", t2."CompletedAt", t2."CreatedAt", t2."CreatedByUserId", t2."DeletedAt", t2."Description", t2."DueDate", t2."EstimatedMinutes", t2."IsDeleted", t2."OrderIndex", t2."OrganizationId", t2."ParentTaskId", t2."Priority", t2."ProjectId", t2."StartDate", t2."Status", t2."Title", t2."UpdatedAt"
    FROM "Tasks" AS t2
    WHERE NOT (t2."IsDeleted")
) AS t3 ON t0."Id" = t3."ParentTaskId"
ORDER BY t0."OrderIndex", t0."Id", u0."Id", u2."Id", p0."Id", s."TaskId", s."UserId", s."Id"
2026-07-27 17:30:28.923 +06:00 [INF] [0HNNBQ8LEOI2U:00000001] [0HNNBQ8LEOI2U:00000001] GET /api/projects/00000000-0000-0000-0003-000000000002/tasks → 200 (13.1ms)
2026-07-27 17:30:29.275 +06:00 [DBG] [0HNNBQ8LEOI2V:00000001] Permission granted: Member → projects.view
2026-07-27 17:30:29.277 +06:00 [INF] [0HNNBQ8LEOI2V:00000001] Executed DbCommand (1ms) [Parameters=[@___currentUser_UserId_0='00000000-0000-0000-0002-000000000003'], CommandType='"Text"', CommandTimeout='30']
SELECT u."Id", u."CreatedAt", u."DeletedAt", u."Email", u."EmailVerificationExpiry", u."EmailVerificationToken", u."FirstName", u."IsActive", u."IsDeleted", u."IsEmailVerified", u."LastLoginAt", u."LastName", u."OrganizationId", u."PasswordHash", u."PasswordResetExpiry", u."PasswordResetToken", u."ProfilePictureUrl", u."RefreshToken", u."RefreshTokenExpiry", u."Role", u."UpdatedAt", o0."Id", o0."CreatedAt", o0."DeletedAt", o0."Description", o0."IsActive", o0."IsDeleted", o0."LogoUrl", o0."Name", o0."Plan", o0."Slug", o0."UpdatedAt"
FROM "Users" AS u
INNER JOIN (
    SELECT o."Id", o."CreatedAt", o."DeletedAt", o."Description", o."IsActive", o."IsDeleted", o."LogoUrl", o."Name", o."Plan", o."Slug", o."UpdatedAt"
    FROM "Organizations" AS o
    WHERE NOT (o."IsDeleted")
) AS o0 ON u."OrganizationId" = o0."Id"
WHERE NOT (u."IsDeleted") AND u."Id" = @___currentUser_UserId_0
LIMIT 1
2026-07-27 17:30:29.281 +06:00 [INF] [0HNNBQ8LEOI2V:00000001] Executed DbCommand (3ms) [Parameters=[@__projectId_0='00000000-0000-0000-0003-000000000002'], CommandType='"Text"', CommandTimeout='30']
SELECT s."Id", s."CreatedAt", s."CreatedByUserId", s."DeletedAt", s."Description", s."DueDate", s."IsDeleted", s."Name", s."OrganizationId", s."ProjectLeadUserId", s."StartDate", s."Status", s."UpdatedAt", s."Id0", s."CreatedAt0", s."DeletedAt0", s."Email", s."EmailVerificationExpiry", s."EmailVerificationToken", s."FirstName", s."IsActive", s."IsDeleted0", s."IsEmailVerified", s."LastLoginAt", s."LastName", s."OrganizationId0", s."PasswordHash", s."PasswordResetExpiry", s."PasswordResetToken", s."ProfilePictureUrl", s."RefreshToken", s."RefreshTokenExpiry", s."Role", s."UpdatedAt0", s."Id1", s."CreatedAt1", s."DeletedAt1", s."Email0", s."EmailVerificationExpiry0", s."EmailVerificationToken0", s."FirstName0", s."IsActive0", s."IsDeleted1", s."IsEmailVerified0", s."LastLoginAt0", s."LastName0", s."OrganizationId1", s."PasswordHash0", s."PasswordResetExpiry0", s."PasswordResetToken0", s."ProfilePictureUrl0", s."RefreshToken0", s."RefreshTokenExpiry0", s."Role0", s."UpdatedAt1", t0."Id", t0."ActualMinutes", t0."AssignedToUserId", t0."CompletedAt", t0."CreatedAt", t0."CreatedByUserId", t0."DeletedAt", t0."Description", t0."DueDate", t0."EstimatedMinutes", t0."IsDeleted", t0."OrderIndex", t0."OrganizationId", t0."ParentTaskId", t0."Priority", t0."ProjectId", t0."StartDate", t0."Status", t0."Title", t0."UpdatedAt"
FROM (
    SELECT p."Id", p."CreatedAt", p."CreatedByUserId", p."DeletedAt", p."Description", p."DueDate", p."IsDeleted", p."Name", p."OrganizationId", p."ProjectLeadUserId", p."StartDate", p."Status", p."UpdatedAt", u0."Id" AS "Id0", u0."CreatedAt" AS "CreatedAt0", u0."DeletedAt" AS "DeletedAt0", u0."Email", u0."EmailVerificationExpiry", u0."EmailVerificationToken", u0."FirstName", u0."IsActive", u0."IsDeleted" AS "IsDeleted0", u0."IsEmailVerified", u0."LastLoginAt", u0."LastName", u0."OrganizationId" AS "OrganizationId0", u0."PasswordHash", u0."PasswordResetExpiry", u0."PasswordResetToken", u0."ProfilePictureUrl", u0."RefreshToken", u0."RefreshTokenExpiry", u0."Role", u0."UpdatedAt" AS "UpdatedAt0", u2."Id" AS "Id1", u2."CreatedAt" AS "CreatedAt1", u2."DeletedAt" AS "DeletedAt1", u2."Email" AS "Email0", u2."EmailVerificationExpiry" AS "EmailVerificationExpiry0", u2."EmailVerificationToken" AS "EmailVerificationToken0", u2."FirstName" AS "FirstName0", u2."IsActive" AS "IsActive0", u2."IsDeleted" AS "IsDeleted1", u2."IsEmailVerified" AS "IsEmailVerified0", u2."LastLoginAt" AS "LastLoginAt0", u2."LastName" AS "LastName0", u2."OrganizationId" AS "OrganizationId1", u2."PasswordHash" AS "PasswordHash0", u2."PasswordResetExpiry" AS "PasswordResetExpiry0", u2."PasswordResetToken" AS "PasswordResetToken0", u2."ProfilePictureUrl" AS "ProfilePictureUrl0", u2."RefreshToken" AS "RefreshToken0", u2."RefreshTokenExpiry" AS "RefreshTokenExpiry0", u2."Role" AS "Role0", u2."UpdatedAt" AS "UpdatedAt1"
    FROM "Projects" AS p
    INNER JOIN (
        SELECT u."Id", u."CreatedAt", u."DeletedAt", u."Email", u."EmailVerificationExpiry", u."EmailVerificationToken", u."FirstName", u."IsActive", u."IsDeleted", u."IsEmailVerified", u."LastLoginAt", u."LastName", u."OrganizationId", u."PasswordHash", u."PasswordResetExpiry", u."PasswordResetToken", u."ProfilePictureUrl", u."RefreshToken", u."RefreshTokenExpiry", u."Role", u."UpdatedAt"
        FROM "Users" AS u
        WHERE NOT (u."IsDeleted")
    ) AS u0 ON p."CreatedByUserId" = u0."Id"
    LEFT JOIN (
        SELECT u1."Id", u1."CreatedAt", u1."DeletedAt", u1."Email", u1."EmailVerificationExpiry", u1."EmailVerificationToken", u1."FirstName", u1."IsActive", u1."IsDeleted", u1."IsEmailVerified", u1."LastLoginAt", u1."LastName", u1."OrganizationId", u1."PasswordHash", u1."PasswordResetExpiry", u1."PasswordResetToken", u1."ProfilePictureUrl", u1."RefreshToken", u1."RefreshTokenExpiry", u1."Role", u1."UpdatedAt"
        FROM "Users" AS u1
        WHERE NOT (u1."IsDeleted")
    ) AS u2 ON p."ProjectLeadUserId" = u2."Id"
    WHERE NOT (p."IsDeleted") AND p."Id" = @__projectId_0
    LIMIT 1
) AS s
LEFT JOIN (
    SELECT t."Id", t."ActualMinutes", t."AssignedToUserId", t."CompletedAt", t."CreatedAt", t."CreatedByUserId", t."DeletedAt", t."Description", t."DueDate", t."EstimatedMinutes", t."IsDeleted", t."OrderIndex", t."OrganizationId", t."ParentTaskId", t."Priority", t."ProjectId", t."StartDate", t."Status", t."Title", t."UpdatedAt"
    FROM "Tasks" AS t
    WHERE NOT (t."IsDeleted")
) AS t0 ON s."Id" = t0."ProjectId"
ORDER BY s."Id", s."Id0", s."Id1"
2026-07-27 17:30:29.283 +06:00 [INF] [0HNNBQ8LEOI2V:00000001] [0HNNBQ8LEOI2V:00000001] GET /api/projects/00000000-0000-0000-0003-000000000002 → 200 (8.4ms)
2026-07-27 17:30:33.371 +06:00 [DBG] [0HNNBQ8LEOI30:00000001] Permission granted: Member → tasks.update.own
2026-07-27 17:30:33.373 +06:00 [INF] [0HNNBQ8LEOI30:00000001] Executed DbCommand (1ms) [Parameters=[@___currentUser_UserId_0='00000000-0000-0000-0002-000000000003'], CommandType='"Text"', CommandTimeout='30']
SELECT u."Id", u."CreatedAt", u."DeletedAt", u."Email", u."EmailVerificationExpiry", u."EmailVerificationToken", u."FirstName", u."IsActive", u."IsDeleted", u."IsEmailVerified", u."LastLoginAt", u."LastName", u."OrganizationId", u."PasswordHash", u."PasswordResetExpiry", u."PasswordResetToken", u."ProfilePictureUrl", u."RefreshToken", u."RefreshTokenExpiry", u."Role", u."UpdatedAt", o0."Id", o0."CreatedAt", o0."DeletedAt", o0."Description", o0."IsActive", o0."IsDeleted", o0."LogoUrl", o0."Name", o0."Plan", o0."Slug", o0."UpdatedAt"
FROM "Users" AS u
INNER JOIN (
    SELECT o."Id", o."CreatedAt", o."DeletedAt", o."Description", o."IsActive", o."IsDeleted", o."LogoUrl", o."Name", o."Plan", o."Slug", o."UpdatedAt"
    FROM "Organizations" AS o
    WHERE NOT (o."IsDeleted")
) AS o0 ON u."OrganizationId" = o0."Id"
WHERE NOT (u."IsDeleted") AND u."Id" = @___currentUser_UserId_0
LIMIT 1
2026-07-27 17:30:33.379 +06:00 [INF] [0HNNBQ8LEOI30:00000001] Executed DbCommand (3ms) [Parameters=[@__taskId_0='00000000-0000-0000-0004-000000000005'], CommandType='"Text"', CommandTimeout='30']
SELECT s."Id", s."ActualMinutes", s."AssignedToUserId", s."CompletedAt", s."CreatedAt", s."CreatedByUserId", s."DeletedAt", s."Description", s."DueDate", s."EstimatedMinutes", s."IsDeleted", s."OrderIndex", s."OrganizationId", s."ParentTaskId", s."Priority", s."ProjectId", s."StartDate", s."Status", s."Title", s."UpdatedAt", s."Id0", s."CreatedAt0", s."DeletedAt0", s."Email", s."EmailVerificationExpiry", s."EmailVerificationToken", s."FirstName", s."IsActive", s."IsDeleted0", s."IsEmailVerified", s."LastLoginAt", s."LastName", s."OrganizationId0", s."PasswordHash", s."PasswordResetExpiry", s."PasswordResetToken", s."ProfilePictureUrl", s."RefreshToken", s."RefreshTokenExpiry", s."Role", s."UpdatedAt0", s."Id1", s."CreatedAt1", s."DeletedAt1", s."Email0", s."EmailVerificationExpiry0", s."EmailVerificationToken0", s."FirstName0", s."IsActive0", s."IsDeleted1", s."IsEmailVerified0", s."LastLoginAt0", s."LastName0", s."OrganizationId1", s."PasswordHash0", s."PasswordResetExpiry0", s."PasswordResetToken0", s."ProfilePictureUrl0", s."RefreshToken0", s."RefreshTokenExpiry0", s."Role0", s."UpdatedAt1", s."Id2", s."CreatedAt2", s."CreatedByUserId0", s."DeletedAt2", s."Description0", s."DueDate0", s."IsDeleted2", s."Name", s."OrganizationId2", s."ProjectLeadUserId", s."StartDate0", s."Status0", s."UpdatedAt2", s0."TaskId", s0."UserId", s0."AssignedAt", s0."AssignedByUserId", s0."Id", s0."CreatedAt", s0."DeletedAt", s0."Email", s0."EmailVerificationExpiry", s0."EmailVerificationToken", s0."FirstName", s0."IsActive", s0."IsDeleted", s0."IsEmailVerified", s0."LastLoginAt", s0."LastName", s0."OrganizationId", s0."PasswordHash", s0."PasswordResetExpiry", s0."PasswordResetToken", s0."ProfilePictureUrl", s0."RefreshToken", s0."RefreshTokenExpiry", s0."Role", s0."UpdatedAt", t2."Id", t2."ActualMinutes", t2."AssignedToUserId", t2."CompletedAt", t2."CreatedAt", t2."CreatedByUserId", t2."DeletedAt", t2."Description", t2."DueDate", t2."EstimatedMinutes", t2."IsDeleted", t2."OrderIndex", t2."OrganizationId", t2."ParentTaskId", t2."Priority", t2."ProjectId", t2."StartDate", t2."Status", t2."Title", t2."UpdatedAt"
FROM (
    SELECT t."Id", t."ActualMinutes", t."AssignedToUserId", t."CompletedAt", t."CreatedAt", t."CreatedByUserId", t."DeletedAt", t."Description", t."DueDate", t."EstimatedMinutes", t."IsDeleted", t."OrderIndex", t."OrganizationId", t."ParentTaskId", t."Priority", t."ProjectId", t."StartDate", t."Status", t."Title", t."UpdatedAt", u0."Id" AS "Id0", u0."CreatedAt" AS "CreatedAt0", u0."DeletedAt" AS "DeletedAt0", u0."Email", u0."EmailVerificationExpiry", u0."EmailVerificationToken", u0."FirstName", u0."IsActive", u0."IsDeleted" AS "IsDeleted0", u0."IsEmailVerified", u0."LastLoginAt", u0."LastName", u0."OrganizationId" AS "OrganizationId0", u0."PasswordHash", u0."PasswordResetExpiry", u0."PasswordResetToken", u0."ProfilePictureUrl", u0."RefreshToken", u0."RefreshTokenExpiry", u0."Role", u0."UpdatedAt" AS "UpdatedAt0", u2."Id" AS "Id1", u2."CreatedAt" AS "CreatedAt1", u2."DeletedAt" AS "DeletedAt1", u2."Email" AS "Email0", u2."EmailVerificationExpiry" AS "EmailVerificationExpiry0", u2."EmailVerificationToken" AS "EmailVerificationToken0", u2."FirstName" AS "FirstName0", u2."IsActive" AS "IsActive0", u2."IsDeleted" AS "IsDeleted1", u2."IsEmailVerified" AS "IsEmailVerified0", u2."LastLoginAt" AS "LastLoginAt0", u2."LastName" AS "LastName0", u2."OrganizationId" AS "OrganizationId1", u2."PasswordHash" AS "PasswordHash0", u2."PasswordResetExpiry" AS "PasswordResetExpiry0", u2."PasswordResetToken" AS "PasswordResetToken0", u2."ProfilePictureUrl" AS "ProfilePictureUrl0", u2."RefreshToken" AS "RefreshToken0", u2."RefreshTokenExpiry" AS "RefreshTokenExpiry0", u2."Role" AS "Role0", u2."UpdatedAt" AS "UpdatedAt1", p0."Id" AS "Id2", p0."CreatedAt" AS "CreatedAt2", p0."CreatedByUserId" AS "CreatedByUserId0", p0."DeletedAt" AS "DeletedAt2", p0."Description" AS "Description0", p0."DueDate" AS "DueDate0", p0."IsDeleted" AS "IsDeleted2", p0."Name", p0."OrganizationId" AS "OrganizationId2", p0."ProjectLeadUserId", p0."StartDate" AS "StartDate0", p0."Status" AS "Status0", p0."UpdatedAt" AS "UpdatedAt2"
    FROM "Tasks" AS t
    INNER JOIN (
        SELECT u."Id", u."CreatedAt", u."DeletedAt", u."Email", u."EmailVerificationExpiry", u."EmailVerificationToken", u."FirstName", u."IsActive", u."IsDeleted", u."IsEmailVerified", u."LastLoginAt", u."LastName", u."OrganizationId", u."PasswordHash", u."PasswordResetExpiry", u."PasswordResetToken", u."ProfilePictureUrl", u."RefreshToken", u."RefreshTokenExpiry", u."Role", u."UpdatedAt"
        FROM "Users" AS u
        WHERE NOT (u."IsDeleted")
    ) AS u0 ON t."CreatedByUserId" = u0."Id"
    LEFT JOIN (
        SELECT u1."Id", u1."CreatedAt", u1."DeletedAt", u1."Email", u1."EmailVerificationExpiry", u1."EmailVerificationToken", u1."FirstName", u1."IsActive", u1."IsDeleted", u1."IsEmailVerified", u1."LastLoginAt", u1."LastName", u1."OrganizationId", u1."PasswordHash", u1."PasswordResetExpiry", u1."PasswordResetToken", u1."ProfilePictureUrl", u1."RefreshToken", u1."RefreshTokenExpiry", u1."Role", u1."UpdatedAt"
        FROM "Users" AS u1
        WHERE NOT (u1."IsDeleted")
    ) AS u2 ON t."AssignedToUserId" = u2."Id"
    INNER JOIN (
        SELECT p."Id", p."CreatedAt", p."CreatedByUserId", p."DeletedAt", p."Description", p."DueDate", p."IsDeleted", p."Name", p."OrganizationId", p."ProjectLeadUserId", p."StartDate", p."Status", p."UpdatedAt"
        FROM "Projects" AS p
        WHERE NOT (p."IsDeleted")
    ) AS p0 ON t."ProjectId" = p0."Id"
    WHERE NOT (t."IsDeleted") AND t."Id" = @__taskId_0
    LIMIT 1
) AS s
LEFT JOIN (
    SELECT t0."TaskId", t0."UserId", t0."AssignedAt", t0."AssignedByUserId", u4."Id", u4."CreatedAt", u4."DeletedAt", u4."Email", u4."EmailVerificationExpiry", u4."EmailVerificationToken", u4."FirstName", u4."IsActive", u4."IsDeleted", u4."IsEmailVerified", u4."LastLoginAt", u4."LastName", u4."OrganizationId", u4."PasswordHash", u4."PasswordResetExpiry", u4."PasswordResetToken", u4."ProfilePictureUrl", u4."RefreshToken", u4."RefreshTokenExpiry", u4."Role", u4."UpdatedAt"
    FROM "TaskAssignees" AS t0
    INNER JOIN (
        SELECT u3."Id", u3."CreatedAt", u3."DeletedAt", u3."Email", u3."EmailVerificationExpiry", u3."EmailVerificationToken", u3."FirstName", u3."IsActive", u3."IsDeleted", u3."IsEmailVerified", u3."LastLoginAt", u3."LastName", u3."OrganizationId", u3."PasswordHash", u3."PasswordResetExpiry", u3."PasswordResetToken", u3."ProfilePictureUrl", u3."RefreshToken", u3."RefreshTokenExpiry", u3."Role", u3."UpdatedAt"
        FROM "Users" AS u3
        WHERE NOT (u3."IsDeleted")
    ) AS u4 ON t0."UserId" = u4."Id"
) AS s0 ON s."Id" = s0."TaskId"
LEFT JOIN (
    SELECT t1."Id", t1."ActualMinutes", t1."AssignedToUserId", t1."CompletedAt", t1."CreatedAt", t1."CreatedByUserId", t1."DeletedAt", t1."Description", t1."DueDate", t1."EstimatedMinutes", t1."IsDeleted", t1."OrderIndex", t1."OrganizationId", t1."ParentTaskId", t1."Priority", t1."ProjectId", t1."StartDate", t1."Status", t1."Title", t1."UpdatedAt"
    FROM "Tasks" AS t1
    WHERE NOT (t1."IsDeleted")
) AS t2 ON s."Id" = t2."ParentTaskId"
ORDER BY s."Id", s."Id0", s."Id1", s."Id2", s0."TaskId", s0."UserId", s0."Id"
2026-07-27 17:30:33.380 +06:00 [DBG] [0HNNBQ8LEOI30:00000001] Permission check: "00000000-0000-0000-0002-000000000003" (Member) → tasks.update = false
2026-07-27 17:30:33.380 +06:00 [DBG] [0HNNBQ8LEOI30:00000001] Permission check: "00000000-0000-0000-0002-000000000003" (Member) → tasks.update.own = true
2026-07-27 17:30:33.418 +06:00 [WRN] [0HNNBQ8LEOI30:00000001] [0HNNBQ8LEOI30:00000001] PATCH /api/tasks/00000000-0000-0000-0004-000000000005/status → 400 (47.3ms)
2026-07-27 17:30:38.689 +06:00 [DBG] [0HNNBQ8LEOI31:00000001] Permission granted: Member → tasks.update.own
2026-07-27 17:30:38.691 +06:00 [INF] [0HNNBQ8LEOI31:00000001] Executed DbCommand (1ms) [Parameters=[@___currentUser_UserId_0='00000000-0000-0000-0002-000000000003'], CommandType='"Text"', CommandTimeout='30']
SELECT u."Id", u."CreatedAt", u."DeletedAt", u."Email", u."EmailVerificationExpiry", u."EmailVerificationToken", u."FirstName", u."IsActive", u."IsDeleted", u."IsEmailVerified", u."LastLoginAt", u."LastName", u."OrganizationId", u."PasswordHash", u."PasswordResetExpiry", u."PasswordResetToken", u."ProfilePictureUrl", u."RefreshToken", u."RefreshTokenExpiry", u."Role", u."UpdatedAt", o0."Id", o0."CreatedAt", o0."DeletedAt", o0."Description", o0."IsActive", o0."IsDeleted", o0."LogoUrl", o0."Name", o0."Plan", o0."Slug", o0."UpdatedAt"
FROM "Users" AS u
INNER JOIN (
    SELECT o."Id", o."CreatedAt", o."DeletedAt", o."Description", o."IsActive", o."IsDeleted", o."LogoUrl", o."Name", o."Plan", o."Slug", o."UpdatedAt"
    FROM "Organizations" AS o
    WHERE NOT (o."IsDeleted")
) AS o0 ON u."OrganizationId" = o0."Id"
WHERE NOT (u."IsDeleted") AND u."Id" = @___currentUser_UserId_0
LIMIT 1
2026-07-27 17:30:38.697 +06:00 [INF] [0HNNBQ8LEOI31:00000001] Executed DbCommand (4ms) [Parameters=[@__taskId_0='15e37dc5-0bdc-4ad6-8868-152908e547cf'], CommandType='"Text"', CommandTimeout='30']
SELECT s."Id", s."ActualMinutes", s."AssignedToUserId", s."CompletedAt", s."CreatedAt", s."CreatedByUserId", s."DeletedAt", s."Description", s."DueDate", s."EstimatedMinutes", s."IsDeleted", s."OrderIndex", s."OrganizationId", s."ParentTaskId", s."Priority", s."ProjectId", s."StartDate", s."Status", s."Title", s."UpdatedAt", s."Id0", s."CreatedAt0", s."DeletedAt0", s."Email", s."EmailVerificationExpiry", s."EmailVerificationToken", s."FirstName", s."IsActive", s."IsDeleted0", s."IsEmailVerified", s."LastLoginAt", s."LastName", s."OrganizationId0", s."PasswordHash", s."PasswordResetExpiry", s."PasswordResetToken", s."ProfilePictureUrl", s."RefreshToken", s."RefreshTokenExpiry", s."Role", s."UpdatedAt0", s."Id1", s."CreatedAt1", s."DeletedAt1", s."Email0", s."EmailVerificationExpiry0", s."EmailVerificationToken0", s."FirstName0", s."IsActive0", s."IsDeleted1", s."IsEmailVerified0", s."LastLoginAt0", s."LastName0", s."OrganizationId1", s."PasswordHash0", s."PasswordResetExpiry0", s."PasswordResetToken0", s."ProfilePictureUrl0", s."RefreshToken0", s."RefreshTokenExpiry0", s."Role0", s."UpdatedAt1", s."Id2", s."CreatedAt2", s."CreatedByUserId0", s."DeletedAt2", s."Description0", s."DueDate0", s."IsDeleted2", s."Name", s."OrganizationId2", s."ProjectLeadUserId", s."StartDate0", s."Status0", s."UpdatedAt2", s0."TaskId", s0."UserId", s0."AssignedAt", s0."AssignedByUserId", s0."Id", s0."CreatedAt", s0."DeletedAt", s0."Email", s0."EmailVerificationExpiry", s0."EmailVerificationToken", s0."FirstName", s0."IsActive", s0."IsDeleted", s0."IsEmailVerified", s0."LastLoginAt", s0."LastName", s0."OrganizationId", s0."PasswordHash", s0."PasswordResetExpiry", s0."PasswordResetToken", s0."ProfilePictureUrl", s0."RefreshToken", s0."RefreshTokenExpiry", s0."Role", s0."UpdatedAt", t2."Id", t2."ActualMinutes", t2."AssignedToUserId", t2."CompletedAt", t2."CreatedAt", t2."CreatedByUserId", t2."DeletedAt", t2."Description", t2."DueDate", t2."EstimatedMinutes", t2."IsDeleted", t2."OrderIndex", t2."OrganizationId", t2."ParentTaskId", t2."Priority", t2."ProjectId", t2."StartDate", t2."Status", t2."Title", t2."UpdatedAt"
FROM (
    SELECT t."Id", t."ActualMinutes", t."AssignedToUserId", t."CompletedAt", t."CreatedAt", t."CreatedByUserId", t."DeletedAt", t."Description", t."DueDate", t."EstimatedMinutes", t."IsDeleted", t."OrderIndex", t."OrganizationId", t."ParentTaskId", t."Priority", t."ProjectId", t."StartDate", t."Status", t."Title", t."UpdatedAt", u0."Id" AS "Id0", u0."CreatedAt" AS "CreatedAt0", u0."DeletedAt" AS "DeletedAt0", u0."Email", u0."EmailVerificationExpiry", u0."EmailVerificationToken", u0."FirstName", u0."IsActive", u0."IsDeleted" AS "IsDeleted0", u0."IsEmailVerified", u0."LastLoginAt", u0."LastName", u0."OrganizationId" AS "OrganizationId0", u0."PasswordHash", u0."PasswordResetExpiry", u0."PasswordResetToken", u0."ProfilePictureUrl", u0."RefreshToken", u0."RefreshTokenExpiry", u0."Role", u0."UpdatedAt" AS "UpdatedAt0", u2."Id" AS "Id1", u2."CreatedAt" AS "CreatedAt1", u2."DeletedAt" AS "DeletedAt1", u2."Email" AS "Email0", u2."EmailVerificationExpiry" AS "EmailVerificationExpiry0", u2."EmailVerificationToken" AS "EmailVerificationToken0", u2."FirstName" AS "FirstName0", u2."IsActive" AS "IsActive0", u2."IsDeleted" AS "IsDeleted1", u2."IsEmailVerified" AS "IsEmailVerified0", u2."LastLoginAt" AS "LastLoginAt0", u2."LastName" AS "LastName0", u2."OrganizationId" AS "OrganizationId1", u2."PasswordHash" AS "PasswordHash0", u2."PasswordResetExpiry" AS "PasswordResetExpiry0", u2."PasswordResetToken" AS "PasswordResetToken0", u2."ProfilePictureUrl" AS "ProfilePictureUrl0", u2."RefreshToken" AS "RefreshToken0", u2."RefreshTokenExpiry" AS "RefreshTokenExpiry0", u2."Role" AS "Role0", u2."UpdatedAt" AS "UpdatedAt1", p0."Id" AS "Id2", p0."CreatedAt" AS "CreatedAt2", p0."CreatedByUserId" AS "CreatedByUserId0", p0."DeletedAt" AS "DeletedAt2", p0."Description" AS "Description0", p0."DueDate" AS "DueDate0", p0."IsDeleted" AS "IsDeleted2", p0."Name", p0."OrganizationId" AS "OrganizationId2", p0."ProjectLeadUserId", p0."StartDate" AS "StartDate0", p0."Status" AS "Status0", p0."UpdatedAt" AS "UpdatedAt2"
    FROM "Tasks" AS t
    INNER JOIN (
        SELECT u."Id", u."CreatedAt", u."DeletedAt", u."Email", u."EmailVerificationExpiry", u."EmailVerificationToken", u."FirstName", u."IsActive", u."IsDeleted", u."IsEmailVerified", u."LastLoginAt", u."LastName", u."OrganizationId", u."PasswordHash", u."PasswordResetExpiry", u."PasswordResetToken", u."ProfilePictureUrl", u."RefreshToken", u."RefreshTokenExpiry", u."Role", u."UpdatedAt"
        FROM "Users" AS u
        WHERE NOT (u."IsDeleted")
    ) AS u0 ON t."CreatedByUserId" = u0."Id"
    LEFT JOIN (
        SELECT u1."Id", u1."CreatedAt", u1."DeletedAt", u1."Email", u1."EmailVerificationExpiry", u1."EmailVerificationToken", u1."FirstName", u1."IsActive", u1."IsDeleted", u1."IsEmailVerified", u1."LastLoginAt", u1."LastName", u1."OrganizationId", u1."PasswordHash", u1."PasswordResetExpiry", u1."PasswordResetToken", u1."ProfilePictureUrl", u1."RefreshToken", u1."RefreshTokenExpiry", u1."Role", u1."UpdatedAt"
        FROM "Users" AS u1
        WHERE NOT (u1."IsDeleted")
    ) AS u2 ON t."AssignedToUserId" = u2."Id"
    INNER JOIN (
        SELECT p."Id", p."CreatedAt", p."CreatedByUserId", p."DeletedAt", p."Description", p."DueDate", p."IsDeleted", p."Name", p."OrganizationId", p."ProjectLeadUserId", p."StartDate", p."Status", p."UpdatedAt"
        FROM "Projects" AS p
        WHERE NOT (p."IsDeleted")
    ) AS p0 ON t."ProjectId" = p0."Id"
    WHERE NOT (t."IsDeleted") AND t."Id" = @__taskId_0
    LIMIT 1
) AS s
LEFT JOIN (
    SELECT t0."TaskId", t0."UserId", t0."AssignedAt", t0."AssignedByUserId", u4."Id", u4."CreatedAt", u4."DeletedAt", u4."Email", u4."EmailVerificationExpiry", u4."EmailVerificationToken", u4."FirstName", u4."IsActive", u4."IsDeleted", u4."IsEmailVerified", u4."LastLoginAt", u4."LastName", u4."OrganizationId", u4."PasswordHash", u4."PasswordResetExpiry", u4."PasswordResetToken", u4."ProfilePictureUrl", u4."RefreshToken", u4."RefreshTokenExpiry", u4."Role", u4."UpdatedAt"
    FROM "TaskAssignees" AS t0
    INNER JOIN (
        SELECT u3."Id", u3."CreatedAt", u3."DeletedAt", u3."Email", u3."EmailVerificationExpiry", u3."EmailVerificationToken", u3."FirstName", u3."IsActive", u3."IsDeleted", u3."IsEmailVerified", u3."LastLoginAt", u3."LastName", u3."OrganizationId", u3."PasswordHash", u3."PasswordResetExpiry", u3."PasswordResetToken", u3."ProfilePictureUrl", u3."RefreshToken", u3."RefreshTokenExpiry", u3."Role", u3."UpdatedAt"
        FROM "Users" AS u3
        WHERE NOT (u3."IsDeleted")
    ) AS u4 ON t0."UserId" = u4."Id"
) AS s0 ON s."Id" = s0."TaskId"
LEFT JOIN (
    SELECT t1."Id", t1."ActualMinutes", t1."AssignedToUserId", t1."CompletedAt", t1."CreatedAt", t1."CreatedByUserId", t1."DeletedAt", t1."Description", t1."DueDate", t1."EstimatedMinutes", t1."IsDeleted", t1."OrderIndex", t1."OrganizationId", t1."ParentTaskId", t1."Priority", t1."ProjectId", t1."StartDate", t1."Status", t1."Title", t1."UpdatedAt"
    FROM "Tasks" AS t1
    WHERE NOT (t1."IsDeleted")
) AS t2 ON s."Id" = t2."ParentTaskId"
ORDER BY s."Id", s."Id0", s."Id1", s."Id2", s0."TaskId", s0."UserId", s0."Id"
2026-07-27 17:30:38.699 +06:00 [DBG] [0HNNBQ8LEOI31:00000001] Permission check: "00000000-0000-0000-0002-000000000003" (Member) → tasks.update = false
2026-07-27 17:30:38.700 +06:00 [DBG] [0HNNBQ8LEOI31:00000001] Permission check: "00000000-0000-0000-0002-000000000003" (Member) → tasks.update.own = true
2026-07-27 17:30:38.700 +06:00 [WRN] [0HNNBQ8LEOI31:00000001] [0HNNBQ8LEOI31:00000001] PATCH /api/tasks/15e37dc5-0bdc-4ad6-8868-152908e547cf/status → 400 (12.1ms)
2026-07-27 17:30:40.212 +06:00 [DBG] [0HNNBQ8LEOI32:00000001] Permission granted: Member → tasks.update.own
2026-07-27 17:30:40.214 +06:00 [INF] [0HNNBQ8LEOI32:00000001] Executed DbCommand (1ms) [Parameters=[@___currentUser_UserId_0='00000000-0000-0000-0002-000000000003'], CommandType='"Text"', CommandTimeout='30']
SELECT u."Id", u."CreatedAt", u."DeletedAt", u."Email", u."EmailVerificationExpiry", u."EmailVerificationToken", u."FirstName", u."IsActive", u."IsDeleted", u."IsEmailVerified", u."LastLoginAt", u."LastName", u."OrganizationId", u."PasswordHash", u."PasswordResetExpiry", u."PasswordResetToken", u."ProfilePictureUrl", u."RefreshToken", u."RefreshTokenExpiry", u."Role", u."UpdatedAt", o0."Id", o0."CreatedAt", o0."DeletedAt", o0."Description", o0."IsActive", o0."IsDeleted", o0."LogoUrl", o0."Name", o0."Plan", o0."Slug", o0."UpdatedAt"
FROM "Users" AS u
INNER JOIN (
    SELECT o."Id", o."CreatedAt", o."DeletedAt", o."Description", o."IsActive", o."IsDeleted", o."LogoUrl", o."Name", o."Plan", o."Slug", o."UpdatedAt"
    FROM "Organizations" AS o
    WHERE NOT (o."IsDeleted")
) AS o0 ON u."OrganizationId" = o0."Id"
WHERE NOT (u."IsDeleted") AND u."Id" = @___currentUser_UserId_0
LIMIT 1
2026-07-27 17:30:40.219 +06:00 [INF] [0HNNBQ8LEOI32:00000001] Executed DbCommand (4ms) [Parameters=[@__taskId_0='00000000-0000-0000-0004-000000000007'], CommandType='"Text"', CommandTimeout='30']
SELECT s."Id", s."ActualMinutes", s."AssignedToUserId", s."CompletedAt", s."CreatedAt", s."CreatedByUserId", s."DeletedAt", s."Description", s."DueDate", s."EstimatedMinutes", s."IsDeleted", s."OrderIndex", s."OrganizationId", s."ParentTaskId", s."Priority", s."ProjectId", s."StartDate", s."Status", s."Title", s."UpdatedAt", s."Id0", s."CreatedAt0", s."DeletedAt0", s."Email", s."EmailVerificationExpiry", s."EmailVerificationToken", s."FirstName", s."IsActive", s."IsDeleted0", s."IsEmailVerified", s."LastLoginAt", s."LastName", s."OrganizationId0", s."PasswordHash", s."PasswordResetExpiry", s."PasswordResetToken", s."ProfilePictureUrl", s."RefreshToken", s."RefreshTokenExpiry", s."Role", s."UpdatedAt0", s."Id1", s."CreatedAt1", s."DeletedAt1", s."Email0", s."EmailVerificationExpiry0", s."EmailVerificationToken0", s."FirstName0", s."IsActive0", s."IsDeleted1", s."IsEmailVerified0", s."LastLoginAt0", s."LastName0", s."OrganizationId1", s."PasswordHash0", s."PasswordResetExpiry0", s."PasswordResetToken0", s."ProfilePictureUrl0", s."RefreshToken0", s."RefreshTokenExpiry0", s."Role0", s."UpdatedAt1", s."Id2", s."CreatedAt2", s."CreatedByUserId0", s."DeletedAt2", s."Description0", s."DueDate0", s."IsDeleted2", s."Name", s."OrganizationId2", s."ProjectLeadUserId", s."StartDate0", s."Status0", s."UpdatedAt2", s0."TaskId", s0."UserId", s0."AssignedAt", s0."AssignedByUserId", s0."Id", s0."CreatedAt", s0."DeletedAt", s0."Email", s0."EmailVerificationExpiry", s0."EmailVerificationToken", s0."FirstName", s0."IsActive", s0."IsDeleted", s0."IsEmailVerified", s0."LastLoginAt", s0."LastName", s0."OrganizationId", s0."PasswordHash", s0."PasswordResetExpiry", s0."PasswordResetToken", s0."ProfilePictureUrl", s0."RefreshToken", s0."RefreshTokenExpiry", s0."Role", s0."UpdatedAt", t2."Id", t2."ActualMinutes", t2."AssignedToUserId", t2."CompletedAt", t2."CreatedAt", t2."CreatedByUserId", t2."DeletedAt", t2."Description", t2."DueDate", t2."EstimatedMinutes", t2."IsDeleted", t2."OrderIndex", t2."OrganizationId", t2."ParentTaskId", t2."Priority", t2."ProjectId", t2."StartDate", t2."Status", t2."Title", t2."UpdatedAt"
FROM (
    SELECT t."Id", t."ActualMinutes", t."AssignedToUserId", t."CompletedAt", t."CreatedAt", t."CreatedByUserId", t."DeletedAt", t."Description", t."DueDate", t."EstimatedMinutes", t."IsDeleted", t."OrderIndex", t."OrganizationId", t."ParentTaskId", t."Priority", t."ProjectId", t."StartDate", t."Status", t."Title", t."UpdatedAt", u0."Id" AS "Id0", u0."CreatedAt" AS "CreatedAt0", u0."DeletedAt" AS "DeletedAt0", u0."Email", u0."EmailVerificationExpiry", u0."EmailVerificationToken", u0."FirstName", u0."IsActive", u0."IsDeleted" AS "IsDeleted0", u0."IsEmailVerified", u0."LastLoginAt", u0."LastName", u0."OrganizationId" AS "OrganizationId0", u0."PasswordHash", u0."PasswordResetExpiry", u0."PasswordResetToken", u0."ProfilePictureUrl", u0."RefreshToken", u0."RefreshTokenExpiry", u0."Role", u0."UpdatedAt" AS "UpdatedAt0", u2."Id" AS "Id1", u2."CreatedAt" AS "CreatedAt1", u2."DeletedAt" AS "DeletedAt1", u2."Email" AS "Email0", u2."EmailVerificationExpiry" AS "EmailVerificationExpiry0", u2."EmailVerificationToken" AS "EmailVerificationToken0", u2."FirstName" AS "FirstName0", u2."IsActive" AS "IsActive0", u2."IsDeleted" AS "IsDeleted1", u2."IsEmailVerified" AS "IsEmailVerified0", u2."LastLoginAt" AS "LastLoginAt0", u2."LastName" AS "LastName0", u2."OrganizationId" AS "OrganizationId1", u2."PasswordHash" AS "PasswordHash0", u2."PasswordResetExpiry" AS "PasswordResetExpiry0", u2."PasswordResetToken" AS "PasswordResetToken0", u2."ProfilePictureUrl" AS "ProfilePictureUrl0", u2."RefreshToken" AS "RefreshToken0", u2."RefreshTokenExpiry" AS "RefreshTokenExpiry0", u2."Role" AS "Role0", u2."UpdatedAt" AS "UpdatedAt1", p0."Id" AS "Id2", p0."CreatedAt" AS "CreatedAt2", p0."CreatedByUserId" AS "CreatedByUserId0", p0."DeletedAt" AS "DeletedAt2", p0."Description" AS "Description0", p0."DueDate" AS "DueDate0", p0."IsDeleted" AS "IsDeleted2", p0."Name", p0."OrganizationId" AS "OrganizationId2", p0."ProjectLeadUserId", p0."StartDate" AS "StartDate0", p0."Status" AS "Status0", p0."UpdatedAt" AS "UpdatedAt2"
    FROM "Tasks" AS t
    INNER JOIN (
        SELECT u."Id", u."CreatedAt", u."DeletedAt", u."Email", u."EmailVerificationExpiry", u."EmailVerificationToken", u."FirstName", u."IsActive", u."IsDeleted", u."IsEmailVerified", u."LastLoginAt", u."LastName", u."OrganizationId", u."PasswordHash", u."PasswordResetExpiry", u."PasswordResetToken", u."ProfilePictureUrl", u."RefreshToken", u."RefreshTokenExpiry", u."Role", u."UpdatedAt"
        FROM "Users" AS u
        WHERE NOT (u."IsDeleted")
    ) AS u0 ON t."CreatedByUserId" = u0."Id"
    LEFT JOIN (
        SELECT u1."Id", u1."CreatedAt", u1."DeletedAt", u1."Email", u1."EmailVerificationExpiry", u1."EmailVerificationToken", u1."FirstName", u1."IsActive", u1."IsDeleted", u1."IsEmailVerified", u1."LastLoginAt", u1."LastName", u1."OrganizationId", u1."PasswordHash", u1."PasswordResetExpiry", u1."PasswordResetToken", u1."ProfilePictureUrl", u1."RefreshToken", u1."RefreshTokenExpiry", u1."Role", u1."UpdatedAt"
        FROM "Users" AS u1
        WHERE NOT (u1."IsDeleted")
    ) AS u2 ON t."AssignedToUserId" = u2."Id"
    INNER JOIN (
        SELECT p."Id", p."CreatedAt", p."CreatedByUserId", p."DeletedAt", p."Description", p."DueDate", p."IsDeleted", p."Name", p."OrganizationId", p."ProjectLeadUserId", p."StartDate", p."Status", p."UpdatedAt"
        FROM "Projects" AS p
        WHERE NOT (p."IsDeleted")
    ) AS p0 ON t."ProjectId" = p0."Id"
    WHERE NOT (t."IsDeleted") AND t."Id" = @__taskId_0
    LIMIT 1
) AS s
LEFT JOIN (
    SELECT t0."TaskId", t0."UserId", t0."AssignedAt", t0."AssignedByUserId", u4."Id", u4."CreatedAt", u4."DeletedAt", u4."Email", u4."EmailVerificationExpiry", u4."EmailVerificationToken", u4."FirstName", u4."IsActive", u4."IsDeleted", u4."IsEmailVerified", u4."LastLoginAt", u4."LastName", u4."OrganizationId", u4."PasswordHash", u4."PasswordResetExpiry", u4."PasswordResetToken", u4."ProfilePictureUrl", u4."RefreshToken", u4."RefreshTokenExpiry", u4."Role", u4."UpdatedAt"
    FROM "TaskAssignees" AS t0
    INNER JOIN (
        SELECT u3."Id", u3."CreatedAt", u3."DeletedAt", u3."Email", u3."EmailVerificationExpiry", u3."EmailVerificationToken", u3."FirstName", u3."IsActive", u3."IsDeleted", u3."IsEmailVerified", u3."LastLoginAt", u3."LastName", u3."OrganizationId", u3."PasswordHash", u3."PasswordResetExpiry", u3."PasswordResetToken", u3."ProfilePictureUrl", u3."RefreshToken", u3."RefreshTokenExpiry", u3."Role", u3."UpdatedAt"
        FROM "Users" AS u3
        WHERE NOT (u3."IsDeleted")
    ) AS u4 ON t0."UserId" = u4."Id"
) AS s0 ON s."Id" = s0."TaskId"
LEFT JOIN (
    SELECT t1."Id", t1."ActualMinutes", t1."AssignedToUserId", t1."CompletedAt", t1."CreatedAt", t1."CreatedByUserId", t1."DeletedAt", t1."Description", t1."DueDate", t1."EstimatedMinutes", t1."IsDeleted", t1."OrderIndex", t1."OrganizationId", t1."ParentTaskId", t1."Priority", t1."ProjectId", t1."StartDate", t1."Status", t1."Title", t1."UpdatedAt"
    FROM "Tasks" AS t1
    WHERE NOT (t1."IsDeleted")
) AS t2 ON s."Id" = t2."ParentTaskId"
ORDER BY s."Id", s."Id0", s."Id1", s."Id2", s0."TaskId", s0."UserId", s0."Id"
2026-07-27 17:30:40.221 +06:00 [DBG] [0HNNBQ8LEOI32:00000001] Permission check: "00000000-0000-0000-0002-000000000003" (Member) → tasks.update = false
2026-07-27 17:30:40.222 +06:00 [DBG] [0HNNBQ8LEOI32:00000001] Permission check: "00000000-0000-0000-0002-000000000003" (Member) → tasks.update.own = true
2026-07-27 17:30:40.222 +06:00 [WRN] [0HNNBQ8LEOI32:00000001] [0HNNBQ8LEOI32:00000001] PATCH /api/tasks/00000000-0000-0000-0004-000000000007/status → 400 (11.4ms)
2026-07-27 17:30:41.546 +06:00 [DBG] [0HNNBQ8LEOI33:00000001] Permission granted: Member → tasks.update.own
2026-07-27 17:30:41.548 +06:00 [INF] [0HNNBQ8LEOI33:00000001] Executed DbCommand (1ms) [Parameters=[@___currentUser_UserId_0='00000000-0000-0000-0002-000000000003'], CommandType='"Text"', CommandTimeout='30']
SELECT u."Id", u."CreatedAt", u."DeletedAt", u."Email", u."EmailVerificationExpiry", u."EmailVerificationToken", u."FirstName", u."IsActive", u."IsDeleted", u."IsEmailVerified", u."LastLoginAt", u."LastName", u."OrganizationId", u."PasswordHash", u."PasswordResetExpiry", u."PasswordResetToken", u."ProfilePictureUrl", u."RefreshToken", u."RefreshTokenExpiry", u."Role", u."UpdatedAt", o0."Id", o0."CreatedAt", o0."DeletedAt", o0."Description", o0."IsActive", o0."IsDeleted", o0."LogoUrl", o0."Name", o0."Plan", o0."Slug", o0."UpdatedAt"
FROM "Users" AS u
INNER JOIN (
    SELECT o."Id", o."CreatedAt", o."DeletedAt", o."Description", o."IsActive", o."IsDeleted", o."LogoUrl", o."Name", o."Plan", o."Slug", o."UpdatedAt"
    FROM "Organizations" AS o
    WHERE NOT (o."IsDeleted")
) AS o0 ON u."OrganizationId" = o0."Id"
WHERE NOT (u."IsDeleted") AND u."Id" = @___currentUser_UserId_0
LIMIT 1
2026-07-27 17:30:41.554 +06:00 [INF] [0HNNBQ8LEOI33:00000001] Executed DbCommand (4ms) [Parameters=[@__taskId_0='00000000-0000-0000-0004-000000000006'], CommandType='"Text"', CommandTimeout='30']
SELECT s."Id", s."ActualMinutes", s."AssignedToUserId", s."CompletedAt", s."CreatedAt", s."CreatedByUserId", s."DeletedAt", s."Description", s."DueDate", s."EstimatedMinutes", s."IsDeleted", s."OrderIndex", s."OrganizationId", s."ParentTaskId", s."Priority", s."ProjectId", s."StartDate", s."Status", s."Title", s."UpdatedAt", s."Id0", s."CreatedAt0", s."DeletedAt0", s."Email", s."EmailVerificationExpiry", s."EmailVerificationToken", s."FirstName", s."IsActive", s."IsDeleted0", s."IsEmailVerified", s."LastLoginAt", s."LastName", s."OrganizationId0", s."PasswordHash", s."PasswordResetExpiry", s."PasswordResetToken", s."ProfilePictureUrl", s."RefreshToken", s."RefreshTokenExpiry", s."Role", s."UpdatedAt0", s."Id1", s."CreatedAt1", s."DeletedAt1", s."Email0", s."EmailVerificationExpiry0", s."EmailVerificationToken0", s."FirstName0", s."IsActive0", s."IsDeleted1", s."IsEmailVerified0", s."LastLoginAt0", s."LastName0", s."OrganizationId1", s."PasswordHash0", s."PasswordResetExpiry0", s."PasswordResetToken0", s."ProfilePictureUrl0", s."RefreshToken0", s."RefreshTokenExpiry0", s."Role0", s."UpdatedAt1", s."Id2", s."CreatedAt2", s."CreatedByUserId0", s."DeletedAt2", s."Description0", s."DueDate0", s."IsDeleted2", s."Name", s."OrganizationId2", s."ProjectLeadUserId", s."StartDate0", s."Status0", s."UpdatedAt2", s0."TaskId", s0."UserId", s0."AssignedAt", s0."AssignedByUserId", s0."Id", s0."CreatedAt", s0."DeletedAt", s0."Email", s0."EmailVerificationExpiry", s0."EmailVerificationToken", s0."FirstName", s0."IsActive", s0."IsDeleted", s0."IsEmailVerified", s0."LastLoginAt", s0."LastName", s0."OrganizationId", s0."PasswordHash", s0."PasswordResetExpiry", s0."PasswordResetToken", s0."ProfilePictureUrl", s0."RefreshToken", s0."RefreshTokenExpiry", s0."Role", s0."UpdatedAt", t2."Id", t2."ActualMinutes", t2."AssignedToUserId", t2."CompletedAt", t2."CreatedAt", t2."CreatedByUserId", t2."DeletedAt", t2."Description", t2."DueDate", t2."EstimatedMinutes", t2."IsDeleted", t2."OrderIndex", t2."OrganizationId", t2."ParentTaskId", t2."Priority", t2."ProjectId", t2."StartDate", t2."Status", t2."Title", t2."UpdatedAt"
FROM (
    SELECT t."Id", t."ActualMinutes", t."AssignedToUserId", t."CompletedAt", t."CreatedAt", t."CreatedByUserId", t."DeletedAt", t."Description", t."DueDate", t."EstimatedMinutes", t."IsDeleted", t."OrderIndex", t."OrganizationId", t."ParentTaskId", t."Priority", t."ProjectId", t."StartDate", t."Status", t."Title", t."UpdatedAt", u0."Id" AS "Id0", u0."CreatedAt" AS "CreatedAt0", u0."DeletedAt" AS "DeletedAt0", u0."Email", u0."EmailVerificationExpiry", u0."EmailVerificationToken", u0."FirstName", u0."IsActive", u0."IsDeleted" AS "IsDeleted0", u0."IsEmailVerified", u0."LastLoginAt", u0."LastName", u0."OrganizationId" AS "OrganizationId0", u0."PasswordHash", u0."PasswordResetExpiry", u0."PasswordResetToken", u0."ProfilePictureUrl", u0."RefreshToken", u0."RefreshTokenExpiry", u0."Role", u0."UpdatedAt" AS "UpdatedAt0", u2."Id" AS "Id1", u2."CreatedAt" AS "CreatedAt1", u2."DeletedAt" AS "DeletedAt1", u2."Email" AS "Email0", u2."EmailVerificationExpiry" AS "EmailVerificationExpiry0", u2."EmailVerificationToken" AS "EmailVerificationToken0", u2."FirstName" AS "FirstName0", u2."IsActive" AS "IsActive0", u2."IsDeleted" AS "IsDeleted1", u2."IsEmailVerified" AS "IsEmailVerified0", u2."LastLoginAt" AS "LastLoginAt0", u2."LastName" AS "LastName0", u2."OrganizationId" AS "OrganizationId1", u2."PasswordHash" AS "PasswordHash0", u2."PasswordResetExpiry" AS "PasswordResetExpiry0", u2."PasswordResetToken" AS "PasswordResetToken0", u2."ProfilePictureUrl" AS "ProfilePictureUrl0", u2."RefreshToken" AS "RefreshToken0", u2."RefreshTokenExpiry" AS "RefreshTokenExpiry0", u2."Role" AS "Role0", u2."UpdatedAt" AS "UpdatedAt1", p0."Id" AS "Id2", p0."CreatedAt" AS "CreatedAt2", p0."CreatedByUserId" AS "CreatedByUserId0", p0."DeletedAt" AS "DeletedAt2", p0."Description" AS "Description0", p0."DueDate" AS "DueDate0", p0."IsDeleted" AS "IsDeleted2", p0."Name", p0."OrganizationId" AS "OrganizationId2", p0."ProjectLeadUserId", p0."StartDate" AS "StartDate0", p0."Status" AS "Status0", p0."UpdatedAt" AS "UpdatedAt2"
    FROM "Tasks" AS t
    INNER JOIN (
        SELECT u."Id", u."CreatedAt", u."DeletedAt", u."Email", u."EmailVerificationExpiry", u."EmailVerificationToken", u."FirstName", u."IsActive", u."IsDeleted", u."IsEmailVerified", u."LastLoginAt", u."LastName", u."OrganizationId", u."PasswordHash", u."PasswordResetExpiry", u."PasswordResetToken", u."ProfilePictureUrl", u."RefreshToken", u."RefreshTokenExpiry", u."Role", u."UpdatedAt"
        FROM "Users" AS u
        WHERE NOT (u."IsDeleted")
    ) AS u0 ON t."CreatedByUserId" = u0."Id"
    LEFT JOIN (
        SELECT u1."Id", u1."CreatedAt", u1."DeletedAt", u1."Email", u1."EmailVerificationExpiry", u1."EmailVerificationToken", u1."FirstName", u1."IsActive", u1."IsDeleted", u1."IsEmailVerified", u1."LastLoginAt", u1."LastName", u1."OrganizationId", u1."PasswordHash", u1."PasswordResetExpiry", u1."PasswordResetToken", u1."ProfilePictureUrl", u1."RefreshToken", u1."RefreshTokenExpiry", u1."Role", u1."UpdatedAt"
        FROM "Users" AS u1
        WHERE NOT (u1."IsDeleted")
    ) AS u2 ON t."AssignedToUserId" = u2."Id"
    INNER JOIN (
        SELECT p."Id", p."CreatedAt", p."CreatedByUserId", p."DeletedAt", p."Description", p."DueDate", p."IsDeleted", p."Name", p."OrganizationId", p."ProjectLeadUserId", p."StartDate", p."Status", p."UpdatedAt"
        FROM "Projects" AS p
        WHERE NOT (p."IsDeleted")
    ) AS p0 ON t."ProjectId" = p0."Id"
    WHERE NOT (t."IsDeleted") AND t."Id" = @__taskId_0
    LIMIT 1
) AS s
LEFT JOIN (
    SELECT t0."TaskId", t0."UserId", t0."AssignedAt", t0."AssignedByUserId", u4."Id", u4."CreatedAt", u4."DeletedAt", u4."Email", u4."EmailVerificationExpiry", u4."EmailVerificationToken", u4."FirstName", u4."IsActive", u4."IsDeleted", u4."IsEmailVerified", u4."LastLoginAt", u4."LastName", u4."OrganizationId", u4."PasswordHash", u4."PasswordResetExpiry", u4."PasswordResetToken", u4."ProfilePictureUrl", u4."RefreshToken", u4."RefreshTokenExpiry", u4."Role", u4."UpdatedAt"
    FROM "TaskAssignees" AS t0
    INNER JOIN (
        SELECT u3."Id", u3."CreatedAt", u3."DeletedAt", u3."Email", u3."EmailVerificationExpiry", u3."EmailVerificationToken", u3."FirstName", u3."IsActive", u3."IsDeleted", u3."IsEmailVerified", u3."LastLoginAt", u3."LastName", u3."OrganizationId", u3."PasswordHash", u3."PasswordResetExpiry", u3."PasswordResetToken", u3."ProfilePictureUrl", u3."RefreshToken", u3."RefreshTokenExpiry", u3."Role", u3."UpdatedAt"
        FROM "Users" AS u3
        WHERE NOT (u3."IsDeleted")
    ) AS u4 ON t0."UserId" = u4."Id"
) AS s0 ON s."Id" = s0."TaskId"
LEFT JOIN (
    SELECT t1."Id", t1."ActualMinutes", t1."AssignedToUserId", t1."CompletedAt", t1."CreatedAt", t1."CreatedByUserId", t1."DeletedAt", t1."Description", t1."DueDate", t1."EstimatedMinutes", t1."IsDeleted", t1."OrderIndex", t1."OrganizationId", t1."ParentTaskId", t1."Priority", t1."ProjectId", t1."StartDate", t1."Status", t1."Title", t1."UpdatedAt"
    FROM "Tasks" AS t1
    WHERE NOT (t1."IsDeleted")
) AS t2 ON s."Id" = t2."ParentTaskId"
ORDER BY s."Id", s."Id0", s."Id1", s."Id2", s0."TaskId", s0."UserId", s0."Id"
2026-07-27 17:30:41.555 +06:00 [DBG] [0HNNBQ8LEOI33:00000001] Permission check: "00000000-0000-0000-0002-000000000003" (Member) → tasks.update = false
2026-07-27 17:30:41.556 +06:00 [DBG] [0HNNBQ8LEOI33:00000001] Permission check: "00000000-0000-0000-0002-000000000003" (Member) → tasks.update.own = true
2026-07-27 17:30:41.603 +06:00 [INF] [0HNNBQ8LEOI33:00000001] Executed DbCommand (45ms) [Parameters=[@p2='00000000-0000-0000-0004-000000000006', @p0='InReview' (Nullable = false), @p1='2026-07-27T11:30:41.5583866Z' (DbType = DateTime)], CommandType='"Text"', CommandTimeout='30']
UPDATE "Tasks" SET "Status" = @p0, "UpdatedAt" = @p1
WHERE "Id" = @p2;
2026-07-27 17:30:41.607 +06:00 [INF] [0HNNBQ8LEOI33:00000001] Executed DbCommand (2ms) [Parameters=[@p0='eb30011e-ba19-46fb-9a33-bd61d10c51dc', @p1='TaskStatusChanged' (Nullable = false), @p2='2026-07-27T11:30:41.6038071Z' (DbType = DateTime), @p3='00000000-0000-0000-0004-000000000006', @p4='Build authentication module', @p5='Task' (Nullable = false), @p6='{"from":"Todo","to":"InReview"}', @p7='00000000-0000-0000-0001-000000000001', @p8='00000000-0000-0000-0003-000000000002' (Nullable = true), @p9='00000000-0000-0000-0002-000000000003', @p10='Alice Johnson' (Nullable = false)], CommandType='"Text"', CommandTimeout='30']
INSERT INTO "ActivityLogs" ("Id", "Action", "CreatedAt", "EntityId", "EntityName", "EntityType", "Metadata", "OrganizationId", "ProjectId", "UserId", "UserName")
VALUES (@p0, @p1, @p2, @p3, @p4, @p5, @p6, @p7, @p8, @p9, @p10);
2026-07-27 17:30:41.607 +06:00 [INF] [0HNNBQ8LEOI33:00000001] Task "00000000-0000-0000-0004-000000000006" status Todo → InReview by "00000000-0000-0000-0002-000000000003"
2026-07-27 17:30:41.608 +06:00 [INF] [0HNNBQ8LEOI33:00000001] [0HNNBQ8LEOI33:00000001] PATCH /api/tasks/00000000-0000-0000-0004-000000000006/status → 200 (62.8ms)
2026-07-27 17:30:41.617 +06:00 [DBG] [0HNNBQ8LEOI35:00000001] Permission granted: Member → projects.view
2026-07-27 17:30:41.617 +06:00 [DBG] [0HNNBQ8LEOI34:00000001] Permission granted: Member → tasks.view
2026-07-27 17:30:41.619 +06:00 [INF] [0HNNBQ8LEOI34:00000001] Executed DbCommand (1ms) [Parameters=[@___currentUser_UserId_0='00000000-0000-0000-0002-000000000003'], CommandType='"Text"', CommandTimeout='30']
SELECT u."Id", u."CreatedAt", u."DeletedAt", u."Email", u."EmailVerificationExpiry", u."EmailVerificationToken", u."FirstName", u."IsActive", u."IsDeleted", u."IsEmailVerified", u."LastLoginAt", u."LastName", u."OrganizationId", u."PasswordHash", u."PasswordResetExpiry", u."PasswordResetToken", u."ProfilePictureUrl", u."RefreshToken", u."RefreshTokenExpiry", u."Role", u."UpdatedAt", o0."Id", o0."CreatedAt", o0."DeletedAt", o0."Description", o0."IsActive", o0."IsDeleted", o0."LogoUrl", o0."Name", o0."Plan", o0."Slug", o0."UpdatedAt"
FROM "Users" AS u
INNER JOIN (
    SELECT o."Id", o."CreatedAt", o."DeletedAt", o."Description", o."IsActive", o."IsDeleted", o."LogoUrl", o."Name", o."Plan", o."Slug", o."UpdatedAt"
    FROM "Organizations" AS o
    WHERE NOT (o."IsDeleted")
) AS o0 ON u."OrganizationId" = o0."Id"
WHERE NOT (u."IsDeleted") AND u."Id" = @___currentUser_UserId_0
LIMIT 1
2026-07-27 17:30:41.619 +06:00 [INF] [0HNNBQ8LEOI35:00000001] Executed DbCommand (1ms) [Parameters=[@___currentUser_UserId_0='00000000-0000-0000-0002-000000000003'], CommandType='"Text"', CommandTimeout='30']
SELECT u."Id", u."CreatedAt", u."DeletedAt", u."Email", u."EmailVerificationExpiry", u."EmailVerificationToken", u."FirstName", u."IsActive", u."IsDeleted", u."IsEmailVerified", u."LastLoginAt", u."LastName", u."OrganizationId", u."PasswordHash", u."PasswordResetExpiry", u."PasswordResetToken", u."ProfilePictureUrl", u."RefreshToken", u."RefreshTokenExpiry", u."Role", u."UpdatedAt", o0."Id", o0."CreatedAt", o0."DeletedAt", o0."Description", o0."IsActive", o0."IsDeleted", o0."LogoUrl", o0."Name", o0."Plan", o0."Slug", o0."UpdatedAt"
FROM "Users" AS u
INNER JOIN (
    SELECT o."Id", o."CreatedAt", o."DeletedAt", o."Description", o."IsActive", o."IsDeleted", o."LogoUrl", o."Name", o."Plan", o."Slug", o."UpdatedAt"
    FROM "Organizations" AS o
    WHERE NOT (o."IsDeleted")
) AS o0 ON u."OrganizationId" = o0."Id"
WHERE NOT (u."IsDeleted") AND u."Id" = @___currentUser_UserId_0
LIMIT 1
2026-07-27 17:30:41.620 +06:00 [INF] [0HNNBQ8LEOI34:00000001] Executed DbCommand (1ms) [Parameters=[@__projectId_0='00000000-0000-0000-0003-000000000002'], CommandType='"Text"', CommandTimeout='30']
SELECT p."Id", p."CreatedAt", p."CreatedByUserId", p."DeletedAt", p."Description", p."DueDate", p."IsDeleted", p."Name", p."OrganizationId", p."ProjectLeadUserId", p."StartDate", p."Status", p."UpdatedAt"
FROM "Projects" AS p
WHERE NOT (p."IsDeleted") AND p."Id" = @__projectId_0
LIMIT 1
2026-07-27 17:30:41.621 +06:00 [INF] [0HNNBQ8LEOI34:00000001] Executed DbCommand (0ms) [Parameters=[@__projectId_0='00000000-0000-0000-0003-000000000002'], CommandType='"Text"', CommandTimeout='30']
SELECT count(*)::int
FROM "Tasks" AS t
WHERE NOT (t."IsDeleted") AND t."ProjectId" = @__projectId_0
2026-07-27 17:30:41.621 +06:00 [INF] [0HNNBQ8LEOI35:00000001] Executed DbCommand (2ms) [Parameters=[@__projectId_0='00000000-0000-0000-0003-000000000002'], CommandType='"Text"', CommandTimeout='30']
SELECT s."Id", s."CreatedAt", s."CreatedByUserId", s."DeletedAt", s."Description", s."DueDate", s."IsDeleted", s."Name", s."OrganizationId", s."ProjectLeadUserId", s."StartDate", s."Status", s."UpdatedAt", s."Id0", s."CreatedAt0", s."DeletedAt0", s."Email", s."EmailVerificationExpiry", s."EmailVerificationToken", s."FirstName", s."IsActive", s."IsDeleted0", s."IsEmailVerified", s."LastLoginAt", s."LastName", s."OrganizationId0", s."PasswordHash", s."PasswordResetExpiry", s."PasswordResetToken", s."ProfilePictureUrl", s."RefreshToken", s."RefreshTokenExpiry", s."Role", s."UpdatedAt0", s."Id1", s."CreatedAt1", s."DeletedAt1", s."Email0", s."EmailVerificationExpiry0", s."EmailVerificationToken0", s."FirstName0", s."IsActive0", s."IsDeleted1", s."IsEmailVerified0", s."LastLoginAt0", s."LastName0", s."OrganizationId1", s."PasswordHash0", s."PasswordResetExpiry0", s."PasswordResetToken0", s."ProfilePictureUrl0", s."RefreshToken0", s."RefreshTokenExpiry0", s."Role0", s."UpdatedAt1", t0."Id", t0."ActualMinutes", t0."AssignedToUserId", t0."CompletedAt", t0."CreatedAt", t0."CreatedByUserId", t0."DeletedAt", t0."Description", t0."DueDate", t0."EstimatedMinutes", t0."IsDeleted", t0."OrderIndex", t0."OrganizationId", t0."ParentTaskId", t0."Priority", t0."ProjectId", t0."StartDate", t0."Status", t0."Title", t0."UpdatedAt"
FROM (
    SELECT p."Id", p."CreatedAt", p."CreatedByUserId", p."DeletedAt", p."Description", p."DueDate", p."IsDeleted", p."Name", p."OrganizationId", p."ProjectLeadUserId", p."StartDate", p."Status", p."UpdatedAt", u0."Id" AS "Id0", u0."CreatedAt" AS "CreatedAt0", u0."DeletedAt" AS "DeletedAt0", u0."Email", u0."EmailVerificationExpiry", u0."EmailVerificationToken", u0."FirstName", u0."IsActive", u0."IsDeleted" AS "IsDeleted0", u0."IsEmailVerified", u0."LastLoginAt", u0."LastName", u0."OrganizationId" AS "OrganizationId0", u0."PasswordHash", u0."PasswordResetExpiry", u0."PasswordResetToken", u0."ProfilePictureUrl", u0."RefreshToken", u0."RefreshTokenExpiry", u0."Role", u0."UpdatedAt" AS "UpdatedAt0", u2."Id" AS "Id1", u2."CreatedAt" AS "CreatedAt1", u2."DeletedAt" AS "DeletedAt1", u2."Email" AS "Email0", u2."EmailVerificationExpiry" AS "EmailVerificationExpiry0", u2."EmailVerificationToken" AS "EmailVerificationToken0", u2."FirstName" AS "FirstName0", u2."IsActive" AS "IsActive0", u2."IsDeleted" AS "IsDeleted1", u2."IsEmailVerified" AS "IsEmailVerified0", u2."LastLoginAt" AS "LastLoginAt0", u2."LastName" AS "LastName0", u2."OrganizationId" AS "OrganizationId1", u2."PasswordHash" AS "PasswordHash0", u2."PasswordResetExpiry" AS "PasswordResetExpiry0", u2."PasswordResetToken" AS "PasswordResetToken0", u2."ProfilePictureUrl" AS "ProfilePictureUrl0", u2."RefreshToken" AS "RefreshToken0", u2."RefreshTokenExpiry" AS "RefreshTokenExpiry0", u2."Role" AS "Role0", u2."UpdatedAt" AS "UpdatedAt1"
    FROM "Projects" AS p
    INNER JOIN (
        SELECT u."Id", u."CreatedAt", u."DeletedAt", u."Email", u."EmailVerificationExpiry", u."EmailVerificationToken", u."FirstName", u."IsActive", u."IsDeleted", u."IsEmailVerified", u."LastLoginAt", u."LastName", u."OrganizationId", u."PasswordHash", u."PasswordResetExpiry", u."PasswordResetToken", u."ProfilePictureUrl", u."RefreshToken", u."RefreshTokenExpiry", u."Role", u."UpdatedAt"
        FROM "Users" AS u
        WHERE NOT (u."IsDeleted")
    ) AS u0 ON p."CreatedByUserId" = u0."Id"
    LEFT JOIN (
        SELECT u1."Id", u1."CreatedAt", u1."DeletedAt", u1."Email", u1."EmailVerificationExpiry", u1."EmailVerificationToken", u1."FirstName", u1."IsActive", u1."IsDeleted", u1."IsEmailVerified", u1."LastLoginAt", u1."LastName", u1."OrganizationId", u1."PasswordHash", u1."PasswordResetExpiry", u1."PasswordResetToken", u1."ProfilePictureUrl", u1."RefreshToken", u1."RefreshTokenExpiry", u1."Role", u1."UpdatedAt"
        FROM "Users" AS u1
        WHERE NOT (u1."IsDeleted")
    ) AS u2 ON p."ProjectLeadUserId" = u2."Id"
    WHERE NOT (p."IsDeleted") AND p."Id" = @__projectId_0
    LIMIT 1
) AS s
LEFT JOIN (
    SELECT t."Id", t."ActualMinutes", t."AssignedToUserId", t."CompletedAt", t."CreatedAt", t."CreatedByUserId", t."DeletedAt", t."Description", t."DueDate", t."EstimatedMinutes", t."IsDeleted", t."OrderIndex", t."OrganizationId", t."ParentTaskId", t."Priority", t."ProjectId", t."StartDate", t."Status", t."Title", t."UpdatedAt"
    FROM "Tasks" AS t
    WHERE NOT (t."IsDeleted")
) AS t0 ON s."Id" = t0."ProjectId"
ORDER BY s."Id", s."Id0", s."Id1"
2026-07-27 17:30:41.623 +06:00 [INF] [0HNNBQ8LEOI35:00000001] [0HNNBQ8LEOI35:00000001] GET /api/projects/00000000-0000-0000-0003-000000000002 → 200 (6.0ms)
2026-07-27 17:30:41.625 +06:00 [INF] [0HNNBQ8LEOI34:00000001] Executed DbCommand (4ms) [Parameters=[@__projectId_0='00000000-0000-0000-0003-000000000002', @__p_2='100', @__p_1='0'], CommandType='"Text"', CommandTimeout='30']
SELECT t0."Id", t0."ActualMinutes", t0."AssignedToUserId", t0."CompletedAt", t0."CreatedAt", t0."CreatedByUserId", t0."DeletedAt", t0."Description", t0."DueDate", t0."EstimatedMinutes", t0."IsDeleted", t0."OrderIndex", t0."OrganizationId", t0."ParentTaskId", t0."Priority", t0."ProjectId", t0."StartDate", t0."Status", t0."Title", t0."UpdatedAt", u0."Id", u0."CreatedAt", u0."DeletedAt", u0."Email", u0."EmailVerificationExpiry", u0."EmailVerificationToken", u0."FirstName", u0."IsActive", u0."IsDeleted", u0."IsEmailVerified", u0."LastLoginAt", u0."LastName", u0."OrganizationId", u0."PasswordHash", u0."PasswordResetExpiry", u0."PasswordResetToken", u0."ProfilePictureUrl", u0."RefreshToken", u0."RefreshTokenExpiry", u0."Role", u0."UpdatedAt", u2."Id", u2."CreatedAt", u2."DeletedAt", u2."Email", u2."EmailVerificationExpiry", u2."EmailVerificationToken", u2."FirstName", u2."IsActive", u2."IsDeleted", u2."IsEmailVerified", u2."LastLoginAt", u2."LastName", u2."OrganizationId", u2."PasswordHash", u2."PasswordResetExpiry", u2."PasswordResetToken", u2."ProfilePictureUrl", u2."RefreshToken", u2."RefreshTokenExpiry", u2."Role", u2."UpdatedAt", p0."Id", p0."CreatedAt", p0."CreatedByUserId", p0."DeletedAt", p0."Description", p0."DueDate", p0."IsDeleted", p0."Name", p0."OrganizationId", p0."ProjectLeadUserId", p0."StartDate", p0."Status", p0."UpdatedAt", s."TaskId", s."UserId", s."AssignedAt", s."AssignedByUserId", s."Id", s."CreatedAt", s."DeletedAt", s."Email", s."EmailVerificationExpiry", s."EmailVerificationToken", s."FirstName", s."IsActive", s."IsDeleted", s."IsEmailVerified", s."LastLoginAt", s."LastName", s."OrganizationId", s."PasswordHash", s."PasswordResetExpiry", s."PasswordResetToken", s."ProfilePictureUrl", s."RefreshToken", s."RefreshTokenExpiry", s."Role", s."UpdatedAt", t3."Id", t3."ActualMinutes", t3."AssignedToUserId", t3."CompletedAt", t3."CreatedAt", t3."CreatedByUserId", t3."DeletedAt", t3."Description", t3."DueDate", t3."EstimatedMinutes", t3."IsDeleted", t3."OrderIndex", t3."OrganizationId", t3."ParentTaskId", t3."Priority", t3."ProjectId", t3."StartDate", t3."Status", t3."Title", t3."UpdatedAt"
FROM (
    SELECT t."Id", t."ActualMinutes", t."AssignedToUserId", t."CompletedAt", t."CreatedAt", t."CreatedByUserId", t."DeletedAt", t."Description", t."DueDate", t."EstimatedMinutes", t."IsDeleted", t."OrderIndex", t."OrganizationId", t."ParentTaskId", t."Priority", t."ProjectId", t."StartDate", t."Status", t."Title", t."UpdatedAt"
    FROM "Tasks" AS t
    WHERE NOT (t."IsDeleted") AND t."ProjectId" = @__projectId_0
    ORDER BY t."OrderIndex"
    LIMIT @__p_2 OFFSET @__p_1
) AS t0
INNER JOIN (
    SELECT u."Id", u."CreatedAt", u."DeletedAt", u."Email", u."EmailVerificationExpiry", u."EmailVerificationToken", u."FirstName", u."IsActive", u."IsDeleted", u."IsEmailVerified", u."LastLoginAt", u."LastName", u."OrganizationId", u."PasswordHash", u."PasswordResetExpiry", u."PasswordResetToken", u."ProfilePictureUrl", u."RefreshToken", u."RefreshTokenExpiry", u."Role", u."UpdatedAt"
    FROM "Users" AS u
    WHERE NOT (u."IsDeleted")
) AS u0 ON t0."CreatedByUserId" = u0."Id"
LEFT JOIN (
    SELECT u1."Id", u1."CreatedAt", u1."DeletedAt", u1."Email", u1."EmailVerificationExpiry", u1."EmailVerificationToken", u1."FirstName", u1."IsActive", u1."IsDeleted", u1."IsEmailVerified", u1."LastLoginAt", u1."LastName", u1."OrganizationId", u1."PasswordHash", u1."PasswordResetExpiry", u1."PasswordResetToken", u1."ProfilePictureUrl", u1."RefreshToken", u1."RefreshTokenExpiry", u1."Role", u1."UpdatedAt"
    FROM "Users" AS u1
    WHERE NOT (u1."IsDeleted")
) AS u2 ON t0."AssignedToUserId" = u2."Id"
INNER JOIN (
    SELECT p."Id", p."CreatedAt", p."CreatedByUserId", p."DeletedAt", p."Description", p."DueDate", p."IsDeleted", p."Name", p."OrganizationId", p."ProjectLeadUserId", p."StartDate", p."Status", p."UpdatedAt"
    FROM "Projects" AS p
    WHERE NOT (p."IsDeleted")
) AS p0 ON t0."ProjectId" = p0."Id"
LEFT JOIN (
    SELECT t1."TaskId", t1."UserId", t1."AssignedAt", t1."AssignedByUserId", u4."Id", u4."CreatedAt", u4."DeletedAt", u4."Email", u4."EmailVerificationExpiry", u4."EmailVerificationToken", u4."FirstName", u4."IsActive", u4."IsDeleted", u4."IsEmailVerified", u4."LastLoginAt", u4."LastName", u4."OrganizationId", u4."PasswordHash", u4."PasswordResetExpiry", u4."PasswordResetToken", u4."ProfilePictureUrl", u4."RefreshToken", u4."RefreshTokenExpiry", u4."Role", u4."UpdatedAt"
    FROM "TaskAssignees" AS t1
    INNER JOIN (
        SELECT u3."Id", u3."CreatedAt", u3."DeletedAt", u3."Email", u3."EmailVerificationExpiry", u3."EmailVerificationToken", u3."FirstName", u3."IsActive", u3."IsDeleted", u3."IsEmailVerified", u3."LastLoginAt", u3."LastName", u3."OrganizationId", u3."PasswordHash", u3."PasswordResetExpiry", u3."PasswordResetToken", u3."ProfilePictureUrl", u3."RefreshToken", u3."RefreshTokenExpiry", u3."Role", u3."UpdatedAt"
        FROM "Users" AS u3
        WHERE NOT (u3."IsDeleted")
    ) AS u4 ON t1."UserId" = u4."Id"
) AS s ON t0."Id" = s."TaskId"
LEFT JOIN (
    SELECT t2."Id", t2."ActualMinutes", t2."AssignedToUserId", t2."CompletedAt", t2."CreatedAt", t2."CreatedByUserId", t2."DeletedAt", t2."Description", t2."DueDate", t2."EstimatedMinutes", t2."IsDeleted", t2."OrderIndex", t2."OrganizationId", t2."ParentTaskId", t2."Priority", t2."ProjectId", t2."StartDate", t2."Status", t2."Title", t2."UpdatedAt"
    FROM "Tasks" AS t2
    WHERE NOT (t2."IsDeleted")
) AS t3 ON t0."Id" = t3."ParentTaskId"
ORDER BY t0."OrderIndex", t0."Id", u0."Id", u2."Id", p0."Id", s."TaskId", s."UserId", s."Id"
2026-07-27 17:30:41.627 +06:00 [INF] [0HNNBQ8LEOI34:00000001] [0HNNBQ8LEOI34:00000001] GET /api/projects/00000000-0000-0000-0003-000000000002/tasks → 200 (10.8ms)
2026-07-27 17:30:46.645 +06:00 [DBG] [0HNNBQ8LEOI36:00000001] Permission granted: Member → tasks.view
2026-07-27 17:30:46.647 +06:00 [INF] [0HNNBQ8LEOI36:00000001] Executed DbCommand (1ms) [Parameters=[@___currentUser_UserId_0='00000000-0000-0000-0002-000000000003'], CommandType='"Text"', CommandTimeout='30']
SELECT u."Id", u."CreatedAt", u."DeletedAt", u."Email", u."EmailVerificationExpiry", u."EmailVerificationToken", u."FirstName", u."IsActive", u."IsDeleted", u."IsEmailVerified", u."LastLoginAt", u."LastName", u."OrganizationId", u."PasswordHash", u."PasswordResetExpiry", u."PasswordResetToken", u."ProfilePictureUrl", u."RefreshToken", u."RefreshTokenExpiry", u."Role", u."UpdatedAt", o0."Id", o0."CreatedAt", o0."DeletedAt", o0."Description", o0."IsActive", o0."IsDeleted", o0."LogoUrl", o0."Name", o0."Plan", o0."Slug", o0."UpdatedAt"
FROM "Users" AS u
INNER JOIN (
    SELECT o."Id", o."CreatedAt", o."DeletedAt", o."Description", o."IsActive", o."IsDeleted", o."LogoUrl", o."Name", o."Plan", o."Slug", o."UpdatedAt"
    FROM "Organizations" AS o
    WHERE NOT (o."IsDeleted")
) AS o0 ON u."OrganizationId" = o0."Id"
WHERE NOT (u."IsDeleted") AND u."Id" = @___currentUser_UserId_0
LIMIT 1
2026-07-27 17:30:46.648 +06:00 [INF] [0HNNBQ8LEOI36:00000001] Executed DbCommand (1ms) [Parameters=[@__projectId_0='ddbb73fc-fbf4-4ac9-ae76-bcf743f16cd4'], CommandType='"Text"', CommandTimeout='30']
SELECT p."Id", p."CreatedAt", p."CreatedByUserId", p."DeletedAt", p."Description", p."DueDate", p."IsDeleted", p."Name", p."OrganizationId", p."ProjectLeadUserId", p."StartDate", p."Status", p."UpdatedAt"
FROM "Projects" AS p
WHERE NOT (p."IsDeleted") AND p."Id" = @__projectId_0
LIMIT 1
2026-07-27 17:30:46.649 +06:00 [INF] [0HNNBQ8LEOI36:00000001] Executed DbCommand (0ms) [Parameters=[@__projectId_0='ddbb73fc-fbf4-4ac9-ae76-bcf743f16cd4'], CommandType='"Text"', CommandTimeout='30']
SELECT count(*)::int
FROM "Tasks" AS t
WHERE NOT (t."IsDeleted") AND t."ProjectId" = @__projectId_0
2026-07-27 17:30:46.652 +06:00 [INF] [0HNNBQ8LEOI36:00000001] Executed DbCommand (2ms) [Parameters=[@__projectId_0='ddbb73fc-fbf4-4ac9-ae76-bcf743f16cd4', @__p_2='100', @__p_1='0'], CommandType='"Text"', CommandTimeout='30']
SELECT t0."Id", t0."ActualMinutes", t0."AssignedToUserId", t0."CompletedAt", t0."CreatedAt", t0."CreatedByUserId", t0."DeletedAt", t0."Description", t0."DueDate", t0."EstimatedMinutes", t0."IsDeleted", t0."OrderIndex", t0."OrganizationId", t0."ParentTaskId", t0."Priority", t0."ProjectId", t0."StartDate", t0."Status", t0."Title", t0."UpdatedAt", u0."Id", u0."CreatedAt", u0."DeletedAt", u0."Email", u0."EmailVerificationExpiry", u0."EmailVerificationToken", u0."FirstName", u0."IsActive", u0."IsDeleted", u0."IsEmailVerified", u0."LastLoginAt", u0."LastName", u0."OrganizationId", u0."PasswordHash", u0."PasswordResetExpiry", u0."PasswordResetToken", u0."ProfilePictureUrl", u0."RefreshToken", u0."RefreshTokenExpiry", u0."Role", u0."UpdatedAt", u2."Id", u2."CreatedAt", u2."DeletedAt", u2."Email", u2."EmailVerificationExpiry", u2."EmailVerificationToken", u2."FirstName", u2."IsActive", u2."IsDeleted", u2."IsEmailVerified", u2."LastLoginAt", u2."LastName", u2."OrganizationId", u2."PasswordHash", u2."PasswordResetExpiry", u2."PasswordResetToken", u2."ProfilePictureUrl", u2."RefreshToken", u2."RefreshTokenExpiry", u2."Role", u2."UpdatedAt", p0."Id", p0."CreatedAt", p0."CreatedByUserId", p0."DeletedAt", p0."Description", p0."DueDate", p0."IsDeleted", p0."Name", p0."OrganizationId", p0."ProjectLeadUserId", p0."StartDate", p0."Status", p0."UpdatedAt", s."TaskId", s."UserId", s."AssignedAt", s."AssignedByUserId", s."Id", s."CreatedAt", s."DeletedAt", s."Email", s."EmailVerificationExpiry", s."EmailVerificationToken", s."FirstName", s."IsActive", s."IsDeleted", s."IsEmailVerified", s."LastLoginAt", s."LastName", s."OrganizationId", s."PasswordHash", s."PasswordResetExpiry", s."PasswordResetToken", s."ProfilePictureUrl", s."RefreshToken", s."RefreshTokenExpiry", s."Role", s."UpdatedAt", t3."Id", t3."ActualMinutes", t3."AssignedToUserId", t3."CompletedAt", t3."CreatedAt", t3."CreatedByUserId", t3."DeletedAt", t3."Description", t3."DueDate", t3."EstimatedMinutes", t3."IsDeleted", t3."OrderIndex", t3."OrganizationId", t3."ParentTaskId", t3."Priority", t3."ProjectId", t3."StartDate", t3."Status", t3."Title", t3."UpdatedAt"
FROM (
    SELECT t."Id", t."ActualMinutes", t."AssignedToUserId", t."CompletedAt", t."CreatedAt", t."CreatedByUserId", t."DeletedAt", t."Description", t."DueDate", t."EstimatedMinutes", t."IsDeleted", t."OrderIndex", t."OrganizationId", t."ParentTaskId", t."Priority", t."ProjectId", t."StartDate", t."Status", t."Title", t."UpdatedAt"
    FROM "Tasks" AS t
    WHERE NOT (t."IsDeleted") AND t."ProjectId" = @__projectId_0
    ORDER BY t."OrderIndex"
    LIMIT @__p_2 OFFSET @__p_1
) AS t0
INNER JOIN (
    SELECT u."Id", u."CreatedAt", u."DeletedAt", u."Email", u."EmailVerificationExpiry", u."EmailVerificationToken", u."FirstName", u."IsActive", u."IsDeleted", u."IsEmailVerified", u."LastLoginAt", u."LastName", u."OrganizationId", u."PasswordHash", u."PasswordResetExpiry", u."PasswordResetToken", u."ProfilePictureUrl", u."RefreshToken", u."RefreshTokenExpiry", u."Role", u."UpdatedAt"
    FROM "Users" AS u
    WHERE NOT (u."IsDeleted")
) AS u0 ON t0."CreatedByUserId" = u0."Id"
LEFT JOIN (
    SELECT u1."Id", u1."CreatedAt", u1."DeletedAt", u1."Email", u1."EmailVerificationExpiry", u1."EmailVerificationToken", u1."FirstName", u1."IsActive", u1."IsDeleted", u1."IsEmailVerified", u1."LastLoginAt", u1."LastName", u1."OrganizationId", u1."PasswordHash", u1."PasswordResetExpiry", u1."PasswordResetToken", u1."ProfilePictureUrl", u1."RefreshToken", u1."RefreshTokenExpiry", u1."Role", u1."UpdatedAt"
    FROM "Users" AS u1
    WHERE NOT (u1."IsDeleted")
) AS u2 ON t0."AssignedToUserId" = u2."Id"
INNER JOIN (
    SELECT p."Id", p."CreatedAt", p."CreatedByUserId", p."DeletedAt", p."Description", p."DueDate", p."IsDeleted", p."Name", p."OrganizationId", p."ProjectLeadUserId", p."StartDate", p."Status", p."UpdatedAt"
    FROM "Projects" AS p
    WHERE NOT (p."IsDeleted")
) AS p0 ON t0."ProjectId" = p0."Id"
LEFT JOIN (
    SELECT t1."TaskId", t1."UserId", t1."AssignedAt", t1."AssignedByUserId", u4."Id", u4."CreatedAt", u4."DeletedAt", u4."Email", u4."EmailVerificationExpiry", u4."EmailVerificationToken", u4."FirstName", u4."IsActive", u4."IsDeleted", u4."IsEmailVerified", u4."LastLoginAt", u4."LastName", u4."OrganizationId", u4."PasswordHash", u4."PasswordResetExpiry", u4."PasswordResetToken", u4."ProfilePictureUrl", u4."RefreshToken", u4."RefreshTokenExpiry", u4."Role", u4."UpdatedAt"
    FROM "TaskAssignees" AS t1
    INNER JOIN (
        SELECT u3."Id", u3."CreatedAt", u3."DeletedAt", u3."Email", u3."EmailVerificationExpiry", u3."EmailVerificationToken", u3."FirstName", u3."IsActive", u3."IsDeleted", u3."IsEmailVerified", u3."LastLoginAt", u3."LastName", u3."OrganizationId", u3."PasswordHash", u3."PasswordResetExpiry", u3."PasswordResetToken", u3."ProfilePictureUrl", u3."RefreshToken", u3."RefreshTokenExpiry", u3."Role", u3."UpdatedAt"
        FROM "Users" AS u3
        WHERE NOT (u3."IsDeleted")
    ) AS u4 ON t1."UserId" = u4."Id"
) AS s ON t0."Id" = s."TaskId"
LEFT JOIN (
    SELECT t2."Id", t2."ActualMinutes", t2."AssignedToUserId", t2."CompletedAt", t2."CreatedAt", t2."CreatedByUserId", t2."DeletedAt", t2."Description", t2."DueDate", t2."EstimatedMinutes", t2."IsDeleted", t2."OrderIndex", t2."OrganizationId", t2."ParentTaskId", t2."Priority", t2."ProjectId", t2."StartDate", t2."Status", t2."Title", t2."UpdatedAt"
    FROM "Tasks" AS t2
    WHERE NOT (t2."IsDeleted")
) AS t3 ON t0."Id" = t3."ParentTaskId"
ORDER BY t0."OrderIndex", t0."Id", u0."Id", u2."Id", p0."Id", s."TaskId", s."UserId", s."Id"
2026-07-27 17:30:46.653 +06:00 [INF] [0HNNBQ8LEOI36:00000001] [0HNNBQ8LEOI36:00000001] GET /api/projects/ddbb73fc-fbf4-4ac9-ae76-bcf743f16cd4/tasks → 200 (8.3ms)
2026-07-27 17:30:46.833 +06:00 [DBG] [0HNNBQ8LEOI37:00000001] Permission granted: Member → tasks.view
2026-07-27 17:30:46.835 +06:00 [INF] [0HNNBQ8LEOI37:00000001] Executed DbCommand (1ms) [Parameters=[@___currentUser_UserId_0='00000000-0000-0000-0002-000000000003'], CommandType='"Text"', CommandTimeout='30']
SELECT u."Id", u."CreatedAt", u."DeletedAt", u."Email", u."EmailVerificationExpiry", u."EmailVerificationToken", u."FirstName", u."IsActive", u."IsDeleted", u."IsEmailVerified", u."LastLoginAt", u."LastName", u."OrganizationId", u."PasswordHash", u."PasswordResetExpiry", u."PasswordResetToken", u."ProfilePictureUrl", u."RefreshToken", u."RefreshTokenExpiry", u."Role", u."UpdatedAt", o0."Id", o0."CreatedAt", o0."DeletedAt", o0."Description", o0."IsActive", o0."IsDeleted", o0."LogoUrl", o0."Name", o0."Plan", o0."Slug", o0."UpdatedAt"
FROM "Users" AS u
INNER JOIN (
    SELECT o."Id", o."CreatedAt", o."DeletedAt", o."Description", o."IsActive", o."IsDeleted", o."LogoUrl", o."Name", o."Plan", o."Slug", o."UpdatedAt"
    FROM "Organizations" AS o
    WHERE NOT (o."IsDeleted")
) AS o0 ON u."OrganizationId" = o0."Id"
WHERE NOT (u."IsDeleted") AND u."Id" = @___currentUser_UserId_0
LIMIT 1
2026-07-27 17:30:46.837 +06:00 [INF] [0HNNBQ8LEOI37:00000001] Executed DbCommand (1ms) [Parameters=[@__projectId_0='00000000-0000-0000-0003-000000000003'], CommandType='"Text"', CommandTimeout='30']
SELECT p."Id", p."CreatedAt", p."CreatedByUserId", p."DeletedAt", p."Description", p."DueDate", p."IsDeleted", p."Name", p."OrganizationId", p."ProjectLeadUserId", p."StartDate", p."Status", p."UpdatedAt"
FROM "Projects" AS p
WHERE NOT (p."IsDeleted") AND p."Id" = @__projectId_0
LIMIT 1
2026-07-27 17:30:46.838 +06:00 [INF] [0HNNBQ8LEOI37:00000001] Executed DbCommand (1ms) [Parameters=[@__projectId_0='00000000-0000-0000-0003-000000000003'], CommandType='"Text"', CommandTimeout='30']
SELECT count(*)::int
FROM "Tasks" AS t
WHERE NOT (t."IsDeleted") AND t."ProjectId" = @__projectId_0
2026-07-27 17:30:46.841 +06:00 [INF] [0HNNBQ8LEOI37:00000001] Executed DbCommand (3ms) [Parameters=[@__projectId_0='00000000-0000-0000-0003-000000000003', @__p_2='100', @__p_1='0'], CommandType='"Text"', CommandTimeout='30']
SELECT t0."Id", t0."ActualMinutes", t0."AssignedToUserId", t0."CompletedAt", t0."CreatedAt", t0."CreatedByUserId", t0."DeletedAt", t0."Description", t0."DueDate", t0."EstimatedMinutes", t0."IsDeleted", t0."OrderIndex", t0."OrganizationId", t0."ParentTaskId", t0."Priority", t0."ProjectId", t0."StartDate", t0."Status", t0."Title", t0."UpdatedAt", u0."Id", u0."CreatedAt", u0."DeletedAt", u0."Email", u0."EmailVerificationExpiry", u0."EmailVerificationToken", u0."FirstName", u0."IsActive", u0."IsDeleted", u0."IsEmailVerified", u0."LastLoginAt", u0."LastName", u0."OrganizationId", u0."PasswordHash", u0."PasswordResetExpiry", u0."PasswordResetToken", u0."ProfilePictureUrl", u0."RefreshToken", u0."RefreshTokenExpiry", u0."Role", u0."UpdatedAt", u2."Id", u2."CreatedAt", u2."DeletedAt", u2."Email", u2."EmailVerificationExpiry", u2."EmailVerificationToken", u2."FirstName", u2."IsActive", u2."IsDeleted", u2."IsEmailVerified", u2."LastLoginAt", u2."LastName", u2."OrganizationId", u2."PasswordHash", u2."PasswordResetExpiry", u2."PasswordResetToken", u2."ProfilePictureUrl", u2."RefreshToken", u2."RefreshTokenExpiry", u2."Role", u2."UpdatedAt", p0."Id", p0."CreatedAt", p0."CreatedByUserId", p0."DeletedAt", p0."Description", p0."DueDate", p0."IsDeleted", p0."Name", p0."OrganizationId", p0."ProjectLeadUserId", p0."StartDate", p0."Status", p0."UpdatedAt", s."TaskId", s."UserId", s."AssignedAt", s."AssignedByUserId", s."Id", s."CreatedAt", s."DeletedAt", s."Email", s."EmailVerificationExpiry", s."EmailVerificationToken", s."FirstName", s."IsActive", s."IsDeleted", s."IsEmailVerified", s."LastLoginAt", s."LastName", s."OrganizationId", s."PasswordHash", s."PasswordResetExpiry", s."PasswordResetToken", s."ProfilePictureUrl", s."RefreshToken", s."RefreshTokenExpiry", s."Role", s."UpdatedAt", t3."Id", t3."ActualMinutes", t3."AssignedToUserId", t3."CompletedAt", t3."CreatedAt", t3."CreatedByUserId", t3."DeletedAt", t3."Description", t3."DueDate", t3."EstimatedMinutes", t3."IsDeleted", t3."OrderIndex", t3."OrganizationId", t3."ParentTaskId", t3."Priority", t3."ProjectId", t3."StartDate", t3."Status", t3."Title", t3."UpdatedAt"
FROM (
    SELECT t."Id", t."ActualMinutes", t."AssignedToUserId", t."CompletedAt", t."CreatedAt", t."CreatedByUserId", t."DeletedAt", t."Description", t."DueDate", t."EstimatedMinutes", t."IsDeleted", t."OrderIndex", t."OrganizationId", t."ParentTaskId", t."Priority", t."ProjectId", t."StartDate", t."Status", t."Title", t."UpdatedAt"
    FROM "Tasks" AS t
    WHERE NOT (t."IsDeleted") AND t."ProjectId" = @__projectId_0
    ORDER BY t."OrderIndex"
    LIMIT @__p_2 OFFSET @__p_1
) AS t0
INNER JOIN (
    SELECT u."Id", u."CreatedAt", u."DeletedAt", u."Email", u."EmailVerificationExpiry", u."EmailVerificationToken", u."FirstName", u."IsActive", u."IsDeleted", u."IsEmailVerified", u."LastLoginAt", u."LastName", u."OrganizationId", u."PasswordHash", u."PasswordResetExpiry", u."PasswordResetToken", u."ProfilePictureUrl", u."RefreshToken", u."RefreshTokenExpiry", u."Role", u."UpdatedAt"
    FROM "Users" AS u
    WHERE NOT (u."IsDeleted")
) AS u0 ON t0."CreatedByUserId" = u0."Id"
LEFT JOIN (
    SELECT u1."Id", u1."CreatedAt", u1."DeletedAt", u1."Email", u1."EmailVerificationExpiry", u1."EmailVerificationToken", u1."FirstName", u1."IsActive", u1."IsDeleted", u1."IsEmailVerified", u1."LastLoginAt", u1."LastName", u1."OrganizationId", u1."PasswordHash", u1."PasswordResetExpiry", u1."PasswordResetToken", u1."ProfilePictureUrl", u1."RefreshToken", u1."RefreshTokenExpiry", u1."Role", u1."UpdatedAt"
    FROM "Users" AS u1
    WHERE NOT (u1."IsDeleted")
) AS u2 ON t0."AssignedToUserId" = u2."Id"
INNER JOIN (
    SELECT p."Id", p."CreatedAt", p."CreatedByUserId", p."DeletedAt", p."Description", p."DueDate", p."IsDeleted", p."Name", p."OrganizationId", p."ProjectLeadUserId", p."StartDate", p."Status", p."UpdatedAt"
    FROM "Projects" AS p
    WHERE NOT (p."IsDeleted")
) AS p0 ON t0."ProjectId" = p0."Id"
LEFT JOIN (
    SELECT t1."TaskId", t1."UserId", t1."AssignedAt", t1."AssignedByUserId", u4."Id", u4."CreatedAt", u4."DeletedAt", u4."Email", u4."EmailVerificationExpiry", u4."EmailVerificationToken", u4."FirstName", u4."IsActive", u4."IsDeleted", u4."IsEmailVerified", u4."LastLoginAt", u4."LastName", u4."OrganizationId", u4."PasswordHash", u4."PasswordResetExpiry", u4."PasswordResetToken", u4."ProfilePictureUrl", u4."RefreshToken", u4."RefreshTokenExpiry", u4."Role", u4."UpdatedAt"
    FROM "TaskAssignees" AS t1
    INNER JOIN (
        SELECT u3."Id", u3."CreatedAt", u3."DeletedAt", u3."Email", u3."EmailVerificationExpiry", u3."EmailVerificationToken", u3."FirstName", u3."IsActive", u3."IsDeleted", u3."IsEmailVerified", u3."LastLoginAt", u3."LastName", u3."OrganizationId", u3."PasswordHash", u3."PasswordResetExpiry", u3."PasswordResetToken", u3."ProfilePictureUrl", u3."RefreshToken", u3."RefreshTokenExpiry", u3."Role", u3."UpdatedAt"
        FROM "Users" AS u3
        WHERE NOT (u3."IsDeleted")
    ) AS u4 ON t1."UserId" = u4."Id"
) AS s ON t0."Id" = s."TaskId"
LEFT JOIN (
    SELECT t2."Id", t2."ActualMinutes", t2."AssignedToUserId", t2."CompletedAt", t2."CreatedAt", t2."CreatedByUserId", t2."DeletedAt", t2."Description", t2."DueDate", t2."EstimatedMinutes", t2."IsDeleted", t2."OrderIndex", t2."OrganizationId", t2."ParentTaskId", t2."Priority", t2."ProjectId", t2."StartDate", t2."Status", t2."Title", t2."UpdatedAt"
    FROM "Tasks" AS t2
    WHERE NOT (t2."IsDeleted")
) AS t3 ON t0."Id" = t3."ParentTaskId"
ORDER BY t0."OrderIndex", t0."Id", u0."Id", u2."Id", p0."Id", s."TaskId", s."UserId", s."Id"
2026-07-27 17:30:46.843 +06:00 [INF] [0HNNBQ8LEOI37:00000001] [0HNNBQ8LEOI37:00000001] GET /api/projects/00000000-0000-0000-0003-000000000003/tasks → 200 (9.4ms)
2026-07-27 17:30:47.126 +06:00 [DBG] [0HNNBQ8LEOI38:00000001] Permission granted: Member → tasks.view
2026-07-27 17:30:47.128 +06:00 [INF] [0HNNBQ8LEOI38:00000001] Executed DbCommand (1ms) [Parameters=[@___currentUser_UserId_0='00000000-0000-0000-0002-000000000003'], CommandType='"Text"', CommandTimeout='30']
SELECT u."Id", u."CreatedAt", u."DeletedAt", u."Email", u."EmailVerificationExpiry", u."EmailVerificationToken", u."FirstName", u."IsActive", u."IsDeleted", u."IsEmailVerified", u."LastLoginAt", u."LastName", u."OrganizationId", u."PasswordHash", u."PasswordResetExpiry", u."PasswordResetToken", u."ProfilePictureUrl", u."RefreshToken", u."RefreshTokenExpiry", u."Role", u."UpdatedAt", o0."Id", o0."CreatedAt", o0."DeletedAt", o0."Description", o0."IsActive", o0."IsDeleted", o0."LogoUrl", o0."Name", o0."Plan", o0."Slug", o0."UpdatedAt"
FROM "Users" AS u
INNER JOIN (
    SELECT o."Id", o."CreatedAt", o."DeletedAt", o."Description", o."IsActive", o."IsDeleted", o."LogoUrl", o."Name", o."Plan", o."Slug", o."UpdatedAt"
    FROM "Organizations" AS o
    WHERE NOT (o."IsDeleted")
) AS o0 ON u."OrganizationId" = o0."Id"
WHERE NOT (u."IsDeleted") AND u."Id" = @___currentUser_UserId_0
LIMIT 1
2026-07-27 17:30:47.130 +06:00 [INF] [0HNNBQ8LEOI38:00000001] Executed DbCommand (1ms) [Parameters=[@__projectId_0='00000000-0000-0000-0003-000000000001'], CommandType='"Text"', CommandTimeout='30']
SELECT p."Id", p."CreatedAt", p."CreatedByUserId", p."DeletedAt", p."Description", p."DueDate", p."IsDeleted", p."Name", p."OrganizationId", p."ProjectLeadUserId", p."StartDate", p."Status", p."UpdatedAt"
FROM "Projects" AS p
WHERE NOT (p."IsDeleted") AND p."Id" = @__projectId_0
LIMIT 1
2026-07-27 17:30:47.131 +06:00 [INF] [0HNNBQ8LEOI38:00000001] Executed DbCommand (0ms) [Parameters=[@__projectId_0='00000000-0000-0000-0003-000000000001'], CommandType='"Text"', CommandTimeout='30']
SELECT count(*)::int
FROM "Tasks" AS t
WHERE NOT (t."IsDeleted") AND t."ProjectId" = @__projectId_0
2026-07-27 17:30:47.135 +06:00 [INF] [0HNNBQ8LEOI38:00000001] Executed DbCommand (3ms) [Parameters=[@__projectId_0='00000000-0000-0000-0003-000000000001', @__p_2='100', @__p_1='0'], CommandType='"Text"', CommandTimeout='30']
SELECT t0."Id", t0."ActualMinutes", t0."AssignedToUserId", t0."CompletedAt", t0."CreatedAt", t0."CreatedByUserId", t0."DeletedAt", t0."Description", t0."DueDate", t0."EstimatedMinutes", t0."IsDeleted", t0."OrderIndex", t0."OrganizationId", t0."ParentTaskId", t0."Priority", t0."ProjectId", t0."StartDate", t0."Status", t0."Title", t0."UpdatedAt", u0."Id", u0."CreatedAt", u0."DeletedAt", u0."Email", u0."EmailVerificationExpiry", u0."EmailVerificationToken", u0."FirstName", u0."IsActive", u0."IsDeleted", u0."IsEmailVerified", u0."LastLoginAt", u0."LastName", u0."OrganizationId", u0."PasswordHash", u0."PasswordResetExpiry", u0."PasswordResetToken", u0."ProfilePictureUrl", u0."RefreshToken", u0."RefreshTokenExpiry", u0."Role", u0."UpdatedAt", u2."Id", u2."CreatedAt", u2."DeletedAt", u2."Email", u2."EmailVerificationExpiry", u2."EmailVerificationToken", u2."FirstName", u2."IsActive", u2."IsDeleted", u2."IsEmailVerified", u2."LastLoginAt", u2."LastName", u2."OrganizationId", u2."PasswordHash", u2."PasswordResetExpiry", u2."PasswordResetToken", u2."ProfilePictureUrl", u2."RefreshToken", u2."RefreshTokenExpiry", u2."Role", u2."UpdatedAt", p0."Id", p0."CreatedAt", p0."CreatedByUserId", p0."DeletedAt", p0."Description", p0."DueDate", p0."IsDeleted", p0."Name", p0."OrganizationId", p0."ProjectLeadUserId", p0."StartDate", p0."Status", p0."UpdatedAt", s."TaskId", s."UserId", s."AssignedAt", s."AssignedByUserId", s."Id", s."CreatedAt", s."DeletedAt", s."Email", s."EmailVerificationExpiry", s."EmailVerificationToken", s."FirstName", s."IsActive", s."IsDeleted", s."IsEmailVerified", s."LastLoginAt", s."LastName", s."OrganizationId", s."PasswordHash", s."PasswordResetExpiry", s."PasswordResetToken", s."ProfilePictureUrl", s."RefreshToken", s."RefreshTokenExpiry", s."Role", s."UpdatedAt", t3."Id", t3."ActualMinutes", t3."AssignedToUserId", t3."CompletedAt", t3."CreatedAt", t3."CreatedByUserId", t3."DeletedAt", t3."Description", t3."DueDate", t3."EstimatedMinutes", t3."IsDeleted", t3."OrderIndex", t3."OrganizationId", t3."ParentTaskId", t3."Priority", t3."ProjectId", t3."StartDate", t3."Status", t3."Title", t3."UpdatedAt"
FROM (
    SELECT t."Id", t."ActualMinutes", t."AssignedToUserId", t."CompletedAt", t."CreatedAt", t."CreatedByUserId", t."DeletedAt", t."Description", t."DueDate", t."EstimatedMinutes", t."IsDeleted", t."OrderIndex", t."OrganizationId", t."ParentTaskId", t."Priority", t."ProjectId", t."StartDate", t."Status", t."Title", t."UpdatedAt"
    FROM "Tasks" AS t
    WHERE NOT (t."IsDeleted") AND t."ProjectId" = @__projectId_0
    ORDER BY t."OrderIndex"
    LIMIT @__p_2 OFFSET @__p_1
) AS t0
INNER JOIN (
    SELECT u."Id", u."CreatedAt", u."DeletedAt", u."Email", u."EmailVerificationExpiry", u."EmailVerificationToken", u."FirstName", u."IsActive", u."IsDeleted", u."IsEmailVerified", u."LastLoginAt", u."LastName", u."OrganizationId", u."PasswordHash", u."PasswordResetExpiry", u."PasswordResetToken", u."ProfilePictureUrl", u."RefreshToken", u."RefreshTokenExpiry", u."Role", u."UpdatedAt"
    FROM "Users" AS u
    WHERE NOT (u."IsDeleted")
) AS u0 ON t0."CreatedByUserId" = u0."Id"
LEFT JOIN (
    SELECT u1."Id", u1."CreatedAt", u1."DeletedAt", u1."Email", u1."EmailVerificationExpiry", u1."EmailVerificationToken", u1."FirstName", u1."IsActive", u1."IsDeleted", u1."IsEmailVerified", u1."LastLoginAt", u1."LastName", u1."OrganizationId", u1."PasswordHash", u1."PasswordResetExpiry", u1."PasswordResetToken", u1."ProfilePictureUrl", u1."RefreshToken", u1."RefreshTokenExpiry", u1."Role", u1."UpdatedAt"
    FROM "Users" AS u1
    WHERE NOT (u1."IsDeleted")
) AS u2 ON t0."AssignedToUserId" = u2."Id"
INNER JOIN (
    SELECT p."Id", p."CreatedAt", p."CreatedByUserId", p."DeletedAt", p."Description", p."DueDate", p."IsDeleted", p."Name", p."OrganizationId", p."ProjectLeadUserId", p."StartDate", p."Status", p."UpdatedAt"
    FROM "Projects" AS p
    WHERE NOT (p."IsDeleted")
) AS p0 ON t0."ProjectId" = p0."Id"
LEFT JOIN (
    SELECT t1."TaskId", t1."UserId", t1."AssignedAt", t1."AssignedByUserId", u4."Id", u4."CreatedAt", u4."DeletedAt", u4."Email", u4."EmailVerificationExpiry", u4."EmailVerificationToken", u4."FirstName", u4."IsActive", u4."IsDeleted", u4."IsEmailVerified", u4."LastLoginAt", u4."LastName", u4."OrganizationId", u4."PasswordHash", u4."PasswordResetExpiry", u4."PasswordResetToken", u4."ProfilePictureUrl", u4."RefreshToken", u4."RefreshTokenExpiry", u4."Role", u4."UpdatedAt"
    FROM "TaskAssignees" AS t1
    INNER JOIN (
        SELECT u3."Id", u3."CreatedAt", u3."DeletedAt", u3."Email", u3."EmailVerificationExpiry", u3."EmailVerificationToken", u3."FirstName", u3."IsActive", u3."IsDeleted", u3."IsEmailVerified", u3."LastLoginAt", u3."LastName", u3."OrganizationId", u3."PasswordHash", u3."PasswordResetExpiry", u3."PasswordResetToken", u3."ProfilePictureUrl", u3."RefreshToken", u3."RefreshTokenExpiry", u3."Role", u3."UpdatedAt"
        FROM "Users" AS u3
        WHERE NOT (u3."IsDeleted")
    ) AS u4 ON t1."UserId" = u4."Id"
) AS s ON t0."Id" = s."TaskId"
LEFT JOIN (
    SELECT t2."Id", t2."ActualMinutes", t2."AssignedToUserId", t2."CompletedAt", t2."CreatedAt", t2."CreatedByUserId", t2."DeletedAt", t2."Description", t2."DueDate", t2."EstimatedMinutes", t2."IsDeleted", t2."OrderIndex", t2."OrganizationId", t2."ParentTaskId", t2."Priority", t2."ProjectId", t2."StartDate", t2."Status", t2."Title", t2."UpdatedAt"
    FROM "Tasks" AS t2
    WHERE NOT (t2."IsDeleted")
) AS t3 ON t0."Id" = t3."ParentTaskId"
ORDER BY t0."OrderIndex", t0."Id", u0."Id", u2."Id", p0."Id", s."TaskId", s."UserId", s."Id"
2026-07-27 17:30:47.136 +06:00 [INF] [0HNNBQ8LEOI38:00000001] [0HNNBQ8LEOI38:00000001] GET /api/projects/00000000-0000-0000-0003-000000000001/tasks → 200 (10.3ms)
2026-07-27 17:30:49.350 +06:00 [DBG] [0HNNBQ8LEOI39:00000001] Permission granted: Member → projects.view
2026-07-27 17:30:49.352 +06:00 [INF] [0HNNBQ8LEOI39:00000001] Executed DbCommand (1ms) [Parameters=[@___currentUser_UserId_0='00000000-0000-0000-0002-000000000003'], CommandType='"Text"', CommandTimeout='30']
SELECT u."Id", u."CreatedAt", u."DeletedAt", u."Email", u."EmailVerificationExpiry", u."EmailVerificationToken", u."FirstName", u."IsActive", u."IsDeleted", u."IsEmailVerified", u."LastLoginAt", u."LastName", u."OrganizationId", u."PasswordHash", u."PasswordResetExpiry", u."PasswordResetToken", u."ProfilePictureUrl", u."RefreshToken", u."RefreshTokenExpiry", u."Role", u."UpdatedAt", o0."Id", o0."CreatedAt", o0."DeletedAt", o0."Description", o0."IsActive", o0."IsDeleted", o0."LogoUrl", o0."Name", o0."Plan", o0."Slug", o0."UpdatedAt"
FROM "Users" AS u
INNER JOIN (
    SELECT o."Id", o."CreatedAt", o."DeletedAt", o."Description", o."IsActive", o."IsDeleted", o."LogoUrl", o."Name", o."Plan", o."Slug", o."UpdatedAt"
    FROM "Organizations" AS o
    WHERE NOT (o."IsDeleted")
) AS o0 ON u."OrganizationId" = o0."Id"
WHERE NOT (u."IsDeleted") AND u."Id" = @___currentUser_UserId_0
LIMIT 1
2026-07-27 17:30:49.356 +06:00 [INF] [0HNNBQ8LEOI39:00000001] Executed DbCommand (2ms) [Parameters=[@__projectId_0='00000000-0000-0000-0003-000000000001'], CommandType='"Text"', CommandTimeout='30']
SELECT s."Id", s."CreatedAt", s."CreatedByUserId", s."DeletedAt", s."Description", s."DueDate", s."IsDeleted", s."Name", s."OrganizationId", s."ProjectLeadUserId", s."StartDate", s."Status", s."UpdatedAt", s."Id0", s."CreatedAt0", s."DeletedAt0", s."Email", s."EmailVerificationExpiry", s."EmailVerificationToken", s."FirstName", s."IsActive", s."IsDeleted0", s."IsEmailVerified", s."LastLoginAt", s."LastName", s."OrganizationId0", s."PasswordHash", s."PasswordResetExpiry", s."PasswordResetToken", s."ProfilePictureUrl", s."RefreshToken", s."RefreshTokenExpiry", s."Role", s."UpdatedAt0", s."Id1", s."CreatedAt1", s."DeletedAt1", s."Email0", s."EmailVerificationExpiry0", s."EmailVerificationToken0", s."FirstName0", s."IsActive0", s."IsDeleted1", s."IsEmailVerified0", s."LastLoginAt0", s."LastName0", s."OrganizationId1", s."PasswordHash0", s."PasswordResetExpiry0", s."PasswordResetToken0", s."ProfilePictureUrl0", s."RefreshToken0", s."RefreshTokenExpiry0", s."Role0", s."UpdatedAt1", t0."Id", t0."ActualMinutes", t0."AssignedToUserId", t0."CompletedAt", t0."CreatedAt", t0."CreatedByUserId", t0."DeletedAt", t0."Description", t0."DueDate", t0."EstimatedMinutes", t0."IsDeleted", t0."OrderIndex", t0."OrganizationId", t0."ParentTaskId", t0."Priority", t0."ProjectId", t0."StartDate", t0."Status", t0."Title", t0."UpdatedAt"
FROM (
    SELECT p."Id", p."CreatedAt", p."CreatedByUserId", p."DeletedAt", p."Description", p."DueDate", p."IsDeleted", p."Name", p."OrganizationId", p."ProjectLeadUserId", p."StartDate", p."Status", p."UpdatedAt", u0."Id" AS "Id0", u0."CreatedAt" AS "CreatedAt0", u0."DeletedAt" AS "DeletedAt0", u0."Email", u0."EmailVerificationExpiry", u0."EmailVerificationToken", u0."FirstName", u0."IsActive", u0."IsDeleted" AS "IsDeleted0", u0."IsEmailVerified", u0."LastLoginAt", u0."LastName", u0."OrganizationId" AS "OrganizationId0", u0."PasswordHash", u0."PasswordResetExpiry", u0."PasswordResetToken", u0."ProfilePictureUrl", u0."RefreshToken", u0."RefreshTokenExpiry", u0."Role", u0."UpdatedAt" AS "UpdatedAt0", u2."Id" AS "Id1", u2."CreatedAt" AS "CreatedAt1", u2."DeletedAt" AS "DeletedAt1", u2."Email" AS "Email0", u2."EmailVerificationExpiry" AS "EmailVerificationExpiry0", u2."EmailVerificationToken" AS "EmailVerificationToken0", u2."FirstName" AS "FirstName0", u2."IsActive" AS "IsActive0", u2."IsDeleted" AS "IsDeleted1", u2."IsEmailVerified" AS "IsEmailVerified0", u2."LastLoginAt" AS "LastLoginAt0", u2."LastName" AS "LastName0", u2."OrganizationId" AS "OrganizationId1", u2."PasswordHash" AS "PasswordHash0", u2."PasswordResetExpiry" AS "PasswordResetExpiry0", u2."PasswordResetToken" AS "PasswordResetToken0", u2."ProfilePictureUrl" AS "ProfilePictureUrl0", u2."RefreshToken" AS "RefreshToken0", u2."RefreshTokenExpiry" AS "RefreshTokenExpiry0", u2."Role" AS "Role0", u2."UpdatedAt" AS "UpdatedAt1"
    FROM "Projects" AS p
    INNER JOIN (
        SELECT u."Id", u."CreatedAt", u."DeletedAt", u."Email", u."EmailVerificationExpiry", u."EmailVerificationToken", u."FirstName", u."IsActive", u."IsDeleted", u."IsEmailVerified", u."LastLoginAt", u."LastName", u."OrganizationId", u."PasswordHash", u."PasswordResetExpiry", u."PasswordResetToken", u."ProfilePictureUrl", u."RefreshToken", u."RefreshTokenExpiry", u."Role", u."UpdatedAt"
        FROM "Users" AS u
        WHERE NOT (u."IsDeleted")
    ) AS u0 ON p."CreatedByUserId" = u0."Id"
    LEFT JOIN (
        SELECT u1."Id", u1."CreatedAt", u1."DeletedAt", u1."Email", u1."EmailVerificationExpiry", u1."EmailVerificationToken", u1."FirstName", u1."IsActive", u1."IsDeleted", u1."IsEmailVerified", u1."LastLoginAt", u1."LastName", u1."OrganizationId", u1."PasswordHash", u1."PasswordResetExpiry", u1."PasswordResetToken", u1."ProfilePictureUrl", u1."RefreshToken", u1."RefreshTokenExpiry", u1."Role", u1."UpdatedAt"
        FROM "Users" AS u1
        WHERE NOT (u1."IsDeleted")
    ) AS u2 ON p."ProjectLeadUserId" = u2."Id"
    WHERE NOT (p."IsDeleted") AND p."Id" = @__projectId_0
    LIMIT 1
) AS s
LEFT JOIN (
    SELECT t."Id", t."ActualMinutes", t."AssignedToUserId", t."CompletedAt", t."CreatedAt", t."CreatedByUserId", t."DeletedAt", t."Description", t."DueDate", t."EstimatedMinutes", t."IsDeleted", t."OrderIndex", t."OrganizationId", t."ParentTaskId", t."Priority", t."ProjectId", t."StartDate", t."Status", t."Title", t."UpdatedAt"
    FROM "Tasks" AS t
    WHERE NOT (t."IsDeleted")
) AS t0 ON s."Id" = t0."ProjectId"
ORDER BY s."Id", s."Id0", s."Id1"
2026-07-27 17:30:49.357 +06:00 [INF] [0HNNBQ8LEOI39:00000001] [0HNNBQ8LEOI39:00000001] GET /api/projects/00000000-0000-0000-0003-000000000001 → 200 (7.8ms)
2026-07-27 17:30:53.761 +06:00 [DBG] [0HNNBQ8LEOI3A:00000001] Permission granted: Member → tasks.update.own
2026-07-27 17:30:53.763 +06:00 [INF] [0HNNBQ8LEOI3A:00000001] Executed DbCommand (1ms) [Parameters=[@___currentUser_UserId_0='00000000-0000-0000-0002-000000000003'], CommandType='"Text"', CommandTimeout='30']
SELECT u."Id", u."CreatedAt", u."DeletedAt", u."Email", u."EmailVerificationExpiry", u."EmailVerificationToken", u."FirstName", u."IsActive", u."IsDeleted", u."IsEmailVerified", u."LastLoginAt", u."LastName", u."OrganizationId", u."PasswordHash", u."PasswordResetExpiry", u."PasswordResetToken", u."ProfilePictureUrl", u."RefreshToken", u."RefreshTokenExpiry", u."Role", u."UpdatedAt", o0."Id", o0."CreatedAt", o0."DeletedAt", o0."Description", o0."IsActive", o0."IsDeleted", o0."LogoUrl", o0."Name", o0."Plan", o0."Slug", o0."UpdatedAt"
FROM "Users" AS u
INNER JOIN (
    SELECT o."Id", o."CreatedAt", o."DeletedAt", o."Description", o."IsActive", o."IsDeleted", o."LogoUrl", o."Name", o."Plan", o."Slug", o."UpdatedAt"
    FROM "Organizations" AS o
    WHERE NOT (o."IsDeleted")
) AS o0 ON u."OrganizationId" = o0."Id"
WHERE NOT (u."IsDeleted") AND u."Id" = @___currentUser_UserId_0
LIMIT 1
2026-07-27 17:30:53.768 +06:00 [INF] [0HNNBQ8LEOI3A:00000001] Executed DbCommand (4ms) [Parameters=[@__taskId_0='00000000-0000-0000-0004-000000000003'], CommandType='"Text"', CommandTimeout='30']
SELECT s."Id", s."ActualMinutes", s."AssignedToUserId", s."CompletedAt", s."CreatedAt", s."CreatedByUserId", s."DeletedAt", s."Description", s."DueDate", s."EstimatedMinutes", s."IsDeleted", s."OrderIndex", s."OrganizationId", s."ParentTaskId", s."Priority", s."ProjectId", s."StartDate", s."Status", s."Title", s."UpdatedAt", s."Id0", s."CreatedAt0", s."DeletedAt0", s."Email", s."EmailVerificationExpiry", s."EmailVerificationToken", s."FirstName", s."IsActive", s."IsDeleted0", s."IsEmailVerified", s."LastLoginAt", s."LastName", s."OrganizationId0", s."PasswordHash", s."PasswordResetExpiry", s."PasswordResetToken", s."ProfilePictureUrl", s."RefreshToken", s."RefreshTokenExpiry", s."Role", s."UpdatedAt0", s."Id1", s."CreatedAt1", s."DeletedAt1", s."Email0", s."EmailVerificationExpiry0", s."EmailVerificationToken0", s."FirstName0", s."IsActive0", s."IsDeleted1", s."IsEmailVerified0", s."LastLoginAt0", s."LastName0", s."OrganizationId1", s."PasswordHash0", s."PasswordResetExpiry0", s."PasswordResetToken0", s."ProfilePictureUrl0", s."RefreshToken0", s."RefreshTokenExpiry0", s."Role0", s."UpdatedAt1", s."Id2", s."CreatedAt2", s."CreatedByUserId0", s."DeletedAt2", s."Description0", s."DueDate0", s."IsDeleted2", s."Name", s."OrganizationId2", s."ProjectLeadUserId", s."StartDate0", s."Status0", s."UpdatedAt2", s0."TaskId", s0."UserId", s0."AssignedAt", s0."AssignedByUserId", s0."Id", s0."CreatedAt", s0."DeletedAt", s0."Email", s0."EmailVerificationExpiry", s0."EmailVerificationToken", s0."FirstName", s0."IsActive", s0."IsDeleted", s0."IsEmailVerified", s0."LastLoginAt", s0."LastName", s0."OrganizationId", s0."PasswordHash", s0."PasswordResetExpiry", s0."PasswordResetToken", s0."ProfilePictureUrl", s0."RefreshToken", s0."RefreshTokenExpiry", s0."Role", s0."UpdatedAt", t2."Id", t2."ActualMinutes", t2."AssignedToUserId", t2."CompletedAt", t2."CreatedAt", t2."CreatedByUserId", t2."DeletedAt", t2."Description", t2."DueDate", t2."EstimatedMinutes", t2."IsDeleted", t2."OrderIndex", t2."OrganizationId", t2."ParentTaskId", t2."Priority", t2."ProjectId", t2."StartDate", t2."Status", t2."Title", t2."UpdatedAt"
FROM (
    SELECT t."Id", t."ActualMinutes", t."AssignedToUserId", t."CompletedAt", t."CreatedAt", t."CreatedByUserId", t."DeletedAt", t."Description", t."DueDate", t."EstimatedMinutes", t."IsDeleted", t."OrderIndex", t."OrganizationId", t."ParentTaskId", t."Priority", t."ProjectId", t."StartDate", t."Status", t."Title", t."UpdatedAt", u0."Id" AS "Id0", u0."CreatedAt" AS "CreatedAt0", u0."DeletedAt" AS "DeletedAt0", u0."Email", u0."EmailVerificationExpiry", u0."EmailVerificationToken", u0."FirstName", u0."IsActive", u0."IsDeleted" AS "IsDeleted0", u0."IsEmailVerified", u0."LastLoginAt", u0."LastName", u0."OrganizationId" AS "OrganizationId0", u0."PasswordHash", u0."PasswordResetExpiry", u0."PasswordResetToken", u0."ProfilePictureUrl", u0."RefreshToken", u0."RefreshTokenExpiry", u0."Role", u0."UpdatedAt" AS "UpdatedAt0", u2."Id" AS "Id1", u2."CreatedAt" AS "CreatedAt1", u2."DeletedAt" AS "DeletedAt1", u2."Email" AS "Email0", u2."EmailVerificationExpiry" AS "EmailVerificationExpiry0", u2."EmailVerificationToken" AS "EmailVerificationToken0", u2."FirstName" AS "FirstName0", u2."IsActive" AS "IsActive0", u2."IsDeleted" AS "IsDeleted1", u2."IsEmailVerified" AS "IsEmailVerified0", u2."LastLoginAt" AS "LastLoginAt0", u2."LastName" AS "LastName0", u2."OrganizationId" AS "OrganizationId1", u2."PasswordHash" AS "PasswordHash0", u2."PasswordResetExpiry" AS "PasswordResetExpiry0", u2."PasswordResetToken" AS "PasswordResetToken0", u2."ProfilePictureUrl" AS "ProfilePictureUrl0", u2."RefreshToken" AS "RefreshToken0", u2."RefreshTokenExpiry" AS "RefreshTokenExpiry0", u2."Role" AS "Role0", u2."UpdatedAt" AS "UpdatedAt1", p0."Id" AS "Id2", p0."CreatedAt" AS "CreatedAt2", p0."CreatedByUserId" AS "CreatedByUserId0", p0."DeletedAt" AS "DeletedAt2", p0."Description" AS "Description0", p0."DueDate" AS "DueDate0", p0."IsDeleted" AS "IsDeleted2", p0."Name", p0."OrganizationId" AS "OrganizationId2", p0."ProjectLeadUserId", p0."StartDate" AS "StartDate0", p0."Status" AS "Status0", p0."UpdatedAt" AS "UpdatedAt2"
    FROM "Tasks" AS t
    INNER JOIN (
        SELECT u."Id", u."CreatedAt", u."DeletedAt", u."Email", u."EmailVerificationExpiry", u."EmailVerificationToken", u."FirstName", u."IsActive", u."IsDeleted", u."IsEmailVerified", u."LastLoginAt", u."LastName", u."OrganizationId", u."PasswordHash", u."PasswordResetExpiry", u."PasswordResetToken", u."ProfilePictureUrl", u."RefreshToken", u."RefreshTokenExpiry", u."Role", u."UpdatedAt"
        FROM "Users" AS u
        WHERE NOT (u."IsDeleted")
    ) AS u0 ON t."CreatedByUserId" = u0."Id"
    LEFT JOIN (
        SELECT u1."Id", u1."CreatedAt", u1."DeletedAt", u1."Email", u1."EmailVerificationExpiry", u1."EmailVerificationToken", u1."FirstName", u1."IsActive", u1."IsDeleted", u1."IsEmailVerified", u1."LastLoginAt", u1."LastName", u1."OrganizationId", u1."PasswordHash", u1."PasswordResetExpiry", u1."PasswordResetToken", u1."ProfilePictureUrl", u1."RefreshToken", u1."RefreshTokenExpiry", u1."Role", u1."UpdatedAt"
        FROM "Users" AS u1
        WHERE NOT (u1."IsDeleted")
    ) AS u2 ON t."AssignedToUserId" = u2."Id"
    INNER JOIN (
        SELECT p."Id", p."CreatedAt", p."CreatedByUserId", p."DeletedAt", p."Description", p."DueDate", p."IsDeleted", p."Name", p."OrganizationId", p."ProjectLeadUserId", p."StartDate", p."Status", p."UpdatedAt"
        FROM "Projects" AS p
        WHERE NOT (p."IsDeleted")
    ) AS p0 ON t."ProjectId" = p0."Id"
    WHERE NOT (t."IsDeleted") AND t."Id" = @__taskId_0
    LIMIT 1
) AS s
LEFT JOIN (
    SELECT t0."TaskId", t0."UserId", t0."AssignedAt", t0."AssignedByUserId", u4."Id", u4."CreatedAt", u4."DeletedAt", u4."Email", u4."EmailVerificationExpiry", u4."EmailVerificationToken", u4."FirstName", u4."IsActive", u4."IsDeleted", u4."IsEmailVerified", u4."LastLoginAt", u4."LastName", u4."OrganizationId", u4."PasswordHash", u4."PasswordResetExpiry", u4."PasswordResetToken", u4."ProfilePictureUrl", u4."RefreshToken", u4."RefreshTokenExpiry", u4."Role", u4."UpdatedAt"
    FROM "TaskAssignees" AS t0
    INNER JOIN (
        SELECT u3."Id", u3."CreatedAt", u3."DeletedAt", u3."Email", u3."EmailVerificationExpiry", u3."EmailVerificationToken", u3."FirstName", u3."IsActive", u3."IsDeleted", u3."IsEmailVerified", u3."LastLoginAt", u3."LastName", u3."OrganizationId", u3."PasswordHash", u3."PasswordResetExpiry", u3."PasswordResetToken", u3."ProfilePictureUrl", u3."RefreshToken", u3."RefreshTokenExpiry", u3."Role", u3."UpdatedAt"
        FROM "Users" AS u3
        WHERE NOT (u3."IsDeleted")
    ) AS u4 ON t0."UserId" = u4."Id"
) AS s0 ON s."Id" = s0."TaskId"
LEFT JOIN (
    SELECT t1."Id", t1."ActualMinutes", t1."AssignedToUserId", t1."CompletedAt", t1."CreatedAt", t1."CreatedByUserId", t1."DeletedAt", t1."Description", t1."DueDate", t1."EstimatedMinutes", t1."IsDeleted", t1."OrderIndex", t1."OrganizationId", t1."ParentTaskId", t1."Priority", t1."ProjectId", t1."StartDate", t1."Status", t1."Title", t1."UpdatedAt"
    FROM "Tasks" AS t1
    WHERE NOT (t1."IsDeleted")
) AS t2 ON s."Id" = t2."ParentTaskId"
ORDER BY s."Id", s."Id0", s."Id1", s."Id2", s0."TaskId", s0."UserId", s0."Id"
2026-07-27 17:30:53.770 +06:00 [DBG] [0HNNBQ8LEOI3A:00000001] Permission check: "00000000-0000-0000-0002-000000000003" (Member) → tasks.update = false
2026-07-27 17:30:53.770 +06:00 [DBG] [0HNNBQ8LEOI3A:00000001] Permission check: "00000000-0000-0000-0002-000000000003" (Member) → tasks.update.own = true
2026-07-27 17:30:53.770 +06:00 [WRN] [0HNNBQ8LEOI3A:00000001] [0HNNBQ8LEOI3A:00000001] PATCH /api/tasks/00000000-0000-0000-0004-000000000003/status → 400 (9.5ms)
2026-07-27 17:30:54.891 +06:00 [DBG] [0HNNBQ8LEOI3B:00000001] Permission granted: Member → tasks.update.own
2026-07-27 17:30:54.893 +06:00 [INF] [0HNNBQ8LEOI3B:00000001] Executed DbCommand (1ms) [Parameters=[@___currentUser_UserId_0='00000000-0000-0000-0002-000000000003'], CommandType='"Text"', CommandTimeout='30']
SELECT u."Id", u."CreatedAt", u."DeletedAt", u."Email", u."EmailVerificationExpiry", u."EmailVerificationToken", u."FirstName", u."IsActive", u."IsDeleted", u."IsEmailVerified", u."LastLoginAt", u."LastName", u."OrganizationId", u."PasswordHash", u."PasswordResetExpiry", u."PasswordResetToken", u."ProfilePictureUrl", u."RefreshToken", u."RefreshTokenExpiry", u."Role", u."UpdatedAt", o0."Id", o0."CreatedAt", o0."DeletedAt", o0."Description", o0."IsActive", o0."IsDeleted", o0."LogoUrl", o0."Name", o0."Plan", o0."Slug", o0."UpdatedAt"
FROM "Users" AS u
INNER JOIN (
    SELECT o."Id", o."CreatedAt", o."DeletedAt", o."Description", o."IsActive", o."IsDeleted", o."LogoUrl", o."Name", o."Plan", o."Slug", o."UpdatedAt"
    FROM "Organizations" AS o
    WHERE NOT (o."IsDeleted")
) AS o0 ON u."OrganizationId" = o0."Id"
WHERE NOT (u."IsDeleted") AND u."Id" = @___currentUser_UserId_0
LIMIT 1
2026-07-27 17:30:54.898 +06:00 [INF] [0HNNBQ8LEOI3B:00000001] Executed DbCommand (3ms) [Parameters=[@__taskId_0='00000000-0000-0000-0004-000000000002'], CommandType='"Text"', CommandTimeout='30']
SELECT s."Id", s."ActualMinutes", s."AssignedToUserId", s."CompletedAt", s."CreatedAt", s."CreatedByUserId", s."DeletedAt", s."Description", s."DueDate", s."EstimatedMinutes", s."IsDeleted", s."OrderIndex", s."OrganizationId", s."ParentTaskId", s."Priority", s."ProjectId", s."StartDate", s."Status", s."Title", s."UpdatedAt", s."Id0", s."CreatedAt0", s."DeletedAt0", s."Email", s."EmailVerificationExpiry", s."EmailVerificationToken", s."FirstName", s."IsActive", s."IsDeleted0", s."IsEmailVerified", s."LastLoginAt", s."LastName", s."OrganizationId0", s."PasswordHash", s."PasswordResetExpiry", s."PasswordResetToken", s."ProfilePictureUrl", s."RefreshToken", s."RefreshTokenExpiry", s."Role", s."UpdatedAt0", s."Id1", s."CreatedAt1", s."DeletedAt1", s."Email0", s."EmailVerificationExpiry0", s."EmailVerificationToken0", s."FirstName0", s."IsActive0", s."IsDeleted1", s."IsEmailVerified0", s."LastLoginAt0", s."LastName0", s."OrganizationId1", s."PasswordHash0", s."PasswordResetExpiry0", s."PasswordResetToken0", s."ProfilePictureUrl0", s."RefreshToken0", s."RefreshTokenExpiry0", s."Role0", s."UpdatedAt1", s."Id2", s."CreatedAt2", s."CreatedByUserId0", s."DeletedAt2", s."Description0", s."DueDate0", s."IsDeleted2", s."Name", s."OrganizationId2", s."ProjectLeadUserId", s."StartDate0", s."Status0", s."UpdatedAt2", s0."TaskId", s0."UserId", s0."AssignedAt", s0."AssignedByUserId", s0."Id", s0."CreatedAt", s0."DeletedAt", s0."Email", s0."EmailVerificationExpiry", s0."EmailVerificationToken", s0."FirstName", s0."IsActive", s0."IsDeleted", s0."IsEmailVerified", s0."LastLoginAt", s0."LastName", s0."OrganizationId", s0."PasswordHash", s0."PasswordResetExpiry", s0."PasswordResetToken", s0."ProfilePictureUrl", s0."RefreshToken", s0."RefreshTokenExpiry", s0."Role", s0."UpdatedAt", t2."Id", t2."ActualMinutes", t2."AssignedToUserId", t2."CompletedAt", t2."CreatedAt", t2."CreatedByUserId", t2."DeletedAt", t2."Description", t2."DueDate", t2."EstimatedMinutes", t2."IsDeleted", t2."OrderIndex", t2."OrganizationId", t2."ParentTaskId", t2."Priority", t2."ProjectId", t2."StartDate", t2."Status", t2."Title", t2."UpdatedAt"
FROM (
    SELECT t."Id", t."ActualMinutes", t."AssignedToUserId", t."CompletedAt", t."CreatedAt", t."CreatedByUserId", t."DeletedAt", t."Description", t."DueDate", t."EstimatedMinutes", t."IsDeleted", t."OrderIndex", t."OrganizationId", t."ParentTaskId", t."Priority", t."ProjectId", t."StartDate", t."Status", t."Title", t."UpdatedAt", u0."Id" AS "Id0", u0."CreatedAt" AS "CreatedAt0", u0."DeletedAt" AS "DeletedAt0", u0."Email", u0."EmailVerificationExpiry", u0."EmailVerificationToken", u0."FirstName", u0."IsActive", u0."IsDeleted" AS "IsDeleted0", u0."IsEmailVerified", u0."LastLoginAt", u0."LastName", u0."OrganizationId" AS "OrganizationId0", u0."PasswordHash", u0."PasswordResetExpiry", u0."PasswordResetToken", u0."ProfilePictureUrl", u0."RefreshToken", u0."RefreshTokenExpiry", u0."Role", u0."UpdatedAt" AS "UpdatedAt0", u2."Id" AS "Id1", u2."CreatedAt" AS "CreatedAt1", u2."DeletedAt" AS "DeletedAt1", u2."Email" AS "Email0", u2."EmailVerificationExpiry" AS "EmailVerificationExpiry0", u2."EmailVerificationToken" AS "EmailVerificationToken0", u2."FirstName" AS "FirstName0", u2."IsActive" AS "IsActive0", u2."IsDeleted" AS "IsDeleted1", u2."IsEmailVerified" AS "IsEmailVerified0", u2."LastLoginAt" AS "LastLoginAt0", u2."LastName" AS "LastName0", u2."OrganizationId" AS "OrganizationId1", u2."PasswordHash" AS "PasswordHash0", u2."PasswordResetExpiry" AS "PasswordResetExpiry0", u2."PasswordResetToken" AS "PasswordResetToken0", u2."ProfilePictureUrl" AS "ProfilePictureUrl0", u2."RefreshToken" AS "RefreshToken0", u2."RefreshTokenExpiry" AS "RefreshTokenExpiry0", u2."Role" AS "Role0", u2."UpdatedAt" AS "UpdatedAt1", p0."Id" AS "Id2", p0."CreatedAt" AS "CreatedAt2", p0."CreatedByUserId" AS "CreatedByUserId0", p0."DeletedAt" AS "DeletedAt2", p0."Description" AS "Description0", p0."DueDate" AS "DueDate0", p0."IsDeleted" AS "IsDeleted2", p0."Name", p0."OrganizationId" AS "OrganizationId2", p0."ProjectLeadUserId", p0."StartDate" AS "StartDate0", p0."Status" AS "Status0", p0."UpdatedAt" AS "UpdatedAt2"
    FROM "Tasks" AS t
    INNER JOIN (
        SELECT u."Id", u."CreatedAt", u."DeletedAt", u."Email", u."EmailVerificationExpiry", u."EmailVerificationToken", u."FirstName", u."IsActive", u."IsDeleted", u."IsEmailVerified", u."LastLoginAt", u."LastName", u."OrganizationId", u."PasswordHash", u."PasswordResetExpiry", u."PasswordResetToken", u."ProfilePictureUrl", u."RefreshToken", u."RefreshTokenExpiry", u."Role", u."UpdatedAt"
        FROM "Users" AS u
        WHERE NOT (u."IsDeleted")
    ) AS u0 ON t."CreatedByUserId" = u0."Id"
    LEFT JOIN (
        SELECT u1."Id", u1."CreatedAt", u1."DeletedAt", u1."Email", u1."EmailVerificationExpiry", u1."EmailVerificationToken", u1."FirstName", u1."IsActive", u1."IsDeleted", u1."IsEmailVerified", u1."LastLoginAt", u1."LastName", u1."OrganizationId", u1."PasswordHash", u1."PasswordResetExpiry", u1."PasswordResetToken", u1."ProfilePictureUrl", u1."RefreshToken", u1."RefreshTokenExpiry", u1."Role", u1."UpdatedAt"
        FROM "Users" AS u1
        WHERE NOT (u1."IsDeleted")
    ) AS u2 ON t."AssignedToUserId" = u2."Id"
    INNER JOIN (
        SELECT p."Id", p."CreatedAt", p."CreatedByUserId", p."DeletedAt", p."Description", p."DueDate", p."IsDeleted", p."Name", p."OrganizationId", p."ProjectLeadUserId", p."StartDate", p."Status", p."UpdatedAt"
        FROM "Projects" AS p
        WHERE NOT (p."IsDeleted")
    ) AS p0 ON t."ProjectId" = p0."Id"
    WHERE NOT (t."IsDeleted") AND t."Id" = @__taskId_0
    LIMIT 1
) AS s
LEFT JOIN (
    SELECT t0."TaskId", t0."UserId", t0."AssignedAt", t0."AssignedByUserId", u4."Id", u4."CreatedAt", u4."DeletedAt", u4."Email", u4."EmailVerificationExpiry", u4."EmailVerificationToken", u4."FirstName", u4."IsActive", u4."IsDeleted", u4."IsEmailVerified", u4."LastLoginAt", u4."LastName", u4."OrganizationId", u4."PasswordHash", u4."PasswordResetExpiry", u4."PasswordResetToken", u4."ProfilePictureUrl", u4."RefreshToken", u4."RefreshTokenExpiry", u4."Role", u4."UpdatedAt"
    FROM "TaskAssignees" AS t0
    INNER JOIN (
        SELECT u3."Id", u3."CreatedAt", u3."DeletedAt", u3."Email", u3."EmailVerificationExpiry", u3."EmailVerificationToken", u3."FirstName", u3."IsActive", u3."IsDeleted", u3."IsEmailVerified", u3."LastLoginAt", u3."LastName", u3."OrganizationId", u3."PasswordHash", u3."PasswordResetExpiry", u3."PasswordResetToken", u3."ProfilePictureUrl", u3."RefreshToken", u3."RefreshTokenExpiry", u3."Role", u3."UpdatedAt"
        FROM "Users" AS u3
        WHERE NOT (u3."IsDeleted")
    ) AS u4 ON t0."UserId" = u4."Id"
) AS s0 ON s."Id" = s0."TaskId"
LEFT JOIN (
    SELECT t1."Id", t1."ActualMinutes", t1."AssignedToUserId", t1."CompletedAt", t1."CreatedAt", t1."CreatedByUserId", t1."DeletedAt", t1."Description", t1."DueDate", t1."EstimatedMinutes", t1."IsDeleted", t1."OrderIndex", t1."OrganizationId", t1."ParentTaskId", t1."Priority", t1."ProjectId", t1."StartDate", t1."Status", t1."Title", t1."UpdatedAt"
    FROM "Tasks" AS t1
    WHERE NOT (t1."IsDeleted")
) AS t2 ON s."Id" = t2."ParentTaskId"
ORDER BY s."Id", s."Id0", s."Id1", s."Id2", s0."TaskId", s0."UserId", s0."Id"
2026-07-27 17:30:54.900 +06:00 [DBG] [0HNNBQ8LEOI3B:00000001] Permission check: "00000000-0000-0000-0002-000000000003" (Member) → tasks.update = false
2026-07-27 17:30:54.900 +06:00 [DBG] [0HNNBQ8LEOI3B:00000001] Permission check: "00000000-0000-0000-0002-000000000003" (Member) → tasks.update.own = true
2026-07-27 17:30:54.928 +06:00 [INF] [0HNNBQ8LEOI3B:00000001] Executed DbCommand (27ms) [Parameters=[@p2='00000000-0000-0000-0004-000000000002', @p0='InReview' (Nullable = false), @p1='2026-07-27T11:30:54.9011740Z' (DbType = DateTime)], CommandType='"Text"', CommandTimeout='30']
UPDATE "Tasks" SET "Status" = @p0, "UpdatedAt" = @p1
WHERE "Id" = @p2;
2026-07-27 17:30:54.930 +06:00 [INF] [0HNNBQ8LEOI3B:00000001] Executed DbCommand (1ms) [Parameters=[@p0='e80b40f0-5e3c-4dc3-86bb-438c96dde85e', @p1='TaskStatusChanged' (Nullable = false), @p2='2026-07-27T11:30:54.9291682Z' (DbType = DateTime), @p3='00000000-0000-0000-0004-000000000002', @p4='Set up CMS platform', @p5='Task' (Nullable = false), @p6='{"from":"InProgress","to":"InReview"}', @p7='00000000-0000-0000-0001-000000000001', @p8='00000000-0000-0000-0003-000000000001' (Nullable = true), @p9='00000000-0000-0000-0002-000000000003', @p10='Alice Johnson' (Nullable = false)], CommandType='"Text"', CommandTimeout='30']
INSERT INTO "ActivityLogs" ("Id", "Action", "CreatedAt", "EntityId", "EntityName", "EntityType", "Metadata", "OrganizationId", "ProjectId", "UserId", "UserName")
VALUES (@p0, @p1, @p2, @p3, @p4, @p5, @p6, @p7, @p8, @p9, @p10);
2026-07-27 17:30:54.931 +06:00 [INF] [0HNNBQ8LEOI3B:00000001] Task "00000000-0000-0000-0004-000000000002" status InProgress → InReview by "00000000-0000-0000-0002-000000000003"
2026-07-27 17:30:54.931 +06:00 [INF] [0HNNBQ8LEOI3B:00000001] [0HNNBQ8LEOI3B:00000001] PATCH /api/tasks/00000000-0000-0000-0004-000000000002/status → 200 (40.0ms)
2026-07-27 17:30:54.939 +06:00 [DBG] [0HNNBQ8LEOI3D:00000001] Permission granted: Member → projects.view
2026-07-27 17:30:54.939 +06:00 [DBG] [0HNNBQ8LEOI3C:00000001] Permission granted: Member → tasks.view
2026-07-27 17:30:54.940 +06:00 [INF] [0HNNBQ8LEOI3D:00000001] Executed DbCommand (1ms) [Parameters=[@___currentUser_UserId_0='00000000-0000-0000-0002-000000000003'], CommandType='"Text"', CommandTimeout='30']
SELECT u."Id", u."CreatedAt", u."DeletedAt", u."Email", u."EmailVerificationExpiry", u."EmailVerificationToken", u."FirstName", u."IsActive", u."IsDeleted", u."IsEmailVerified", u."LastLoginAt", u."LastName", u."OrganizationId", u."PasswordHash", u."PasswordResetExpiry", u."PasswordResetToken", u."ProfilePictureUrl", u."RefreshToken", u."RefreshTokenExpiry", u."Role", u."UpdatedAt", o0."Id", o0."CreatedAt", o0."DeletedAt", o0."Description", o0."IsActive", o0."IsDeleted", o0."LogoUrl", o0."Name", o0."Plan", o0."Slug", o0."UpdatedAt"
FROM "Users" AS u
INNER JOIN (
    SELECT o."Id", o."CreatedAt", o."DeletedAt", o."Description", o."IsActive", o."IsDeleted", o."LogoUrl", o."Name", o."Plan", o."Slug", o."UpdatedAt"
    FROM "Organizations" AS o
    WHERE NOT (o."IsDeleted")
) AS o0 ON u."OrganizationId" = o0."Id"
WHERE NOT (u."IsDeleted") AND u."Id" = @___currentUser_UserId_0
LIMIT 1
2026-07-27 17:30:54.940 +06:00 [INF] [0HNNBQ8LEOI3C:00000001] Executed DbCommand (1ms) [Parameters=[@___currentUser_UserId_0='00000000-0000-0000-0002-000000000003'], CommandType='"Text"', CommandTimeout='30']
SELECT u."Id", u."CreatedAt", u."DeletedAt", u."Email", u."EmailVerificationExpiry", u."EmailVerificationToken", u."FirstName", u."IsActive", u."IsDeleted", u."IsEmailVerified", u."LastLoginAt", u."LastName", u."OrganizationId", u."PasswordHash", u."PasswordResetExpiry", u."PasswordResetToken", u."ProfilePictureUrl", u."RefreshToken", u."RefreshTokenExpiry", u."Role", u."UpdatedAt", o0."Id", o0."CreatedAt", o0."DeletedAt", o0."Description", o0."IsActive", o0."IsDeleted", o0."LogoUrl", o0."Name", o0."Plan", o0."Slug", o0."UpdatedAt"
FROM "Users" AS u
INNER JOIN (
    SELECT o."Id", o."CreatedAt", o."DeletedAt", o."Description", o."IsActive", o."IsDeleted", o."LogoUrl", o."Name", o."Plan", o."Slug", o."UpdatedAt"
    FROM "Organizations" AS o
    WHERE NOT (o."IsDeleted")
) AS o0 ON u."OrganizationId" = o0."Id"
WHERE NOT (u."IsDeleted") AND u."Id" = @___currentUser_UserId_0
LIMIT 1
2026-07-27 17:30:54.942 +06:00 [INF] [0HNNBQ8LEOI3C:00000001] Executed DbCommand (1ms) [Parameters=[@__projectId_0='00000000-0000-0000-0003-000000000001'], CommandType='"Text"', CommandTimeout='30']
SELECT p."Id", p."CreatedAt", p."CreatedByUserId", p."DeletedAt", p."Description", p."DueDate", p."IsDeleted", p."Name", p."OrganizationId", p."ProjectLeadUserId", p."StartDate", p."Status", p."UpdatedAt"
FROM "Projects" AS p
WHERE NOT (p."IsDeleted") AND p."Id" = @__projectId_0
LIMIT 1
2026-07-27 17:30:54.943 +06:00 [INF] [0HNNBQ8LEOI3D:00000001] Executed DbCommand (2ms) [Parameters=[@__projectId_0='00000000-0000-0000-0003-000000000001'], CommandType='"Text"', CommandTimeout='30']
SELECT s."Id", s."CreatedAt", s."CreatedByUserId", s."DeletedAt", s."Description", s."DueDate", s."IsDeleted", s."Name", s."OrganizationId", s."ProjectLeadUserId", s."StartDate", s."Status", s."UpdatedAt", s."Id0", s."CreatedAt0", s."DeletedAt0", s."Email", s."EmailVerificationExpiry", s."EmailVerificationToken", s."FirstName", s."IsActive", s."IsDeleted0", s."IsEmailVerified", s."LastLoginAt", s."LastName", s."OrganizationId0", s."PasswordHash", s."PasswordResetExpiry", s."PasswordResetToken", s."ProfilePictureUrl", s."RefreshToken", s."RefreshTokenExpiry", s."Role", s."UpdatedAt0", s."Id1", s."CreatedAt1", s."DeletedAt1", s."Email0", s."EmailVerificationExpiry0", s."EmailVerificationToken0", s."FirstName0", s."IsActive0", s."IsDeleted1", s."IsEmailVerified0", s."LastLoginAt0", s."LastName0", s."OrganizationId1", s."PasswordHash0", s."PasswordResetExpiry0", s."PasswordResetToken0", s."ProfilePictureUrl0", s."RefreshToken0", s."RefreshTokenExpiry0", s."Role0", s."UpdatedAt1", t0."Id", t0."ActualMinutes", t0."AssignedToUserId", t0."CompletedAt", t0."CreatedAt", t0."CreatedByUserId", t0."DeletedAt", t0."Description", t0."DueDate", t0."EstimatedMinutes", t0."IsDeleted", t0."OrderIndex", t0."OrganizationId", t0."ParentTaskId", t0."Priority", t0."ProjectId", t0."StartDate", t0."Status", t0."Title", t0."UpdatedAt"
FROM (
    SELECT p."Id", p."CreatedAt", p."CreatedByUserId", p."DeletedAt", p."Description", p."DueDate", p."IsDeleted", p."Name", p."OrganizationId", p."ProjectLeadUserId", p."StartDate", p."Status", p."UpdatedAt", u0."Id" AS "Id0", u0."CreatedAt" AS "CreatedAt0", u0."DeletedAt" AS "DeletedAt0", u0."Email", u0."EmailVerificationExpiry", u0."EmailVerificationToken", u0."FirstName", u0."IsActive", u0."IsDeleted" AS "IsDeleted0", u0."IsEmailVerified", u0."LastLoginAt", u0."LastName", u0."OrganizationId" AS "OrganizationId0", u0."PasswordHash", u0."PasswordResetExpiry", u0."PasswordResetToken", u0."ProfilePictureUrl", u0."RefreshToken", u0."RefreshTokenExpiry", u0."Role", u0."UpdatedAt" AS "UpdatedAt0", u2."Id" AS "Id1", u2."CreatedAt" AS "CreatedAt1", u2."DeletedAt" AS "DeletedAt1", u2."Email" AS "Email0", u2."EmailVerificationExpiry" AS "EmailVerificationExpiry0", u2."EmailVerificationToken" AS "EmailVerificationToken0", u2."FirstName" AS "FirstName0", u2."IsActive" AS "IsActive0", u2."IsDeleted" AS "IsDeleted1", u2."IsEmailVerified" AS "IsEmailVerified0", u2."LastLoginAt" AS "LastLoginAt0", u2."LastName" AS "LastName0", u2."OrganizationId" AS "OrganizationId1", u2."PasswordHash" AS "PasswordHash0", u2."PasswordResetExpiry" AS "PasswordResetExpiry0", u2."PasswordResetToken" AS "PasswordResetToken0", u2."ProfilePictureUrl" AS "ProfilePictureUrl0", u2."RefreshToken" AS "RefreshToken0", u2."RefreshTokenExpiry" AS "RefreshTokenExpiry0", u2."Role" AS "Role0", u2."UpdatedAt" AS "UpdatedAt1"
    FROM "Projects" AS p
    INNER JOIN (
        SELECT u."Id", u."CreatedAt", u."DeletedAt", u."Email", u."EmailVerificationExpiry", u."EmailVerificationToken", u."FirstName", u."IsActive", u."IsDeleted", u."IsEmailVerified", u."LastLoginAt", u."LastName", u."OrganizationId", u."PasswordHash", u."PasswordResetExpiry", u."PasswordResetToken", u."ProfilePictureUrl", u."RefreshToken", u."RefreshTokenExpiry", u."Role", u."UpdatedAt"
        FROM "Users" AS u
        WHERE NOT (u."IsDeleted")
    ) AS u0 ON p."CreatedByUserId" = u0."Id"
    LEFT JOIN (
        SELECT u1."Id", u1."CreatedAt", u1."DeletedAt", u1."Email", u1."EmailVerificationExpiry", u1."EmailVerificationToken", u1."FirstName", u1."IsActive", u1."IsDeleted", u1."IsEmailVerified", u1."LastLoginAt", u1."LastName", u1."OrganizationId", u1."PasswordHash", u1."PasswordResetExpiry", u1."PasswordResetToken", u1."ProfilePictureUrl", u1."RefreshToken", u1."RefreshTokenExpiry", u1."Role", u1."UpdatedAt"
        FROM "Users" AS u1
        WHERE NOT (u1."IsDeleted")
    ) AS u2 ON p."ProjectLeadUserId" = u2."Id"
    WHERE NOT (p."IsDeleted") AND p."Id" = @__projectId_0
    LIMIT 1
) AS s
LEFT JOIN (
    SELECT t."Id", t."ActualMinutes", t."AssignedToUserId", t."CompletedAt", t."CreatedAt", t."CreatedByUserId", t."DeletedAt", t."Description", t."DueDate", t."EstimatedMinutes", t."IsDeleted", t."OrderIndex", t."OrganizationId", t."ParentTaskId", t."Priority", t."ProjectId", t."StartDate", t."Status", t."Title", t."UpdatedAt"
    FROM "Tasks" AS t
    WHERE NOT (t."IsDeleted")
) AS t0 ON s."Id" = t0."ProjectId"
ORDER BY s."Id", s."Id0", s."Id1"
2026-07-27 17:30:54.943 +06:00 [INF] [0HNNBQ8LEOI3C:00000001] Executed DbCommand (0ms) [Parameters=[@__projectId_0='00000000-0000-0000-0003-000000000001'], CommandType='"Text"', CommandTimeout='30']
SELECT count(*)::int
FROM "Tasks" AS t
WHERE NOT (t."IsDeleted") AND t."ProjectId" = @__projectId_0
2026-07-27 17:30:54.945 +06:00 [INF] [0HNNBQ8LEOI3D:00000001] [0HNNBQ8LEOI3D:00000001] GET /api/projects/00000000-0000-0000-0003-000000000001 → 200 (6.3ms)
2026-07-27 17:30:54.949 +06:00 [INF] [0HNNBQ8LEOI3C:00000001] Executed DbCommand (4ms) [Parameters=[@__projectId_0='00000000-0000-0000-0003-000000000001', @__p_2='100', @__p_1='0'], CommandType='"Text"', CommandTimeout='30']
SELECT t0."Id", t0."ActualMinutes", t0."AssignedToUserId", t0."CompletedAt", t0."CreatedAt", t0."CreatedByUserId", t0."DeletedAt", t0."Description", t0."DueDate", t0."EstimatedMinutes", t0."IsDeleted", t0."OrderIndex", t0."OrganizationId", t0."ParentTaskId", t0."Priority", t0."ProjectId", t0."StartDate", t0."Status", t0."Title", t0."UpdatedAt", u0."Id", u0."CreatedAt", u0."DeletedAt", u0."Email", u0."EmailVerificationExpiry", u0."EmailVerificationToken", u0."FirstName", u0."IsActive", u0."IsDeleted", u0."IsEmailVerified", u0."LastLoginAt", u0."LastName", u0."OrganizationId", u0."PasswordHash", u0."PasswordResetExpiry", u0."PasswordResetToken", u0."ProfilePictureUrl", u0."RefreshToken", u0."RefreshTokenExpiry", u0."Role", u0."UpdatedAt", u2."Id", u2."CreatedAt", u2."DeletedAt", u2."Email", u2."EmailVerificationExpiry", u2."EmailVerificationToken", u2."FirstName", u2."IsActive", u2."IsDeleted", u2."IsEmailVerified", u2."LastLoginAt", u2."LastName", u2."OrganizationId", u2."PasswordHash", u2."PasswordResetExpiry", u2."PasswordResetToken", u2."ProfilePictureUrl", u2."RefreshToken", u2."RefreshTokenExpiry", u2."Role", u2."UpdatedAt", p0."Id", p0."CreatedAt", p0."CreatedByUserId", p0."DeletedAt", p0."Description", p0."DueDate", p0."IsDeleted", p0."Name", p0."OrganizationId", p0."ProjectLeadUserId", p0."StartDate", p0."Status", p0."UpdatedAt", s."TaskId", s."UserId", s."AssignedAt", s."AssignedByUserId", s."Id", s."CreatedAt", s."DeletedAt", s."Email", s."EmailVerificationExpiry", s."EmailVerificationToken", s."FirstName", s."IsActive", s."IsDeleted", s."IsEmailVerified", s."LastLoginAt", s."LastName", s."OrganizationId", s."PasswordHash", s."PasswordResetExpiry", s."PasswordResetToken", s."ProfilePictureUrl", s."RefreshToken", s."RefreshTokenExpiry", s."Role", s."UpdatedAt", t3."Id", t3."ActualMinutes", t3."AssignedToUserId", t3."CompletedAt", t3."CreatedAt", t3."CreatedByUserId", t3."DeletedAt", t3."Description", t3."DueDate", t3."EstimatedMinutes", t3."IsDeleted", t3."OrderIndex", t3."OrganizationId", t3."ParentTaskId", t3."Priority", t3."ProjectId", t3."StartDate", t3."Status", t3."Title", t3."UpdatedAt"
FROM (
    SELECT t."Id", t."ActualMinutes", t."AssignedToUserId", t."CompletedAt", t."CreatedAt", t."CreatedByUserId", t."DeletedAt", t."Description", t."DueDate", t."EstimatedMinutes", t."IsDeleted", t."OrderIndex", t."OrganizationId", t."ParentTaskId", t."Priority", t."ProjectId", t."StartDate", t."Status", t."Title", t."UpdatedAt"
    FROM "Tasks" AS t
    WHERE NOT (t."IsDeleted") AND t."ProjectId" = @__projectId_0
    ORDER BY t."OrderIndex"
    LIMIT @__p_2 OFFSET @__p_1
) AS t0
INNER JOIN (
    SELECT u."Id", u."CreatedAt", u."DeletedAt", u."Email", u."EmailVerificationExpiry", u."EmailVerificationToken", u."FirstName", u."IsActive", u."IsDeleted", u."IsEmailVerified", u."LastLoginAt", u."LastName", u."OrganizationId", u."PasswordHash", u."PasswordResetExpiry", u."PasswordResetToken", u."ProfilePictureUrl", u."RefreshToken", u."RefreshTokenExpiry", u."Role", u."UpdatedAt"
    FROM "Users" AS u
    WHERE NOT (u."IsDeleted")
) AS u0 ON t0."CreatedByUserId" = u0."Id"
LEFT JOIN (
    SELECT u1."Id", u1."CreatedAt", u1."DeletedAt", u1."Email", u1."EmailVerificationExpiry", u1."EmailVerificationToken", u1."FirstName", u1."IsActive", u1."IsDeleted", u1."IsEmailVerified", u1."LastLoginAt", u1."LastName", u1."OrganizationId", u1."PasswordHash", u1."PasswordResetExpiry", u1."PasswordResetToken", u1."ProfilePictureUrl", u1."RefreshToken", u1."RefreshTokenExpiry", u1."Role", u1."UpdatedAt"
    FROM "Users" AS u1
    WHERE NOT (u1."IsDeleted")
) AS u2 ON t0."AssignedToUserId" = u2."Id"
INNER JOIN (
    SELECT p."Id", p."CreatedAt", p."CreatedByUserId", p."DeletedAt", p."Description", p."DueDate", p."IsDeleted", p."Name", p."OrganizationId", p."ProjectLeadUserId", p."StartDate", p."Status", p."UpdatedAt"
    FROM "Projects" AS p
    WHERE NOT (p."IsDeleted")
) AS p0 ON t0."ProjectId" = p0."Id"
LEFT JOIN (
    SELECT t1."TaskId", t1."UserId", t1."AssignedAt", t1."AssignedByUserId", u4."Id", u4."CreatedAt", u4."DeletedAt", u4."Email", u4."EmailVerificationExpiry", u4."EmailVerificationToken", u4."FirstName", u4."IsActive", u4."IsDeleted", u4."IsEmailVerified", u4."LastLoginAt", u4."LastName", u4."OrganizationId", u4."PasswordHash", u4."PasswordResetExpiry", u4."PasswordResetToken", u4."ProfilePictureUrl", u4."RefreshToken", u4."RefreshTokenExpiry", u4."Role", u4."UpdatedAt"
    FROM "TaskAssignees" AS t1
    INNER JOIN (
        SELECT u3."Id", u3."CreatedAt", u3."DeletedAt", u3."Email", u3."EmailVerificationExpiry", u3."EmailVerificationToken", u3."FirstName", u3."IsActive", u3."IsDeleted", u3."IsEmailVerified", u3."LastLoginAt", u3."LastName", u3."OrganizationId", u3."PasswordHash", u3."PasswordResetExpiry", u3."PasswordResetToken", u3."ProfilePictureUrl", u3."RefreshToken", u3."RefreshTokenExpiry", u3."Role", u3."UpdatedAt"
        FROM "Users" AS u3
        WHERE NOT (u3."IsDeleted")
    ) AS u4 ON t1."UserId" = u4."Id"
) AS s ON t0."Id" = s."TaskId"
LEFT JOIN (
    SELECT t2."Id", t2."ActualMinutes", t2."AssignedToUserId", t2."CompletedAt", t2."CreatedAt", t2."CreatedByUserId", t2."DeletedAt", t2."Description", t2."DueDate", t2."EstimatedMinutes", t2."IsDeleted", t2."OrderIndex", t2."OrganizationId", t2."ParentTaskId", t2."Priority", t2."ProjectId", t2."StartDate", t2."Status", t2."Title", t2."UpdatedAt"
    FROM "Tasks" AS t2
    WHERE NOT (t2."IsDeleted")
) AS t3 ON t0."Id" = t3."ParentTaskId"
ORDER BY t0."OrderIndex", t0."Id", u0."Id", u2."Id", p0."Id", s."TaskId", s."UserId", s."Id"
2026-07-27 17:30:54.951 +06:00 [INF] [0HNNBQ8LEOI3C:00000001] [0HNNBQ8LEOI3C:00000001] GET /api/projects/00000000-0000-0000-0003-000000000001/tasks → 200 (12.5ms)
2026-07-27 17:30:58.581 +06:00 [DBG] [0HNNBQ8LEOI3E:00000001] Permission granted: Member → projects.view
2026-07-27 17:30:58.584 +06:00 [INF] [0HNNBQ8LEOI3E:00000001] Executed DbCommand (1ms) [Parameters=[@___currentUser_UserId_0='00000000-0000-0000-0002-000000000003'], CommandType='"Text"', CommandTimeout='30']
SELECT u."Id", u."CreatedAt", u."DeletedAt", u."Email", u."EmailVerificationExpiry", u."EmailVerificationToken", u."FirstName", u."IsActive", u."IsDeleted", u."IsEmailVerified", u."LastLoginAt", u."LastName", u."OrganizationId", u."PasswordHash", u."PasswordResetExpiry", u."PasswordResetToken", u."ProfilePictureUrl", u."RefreshToken", u."RefreshTokenExpiry", u."Role", u."UpdatedAt", o0."Id", o0."CreatedAt", o0."DeletedAt", o0."Description", o0."IsActive", o0."IsDeleted", o0."LogoUrl", o0."Name", o0."Plan", o0."Slug", o0."UpdatedAt"
FROM "Users" AS u
INNER JOIN (
    SELECT o."Id", o."CreatedAt", o."DeletedAt", o."Description", o."IsActive", o."IsDeleted", o."LogoUrl", o."Name", o."Plan", o."Slug", o."UpdatedAt"
    FROM "Organizations" AS o
    WHERE NOT (o."IsDeleted")
) AS o0 ON u."OrganizationId" = o0."Id"
WHERE NOT (u."IsDeleted") AND u."Id" = @___currentUser_UserId_0
LIMIT 1
2026-07-27 17:30:58.586 +06:00 [INF] [0HNNBQ8LEOI3E:00000001] Executed DbCommand (1ms) [Parameters=[@___currentUser_OrganizationId_0='00000000-0000-0000-0001-000000000001', @__p_2='50', @__p_1='0'], CommandType='"Text"', CommandTimeout='30']
SELECT a."Id", a."Action", a."CreatedAt", a."EntityId", a."EntityName", a."EntityType", a."Metadata", a."OrganizationId", a."ProjectId", a."UserId", a."UserName"
FROM "ActivityLogs" AS a
WHERE a."OrganizationId" = @___currentUser_OrganizationId_0
ORDER BY a."CreatedAt" DESC
LIMIT @__p_2 OFFSET @__p_1
2026-07-27 17:30:58.587 +06:00 [INF] [0HNNBQ8LEOI3E:00000001] [0HNNBQ8LEOI3E:00000001] GET /api/activity → 200 (5.8ms)
2026-07-27 17:30:59.937 +06:00 [DBG] [0HNNBQ8LEOI3F:00000001] Permission granted: Member → projects.view
2026-07-27 17:30:59.939 +06:00 [INF] [0HNNBQ8LEOI3F:00000001] Executed DbCommand (1ms) [Parameters=[@___currentUser_UserId_0='00000000-0000-0000-0002-000000000003'], CommandType='"Text"', CommandTimeout='30']
SELECT u."Id", u."CreatedAt", u."DeletedAt", u."Email", u."EmailVerificationExpiry", u."EmailVerificationToken", u."FirstName", u."IsActive", u."IsDeleted", u."IsEmailVerified", u."LastLoginAt", u."LastName", u."OrganizationId", u."PasswordHash", u."PasswordResetExpiry", u."PasswordResetToken", u."ProfilePictureUrl", u."RefreshToken", u."RefreshTokenExpiry", u."Role", u."UpdatedAt", o0."Id", o0."CreatedAt", o0."DeletedAt", o0."Description", o0."IsActive", o0."IsDeleted", o0."LogoUrl", o0."Name", o0."Plan", o0."Slug", o0."UpdatedAt"
FROM "Users" AS u
INNER JOIN (
    SELECT o."Id", o."CreatedAt", o."DeletedAt", o."Description", o."IsActive", o."IsDeleted", o."LogoUrl", o."Name", o."Plan", o."Slug", o."UpdatedAt"
    FROM "Organizations" AS o
    WHERE NOT (o."IsDeleted")
) AS o0 ON u."OrganizationId" = o0."Id"
WHERE NOT (u."IsDeleted") AND u."Id" = @___currentUser_UserId_0
LIMIT 1
2026-07-27 17:30:59.941 +06:00 [INF] [0HNNBQ8LEOI3F:00000001] Executed DbCommand (1ms) [Parameters=[@___currentUser_OrganizationId_0='00000000-0000-0000-0001-000000000001', @__p_2='50', @__p_1='0'], CommandType='"Text"', CommandTimeout='30']
SELECT a."Id", a."Action", a."CreatedAt", a."EntityId", a."EntityName", a."EntityType", a."Metadata", a."OrganizationId", a."ProjectId", a."UserId", a."UserName"
FROM "ActivityLogs" AS a
WHERE a."OrganizationId" = @___currentUser_OrganizationId_0
ORDER BY a."CreatedAt" DESC
LIMIT @__p_2 OFFSET @__p_1
2026-07-27 17:30:59.941 +06:00 [INF] [0HNNBQ8LEOI3F:00000001] [0HNNBQ8LEOI3F:00000001] GET /api/activity → 200 (4.4ms)
2026-07-27 17:31:00.770 +06:00 [DBG] [0HNNBQ8LEOI3G:00000001] Permission granted: Member → projects.view
2026-07-27 17:31:00.771 +06:00 [INF] [0HNNBQ8LEOI3G:00000001] Executed DbCommand (1ms) [Parameters=[@___currentUser_UserId_0='00000000-0000-0000-0002-000000000003'], CommandType='"Text"', CommandTimeout='30']
SELECT u."Id", u."CreatedAt", u."DeletedAt", u."Email", u."EmailVerificationExpiry", u."EmailVerificationToken", u."FirstName", u."IsActive", u."IsDeleted", u."IsEmailVerified", u."LastLoginAt", u."LastName", u."OrganizationId", u."PasswordHash", u."PasswordResetExpiry", u."PasswordResetToken", u."ProfilePictureUrl", u."RefreshToken", u."RefreshTokenExpiry", u."Role", u."UpdatedAt", o0."Id", o0."CreatedAt", o0."DeletedAt", o0."Description", o0."IsActive", o0."IsDeleted", o0."LogoUrl", o0."Name", o0."Plan", o0."Slug", o0."UpdatedAt"
FROM "Users" AS u
INNER JOIN (
    SELECT o."Id", o."CreatedAt", o."DeletedAt", o."Description", o."IsActive", o."IsDeleted", o."LogoUrl", o."Name", o."Plan", o."Slug", o."UpdatedAt"
    FROM "Organizations" AS o
    WHERE NOT (o."IsDeleted")
) AS o0 ON u."OrganizationId" = o0."Id"
WHERE NOT (u."IsDeleted") AND u."Id" = @___currentUser_UserId_0
LIMIT 1
2026-07-27 17:31:00.773 +06:00 [INF] [0HNNBQ8LEOI3G:00000001] Executed DbCommand (1ms) [Parameters=[@___currentUser_OrganizationId_0='00000000-0000-0000-0001-000000000001', @__p_2='50', @__p_1='0'], CommandType='"Text"', CommandTimeout='30']
SELECT a."Id", a."Action", a."CreatedAt", a."EntityId", a."EntityName", a."EntityType", a."Metadata", a."OrganizationId", a."ProjectId", a."UserId", a."UserName"
FROM "ActivityLogs" AS a
WHERE a."OrganizationId" = @___currentUser_OrganizationId_0
ORDER BY a."CreatedAt" DESC
LIMIT @__p_2 OFFSET @__p_1
2026-07-27 17:31:00.773 +06:00 [INF] [0HNNBQ8LEOI3G:00000001] [0HNNBQ8LEOI3G:00000001] GET /api/activity → 200 (3.8ms)
2026-07-27 17:31:01.290 +06:00 [DBG] [0HNNBQ8LEOI3H:00000001] Permission granted: Member → projects.view
2026-07-27 17:31:01.292 +06:00 [INF] [0HNNBQ8LEOI3H:00000001] Executed DbCommand (1ms) [Parameters=[@___currentUser_UserId_0='00000000-0000-0000-0002-000000000003'], CommandType='"Text"', CommandTimeout='30']
SELECT u."Id", u."CreatedAt", u."DeletedAt", u."Email", u."EmailVerificationExpiry", u."EmailVerificationToken", u."FirstName", u."IsActive", u."IsDeleted", u."IsEmailVerified", u."LastLoginAt", u."LastName", u."OrganizationId", u."PasswordHash", u."PasswordResetExpiry", u."PasswordResetToken", u."ProfilePictureUrl", u."RefreshToken", u."RefreshTokenExpiry", u."Role", u."UpdatedAt", o0."Id", o0."CreatedAt", o0."DeletedAt", o0."Description", o0."IsActive", o0."IsDeleted", o0."LogoUrl", o0."Name", o0."Plan", o0."Slug", o0."UpdatedAt"
FROM "Users" AS u
INNER JOIN (
    SELECT o."Id", o."CreatedAt", o."DeletedAt", o."Description", o."IsActive", o."IsDeleted", o."LogoUrl", o."Name", o."Plan", o."Slug", o."UpdatedAt"
    FROM "Organizations" AS o
    WHERE NOT (o."IsDeleted")
) AS o0 ON u."OrganizationId" = o0."Id"
WHERE NOT (u."IsDeleted") AND u."Id" = @___currentUser_UserId_0
LIMIT 1
2026-07-27 17:31:01.294 +06:00 [INF] [0HNNBQ8LEOI3H:00000001] Executed DbCommand (1ms) [Parameters=[@___currentUser_OrganizationId_0='00000000-0000-0000-0001-000000000001', @__p_2='50', @__p_1='0'], CommandType='"Text"', CommandTimeout='30']
SELECT a."Id", a."Action", a."CreatedAt", a."EntityId", a."EntityName", a."EntityType", a."Metadata", a."OrganizationId", a."ProjectId", a."UserId", a."UserName"
FROM "ActivityLogs" AS a
WHERE a."OrganizationId" = @___currentUser_OrganizationId_0
ORDER BY a."CreatedAt" DESC
LIMIT @__p_2 OFFSET @__p_1
2026-07-27 17:31:01.295 +06:00 [INF] [0HNNBQ8LEOI3H:00000001] [0HNNBQ8LEOI3H:00000001] GET /api/activity → 200 (5.5ms)
2026-07-27 17:31:02.988 +06:00 [INF] [0HNNBQ8LEOI3I:00000001] Executed DbCommand (1ms) [Parameters=[@___currentUser_UserId_0='00000000-0000-0000-0002-000000000003'], CommandType='"Text"', CommandTimeout='30']
SELECT u."Id", u."CreatedAt", u."DeletedAt", u."Email", u."EmailVerificationExpiry", u."EmailVerificationToken", u."FirstName", u."IsActive", u."IsDeleted", u."IsEmailVerified", u."LastLoginAt", u."LastName", u."OrganizationId", u."PasswordHash", u."PasswordResetExpiry", u."PasswordResetToken", u."ProfilePictureUrl", u."RefreshToken", u."RefreshTokenExpiry", u."Role", u."UpdatedAt", o0."Id", o0."CreatedAt", o0."DeletedAt", o0."Description", o0."IsActive", o0."IsDeleted", o0."LogoUrl", o0."Name", o0."Plan", o0."Slug", o0."UpdatedAt"
FROM "Users" AS u
INNER JOIN (
    SELECT o."Id", o."CreatedAt", o."DeletedAt", o."Description", o."IsActive", o."IsDeleted", o."LogoUrl", o."Name", o."Plan", o."Slug", o."UpdatedAt"
    FROM "Organizations" AS o
    WHERE NOT (o."IsDeleted")
) AS o0 ON u."OrganizationId" = o0."Id"
WHERE NOT (u."IsDeleted") AND u."Id" = @___currentUser_UserId_0
LIMIT 1
2026-07-27 17:31:02.991 +06:00 [INF] [0HNNBQ8LEOI3I:00000001] Executed DbCommand (1ms) [Parameters=[@__refreshToken_0='wtv1FzPBkxus2io/VJxrz41qS1sBaId5sPDWCu15H0X6FF9xQ8oalcuhw/Kse/HtkbyJ1T95qm4aVzpSN5xM4w=='], CommandType='"Text"', CommandTimeout='30']
SELECT u."Id", u."CreatedAt", u."DeletedAt", u."Email", u."EmailVerificationExpiry", u."EmailVerificationToken", u."FirstName", u."IsActive", u."IsDeleted", u."IsEmailVerified", u."LastLoginAt", u."LastName", u."OrganizationId", u."PasswordHash", u."PasswordResetExpiry", u."PasswordResetToken", u."ProfilePictureUrl", u."RefreshToken", u."RefreshTokenExpiry", u."Role", u."UpdatedAt"
FROM "Users" AS u
WHERE NOT (u."IsDeleted") AND u."RefreshToken" = @__refreshToken_0
LIMIT 1
2026-07-27 17:31:02.993 +06:00 [INF] [0HNNBQ8LEOI3I:00000001] Executed DbCommand (1ms) [Parameters=[@p3='00000000-0000-0000-0002-000000000003', @p0=NULL, @p1=NULL (DbType = DateTime), @p2='2026-07-27T11:31:02.9918278Z' (DbType = DateTime)], CommandType='"Text"', CommandTimeout='30']
UPDATE "Users" SET "RefreshToken" = @p0, "RefreshTokenExpiry" = @p1, "UpdatedAt" = @p2
WHERE "Id" = @p3;
2026-07-27 17:31:02.994 +06:00 [INF] [0HNNBQ8LEOI3I:00000001] Refresh token revoked for user "00000000-0000-0000-0002-000000000003" — logout complete
2026-07-27 17:31:02.994 +06:00 [INF] [0HNNBQ8LEOI3I:00000001] [0HNNBQ8LEOI3I:00000001] POST /api/auth/revoke → 200 (7.9ms)
2026-07-27 17:31:05.824 +06:00 [INF] [0HNNBQ8LEOI3J:00000001] Executed DbCommand (1ms) [Parameters=[@__email_0='demo.owner@worksphere.io'], CommandType='"Text"', CommandTimeout='30']
SELECT u."Id", u."CreatedAt", u."DeletedAt", u."Email", u."EmailVerificationExpiry", u."EmailVerificationToken", u."FirstName", u."IsActive", u."IsDeleted", u."IsEmailVerified", u."LastLoginAt", u."LastName", u."OrganizationId", u."PasswordHash", u."PasswordResetExpiry", u."PasswordResetToken", u."ProfilePictureUrl", u."RefreshToken", u."RefreshTokenExpiry", u."Role", u."UpdatedAt", o0."Id", o0."CreatedAt", o0."DeletedAt", o0."Description", o0."IsActive", o0."IsDeleted", o0."LogoUrl", o0."Name", o0."Plan", o0."Slug", o0."UpdatedAt"
FROM "Users" AS u
INNER JOIN (
    SELECT o."Id", o."CreatedAt", o."DeletedAt", o."Description", o."IsActive", o."IsDeleted", o."LogoUrl", o."Name", o."Plan", o."Slug", o."UpdatedAt"
    FROM "Organizations" AS o
    WHERE NOT (o."IsDeleted")
) AS o0 ON u."OrganizationId" = o0."Id"
WHERE NOT (u."IsDeleted") AND u."Email" = @__email_0
LIMIT 1
2026-07-27 17:31:06.203 +06:00 [DBG] [0HNNBQ8LEOI3J:00000001] JWT access token generated for user "00000000-0000-0000-0002-000000000001" — expires "2026-07-27T11:46:06.2030243Z"
2026-07-27 17:31:06.203 +06:00 [DBG] [0HNNBQ8LEOI3J:00000001] Refresh token generated — expires "2026-08-03T11:31:06.2038796Z"
2026-07-27 17:31:06.238 +06:00 [INF] [0HNNBQ8LEOI3J:00000001] Executed DbCommand (34ms) [Parameters=[@p4='00000000-0000-0000-0002-000000000001', @p0='2026-07-27T11:31:06.2040245Z' (Nullable = true) (DbType = DateTime), @p1='bYkzrV9KlS61NXlnalUbcClCck365STb7NpKpoAJVxADeol6nkJi7oj0xi4Uf8Re6GV6hDXCumBLBLW7BEouGA==', @p2='2026-08-03T11:31:06.2040218Z' (Nullable = true) (DbType = DateTime), @p3='2026-07-27T11:31:06.2041160Z' (DbType = DateTime)], CommandType='"Text"', CommandTimeout='30']
UPDATE "Users" SET "LastLoginAt" = @p0, "RefreshToken" = @p1, "RefreshTokenExpiry" = @p2, "UpdatedAt" = @p3
WHERE "Id" = @p4;
2026-07-27 17:31:06.239 +06:00 [INF] [0HNNBQ8LEOI3J:00000001] User "00000000-0000-0000-0002-000000000001" logged in from org "00000000-0000-0000-0001-000000000001"
2026-07-27 17:31:06.239 +06:00 [INF] [0HNNBQ8LEOI3J:00000001] [0HNNBQ8LEOI3J:00000001] POST /api/auth/login → 200 (418.9ms)
